Copyright 1986-2020 Xilinx, Inc. All Rights Reserved.
----------------------------------------------------------------------------------------------------------------------------------------------------------------------------------------------------------------------------
| Tool Version      : Vivado v.2020.2 (win64) Build 3064766 Wed Nov 18 09:12:45 MST 2020
| Date              : Mon Aug 24 12:16:46 2026
| Host              : DESKTOP-DLOB77A running 64-bit major release  (build 9200)
| Command           : report_timing_summary -max_paths 10 -file design_1_wrapper_timing_summary_routed.rpt -pb design_1_wrapper_timing_summary_routed.pb -rpx design_1_wrapper_timing_summary_routed.rpx -warn_on_violation
| Design            : design_1_wrapper
| Device            : xczu3eg-sbva484
| Speed File        : -1  PRODUCTION 1.29 08-03-2020
| Temperature Grade : E
----------------------------------------------------------------------------------------------------------------------------------------------------------------------------------------------------------------------------

Timing Summary Report

------------------------------------------------------------------------------------------------
| Timer Settings
| --------------
------------------------------------------------------------------------------------------------

  Enable Multi Corner Analysis               :  Yes
  Enable Pessimism Removal                   :  Yes
  Pessimism Removal Resolution               :  Nearest Common Node
  Enable Input Delay Default Clock           :  No
  Enable Preset / Clear Arcs                 :  No
  Disable Flight Delays                      :  No
  Ignore I/O Paths                           :  No
  Timing Early Launch at Borrowing Latches   :  No
  Borrow Time for Max Delay Exceptions       :  Yes
  Merge Timing Exceptions                    :  Yes

  Corner  Analyze    Analyze    
  Name    Max Paths  Min Paths  
  ------  ---------  ---------  
  Slow    Yes        Yes        
  Fast    Yes        Yes        



check_timing report

Table of Contents
-----------------
1. checking no_clock (0)
2. checking constant_clock (0)
3. checking pulse_width_clock (0)
4. checking unconstrained_internal_endpoints (0)
5. checking no_input_delay (0)
6. checking no_output_delay (0)
7. checking multiple_clock (0)
8. checking generated_clocks (0)
9. checking loops (0)
10. checking partial_input_delay (0)
11. checking partial_output_delay (0)
12. checking latch_loops (0)

1. checking no_clock (0)
------------------------
 There are 0 register/latch pins with no clock.


2. checking constant_clock (0)
------------------------------
 There are 0 register/latch pins with constant_clock.


3. checking pulse_width_clock (0)
---------------------------------
 There are 0 register/latch pins which need pulse_width check


4. checking unconstrained_internal_endpoints (0)
------------------------------------------------
 There are 0 pins that are not constrained for maximum delay.

 There are 0 pins that are not constrained for maximum delay due to constant clock.


5. checking no_input_delay (0)
------------------------------
 There are 0 input ports with no input delay specified.

 There are 0 input ports with no input delay but user has a false path constraint.


6. checking no_output_delay (0)
-------------------------------
 There are 0 ports with no output delay specified.

 There are 0 ports with no output delay but user has a false path constraint

 There are 0 ports with no output delay but with a timing clock defined on it or propagating through it


7. checking multiple_clock (0)
------------------------------
 There are 0 register/latch pins with multiple clocks.


8. checking generated_clocks (0)
--------------------------------
 There are 0 generated clocks that are not connected to a clock source.


9. checking loops (0)
---------------------
 There are 0 combinational loops in the design.


10. checking partial_input_delay (0)
------------------------------------
 There are 0 input ports with partial input delay specified.


11. checking partial_output_delay (0)
-------------------------------------
 There are 0 ports with partial output delay specified.


12. checking latch_loops (0)
----------------------------
 There are 0 combinational latch loops in the design through latch input



------------------------------------------------------------------------------------------------
| Design Timing Summary
| ---------------------
------------------------------------------------------------------------------------------------

    WNS(ns)      TNS(ns)  TNS Failing Endpoints  TNS Total Endpoints      WHS(ns)      THS(ns)  THS Failing Endpoints  THS Total Endpoints     WPWS(ns)     TPWS(ns)  TPWS Failing Endpoints  TPWS Total Endpoints  
    -------      -------  ---------------------  -------------------      -------      -------  ---------------------  -------------------     --------     --------  ----------------------  --------------------  
      0.066        0.000                      0                90023        0.004        0.000                      0                90023        0.677        0.000                       0                 23667  


All user specified timing constraints are met.


------------------------------------------------------------------------------------------------
| Clock Summary
| -------------
------------------------------------------------------------------------------------------------

Clock                                               Waveform(ns)         Period(ns)      Frequency(MHz)
-----                                               ------------         ----------      --------------
clk_pl_0                                            {0.000 5.000}        10.000          100.000         
design_1_i/mobilenetV2_0/inst/clk_gen/inst/clk_in1  {0.000 5.000}        10.000          100.000         
  clk_out1_clk_wiz_0                                {0.000 1.250}        2.500           400.000         


------------------------------------------------------------------------------------------------
| Intra Clock Table
| -----------------
------------------------------------------------------------------------------------------------

Clock                                                   WNS(ns)      TNS(ns)  TNS Failing Endpoints  TNS Total Endpoints      WHS(ns)      THS(ns)  THS Failing Endpoints  THS Total Endpoints     WPWS(ns)     TPWS(ns)  TPWS Failing Endpoints  TPWS Total Endpoints  
-----                                                   -------      -------  ---------------------  -------------------      -------      -------  ---------------------  -------------------     --------     --------  ----------------------  --------------------  
clk_pl_0                                                  4.927        0.000                      0                 7394        0.004        0.000                      0                 7394        3.500        0.000                       0                  2734  
design_1_i/mobilenetV2_0/inst/clk_gen/inst/clk_in1                                                                                                                                                    2.000        0.000                       0                     1  
  clk_out1_clk_wiz_0                                      0.066        0.000                      0                82237        0.014        0.000                      0                82237        0.677        0.000                       0                 20932  


------------------------------------------------------------------------------------------------
| Inter Clock Table
| -----------------
------------------------------------------------------------------------------------------------

From Clock    To Clock          WNS(ns)      TNS(ns)  TNS Failing Endpoints  TNS Total Endpoints      WHS(ns)      THS(ns)  THS Failing Endpoints  THS Total Endpoints  
----------    --------          -------      -------  ---------------------  -------------------      -------      -------  ---------------------  -------------------  


------------------------------------------------------------------------------------------------
| Other Path Groups Table
| -----------------------
------------------------------------------------------------------------------------------------

Path Group          From Clock          To Clock                WNS(ns)      TNS(ns)  TNS Failing Endpoints  TNS Total Endpoints      WHS(ns)      THS(ns)  THS Failing Endpoints  THS Total Endpoints  
----------          ----------          --------                -------      -------  ---------------------  -------------------      -------      -------  ---------------------  -------------------  
**async_default**   clk_out1_clk_wiz_0  clk_out1_clk_wiz_0        0.209        0.000                      0                  296        0.220        0.000                      0                  296  
**async_default**   clk_pl_0            clk_pl_0                  8.597        0.000                      0                   96        0.180        0.000                      0                   96  


------------------------------------------------------------------------------------------------
| Timing Details
| --------------
------------------------------------------------------------------------------------------------


---------------------------------------------------------------------------------------------------
From Clock:  clk_pl_0
  To Clock:  clk_pl_0

Setup :            0  Failing Endpoints,  Worst Slack        4.927ns,  Total Violation        0.000ns
Hold  :            0  Failing Endpoints,  Worst Slack        0.004ns,  Total Violation        0.000ns
PW    :            0  Failing Endpoints,  Worst Slack        3.500ns,  Total Violation        0.000ns
---------------------------------------------------------------------------------------------------


Max Delay Paths
--------------------------------------------------------------------------------------
Slack (MET) :             4.927ns  (required time - arrival time)
  Source:                 design_1_i/zynq_ultra_ps_e_0/inst/PS8_i/MAXIGP0ACLK
                            (rising edge-triggered cell PS8 clocked by clk_pl_0  {rise@0.000ns fall@5.000ns period=10.000ns})
  Destination:            design_1_i/ps8_0_axi_periph/xbar/inst/gen_samd.crossbar_samd/addr_arbiter_aw/gen_arbiter.last_rr_hot_reg[0]/CE
                            (rising edge-triggered cell FDRE clocked by clk_pl_0  {rise@0.000ns fall@5.000ns period=10.000ns})
  Path Group:             clk_pl_0
  Path Type:              Setup (Max at Slow Process Corner)
  Requirement:            10.000ns  (clk_pl_0 rise@10.000ns - clk_pl_0 rise@0.000ns)
  Data Path Delay:        4.745ns  (logic 1.397ns (29.442%)  route 3.348ns (70.558%))
  Logic Levels:           6  (LUT4=1 LUT5=1 LUT6=4)
  Clock Path Skew:        -0.108ns (DCD - SCD + CPR)
    Destination Clock Delay (DCD):    1.900ns = ( 11.900 - 10.000 ) 
    Source Clock Delay      (SCD):    2.131ns
    Clock Pessimism Removal (CPR):    0.123ns
  Clock Uncertainty:      0.176ns  ((TSJ^2 + DJ^2)^1/2) / 2 + PE
    Total System Jitter     (TSJ):    0.071ns
    Discrete Jitter          (DJ):    0.344ns
    Phase Error              (PE):    0.000ns
  Clock Net Delay (Source):      1.924ns (routing 0.814ns, distribution 1.110ns)
  Clock Net Delay (Destination): 1.733ns (routing 0.736ns, distribution 0.997ns)

    Location             Delay type                Incr(ns)  Path(ns)    Netlist Resource(s)
  -------------------------------------------------------------------    -------------------
                         (clock clk_pl_0 rise edge)
                                                      0.000     0.000 r  
    PS8_X0Y0             PS8                          0.000     0.000 r  design_1_i/zynq_ultra_ps_e_0/inst/PS8_i/PLCLK[0]
                         net (fo=1, routed)           0.178     0.178    design_1_i/zynq_ultra_ps_e_0/inst/pl_clk_unbuffered[0]
    BUFG_PS_X0Y67        BUFG_PS (Prop_BUFG_PS_I_O)
                                                      0.029     0.207 r  design_1_i/zynq_ultra_ps_e_0/inst/buffer_pl_clk_0.PL_CLK_0_BUFG/O
    X0Y1 (CLOCK_ROOT)    net (fo=2735, routed)        1.924     2.131    design_1_i/zynq_ultra_ps_e_0/inst/maxihpm0_fpd_aclk
    PS8_X0Y0             PS8                                          r  design_1_i/zynq_ultra_ps_e_0/inst/PS8_i/MAXIGP0ACLK
  -------------------------------------------------------------------    -------------------
    PS8_X0Y0             PS8 (Prop_PS8_MAXIGP0ACLK_MAXIGP0AWID[1])
                                                      0.580     2.711 r  design_1_i/zynq_ultra_ps_e_0/inst/PS8_i/MAXIGP0AWID[1]
                         net (fo=17, routed)          1.161     3.872    design_1_i/ps8_0_axi_periph/xbar/inst/gen_samd.crossbar_samd/gen_slave_slots[0].gen_si_write.si_transactor_aw/s_axi_awid[1]
    SLICE_X4Y33          LUT6 (Prop_D6LUT_SLICEM_I5_O)
                                                      0.098     3.970 f  design_1_i/ps8_0_axi_periph/xbar/inst/gen_samd.crossbar_samd/gen_slave_slots[0].gen_si_write.si_transactor_aw/gen_multi_thread.active_target[41]_i_9__0/O
                         net (fo=2, routed)           0.456     4.426    design_1_i/ps8_0_axi_periph/xbar/inst/gen_samd.crossbar_samd/gen_slave_slots[0].gen_si_write.si_transactor_aw/gen_multi_thread.active_target[41]_i_9__0_n_0
    SLICE_X2Y33          LUT6 (Prop_H6LUT_SLICEL_I2_O)
                                                      0.116     4.542 f  design_1_i/ps8_0_axi_periph/xbar/inst/gen_samd.crossbar_samd/gen_slave_slots[0].gen_si_write.si_transactor_aw/gen_arbiter.qual_reg[0]_i_23/O
                         net (fo=1, routed)           0.119     4.661    design_1_i/ps8_0_axi_periph/xbar/inst/gen_samd.crossbar_samd/gen_slave_slots[0].gen_si_write.si_transactor_aw/gen_multi_thread.aid_match_50
    SLICE_X1Y34          LUT6 (Prop_G6LUT_SLICEM_I4_O)
                                                      0.179     4.840 f  design_1_i/ps8_0_axi_periph/xbar/inst/gen_samd.crossbar_samd/gen_slave_slots[0].gen_si_write.si_transactor_aw/gen_arbiter.qual_reg[0]_i_7__0/O
                         net (fo=1, routed)           0.417     5.257    design_1_i/ps8_0_axi_periph/xbar/inst/gen_samd.crossbar_samd/gen_slave_slots[0].gen_si_write.si_transactor_aw/gen_arbiter.qual_reg[0]_i_7__0_n_0
    SLICE_X2Y37          LUT6 (Prop_H6LUT_SLICEL_I4_O)
                                                      0.149     5.406 r  design_1_i/ps8_0_axi_periph/xbar/inst/gen_samd.crossbar_samd/gen_slave_slots[0].gen_si_write.si_transactor_aw/gen_arbiter.qual_reg[0]_i_2/O
                         net (fo=2, routed)           0.646     6.052    design_1_i/ps8_0_axi_periph/xbar/inst/gen_samd.crossbar_samd/addr_arbiter_aw/valid_qual_i[0]
    SLICE_X1Y82          LUT4 (Prop_E6LUT_SLICEM_I0_O)
                                                      0.177     6.229 r  design_1_i/ps8_0_axi_periph/xbar/inst/gen_samd.crossbar_samd/addr_arbiter_aw/gen_arbiter.m_grant_enc_i[0]_i_3/O
                         net (fo=2, routed)           0.107     6.336    design_1_i/ps8_0_axi_periph/xbar/inst/gen_samd.crossbar_samd/addr_arbiter_aw/grant_hot0
    SLICE_X1Y83          LUT5 (Prop_C6LUT_SLICEM_I2_O)
                                                      0.098     6.434 r  design_1_i/ps8_0_axi_periph/xbar/inst/gen_samd.crossbar_samd/addr_arbiter_aw/gen_arbiter.m_grant_enc_i[0]_i_1/O
                         net (fo=7, routed)           0.442     6.876    design_1_i/ps8_0_axi_periph/xbar/inst/gen_samd.crossbar_samd/addr_arbiter_aw/grant_hot
    SLICE_X1Y82          FDRE                                         r  design_1_i/ps8_0_axi_periph/xbar/inst/gen_samd.crossbar_samd/addr_arbiter_aw/gen_arbiter.last_rr_hot_reg[0]/CE
  -------------------------------------------------------------------    -------------------

                         (clock clk_pl_0 rise edge)
                                                     10.000    10.000 r  
    PS8_X0Y0             PS8                          0.000    10.000 r  design_1_i/zynq_ultra_ps_e_0/inst/PS8_i/PLCLK[0]
                         net (fo=1, routed)           0.140    10.140    design_1_i/zynq_ultra_ps_e_0/inst/pl_clk_unbuffered[0]
    BUFG_PS_X0Y67        BUFG_PS (Prop_BUFG_PS_I_O)
                                                      0.027    10.167 r  design_1_i/zynq_ultra_ps_e_0/inst/buffer_pl_clk_0.PL_CLK_0_BUFG/O
    X0Y1 (CLOCK_ROOT)    net (fo=2735, routed)        1.733    11.900    design_1_i/ps8_0_axi_periph/xbar/inst/gen_samd.crossbar_samd/addr_arbiter_aw/aclk
    SLICE_X1Y82          FDRE                                         r  design_1_i/ps8_0_axi_periph/xbar/inst/gen_samd.crossbar_samd/addr_arbiter_aw/gen_arbiter.last_rr_hot_reg[0]/C
                         clock pessimism              0.123    12.023    
                         clock uncertainty           -0.176    11.847    
    SLICE_X1Y82          FDRE (Setup_EFF_SLICEM_C_CE)
                                                     -0.044    11.803    design_1_i/ps8_0_axi_periph/xbar/inst/gen_samd.crossbar_samd/addr_arbiter_aw/gen_arbiter.last_rr_hot_reg[0]
  -------------------------------------------------------------------
                         required time                         11.803    
                         arrival time                          -6.876    
  -------------------------------------------------------------------
                         slack                                  4.927    

Slack (MET) :             4.927ns  (required time - arrival time)
  Source:                 design_1_i/zynq_ultra_ps_e_0/inst/PS8_i/MAXIGP0ACLK
                            (rising edge-triggered cell PS8 clocked by clk_pl_0  {rise@0.000ns fall@5.000ns period=10.000ns})
  Destination:            design_1_i/ps8_0_axi_periph/xbar/inst/gen_samd.crossbar_samd/addr_arbiter_aw/gen_arbiter.m_grant_enc_i_reg[0]/CE
                            (rising edge-triggered cell FDRE clocked by clk_pl_0  {rise@0.000ns fall@5.000ns period=10.000ns})
  Path Group:             clk_pl_0
  Path Type:              Setup (Max at Slow Process Corner)
  Requirement:            10.000ns  (clk_pl_0 rise@10.000ns - clk_pl_0 rise@0.000ns)
  Data Path Delay:        4.745ns  (logic 1.397ns (29.442%)  route 3.348ns (70.558%))
  Logic Levels:           6  (LUT4=1 LUT5=1 LUT6=4)
  Clock Path Skew:        -0.108ns (DCD - SCD + CPR)
    Destination Clock Delay (DCD):    1.900ns = ( 11.900 - 10.000 ) 
    Source Clock Delay      (SCD):    2.131ns
    Clock Pessimism Removal (CPR):    0.123ns
  Clock Uncertainty:      0.176ns  ((TSJ^2 + DJ^2)^1/2) / 2 + PE
    Total System Jitter     (TSJ):    0.071ns
    Discrete Jitter          (DJ):    0.344ns
    Phase Error              (PE):    0.000ns
  Clock Net Delay (Source):      1.924ns (routing 0.814ns, distribution 1.110ns)
  Clock Net Delay (Destination): 1.733ns (routing 0.736ns, distribution 0.997ns)

    Location             Delay type                Incr(ns)  Path(ns)    Netlist Resource(s)
  -------------------------------------------------------------------    -------------------
                         (clock clk_pl_0 rise edge)
                                                      0.000     0.000 r  
    PS8_X0Y0             PS8                          0.000     0.000 r  design_1_i/zynq_ultra_ps_e_0/inst/PS8_i/PLCLK[0]
                         net (fo=1, routed)           0.178     0.178    design_1_i/zynq_ultra_ps_e_0/inst/pl_clk_unbuffered[0]
    BUFG_PS_X0Y67        BUFG_PS (Prop_BUFG_PS_I_O)
                                                      0.029     0.207 r  design_1_i/zynq_ultra_ps_e_0/inst/buffer_pl_clk_0.PL_CLK_0_BUFG/O
    X0Y1 (CLOCK_ROOT)    net (fo=2735, routed)        1.924     2.131    design_1_i/zynq_ultra_ps_e_0/inst/maxihpm0_fpd_aclk
    PS8_X0Y0             PS8                                          r  design_1_i/zynq_ultra_ps_e_0/inst/PS8_i/MAXIGP0ACLK
  -------------------------------------------------------------------    -------------------
    PS8_X0Y0             PS8 (Prop_PS8_MAXIGP0ACLK_MAXIGP0AWID[1])
                                                      0.580     2.711 r  design_1_i/zynq_ultra_ps_e_0/inst/PS8_i/MAXIGP0AWID[1]
                         net (fo=17, routed)          1.161     3.872    design_1_i/ps8_0_axi_periph/xbar/inst/gen_samd.crossbar_samd/gen_slave_slots[0].gen_si_write.si_transactor_aw/s_axi_awid[1]
    SLICE_X4Y33          LUT6 (Prop_D6LUT_SLICEM_I5_O)
                                                      0.098     3.970 f  design_1_i/ps8_0_axi_periph/xbar/inst/gen_samd.crossbar_samd/gen_slave_slots[0].gen_si_write.si_transactor_aw/gen_multi_thread.active_target[41]_i_9__0/O
                         net (fo=2, routed)           0.456     4.426    design_1_i/ps8_0_axi_periph/xbar/inst/gen_samd.crossbar_samd/gen_slave_slots[0].gen_si_write.si_transactor_aw/gen_multi_thread.active_target[41]_i_9__0_n_0
    SLICE_X2Y33          LUT6 (Prop_H6LUT_SLICEL_I2_O)
                                                      0.116     4.542 f  design_1_i/ps8_0_axi_periph/xbar/inst/gen_samd.crossbar_samd/gen_slave_slots[0].gen_si_write.si_transactor_aw/gen_arbiter.qual_reg[0]_i_23/O
                         net (fo=1, routed)           0.119     4.661    design_1_i/ps8_0_axi_periph/xbar/inst/gen_samd.crossbar_samd/gen_slave_slots[0].gen_si_write.si_transactor_aw/gen_multi_thread.aid_match_50
    SLICE_X1Y34          LUT6 (Prop_G6LUT_SLICEM_I4_O)
                                                      0.179     4.840 f  design_1_i/ps8_0_axi_periph/xbar/inst/gen_samd.crossbar_samd/gen_slave_slots[0].gen_si_write.si_transactor_aw/gen_arbiter.qual_reg[0]_i_7__0/O
                         net (fo=1, routed)           0.417     5.257    design_1_i/ps8_0_axi_periph/xbar/inst/gen_samd.crossbar_samd/gen_slave_slots[0].gen_si_write.si_transactor_aw/gen_arbiter.qual_reg[0]_i_7__0_n_0
    SLICE_X2Y37          LUT6 (Prop_H6LUT_SLICEL_I4_O)
                                                      0.149     5.406 r  design_1_i/ps8_0_axi_periph/xbar/inst/gen_samd.crossbar_samd/gen_slave_slots[0].gen_si_write.si_transactor_aw/gen_arbiter.qual_reg[0]_i_2/O
                         net (fo=2, routed)           0.646     6.052    design_1_i/ps8_0_axi_periph/xbar/inst/gen_samd.crossbar_samd/addr_arbiter_aw/valid_qual_i[0]
    SLICE_X1Y82          LUT4 (Prop_E6LUT_SLICEM_I0_O)
                                                      0.177     6.229 r  design_1_i/ps8_0_axi_periph/xbar/inst/gen_samd.crossbar_samd/addr_arbiter_aw/gen_arbiter.m_grant_enc_i[0]_i_3/O
                         net (fo=2, routed)           0.107     6.336    design_1_i/ps8_0_axi_periph/xbar/inst/gen_samd.crossbar_samd/addr_arbiter_aw/grant_hot0
    SLICE_X1Y83          LUT5 (Prop_C6LUT_SLICEM_I2_O)
                                                      0.098     6.434 r  design_1_i/ps8_0_axi_periph/xbar/inst/gen_samd.crossbar_samd/addr_arbiter_aw/gen_arbiter.m_grant_enc_i[0]_i_1/O
                         net (fo=7, routed)           0.442     6.876    design_1_i/ps8_0_axi_periph/xbar/inst/gen_samd.crossbar_samd/addr_arbiter_aw/grant_hot
    SLICE_X1Y82          FDRE                                         r  design_1_i/ps8_0_axi_periph/xbar/inst/gen_samd.crossbar_samd/addr_arbiter_aw/gen_arbiter.m_grant_enc_i_reg[0]/CE
  -------------------------------------------------------------------    -------------------

                         (clock clk_pl_0 rise edge)
                                                     10.000    10.000 r  
    PS8_X0Y0             PS8                          0.000    10.000 r  design_1_i/zynq_ultra_ps_e_0/inst/PS8_i/PLCLK[0]
                         net (fo=1, routed)           0.140    10.140    design_1_i/zynq_ultra_ps_e_0/inst/pl_clk_unbuffered[0]
    BUFG_PS_X0Y67        BUFG_PS (Prop_BUFG_PS_I_O)
                                                      0.027    10.167 r  design_1_i/zynq_ultra_ps_e_0/inst/buffer_pl_clk_0.PL_CLK_0_BUFG/O
    X0Y1 (CLOCK_ROOT)    net (fo=2735, routed)        1.733    11.900    design_1_i/ps8_0_axi_periph/xbar/inst/gen_samd.crossbar_samd/addr_arbiter_aw/aclk
    SLICE_X1Y82          FDRE                                         r  design_1_i/ps8_0_axi_periph/xbar/inst/gen_samd.crossbar_samd/addr_arbiter_aw/gen_arbiter.m_grant_enc_i_reg[0]/C
                         clock pessimism              0.123    12.023    
                         clock uncertainty           -0.176    11.847    
    SLICE_X1Y82          FDRE (Setup_FFF_SLICEM_C_CE)
                                                     -0.044    11.803    design_1_i/ps8_0_axi_periph/xbar/inst/gen_samd.crossbar_samd/addr_arbiter_aw/gen_arbiter.m_grant_enc_i_reg[0]
  -------------------------------------------------------------------
                         required time                         11.803    
                         arrival time                          -6.876    
  -------------------------------------------------------------------
                         slack                                  4.927    

Slack (MET) :             4.927ns  (required time - arrival time)
  Source:                 design_1_i/zynq_ultra_ps_e_0/inst/PS8_i/MAXIGP0ACLK
                            (rising edge-triggered cell PS8 clocked by clk_pl_0  {rise@0.000ns fall@5.000ns period=10.000ns})
  Destination:            design_1_i/ps8_0_axi_periph/xbar/inst/gen_samd.crossbar_samd/addr_arbiter_aw/gen_arbiter.m_target_hot_i_reg[0]/CE
                            (rising edge-triggered cell FDRE clocked by clk_pl_0  {rise@0.000ns fall@5.000ns period=10.000ns})
  Path Group:             clk_pl_0
  Path Type:              Setup (Max at Slow Process Corner)
  Requirement:            10.000ns  (clk_pl_0 rise@10.000ns - clk_pl_0 rise@0.000ns)
  Data Path Delay:        4.745ns  (logic 1.397ns (29.442%)  route 3.348ns (70.558%))
  Logic Levels:           6  (LUT4=1 LUT5=1 LUT6=4)
  Clock Path Skew:        -0.108ns (DCD - SCD + CPR)
    Destination Clock Delay (DCD):    1.900ns = ( 11.900 - 10.000 ) 
    Source Clock Delay      (SCD):    2.131ns
    Clock Pessimism Removal (CPR):    0.123ns
  Clock Uncertainty:      0.176ns  ((TSJ^2 + DJ^2)^1/2) / 2 + PE
    Total System Jitter     (TSJ):    0.071ns
    Discrete Jitter          (DJ):    0.344ns
    Phase Error              (PE):    0.000ns
  Clock Net Delay (Source):      1.924ns (routing 0.814ns, distribution 1.110ns)
  Clock Net Delay (Destination): 1.733ns (routing 0.736ns, distribution 0.997ns)

    Location             Delay type                Incr(ns)  Path(ns)    Netlist Resource(s)
  -------------------------------------------------------------------    -------------------
                         (clock clk_pl_0 rise edge)
                                                      0.000     0.000 r  
    PS8_X0Y0             PS8                          0.000     0.000 r  design_1_i/zynq_ultra_ps_e_0/inst/PS8_i/PLCLK[0]
                         net (fo=1, routed)           0.178     0.178    design_1_i/zynq_ultra_ps_e_0/inst/pl_clk_unbuffered[0]
    BUFG_PS_X0Y67        BUFG_PS (Prop_BUFG_PS_I_O)
                                                      0.029     0.207 r  design_1_i/zynq_ultra_ps_e_0/inst/buffer_pl_clk_0.PL_CLK_0_BUFG/O
    X0Y1 (CLOCK_ROOT)    net (fo=2735, routed)        1.924     2.131    design_1_i/zynq_ultra_ps_e_0/inst/maxihpm0_fpd_aclk
    PS8_X0Y0             PS8                                          r  design_1_i/zynq_ultra_ps_e_0/inst/PS8_i/MAXIGP0ACLK
  -------------------------------------------------------------------    -------------------
    PS8_X0Y0             PS8 (Prop_PS8_MAXIGP0ACLK_MAXIGP0AWID[1])
                                                      0.580     2.711 r  design_1_i/zynq_ultra_ps_e_0/inst/PS8_i/MAXIGP0AWID[1]
                         net (fo=17, routed)          1.161     3.872    design_1_i/ps8_0_axi_periph/xbar/inst/gen_samd.crossbar_samd/gen_slave_slots[0].gen_si_write.si_transactor_aw/s_axi_awid[1]
    SLICE_X4Y33          LUT6 (Prop_D6LUT_SLICEM_I5_O)
                                                      0.098     3.970 f  design_1_i/ps8_0_axi_periph/xbar/inst/gen_samd.crossbar_samd/gen_slave_slots[0].gen_si_write.si_transactor_aw/gen_multi_thread.active_target[41]_i_9__0/O
                         net (fo=2, routed)           0.456     4.426    design_1_i/ps8_0_axi_periph/xbar/inst/gen_samd.crossbar_samd/gen_slave_slots[0].gen_si_write.si_transactor_aw/gen_multi_thread.active_target[41]_i_9__0_n_0
    SLICE_X2Y33          LUT6 (Prop_H6LUT_SLICEL_I2_O)
                                                      0.116     4.542 f  design_1_i/ps8_0_axi_periph/xbar/inst/gen_samd.crossbar_samd/gen_slave_slots[0].gen_si_write.si_transactor_aw/gen_arbiter.qual_reg[0]_i_23/O
                         net (fo=1, routed)           0.119     4.661    design_1_i/ps8_0_axi_periph/xbar/inst/gen_samd.crossbar_samd/gen_slave_slots[0].gen_si_write.si_transactor_aw/gen_multi_thread.aid_match_50
    SLICE_X1Y34          LUT6 (Prop_G6LUT_SLICEM_I4_O)
                                                      0.179     4.840 f  design_1_i/ps8_0_axi_periph/xbar/inst/gen_samd.crossbar_samd/gen_slave_slots[0].gen_si_write.si_transactor_aw/gen_arbiter.qual_reg[0]_i_7__0/O
                         net (fo=1, routed)           0.417     5.257    design_1_i/ps8_0_axi_periph/xbar/inst/gen_samd.crossbar_samd/gen_slave_slots[0].gen_si_write.si_transactor_aw/gen_arbiter.qual_reg[0]_i_7__0_n_0
    SLICE_X2Y37          LUT6 (Prop_H6LUT_SLICEL_I4_O)
                                                      0.149     5.406 r  design_1_i/ps8_0_axi_periph/xbar/inst/gen_samd.crossbar_samd/gen_slave_slots[0].gen_si_write.si_transactor_aw/gen_arbiter.qual_reg[0]_i_2/O
                         net (fo=2, routed)           0.646     6.052    design_1_i/ps8_0_axi_periph/xbar/inst/gen_samd.crossbar_samd/addr_arbiter_aw/valid_qual_i[0]
    SLICE_X1Y82          LUT4 (Prop_E6LUT_SLICEM_I0_O)
                                                      0.177     6.229 r  design_1_i/ps8_0_axi_periph/xbar/inst/gen_samd.crossbar_samd/addr_arbiter_aw/gen_arbiter.m_grant_enc_i[0]_i_3/O
                         net (fo=2, routed)           0.107     6.336    design_1_i/ps8_0_axi_periph/xbar/inst/gen_samd.crossbar_samd/addr_arbiter_aw/grant_hot0
    SLICE_X1Y83          LUT5 (Prop_C6LUT_SLICEM_I2_O)
                                                      0.098     6.434 r  design_1_i/ps8_0_axi_periph/xbar/inst/gen_samd.crossbar_samd/addr_arbiter_aw/gen_arbiter.m_grant_enc_i[0]_i_1/O
                         net (fo=7, routed)           0.442     6.876    design_1_i/ps8_0_axi_periph/xbar/inst/gen_samd.crossbar_samd/addr_arbiter_aw/grant_hot
    SLICE_X1Y82          FDRE                                         r  design_1_i/ps8_0_axi_periph/xbar/inst/gen_samd.crossbar_samd/addr_arbiter_aw/gen_arbiter.m_target_hot_i_reg[0]/CE
  -------------------------------------------------------------------    -------------------

                         (clock clk_pl_0 rise edge)
                                                     10.000    10.000 r  
    PS8_X0Y0             PS8                          0.000    10.000 r  design_1_i/zynq_ultra_ps_e_0/inst/PS8_i/PLCLK[0]
                         net (fo=1, routed)           0.140    10.140    design_1_i/zynq_ultra_ps_e_0/inst/pl_clk_unbuffered[0]
    BUFG_PS_X0Y67        BUFG_PS (Prop_BUFG_PS_I_O)
                                                      0.027    10.167 r  design_1_i/zynq_ultra_ps_e_0/inst/buffer_pl_clk_0.PL_CLK_0_BUFG/O
    X0Y1 (CLOCK_ROOT)    net (fo=2735, routed)        1.733    11.900    design_1_i/ps8_0_axi_periph/xbar/inst/gen_samd.crossbar_samd/addr_arbiter_aw/aclk
    SLICE_X1Y82          FDRE                                         r  design_1_i/ps8_0_axi_periph/xbar/inst/gen_samd.crossbar_samd/addr_arbiter_aw/gen_arbiter.m_target_hot_i_reg[0]/C
                         clock pessimism              0.123    12.023    
                         clock uncertainty           -0.176    11.847    
    SLICE_X1Y82          FDRE (Setup_HFF_SLICEM_C_CE)
                                                     -0.044    11.803    design_1_i/ps8_0_axi_periph/xbar/inst/gen_samd.crossbar_samd/addr_arbiter_aw/gen_arbiter.m_target_hot_i_reg[0]
  -------------------------------------------------------------------
                         required time                         11.803    
                         arrival time                          -6.876    
  -------------------------------------------------------------------
                         slack                                  4.927    

Slack (MET) :             4.928ns  (required time - arrival time)
  Source:                 design_1_i/zynq_ultra_ps_e_0/inst/PS8_i/MAXIGP0ACLK
                            (rising edge-triggered cell PS8 clocked by clk_pl_0  {rise@0.000ns fall@5.000ns period=10.000ns})
  Destination:            design_1_i/ps8_0_axi_periph/xbar/inst/gen_samd.crossbar_samd/addr_arbiter_aw/gen_arbiter.last_rr_hot_reg[1]/CE
                            (rising edge-triggered cell FDSE clocked by clk_pl_0  {rise@0.000ns fall@5.000ns period=10.000ns})
  Path Group:             clk_pl_0
  Path Type:              Setup (Max at Slow Process Corner)
  Requirement:            10.000ns  (clk_pl_0 rise@10.000ns - clk_pl_0 rise@0.000ns)
  Data Path Delay:        4.745ns  (logic 1.397ns (29.442%)  route 3.348ns (70.558%))
  Logic Levels:           6  (LUT4=1 LUT5=1 LUT6=4)
  Clock Path Skew:        -0.108ns (DCD - SCD + CPR)
    Destination Clock Delay (DCD):    1.900ns = ( 11.900 - 10.000 ) 
    Source Clock Delay      (SCD):    2.131ns
    Clock Pessimism Removal (CPR):    0.123ns
  Clock Uncertainty:      0.176ns  ((TSJ^2 + DJ^2)^1/2) / 2 + PE
    Total System Jitter     (TSJ):    0.071ns
    Discrete Jitter          (DJ):    0.344ns
    Phase Error              (PE):    0.000ns
  Clock Net Delay (Source):      1.924ns (routing 0.814ns, distribution 1.110ns)
  Clock Net Delay (Destination): 1.733ns (routing 0.736ns, distribution 0.997ns)

    Location             Delay type                Incr(ns)  Path(ns)    Netlist Resource(s)
  -------------------------------------------------------------------    -------------------
                         (clock clk_pl_0 rise edge)
                                                      0.000     0.000 r  
    PS8_X0Y0             PS8                          0.000     0.000 r  design_1_i/zynq_ultra_ps_e_0/inst/PS8_i/PLCLK[0]
                         net (fo=1, routed)           0.178     0.178    design_1_i/zynq_ultra_ps_e_0/inst/pl_clk_unbuffered[0]
    BUFG_PS_X0Y67        BUFG_PS (Prop_BUFG_PS_I_O)
                                                      0.029     0.207 r  design_1_i/zynq_ultra_ps_e_0/inst/buffer_pl_clk_0.PL_CLK_0_BUFG/O
    X0Y1 (CLOCK_ROOT)    net (fo=2735, routed)        1.924     2.131    design_1_i/zynq_ultra_ps_e_0/inst/maxihpm0_fpd_aclk
    PS8_X0Y0             PS8                                          r  design_1_i/zynq_ultra_ps_e_0/inst/PS8_i/MAXIGP0ACLK
  -------------------------------------------------------------------    -------------------
    PS8_X0Y0             PS8 (Prop_PS8_MAXIGP0ACLK_MAXIGP0AWID[1])
                                                      0.580     2.711 r  design_1_i/zynq_ultra_ps_e_0/inst/PS8_i/MAXIGP0AWID[1]
                         net (fo=17, routed)          1.161     3.872    design_1_i/ps8_0_axi_periph/xbar/inst/gen_samd.crossbar_samd/gen_slave_slots[0].gen_si_write.si_transactor_aw/s_axi_awid[1]
    SLICE_X4Y33          LUT6 (Prop_D6LUT_SLICEM_I5_O)
                                                      0.098     3.970 f  design_1_i/ps8_0_axi_periph/xbar/inst/gen_samd.crossbar_samd/gen_slave_slots[0].gen_si_write.si_transactor_aw/gen_multi_thread.active_target[41]_i_9__0/O
                         net (fo=2, routed)           0.456     4.426    design_1_i/ps8_0_axi_periph/xbar/inst/gen_samd.crossbar_samd/gen_slave_slots[0].gen_si_write.si_transactor_aw/gen_multi_thread.active_target[41]_i_9__0_n_0
    SLICE_X2Y33          LUT6 (Prop_H6LUT_SLICEL_I2_O)
                                                      0.116     4.542 f  design_1_i/ps8_0_axi_periph/xbar/inst/gen_samd.crossbar_samd/gen_slave_slots[0].gen_si_write.si_transactor_aw/gen_arbiter.qual_reg[0]_i_23/O
                         net (fo=1, routed)           0.119     4.661    design_1_i/ps8_0_axi_periph/xbar/inst/gen_samd.crossbar_samd/gen_slave_slots[0].gen_si_write.si_transactor_aw/gen_multi_thread.aid_match_50
    SLICE_X1Y34          LUT6 (Prop_G6LUT_SLICEM_I4_O)
                                                      0.179     4.840 f  design_1_i/ps8_0_axi_periph/xbar/inst/gen_samd.crossbar_samd/gen_slave_slots[0].gen_si_write.si_transactor_aw/gen_arbiter.qual_reg[0]_i_7__0/O
                         net (fo=1, routed)           0.417     5.257    design_1_i/ps8_0_axi_periph/xbar/inst/gen_samd.crossbar_samd/gen_slave_slots[0].gen_si_write.si_transactor_aw/gen_arbiter.qual_reg[0]_i_7__0_n_0
    SLICE_X2Y37          LUT6 (Prop_H6LUT_SLICEL_I4_O)
                                                      0.149     5.406 r  design_1_i/ps8_0_axi_periph/xbar/inst/gen_samd.crossbar_samd/gen_slave_slots[0].gen_si_write.si_transactor_aw/gen_arbiter.qual_reg[0]_i_2/O
                         net (fo=2, routed)           0.646     6.052    design_1_i/ps8_0_axi_periph/xbar/inst/gen_samd.crossbar_samd/addr_arbiter_aw/valid_qual_i[0]
    SLICE_X1Y82          LUT4 (Prop_E6LUT_SLICEM_I0_O)
                                                      0.177     6.229 r  design_1_i/ps8_0_axi_periph/xbar/inst/gen_samd.crossbar_samd/addr_arbiter_aw/gen_arbiter.m_grant_enc_i[0]_i_3/O
                         net (fo=2, routed)           0.107     6.336    design_1_i/ps8_0_axi_periph/xbar/inst/gen_samd.crossbar_samd/addr_arbiter_aw/grant_hot0
    SLICE_X1Y83          LUT5 (Prop_C6LUT_SLICEM_I2_O)
                                                      0.098     6.434 r  design_1_i/ps8_0_axi_periph/xbar/inst/gen_samd.crossbar_samd/addr_arbiter_aw/gen_arbiter.m_grant_enc_i[0]_i_1/O
                         net (fo=7, routed)           0.442     6.876    design_1_i/ps8_0_axi_periph/xbar/inst/gen_samd.crossbar_samd/addr_arbiter_aw/grant_hot
    SLICE_X1Y82          FDSE                                         r  design_1_i/ps8_0_axi_periph/xbar/inst/gen_samd.crossbar_samd/addr_arbiter_aw/gen_arbiter.last_rr_hot_reg[1]/CE
  -------------------------------------------------------------------    -------------------

                         (clock clk_pl_0 rise edge)
                                                     10.000    10.000 r  
    PS8_X0Y0             PS8                          0.000    10.000 r  design_1_i/zynq_ultra_ps_e_0/inst/PS8_i/PLCLK[0]
                         net (fo=1, routed)           0.140    10.140    design_1_i/zynq_ultra_ps_e_0/inst/pl_clk_unbuffered[0]
    BUFG_PS_X0Y67        BUFG_PS (Prop_BUFG_PS_I_O)
                                                      0.027    10.167 r  design_1_i/zynq_ultra_ps_e_0/inst/buffer_pl_clk_0.PL_CLK_0_BUFG/O
    X0Y1 (CLOCK_ROOT)    net (fo=2735, routed)        1.733    11.900    design_1_i/ps8_0_axi_periph/xbar/inst/gen_samd.crossbar_samd/addr_arbiter_aw/aclk
    SLICE_X1Y82          FDSE                                         r  design_1_i/ps8_0_axi_periph/xbar/inst/gen_samd.crossbar_samd/addr_arbiter_aw/gen_arbiter.last_rr_hot_reg[1]/C
                         clock pessimism              0.123    12.023    
                         clock uncertainty           -0.176    11.847    
    SLICE_X1Y82          FDSE (Setup_EFF2_SLICEM_C_CE)
                                                     -0.043    11.804    design_1_i/ps8_0_axi_periph/xbar/inst/gen_samd.crossbar_samd/addr_arbiter_aw/gen_arbiter.last_rr_hot_reg[1]
  -------------------------------------------------------------------
                         required time                         11.804    
                         arrival time                          -6.876    
  -------------------------------------------------------------------
                         slack                                  4.928    

Slack (MET) :             4.928ns  (required time - arrival time)
  Source:                 design_1_i/zynq_ultra_ps_e_0/inst/PS8_i/MAXIGP0ACLK
                            (rising edge-triggered cell PS8 clocked by clk_pl_0  {rise@0.000ns fall@5.000ns period=10.000ns})
  Destination:            design_1_i/ps8_0_axi_periph/xbar/inst/gen_samd.crossbar_samd/addr_arbiter_aw/gen_arbiter.m_target_hot_i_reg[2]/CE
                            (rising edge-triggered cell FDRE clocked by clk_pl_0  {rise@0.000ns fall@5.000ns period=10.000ns})
  Path Group:             clk_pl_0
  Path Type:              Setup (Max at Slow Process Corner)
  Requirement:            10.000ns  (clk_pl_0 rise@10.000ns - clk_pl_0 rise@0.000ns)
  Data Path Delay:        4.745ns  (logic 1.397ns (29.442%)  route 3.348ns (70.558%))
  Logic Levels:           6  (LUT4=1 LUT5=1 LUT6=4)
  Clock Path Skew:        -0.108ns (DCD - SCD + CPR)
    Destination Clock Delay (DCD):    1.900ns = ( 11.900 - 10.000 ) 
    Source Clock Delay      (SCD):    2.131ns
    Clock Pessimism Removal (CPR):    0.123ns
  Clock Uncertainty:      0.176ns  ((TSJ^2 + DJ^2)^1/2) / 2 + PE
    Total System Jitter     (TSJ):    0.071ns
    Discrete Jitter          (DJ):    0.344ns
    Phase Error              (PE):    0.000ns
  Clock Net Delay (Source):      1.924ns (routing 0.814ns, distribution 1.110ns)
  Clock Net Delay (Destination): 1.733ns (routing 0.736ns, distribution 0.997ns)

    Location             Delay type                Incr(ns)  Path(ns)    Netlist Resource(s)
  -------------------------------------------------------------------    -------------------
                         (clock clk_pl_0 rise edge)
                                                      0.000     0.000 r  
    PS8_X0Y0             PS8                          0.000     0.000 r  design_1_i/zynq_ultra_ps_e_0/inst/PS8_i/PLCLK[0]
                         net (fo=1, routed)           0.178     0.178    design_1_i/zynq_ultra_ps_e_0/inst/pl_clk_unbuffered[0]
    BUFG_PS_X0Y67        BUFG_PS (Prop_BUFG_PS_I_O)
                                                      0.029     0.207 r  design_1_i/zynq_ultra_ps_e_0/inst/buffer_pl_clk_0.PL_CLK_0_BUFG/O
    X0Y1 (CLOCK_ROOT)    net (fo=2735, routed)        1.924     2.131    design_1_i/zynq_ultra_ps_e_0/inst/maxihpm0_fpd_aclk
    PS8_X0Y0             PS8                                          r  design_1_i/zynq_ultra_ps_e_0/inst/PS8_i/MAXIGP0ACLK
  -------------------------------------------------------------------    -------------------
    PS8_X0Y0             PS8 (Prop_PS8_MAXIGP0ACLK_MAXIGP0AWID[1])
                                                      0.580     2.711 r  design_1_i/zynq_ultra_ps_e_0/inst/PS8_i/MAXIGP0AWID[1]
                         net (fo=17, routed)          1.161     3.872    design_1_i/ps8_0_axi_periph/xbar/inst/gen_samd.crossbar_samd/gen_slave_slots[0].gen_si_write.si_transactor_aw/s_axi_awid[1]
    SLICE_X4Y33          LUT6 (Prop_D6LUT_SLICEM_I5_O)
                                                      0.098     3.970 f  design_1_i/ps8_0_axi_periph/xbar/inst/gen_samd.crossbar_samd/gen_slave_slots[0].gen_si_write.si_transactor_aw/gen_multi_thread.active_target[41]_i_9__0/O
                         net (fo=2, routed)           0.456     4.426    design_1_i/ps8_0_axi_periph/xbar/inst/gen_samd.crossbar_samd/gen_slave_slots[0].gen_si_write.si_transactor_aw/gen_multi_thread.active_target[41]_i_9__0_n_0
    SLICE_X2Y33          LUT6 (Prop_H6LUT_SLICEL_I2_O)
                                                      0.116     4.542 f  design_1_i/ps8_0_axi_periph/xbar/inst/gen_samd.crossbar_samd/gen_slave_slots[0].gen_si_write.si_transactor_aw/gen_arbiter.qual_reg[0]_i_23/O
                         net (fo=1, routed)           0.119     4.661    design_1_i/ps8_0_axi_periph/xbar/inst/gen_samd.crossbar_samd/gen_slave_slots[0].gen_si_write.si_transactor_aw/gen_multi_thread.aid_match_50
    SLICE_X1Y34          LUT6 (Prop_G6LUT_SLICEM_I4_O)
                                                      0.179     4.840 f  design_1_i/ps8_0_axi_periph/xbar/inst/gen_samd.crossbar_samd/gen_slave_slots[0].gen_si_write.si_transactor_aw/gen_arbiter.qual_reg[0]_i_7__0/O
                         net (fo=1, routed)           0.417     5.257    design_1_i/ps8_0_axi_periph/xbar/inst/gen_samd.crossbar_samd/gen_slave_slots[0].gen_si_write.si_transactor_aw/gen_arbiter.qual_reg[0]_i_7__0_n_0
    SLICE_X2Y37          LUT6 (Prop_H6LUT_SLICEL_I4_O)
                                                      0.149     5.406 r  design_1_i/ps8_0_axi_periph/xbar/inst/gen_samd.crossbar_samd/gen_slave_slots[0].gen_si_write.si_transactor_aw/gen_arbiter.qual_reg[0]_i_2/O
                         net (fo=2, routed)           0.646     6.052    design_1_i/ps8_0_axi_periph/xbar/inst/gen_samd.crossbar_samd/addr_arbiter_aw/valid_qual_i[0]
    SLICE_X1Y82          LUT4 (Prop_E6LUT_SLICEM_I0_O)
                                                      0.177     6.229 r  design_1_i/ps8_0_axi_periph/xbar/inst/gen_samd.crossbar_samd/addr_arbiter_aw/gen_arbiter.m_grant_enc_i[0]_i_3/O
                         net (fo=2, routed)           0.107     6.336    design_1_i/ps8_0_axi_periph/xbar/inst/gen_samd.crossbar_samd/addr_arbiter_aw/grant_hot0
    SLICE_X1Y83          LUT5 (Prop_C6LUT_SLICEM_I2_O)
                                                      0.098     6.434 r  design_1_i/ps8_0_axi_periph/xbar/inst/gen_samd.crossbar_samd/addr_arbiter_aw/gen_arbiter.m_grant_enc_i[0]_i_1/O
                         net (fo=7, routed)           0.442     6.876    design_1_i/ps8_0_axi_periph/xbar/inst/gen_samd.crossbar_samd/addr_arbiter_aw/grant_hot
    SLICE_X1Y82          FDRE                                         r  design_1_i/ps8_0_axi_periph/xbar/inst/gen_samd.crossbar_samd/addr_arbiter_aw/gen_arbiter.m_target_hot_i_reg[2]/CE
  -------------------------------------------------------------------    -------------------

                         (clock clk_pl_0 rise edge)
                                                     10.000    10.000 r  
    PS8_X0Y0             PS8                          0.000    10.000 r  design_1_i/zynq_ultra_ps_e_0/inst/PS8_i/PLCLK[0]
                         net (fo=1, routed)           0.140    10.140    design_1_i/zynq_ultra_ps_e_0/inst/pl_clk_unbuffered[0]
    BUFG_PS_X0Y67        BUFG_PS (Prop_BUFG_PS_I_O)
                                                      0.027    10.167 r  design_1_i/zynq_ultra_ps_e_0/inst/buffer_pl_clk_0.PL_CLK_0_BUFG/O
    X0Y1 (CLOCK_ROOT)    net (fo=2735, routed)        1.733    11.900    design_1_i/ps8_0_axi_periph/xbar/inst/gen_samd.crossbar_samd/addr_arbiter_aw/aclk
    SLICE_X1Y82          FDRE                                         r  design_1_i/ps8_0_axi_periph/xbar/inst/gen_samd.crossbar_samd/addr_arbiter_aw/gen_arbiter.m_target_hot_i_reg[2]/C
                         clock pessimism              0.123    12.023    
                         clock uncertainty           -0.176    11.847    
    SLICE_X1Y82          FDRE (Setup_HFF2_SLICEM_C_CE)
                                                     -0.043    11.804    design_1_i/ps8_0_axi_periph/xbar/inst/gen_samd.crossbar_samd/addr_arbiter_aw/gen_arbiter.m_target_hot_i_reg[2]
  -------------------------------------------------------------------
                         required time                         11.804    
                         arrival time                          -6.876    
  -------------------------------------------------------------------
                         slack                                  4.928    

Slack (MET) :             5.002ns  (required time - arrival time)
  Source:                 design_1_i/zynq_ultra_ps_e_0/inst/PS8_i/MAXIGP0ACLK
                            (rising edge-triggered cell PS8 clocked by clk_pl_0  {rise@0.000ns fall@5.000ns period=10.000ns})
  Destination:            design_1_i/ps8_0_axi_periph/xbar/inst/gen_samd.crossbar_samd/gen_slave_slots[0].gen_si_read.si_transactor_ar/gen_multi_thread.active_id_reg[40]/CE
                            (rising edge-triggered cell FDRE clocked by clk_pl_0  {rise@0.000ns fall@5.000ns period=10.000ns})
  Path Group:             clk_pl_0
  Path Type:              Setup (Max at Slow Process Corner)
  Requirement:            10.000ns  (clk_pl_0 rise@10.000ns - clk_pl_0 rise@0.000ns)
  Data Path Delay:        4.727ns  (logic 1.335ns (28.242%)  route 3.392ns (71.758%))
  Logic Levels:           5  (LUT5=1 LUT6=4)
  Clock Path Skew:        -0.052ns (DCD - SCD + CPR)
    Destination Clock Delay (DCD):    1.901ns = ( 11.901 - 10.000 ) 
    Source Clock Delay      (SCD):    2.131ns
    Clock Pessimism Removal (CPR):    0.178ns
  Clock Uncertainty:      0.176ns  ((TSJ^2 + DJ^2)^1/2) / 2 + PE
    Total System Jitter     (TSJ):    0.071ns
    Discrete Jitter          (DJ):    0.344ns
    Phase Error              (PE):    0.000ns
  Clock Net Delay (Source):      1.924ns (routing 0.814ns, distribution 1.110ns)
  Clock Net Delay (Destination): 1.734ns (routing 0.736ns, distribution 0.998ns)

    Location             Delay type                Incr(ns)  Path(ns)    Netlist Resource(s)
  -------------------------------------------------------------------    -------------------
                         (clock clk_pl_0 rise edge)
                                                      0.000     0.000 r  
    PS8_X0Y0             PS8                          0.000     0.000 r  design_1_i/zynq_ultra_ps_e_0/inst/PS8_i/PLCLK[0]
                         net (fo=1, routed)           0.178     0.178    design_1_i/zynq_ultra_ps_e_0/inst/pl_clk_unbuffered[0]
    BUFG_PS_X0Y67        BUFG_PS (Prop_BUFG_PS_I_O)
                                                      0.029     0.207 r  design_1_i/zynq_ultra_ps_e_0/inst/buffer_pl_clk_0.PL_CLK_0_BUFG/O
    X0Y1 (CLOCK_ROOT)    net (fo=2735, routed)        1.924     2.131    design_1_i/zynq_ultra_ps_e_0/inst/maxihpm0_fpd_aclk
    PS8_X0Y0             PS8                                          r  design_1_i/zynq_ultra_ps_e_0/inst/PS8_i/MAXIGP0ACLK
  -------------------------------------------------------------------    -------------------
    PS8_X0Y0             PS8 (Prop_PS8_MAXIGP0ACLK_MAXIGP0ARID[9])
                                                      0.619     2.750 r  design_1_i/zynq_ultra_ps_e_0/inst/PS8_i/MAXIGP0ARID[9]
                         net (fo=17, routed)          1.254     4.004    design_1_i/ps8_0_axi_periph/xbar/inst/gen_samd.crossbar_samd/gen_slave_slots[0].gen_si_read.si_transactor_ar/s_axi_arid[9]
    SLICE_X4Y49          LUT6 (Prop_C6LUT_SLICEM_I0_O)
                                                      0.174     4.178 f  design_1_i/ps8_0_axi_periph/xbar/inst/gen_samd.crossbar_samd/gen_slave_slots[0].gen_si_read.si_transactor_ar/gen_multi_thread.active_target[17]_i_9/O
                         net (fo=2, routed)           0.200     4.378    design_1_i/ps8_0_axi_periph/xbar/inst/gen_samd.crossbar_samd/gen_slave_slots[0].gen_si_read.si_transactor_ar/gen_multi_thread.active_target[17]_i_9_n_0
    SLICE_X4Y48          LUT6 (Prop_E6LUT_SLICEM_I3_O)
                                                      0.101     4.479 f  design_1_i/ps8_0_axi_periph/xbar/inst/gen_samd.crossbar_samd/gen_slave_slots[0].gen_si_read.si_transactor_ar/gen_multi_thread.active_target[17]_i_6/O
                         net (fo=1, routed)           0.182     4.661    design_1_i/ps8_0_axi_periph/xbar/inst/gen_samd.crossbar_samd/gen_slave_slots[0].gen_si_read.si_transactor_ar/gen_multi_thread.active_target[17]_i_6_n_0
    SLICE_X4Y46          LUT6 (Prop_F6LUT_SLICEM_I4_O)
                                                      0.098     4.759 f  design_1_i/ps8_0_axi_periph/xbar/inst/gen_samd.crossbar_samd/gen_slave_slots[0].gen_si_read.si_transactor_ar/gen_multi_thread.active_target[17]_i_5/O
                         net (fo=9, routed)           0.483     5.242    design_1_i/ps8_0_axi_periph/xbar/inst/gen_samd.crossbar_samd/gen_slave_slots[0].gen_si_read.si_transactor_ar/gen_multi_thread.aid_match_2
    SLICE_X2Y45          LUT5 (Prop_D5LUT_SLICEL_I0_O)
                                                      0.164     5.406 f  design_1_i/ps8_0_axi_periph/xbar/inst/gen_samd.crossbar_samd/gen_slave_slots[0].gen_si_read.si_transactor_ar/gen_multi_thread.active_target[57]_i_6/O
                         net (fo=24, routed)          0.378     5.784    design_1_i/ps8_0_axi_periph/xbar/inst/gen_samd.crossbar_samd/gen_slave_slots[0].gen_si_read.si_transactor_ar/gen_multi_thread.any_aid_match
    SLICE_X4Y47          LUT6 (Prop_G6LUT_SLICEM_I4_O)
                                                      0.179     5.963 r  design_1_i/ps8_0_axi_periph/xbar/inst/gen_samd.crossbar_samd/gen_slave_slots[0].gen_si_read.si_transactor_ar/gen_multi_thread.active_target[17]_i_1/O
                         net (fo=17, routed)          0.895     6.858    design_1_i/ps8_0_axi_periph/xbar/inst/gen_samd.crossbar_samd/gen_slave_slots[0].gen_si_read.si_transactor_ar/gen_multi_thread.cmd_push_2
    SLICE_X3Y50          FDRE                                         r  design_1_i/ps8_0_axi_periph/xbar/inst/gen_samd.crossbar_samd/gen_slave_slots[0].gen_si_read.si_transactor_ar/gen_multi_thread.active_id_reg[40]/CE
  -------------------------------------------------------------------    -------------------

                         (clock clk_pl_0 rise edge)
                                                     10.000    10.000 r  
    PS8_X0Y0             PS8                          0.000    10.000 r  design_1_i/zynq_ultra_ps_e_0/inst/PS8_i/PLCLK[0]
                         net (fo=1, routed)           0.140    10.140    design_1_i/zynq_ultra_ps_e_0/inst/pl_clk_unbuffered[0]
    BUFG_PS_X0Y67        BUFG_PS (Prop_BUFG_PS_I_O)
                                                      0.027    10.167 r  design_1_i/zynq_ultra_ps_e_0/inst/buffer_pl_clk_0.PL_CLK_0_BUFG/O
    X0Y1 (CLOCK_ROOT)    net (fo=2735, routed)        1.734    11.901    design_1_i/ps8_0_axi_periph/xbar/inst/gen_samd.crossbar_samd/gen_slave_slots[0].gen_si_read.si_transactor_ar/aclk
    SLICE_X3Y50          FDRE                                         r  design_1_i/ps8_0_axi_periph/xbar/inst/gen_samd.crossbar_samd/gen_slave_slots[0].gen_si_read.si_transactor_ar/gen_multi_thread.active_id_reg[40]/C
                         clock pessimism              0.178    12.079    
                         clock uncertainty           -0.176    11.903    
    SLICE_X3Y50          FDRE (Setup_EFF_SLICEL_C_CE)
                                                     -0.043    11.860    design_1_i/ps8_0_axi_periph/xbar/inst/gen_samd.crossbar_samd/gen_slave_slots[0].gen_si_read.si_transactor_ar/gen_multi_thread.active_id_reg[40]
  -------------------------------------------------------------------
                         required time                         11.860    
                         arrival time                          -6.858    
  -------------------------------------------------------------------
                         slack                                  5.002    

Slack (MET) :             5.026ns  (required time - arrival time)
  Source:                 design_1_i/zynq_ultra_ps_e_0/inst/PS8_i/MAXIGP0ACLK
                            (rising edge-triggered cell PS8 clocked by clk_pl_0  {rise@0.000ns fall@5.000ns period=10.000ns})
  Destination:            design_1_i/ps8_0_axi_periph/xbar/inst/gen_samd.crossbar_samd/gen_slave_slots[0].gen_si_read.si_transactor_ar/gen_multi_thread.active_id_reg[37]/CE
                            (rising edge-triggered cell FDRE clocked by clk_pl_0  {rise@0.000ns fall@5.000ns period=10.000ns})
  Path Group:             clk_pl_0
  Path Type:              Setup (Max at Slow Process Corner)
  Requirement:            10.000ns  (clk_pl_0 rise@10.000ns - clk_pl_0 rise@0.000ns)
  Data Path Delay:        4.719ns  (logic 1.335ns (28.290%)  route 3.384ns (71.710%))
  Logic Levels:           5  (LUT5=1 LUT6=4)
  Clock Path Skew:        -0.036ns (DCD - SCD + CPR)
    Destination Clock Delay (DCD):    1.917ns = ( 11.917 - 10.000 ) 
    Source Clock Delay      (SCD):    2.131ns
    Clock Pessimism Removal (CPR):    0.178ns
  Clock Uncertainty:      0.176ns  ((TSJ^2 + DJ^2)^1/2) / 2 + PE
    Total System Jitter     (TSJ):    0.071ns
    Discrete Jitter          (DJ):    0.344ns
    Phase Error              (PE):    0.000ns
  Clock Net Delay (Source):      1.924ns (routing 0.814ns, distribution 1.110ns)
  Clock Net Delay (Destination): 1.750ns (routing 0.736ns, distribution 1.014ns)

    Location             Delay type                Incr(ns)  Path(ns)    Netlist Resource(s)
  -------------------------------------------------------------------    -------------------
                         (clock clk_pl_0 rise edge)
                                                      0.000     0.000 r  
    PS8_X0Y0             PS8                          0.000     0.000 r  design_1_i/zynq_ultra_ps_e_0/inst/PS8_i/PLCLK[0]
                         net (fo=1, routed)           0.178     0.178    design_1_i/zynq_ultra_ps_e_0/inst/pl_clk_unbuffered[0]
    BUFG_PS_X0Y67        BUFG_PS (Prop_BUFG_PS_I_O)
                                                      0.029     0.207 r  design_1_i/zynq_ultra_ps_e_0/inst/buffer_pl_clk_0.PL_CLK_0_BUFG/O
    X0Y1 (CLOCK_ROOT)    net (fo=2735, routed)        1.924     2.131    design_1_i/zynq_ultra_ps_e_0/inst/maxihpm0_fpd_aclk
    PS8_X0Y0             PS8                                          r  design_1_i/zynq_ultra_ps_e_0/inst/PS8_i/MAXIGP0ACLK
  -------------------------------------------------------------------    -------------------
    PS8_X0Y0             PS8 (Prop_PS8_MAXIGP0ACLK_MAXIGP0ARID[9])
                                                      0.619     2.750 r  design_1_i/zynq_ultra_ps_e_0/inst/PS8_i/MAXIGP0ARID[9]
                         net (fo=17, routed)          1.254     4.004    design_1_i/ps8_0_axi_periph/xbar/inst/gen_samd.crossbar_samd/gen_slave_slots[0].gen_si_read.si_transactor_ar/s_axi_arid[9]
    SLICE_X4Y49          LUT6 (Prop_C6LUT_SLICEM_I0_O)
                                                      0.174     4.178 f  design_1_i/ps8_0_axi_periph/xbar/inst/gen_samd.crossbar_samd/gen_slave_slots[0].gen_si_read.si_transactor_ar/gen_multi_thread.active_target[17]_i_9/O
                         net (fo=2, routed)           0.200     4.378    design_1_i/ps8_0_axi_periph/xbar/inst/gen_samd.crossbar_samd/gen_slave_slots[0].gen_si_read.si_transactor_ar/gen_multi_thread.active_target[17]_i_9_n_0
    SLICE_X4Y48          LUT6 (Prop_E6LUT_SLICEM_I3_O)
                                                      0.101     4.479 f  design_1_i/ps8_0_axi_periph/xbar/inst/gen_samd.crossbar_samd/gen_slave_slots[0].gen_si_read.si_transactor_ar/gen_multi_thread.active_target[17]_i_6/O
                         net (fo=1, routed)           0.182     4.661    design_1_i/ps8_0_axi_periph/xbar/inst/gen_samd.crossbar_samd/gen_slave_slots[0].gen_si_read.si_transactor_ar/gen_multi_thread.active_target[17]_i_6_n_0
    SLICE_X4Y46          LUT6 (Prop_F6LUT_SLICEM_I4_O)
                                                      0.098     4.759 f  design_1_i/ps8_0_axi_periph/xbar/inst/gen_samd.crossbar_samd/gen_slave_slots[0].gen_si_read.si_transactor_ar/gen_multi_thread.active_target[17]_i_5/O
                         net (fo=9, routed)           0.483     5.242    design_1_i/ps8_0_axi_periph/xbar/inst/gen_samd.crossbar_samd/gen_slave_slots[0].gen_si_read.si_transactor_ar/gen_multi_thread.aid_match_2
    SLICE_X2Y45          LUT5 (Prop_D5LUT_SLICEL_I0_O)
                                                      0.164     5.406 f  design_1_i/ps8_0_axi_periph/xbar/inst/gen_samd.crossbar_samd/gen_slave_slots[0].gen_si_read.si_transactor_ar/gen_multi_thread.active_target[57]_i_6/O
                         net (fo=24, routed)          0.378     5.784    design_1_i/ps8_0_axi_periph/xbar/inst/gen_samd.crossbar_samd/gen_slave_slots[0].gen_si_read.si_transactor_ar/gen_multi_thread.any_aid_match
    SLICE_X4Y47          LUT6 (Prop_G6LUT_SLICEM_I4_O)
                                                      0.179     5.963 r  design_1_i/ps8_0_axi_periph/xbar/inst/gen_samd.crossbar_samd/gen_slave_slots[0].gen_si_read.si_transactor_ar/gen_multi_thread.active_target[17]_i_1/O
                         net (fo=17, routed)          0.887     6.850    design_1_i/ps8_0_axi_periph/xbar/inst/gen_samd.crossbar_samd/gen_slave_slots[0].gen_si_read.si_transactor_ar/gen_multi_thread.cmd_push_2
    SLICE_X2Y50          FDRE                                         r  design_1_i/ps8_0_axi_periph/xbar/inst/gen_samd.crossbar_samd/gen_slave_slots[0].gen_si_read.si_transactor_ar/gen_multi_thread.active_id_reg[37]/CE
  -------------------------------------------------------------------    -------------------

                         (clock clk_pl_0 rise edge)
                                                     10.000    10.000 r  
    PS8_X0Y0             PS8                          0.000    10.000 r  design_1_i/zynq_ultra_ps_e_0/inst/PS8_i/PLCLK[0]
                         net (fo=1, routed)           0.140    10.140    design_1_i/zynq_ultra_ps_e_0/inst/pl_clk_unbuffered[0]
    BUFG_PS_X0Y67        BUFG_PS (Prop_BUFG_PS_I_O)
                                                      0.027    10.167 r  design_1_i/zynq_ultra_ps_e_0/inst/buffer_pl_clk_0.PL_CLK_0_BUFG/O
    X0Y1 (CLOCK_ROOT)    net (fo=2735, routed)        1.750    11.917    design_1_i/ps8_0_axi_periph/xbar/inst/gen_samd.crossbar_samd/gen_slave_slots[0].gen_si_read.si_transactor_ar/aclk
    SLICE_X2Y50          FDRE                                         r  design_1_i/ps8_0_axi_periph/xbar/inst/gen_samd.crossbar_samd/gen_slave_slots[0].gen_si_read.si_transactor_ar/gen_multi_thread.active_id_reg[37]/C
                         clock pessimism              0.178    12.095    
                         clock uncertainty           -0.176    11.919    
    SLICE_X2Y50          FDRE (Setup_EFF_SLICEL_C_CE)
                                                     -0.043    11.876    design_1_i/ps8_0_axi_periph/xbar/inst/gen_samd.crossbar_samd/gen_slave_slots[0].gen_si_read.si_transactor_ar/gen_multi_thread.active_id_reg[37]
  -------------------------------------------------------------------
                         required time                         11.876    
                         arrival time                          -6.850    
  -------------------------------------------------------------------
                         slack                                  5.026    

Slack (MET) :             5.026ns  (required time - arrival time)
  Source:                 design_1_i/zynq_ultra_ps_e_0/inst/PS8_i/MAXIGP0ACLK
                            (rising edge-triggered cell PS8 clocked by clk_pl_0  {rise@0.000ns fall@5.000ns period=10.000ns})
  Destination:            design_1_i/ps8_0_axi_periph/xbar/inst/gen_samd.crossbar_samd/gen_slave_slots[0].gen_si_read.si_transactor_ar/gen_multi_thread.active_id_reg[38]/CE
                            (rising edge-triggered cell FDRE clocked by clk_pl_0  {rise@0.000ns fall@5.000ns period=10.000ns})
  Path Group:             clk_pl_0
  Path Type:              Setup (Max at Slow Process Corner)
  Requirement:            10.000ns  (clk_pl_0 rise@10.000ns - clk_pl_0 rise@0.000ns)
  Data Path Delay:        4.720ns  (logic 1.335ns (28.284%)  route 3.385ns (71.716%))
  Logic Levels:           5  (LUT5=1 LUT6=4)
  Clock Path Skew:        -0.036ns (DCD - SCD + CPR)
    Destination Clock Delay (DCD):    1.917ns = ( 11.917 - 10.000 ) 
    Source Clock Delay      (SCD):    2.131ns
    Clock Pessimism Removal (CPR):    0.178ns
  Clock Uncertainty:      0.176ns  ((TSJ^2 + DJ^2)^1/2) / 2 + PE
    Total System Jitter     (TSJ):    0.071ns
    Discrete Jitter          (DJ):    0.344ns
    Phase Error              (PE):    0.000ns
  Clock Net Delay (Source):      1.924ns (routing 0.814ns, distribution 1.110ns)
  Clock Net Delay (Destination): 1.750ns (routing 0.736ns, distribution 1.014ns)

    Location             Delay type                Incr(ns)  Path(ns)    Netlist Resource(s)
  -------------------------------------------------------------------    -------------------
                         (clock clk_pl_0 rise edge)
                                                      0.000     0.000 r  
    PS8_X0Y0             PS8                          0.000     0.000 r  design_1_i/zynq_ultra_ps_e_0/inst/PS8_i/PLCLK[0]
                         net (fo=1, routed)           0.178     0.178    design_1_i/zynq_ultra_ps_e_0/inst/pl_clk_unbuffered[0]
    BUFG_PS_X0Y67        BUFG_PS (Prop_BUFG_PS_I_O)
                                                      0.029     0.207 r  design_1_i/zynq_ultra_ps_e_0/inst/buffer_pl_clk_0.PL_CLK_0_BUFG/O
    X0Y1 (CLOCK_ROOT)    net (fo=2735, routed)        1.924     2.131    design_1_i/zynq_ultra_ps_e_0/inst/maxihpm0_fpd_aclk
    PS8_X0Y0             PS8                                          r  design_1_i/zynq_ultra_ps_e_0/inst/PS8_i/MAXIGP0ACLK
  -------------------------------------------------------------------    -------------------
    PS8_X0Y0             PS8 (Prop_PS8_MAXIGP0ACLK_MAXIGP0ARID[9])
                                                      0.619     2.750 r  design_1_i/zynq_ultra_ps_e_0/inst/PS8_i/MAXIGP0ARID[9]
                         net (fo=17, routed)          1.254     4.004    design_1_i/ps8_0_axi_periph/xbar/inst/gen_samd.crossbar_samd/gen_slave_slots[0].gen_si_read.si_transactor_ar/s_axi_arid[9]
    SLICE_X4Y49          LUT6 (Prop_C6LUT_SLICEM_I0_O)
                                                      0.174     4.178 f  design_1_i/ps8_0_axi_periph/xbar/inst/gen_samd.crossbar_samd/gen_slave_slots[0].gen_si_read.si_transactor_ar/gen_multi_thread.active_target[17]_i_9/O
                         net (fo=2, routed)           0.200     4.378    design_1_i/ps8_0_axi_periph/xbar/inst/gen_samd.crossbar_samd/gen_slave_slots[0].gen_si_read.si_transactor_ar/gen_multi_thread.active_target[17]_i_9_n_0
    SLICE_X4Y48          LUT6 (Prop_E6LUT_SLICEM_I3_O)
                                                      0.101     4.479 f  design_1_i/ps8_0_axi_periph/xbar/inst/gen_samd.crossbar_samd/gen_slave_slots[0].gen_si_read.si_transactor_ar/gen_multi_thread.active_target[17]_i_6/O
                         net (fo=1, routed)           0.182     4.661    design_1_i/ps8_0_axi_periph/xbar/inst/gen_samd.crossbar_samd/gen_slave_slots[0].gen_si_read.si_transactor_ar/gen_multi_thread.active_target[17]_i_6_n_0
    SLICE_X4Y46          LUT6 (Prop_F6LUT_SLICEM_I4_O)
                                                      0.098     4.759 f  design_1_i/ps8_0_axi_periph/xbar/inst/gen_samd.crossbar_samd/gen_slave_slots[0].gen_si_read.si_transactor_ar/gen_multi_thread.active_target[17]_i_5/O
                         net (fo=9, routed)           0.483     5.242    design_1_i/ps8_0_axi_periph/xbar/inst/gen_samd.crossbar_samd/gen_slave_slots[0].gen_si_read.si_transactor_ar/gen_multi_thread.aid_match_2
    SLICE_X2Y45          LUT5 (Prop_D5LUT_SLICEL_I0_O)
                                                      0.164     5.406 f  design_1_i/ps8_0_axi_periph/xbar/inst/gen_samd.crossbar_samd/gen_slave_slots[0].gen_si_read.si_transactor_ar/gen_multi_thread.active_target[57]_i_6/O
                         net (fo=24, routed)          0.378     5.784    design_1_i/ps8_0_axi_periph/xbar/inst/gen_samd.crossbar_samd/gen_slave_slots[0].gen_si_read.si_transactor_ar/gen_multi_thread.any_aid_match
    SLICE_X4Y47          LUT6 (Prop_G6LUT_SLICEM_I4_O)
                                                      0.179     5.963 r  design_1_i/ps8_0_axi_periph/xbar/inst/gen_samd.crossbar_samd/gen_slave_slots[0].gen_si_read.si_transactor_ar/gen_multi_thread.active_target[17]_i_1/O
                         net (fo=17, routed)          0.888     6.851    design_1_i/ps8_0_axi_periph/xbar/inst/gen_samd.crossbar_samd/gen_slave_slots[0].gen_si_read.si_transactor_ar/gen_multi_thread.cmd_push_2
    SLICE_X2Y50          FDRE                                         r  design_1_i/ps8_0_axi_periph/xbar/inst/gen_samd.crossbar_samd/gen_slave_slots[0].gen_si_read.si_transactor_ar/gen_multi_thread.active_id_reg[38]/CE
  -------------------------------------------------------------------    -------------------

                         (clock clk_pl_0 rise edge)
                                                     10.000    10.000 r  
    PS8_X0Y0             PS8                          0.000    10.000 r  design_1_i/zynq_ultra_ps_e_0/inst/PS8_i/PLCLK[0]
                         net (fo=1, routed)           0.140    10.140    design_1_i/zynq_ultra_ps_e_0/inst/pl_clk_unbuffered[0]
    BUFG_PS_X0Y67        BUFG_PS (Prop_BUFG_PS_I_O)
                                                      0.027    10.167 r  design_1_i/zynq_ultra_ps_e_0/inst/buffer_pl_clk_0.PL_CLK_0_BUFG/O
    X0Y1 (CLOCK_ROOT)    net (fo=2735, routed)        1.750    11.917    design_1_i/ps8_0_axi_periph/xbar/inst/gen_samd.crossbar_samd/gen_slave_slots[0].gen_si_read.si_transactor_ar/aclk
    SLICE_X2Y50          FDRE                                         r  design_1_i/ps8_0_axi_periph/xbar/inst/gen_samd.crossbar_samd/gen_slave_slots[0].gen_si_read.si_transactor_ar/gen_multi_thread.active_id_reg[38]/C
                         clock pessimism              0.178    12.095    
                         clock uncertainty           -0.176    11.919    
    SLICE_X2Y50          FDRE (Setup_EFF2_SLICEL_C_CE)
                                                     -0.042    11.877    design_1_i/ps8_0_axi_periph/xbar/inst/gen_samd.crossbar_samd/gen_slave_slots[0].gen_si_read.si_transactor_ar/gen_multi_thread.active_id_reg[38]
  -------------------------------------------------------------------
                         required time                         11.877    
                         arrival time                          -6.851    
  -------------------------------------------------------------------
                         slack                                  5.026    

Slack (MET) :             5.026ns  (required time - arrival time)
  Source:                 design_1_i/zynq_ultra_ps_e_0/inst/PS8_i/MAXIGP0ACLK
                            (rising edge-triggered cell PS8 clocked by clk_pl_0  {rise@0.000ns fall@5.000ns period=10.000ns})
  Destination:            design_1_i/ps8_0_axi_periph/xbar/inst/gen_samd.crossbar_samd/gen_slave_slots[0].gen_si_read.si_transactor_ar/gen_multi_thread.active_id_reg[39]/CE
                            (rising edge-triggered cell FDRE clocked by clk_pl_0  {rise@0.000ns fall@5.000ns period=10.000ns})
  Path Group:             clk_pl_0
  Path Type:              Setup (Max at Slow Process Corner)
  Requirement:            10.000ns  (clk_pl_0 rise@10.000ns - clk_pl_0 rise@0.000ns)
  Data Path Delay:        4.719ns  (logic 1.335ns (28.290%)  route 3.384ns (71.710%))
  Logic Levels:           5  (LUT5=1 LUT6=4)
  Clock Path Skew:        -0.036ns (DCD - SCD + CPR)
    Destination Clock Delay (DCD):    1.917ns = ( 11.917 - 10.000 ) 
    Source Clock Delay      (SCD):    2.131ns
    Clock Pessimism Removal (CPR):    0.178ns
  Clock Uncertainty:      0.176ns  ((TSJ^2 + DJ^2)^1/2) / 2 + PE
    Total System Jitter     (TSJ):    0.071ns
    Discrete Jitter          (DJ):    0.344ns
    Phase Error              (PE):    0.000ns
  Clock Net Delay (Source):      1.924ns (routing 0.814ns, distribution 1.110ns)
  Clock Net Delay (Destination): 1.750ns (routing 0.736ns, distribution 1.014ns)

    Location             Delay type                Incr(ns)  Path(ns)    Netlist Resource(s)
  -------------------------------------------------------------------    -------------------
                         (clock clk_pl_0 rise edge)
                                                      0.000     0.000 r  
    PS8_X0Y0             PS8                          0.000     0.000 r  design_1_i/zynq_ultra_ps_e_0/inst/PS8_i/PLCLK[0]
                         net (fo=1, routed)           0.178     0.178    design_1_i/zynq_ultra_ps_e_0/inst/pl_clk_unbuffered[0]
    BUFG_PS_X0Y67        BUFG_PS (Prop_BUFG_PS_I_O)
                                                      0.029     0.207 r  design_1_i/zynq_ultra_ps_e_0/inst/buffer_pl_clk_0.PL_CLK_0_BUFG/O
    X0Y1 (CLOCK_ROOT)    net (fo=2735, routed)        1.924     2.131    design_1_i/zynq_ultra_ps_e_0/inst/maxihpm0_fpd_aclk
    PS8_X0Y0             PS8                                          r  design_1_i/zynq_ultra_ps_e_0/inst/PS8_i/MAXIGP0ACLK
  -------------------------------------------------------------------    -------------------
    PS8_X0Y0             PS8 (Prop_PS8_MAXIGP0ACLK_MAXIGP0ARID[9])
                                                      0.619     2.750 r  design_1_i/zynq_ultra_ps_e_0/inst/PS8_i/MAXIGP0ARID[9]
                         net (fo=17, routed)          1.254     4.004    design_1_i/ps8_0_axi_periph/xbar/inst/gen_samd.crossbar_samd/gen_slave_slots[0].gen_si_read.si_transactor_ar/s_axi_arid[9]
    SLICE_X4Y49          LUT6 (Prop_C6LUT_SLICEM_I0_O)
                                                      0.174     4.178 f  design_1_i/ps8_0_axi_periph/xbar/inst/gen_samd.crossbar_samd/gen_slave_slots[0].gen_si_read.si_transactor_ar/gen_multi_thread.active_target[17]_i_9/O
                         net (fo=2, routed)           0.200     4.378    design_1_i/ps8_0_axi_periph/xbar/inst/gen_samd.crossbar_samd/gen_slave_slots[0].gen_si_read.si_transactor_ar/gen_multi_thread.active_target[17]_i_9_n_0
    SLICE_X4Y48          LUT6 (Prop_E6LUT_SLICEM_I3_O)
                                                      0.101     4.479 f  design_1_i/ps8_0_axi_periph/xbar/inst/gen_samd.crossbar_samd/gen_slave_slots[0].gen_si_read.si_transactor_ar/gen_multi_thread.active_target[17]_i_6/O
                         net (fo=1, routed)           0.182     4.661    design_1_i/ps8_0_axi_periph/xbar/inst/gen_samd.crossbar_samd/gen_slave_slots[0].gen_si_read.si_transactor_ar/gen_multi_thread.active_target[17]_i_6_n_0
    SLICE_X4Y46          LUT6 (Prop_F6LUT_SLICEM_I4_O)
                                                      0.098     4.759 f  design_1_i/ps8_0_axi_periph/xbar/inst/gen_samd.crossbar_samd/gen_slave_slots[0].gen_si_read.si_transactor_ar/gen_multi_thread.active_target[17]_i_5/O
                         net (fo=9, routed)           0.483     5.242    design_1_i/ps8_0_axi_periph/xbar/inst/gen_samd.crossbar_samd/gen_slave_slots[0].gen_si_read.si_transactor_ar/gen_multi_thread.aid_match_2
    SLICE_X2Y45          LUT5 (Prop_D5LUT_SLICEL_I0_O)
                                                      0.164     5.406 f  design_1_i/ps8_0_axi_periph/xbar/inst/gen_samd.crossbar_samd/gen_slave_slots[0].gen_si_read.si_transactor_ar/gen_multi_thread.active_target[57]_i_6/O
                         net (fo=24, routed)          0.378     5.784    design_1_i/ps8_0_axi_periph/xbar/inst/gen_samd.crossbar_samd/gen_slave_slots[0].gen_si_read.si_transactor_ar/gen_multi_thread.any_aid_match
    SLICE_X4Y47          LUT6 (Prop_G6LUT_SLICEM_I4_O)
                                                      0.179     5.963 r  design_1_i/ps8_0_axi_periph/xbar/inst/gen_samd.crossbar_samd/gen_slave_slots[0].gen_si_read.si_transactor_ar/gen_multi_thread.active_target[17]_i_1/O
                         net (fo=17, routed)          0.887     6.850    design_1_i/ps8_0_axi_periph/xbar/inst/gen_samd.crossbar_samd/gen_slave_slots[0].gen_si_read.si_transactor_ar/gen_multi_thread.cmd_push_2
    SLICE_X2Y50          FDRE                                         r  design_1_i/ps8_0_axi_periph/xbar/inst/gen_samd.crossbar_samd/gen_slave_slots[0].gen_si_read.si_transactor_ar/gen_multi_thread.active_id_reg[39]/CE
  -------------------------------------------------------------------    -------------------

                         (clock clk_pl_0 rise edge)
                                                     10.000    10.000 r  
    PS8_X0Y0             PS8                          0.000    10.000 r  design_1_i/zynq_ultra_ps_e_0/inst/PS8_i/PLCLK[0]
                         net (fo=1, routed)           0.140    10.140    design_1_i/zynq_ultra_ps_e_0/inst/pl_clk_unbuffered[0]
    BUFG_PS_X0Y67        BUFG_PS (Prop_BUFG_PS_I_O)
                                                      0.027    10.167 r  design_1_i/zynq_ultra_ps_e_0/inst/buffer_pl_clk_0.PL_CLK_0_BUFG/O
    X0Y1 (CLOCK_ROOT)    net (fo=2735, routed)        1.750    11.917    design_1_i/ps8_0_axi_periph/xbar/inst/gen_samd.crossbar_samd/gen_slave_slots[0].gen_si_read.si_transactor_ar/aclk
    SLICE_X2Y50          FDRE                                         r  design_1_i/ps8_0_axi_periph/xbar/inst/gen_samd.crossbar_samd/gen_slave_slots[0].gen_si_read.si_transactor_ar/gen_multi_thread.active_id_reg[39]/C
                         clock pessimism              0.178    12.095    
                         clock uncertainty           -0.176    11.919    
    SLICE_X2Y50          FDRE (Setup_FFF_SLICEL_C_CE)
                                                     -0.043    11.876    design_1_i/ps8_0_axi_periph/xbar/inst/gen_samd.crossbar_samd/gen_slave_slots[0].gen_si_read.si_transactor_ar/gen_multi_thread.active_id_reg[39]
  -------------------------------------------------------------------
                         required time                         11.876    
                         arrival time                          -6.850    
  -------------------------------------------------------------------
                         slack                                  5.026    

Slack (MET) :             5.026ns  (required time - arrival time)
  Source:                 design_1_i/ps8_0_axi_periph/m00_couplers/auto_ds/inst/gen_downsizer.gen_simple_downsizer.axi_downsizer_inst/USE_WRITE.write_data_inst/current_word_1_reg[0]/C
                            (rising edge-triggered cell FDRE clocked by clk_pl_0  {rise@0.000ns fall@5.000ns period=10.000ns})
  Destination:            design_1_i/zynq_ultra_ps_e_0/inst/PS8_i/MAXIGP0WREADY
                            (rising edge-triggered cell PS8 clocked by clk_pl_0  {rise@0.000ns fall@5.000ns period=10.000ns})
  Path Group:             clk_pl_0
  Path Type:              Setup (Max at Slow Process Corner)
  Requirement:            10.000ns  (clk_pl_0 rise@10.000ns - clk_pl_0 rise@0.000ns)
  Data Path Delay:        3.796ns  (logic 1.002ns (26.396%)  route 2.794ns (73.604%))
  Logic Levels:           8  (LUT2=2 LUT4=1 LUT6=5)
  Clock Path Skew:        -0.193ns (DCD - SCD + CPR)
    Destination Clock Delay (DCD):    1.870ns = ( 11.870 - 10.000 ) 
    Source Clock Delay      (SCD):    2.186ns
    Clock Pessimism Removal (CPR):    0.123ns
  Clock Uncertainty:      0.176ns  ((TSJ^2 + DJ^2)^1/2) / 2 + PE
    Total System Jitter     (TSJ):    0.071ns
    Discrete Jitter          (DJ):    0.344ns
    Phase Error              (PE):    0.000ns
  Clock Net Delay (Source):      1.979ns (routing 0.814ns, distribution 1.165ns)
  Clock Net Delay (Destination): 1.703ns (routing 0.736ns, distribution 0.967ns)

    Location             Delay type                Incr(ns)  Path(ns)    Netlist Resource(s)
  -------------------------------------------------------------------    -------------------
                         (clock clk_pl_0 rise edge)
                                                      0.000     0.000 r  
    PS8_X0Y0             PS8                          0.000     0.000 r  design_1_i/zynq_ultra_ps_e_0/inst/PS8_i/PLCLK[0]
                         net (fo=1, routed)           0.178     0.178    design_1_i/zynq_ultra_ps_e_0/inst/pl_clk_unbuffered[0]
    BUFG_PS_X0Y67        BUFG_PS (Prop_BUFG_PS_I_O)
                                                      0.029     0.207 r  design_1_i/zynq_ultra_ps_e_0/inst/buffer_pl_clk_0.PL_CLK_0_BUFG/O
    X0Y1 (CLOCK_ROOT)    net (fo=2735, routed)        1.979     2.186    design_1_i/ps8_0_axi_periph/m00_couplers/auto_ds/inst/gen_downsizer.gen_simple_downsizer.axi_downsizer_inst/USE_WRITE.write_data_inst/CLK
    SLICE_X7Y74          FDRE                                         r  design_1_i/ps8_0_axi_periph/m00_couplers/auto_ds/inst/gen_downsizer.gen_simple_downsizer.axi_downsizer_inst/USE_WRITE.write_data_inst/current_word_1_reg[0]/C
  -------------------------------------------------------------------    -------------------
    SLICE_X7Y74          FDRE (Prop_EFF_SLICEL_C_Q)
                                                      0.096     2.282 r  design_1_i/ps8_0_axi_periph/m00_couplers/auto_ds/inst/gen_downsizer.gen_simple_downsizer.axi_downsizer_inst/USE_WRITE.write_data_inst/current_word_1_reg[0]/Q
                         net (fo=2, routed)           0.182     2.464    design_1_i/ps8_0_axi_periph/m00_couplers/auto_ds/inst/gen_downsizer.gen_simple_downsizer.axi_downsizer_inst/USE_WRITE.write_addr_inst/cmd_queue/inst/current_word_1_reg[3][0]
    SLICE_X8Y74          LUT4 (Prop_C6LUT_SLICEL_I3_O)
                                                      0.148     2.612 f  design_1_i/ps8_0_axi_periph/m00_couplers/auto_ds/inst/gen_downsizer.gen_simple_downsizer.axi_downsizer_inst/USE_WRITE.write_addr_inst/cmd_queue/inst/current_word_1[1]_i_3/O
                         net (fo=4, routed)           0.177     2.789    design_1_i/ps8_0_axi_periph/m00_couplers/auto_ds/inst/gen_downsizer.gen_simple_downsizer.axi_downsizer_inst/USE_WRITE.write_addr_inst/cmd_queue/inst/current_word_1[1]_i_3_n_0
    SLICE_X8Y74          LUT6 (Prop_G6LUT_SLICEL_I5_O)
                                                      0.147     2.936 r  design_1_i/ps8_0_axi_periph/m00_couplers/auto_ds/inst/gen_downsizer.gen_simple_downsizer.axi_downsizer_inst/USE_WRITE.write_addr_inst/cmd_queue/inst/current_word_1[3]_i_2/O
                         net (fo=1, routed)           0.170     3.106    design_1_i/ps8_0_axi_periph/m00_couplers/auto_ds/inst/gen_downsizer.gen_simple_downsizer.axi_downsizer_inst/USE_WRITE.write_addr_inst/cmd_queue/inst/current_word_1[3]_i_2_n_0
    SLICE_X9Y74          LUT6 (Prop_C6LUT_SLICEM_I5_O)
                                                      0.062     3.168 f  design_1_i/ps8_0_axi_periph/m00_couplers/auto_ds/inst/gen_downsizer.gen_simple_downsizer.axi_downsizer_inst/USE_WRITE.write_addr_inst/cmd_queue/inst/current_word_1[3]_i_1__0/O
                         net (fo=2, routed)           0.192     3.360    design_1_i/ps8_0_axi_periph/m00_couplers/auto_ds/inst/gen_downsizer.gen_simple_downsizer.axi_downsizer_inst/USE_WRITE.write_addr_inst/cmd_queue/inst/D[3]
    SLICE_X9Y73          LUT6 (Prop_F6LUT_SLICEM_I0_O)
                                                      0.098     3.458 f  design_1_i/ps8_0_axi_periph/m00_couplers/auto_ds/inst/gen_downsizer.gen_simple_downsizer.axi_downsizer_inst/USE_WRITE.write_addr_inst/cmd_queue/inst/s_axi_wready_INST_0_i_1/O
                         net (fo=1, routed)           0.108     3.566    design_1_i/ps8_0_axi_periph/m00_couplers/auto_ds/inst/gen_downsizer.gen_simple_downsizer.axi_downsizer_inst/USE_WRITE.write_addr_inst/cmd_queue/inst/s_axi_wready_INST_0_i_1_n_0
    SLICE_X9Y74          LUT6 (Prop_G6LUT_SLICEM_I5_O)
                                                      0.148     3.714 r  design_1_i/ps8_0_axi_periph/m00_couplers/auto_ds/inst/gen_downsizer.gen_simple_downsizer.axi_downsizer_inst/USE_WRITE.write_addr_inst/cmd_queue/inst/s_axi_wready_INST_0/O
                         net (fo=2, routed)           0.752     4.466    design_1_i/ps8_0_axi_periph/xbar/inst/gen_samd.crossbar_samd/gen_master_slots[0].gen_mi_write.wdata_mux_w/gen_wmux.wmux_aw_fifo/m_axi_wready[0]
    SLICE_X2Y80          LUT2 (Prop_E6LUT_SLICEL_I1_O)
                                                      0.039     4.505 r  design_1_i/ps8_0_axi_periph/xbar/inst/gen_samd.crossbar_samd/gen_master_slots[0].gen_mi_write.wdata_mux_w/gen_wmux.wmux_aw_fifo/s_axi_wready[1]_INST_0_i_2/O
                         net (fo=2, routed)           0.184     4.689    design_1_i/ps8_0_axi_periph/xbar/inst/gen_samd.crossbar_samd/gen_master_slots[2].gen_mi_write.wdata_mux_w/gen_wmux.wmux_aw_fifo/s_axi_wready[1]
    SLICE_X2Y80          LUT6 (Prop_H6LUT_SLICEL_I4_O)
                                                      0.179     4.868 r  design_1_i/ps8_0_axi_periph/xbar/inst/gen_samd.crossbar_samd/gen_master_slots[2].gen_mi_write.wdata_mux_w/gen_wmux.wmux_aw_fifo/s_axi_wready[0]_INST_0_i_1/O
                         net (fo=2, routed)           0.417     5.285    design_1_i/ps8_0_axi_periph/xbar/inst/gen_samd.crossbar_samd/gen_slave_slots[0].gen_si_write.wdata_router_w/wrouter_aw_fifo/s_axi_wready_0_sn_1
    SLICE_X1Y71          LUT2 (Prop_A5LUT_SLICEM_I1_O)
                                                      0.085     5.370 r  design_1_i/ps8_0_axi_periph/xbar/inst/gen_samd.crossbar_samd/gen_slave_slots[0].gen_si_write.wdata_router_w/wrouter_aw_fifo/s_axi_wready[0]_INST_0/O
                         net (fo=1, routed)           0.612     5.982    design_1_i/zynq_ultra_ps_e_0/inst/maxigp0_wready
    PS8_X0Y0             PS8                                          r  design_1_i/zynq_ultra_ps_e_0/inst/PS8_i/MAXIGP0WREADY
  -------------------------------------------------------------------    -------------------

                         (clock clk_pl_0 rise edge)
                                                     10.000    10.000 r  
    PS8_X0Y0             PS8                          0.000    10.000 r  design_1_i/zynq_ultra_ps_e_0/inst/PS8_i/PLCLK[0]
                         net (fo=1, routed)           0.140    10.140    design_1_i/zynq_ultra_ps_e_0/inst/pl_clk_unbuffered[0]
    BUFG_PS_X0Y67        BUFG_PS (Prop_BUFG_PS_I_O)
                                                      0.027    10.167 r  design_1_i/zynq_ultra_ps_e_0/inst/buffer_pl_clk_0.PL_CLK_0_BUFG/O
    X0Y1 (CLOCK_ROOT)    net (fo=2735, routed)        1.703    11.870    design_1_i/zynq_ultra_ps_e_0/inst/maxihpm0_fpd_aclk
    PS8_X0Y0             PS8                                          r  design_1_i/zynq_ultra_ps_e_0/inst/PS8_i/MAXIGP0ACLK
                         clock pessimism              0.123    11.993    
                         clock uncertainty           -0.176    11.817    
    PS8_X0Y0             PS8 (Setup_PS8_MAXIGP0ACLK_MAXIGP0WREADY)
                                                     -0.809    11.008    design_1_i/zynq_ultra_ps_e_0/inst/PS8_i
  -------------------------------------------------------------------
                         required time                         11.008    
                         arrival time                          -5.982    
  -------------------------------------------------------------------
                         slack                                  5.026    





Min Delay Paths
--------------------------------------------------------------------------------------
Slack (MET) :             0.004ns  (arrival time - required time)
  Source:                 design_1_i/axi_gpio_0/U0/gpio_core_1/Dual.gpio_Data_Out_reg[7]/C
                            (rising edge-triggered cell FDRE clocked by clk_pl_0  {rise@0.000ns fall@5.000ns period=10.000ns})
  Destination:            design_1_i/axi_gpio_0/U0/gpio_core_1/Dual.ALLOUT0_ND_G1.READ_REG_GEN[7].reg1_reg[23]/D
                            (rising edge-triggered cell FDRE clocked by clk_pl_0  {rise@0.000ns fall@5.000ns period=10.000ns})
  Path Group:             clk_pl_0
  Path Type:              Hold (Min at Slow Process Corner)
  Requirement:            0.000ns  (clk_pl_0 rise@0.000ns - clk_pl_0 rise@0.000ns)
  Data Path Delay:        0.159ns  (logic 0.071ns (44.654%)  route 0.088ns (55.346%))
  Logic Levels:           0  
  Clock Path Skew:        0.100ns (DCD - SCD - CPR)
    Destination Clock Delay (DCD):    2.173ns
    Source Clock Delay      (SCD):    1.901ns
    Clock Pessimism Removal (CPR):    0.172ns
  Clock Net Delay (Source):      1.734ns (routing 0.736ns, distribution 0.998ns)
  Clock Net Delay (Destination): 1.966ns (routing 0.814ns, distribution 1.152ns)

    Location             Delay type                Incr(ns)  Path(ns)    Netlist Resource(s)
  -------------------------------------------------------------------    -------------------
                         (clock clk_pl_0 rise edge)
                                                      0.000     0.000 r  
    PS8_X0Y0             PS8                          0.000     0.000 r  design_1_i/zynq_ultra_ps_e_0/inst/PS8_i/PLCLK[0]
                         net (fo=1, routed)           0.140     0.140    design_1_i/zynq_ultra_ps_e_0/inst/pl_clk_unbuffered[0]
    BUFG_PS_X0Y67        BUFG_PS (Prop_BUFG_PS_I_O)
                                                      0.027     0.167 r  design_1_i/zynq_ultra_ps_e_0/inst/buffer_pl_clk_0.PL_CLK_0_BUFG/O
    X0Y1 (CLOCK_ROOT)    net (fo=2735, routed)        1.734     1.901    design_1_i/axi_gpio_0/U0/gpio_core_1/s_axi_aclk
    SLICE_X10Y61         FDRE                                         r  design_1_i/axi_gpio_0/U0/gpio_core_1/Dual.gpio_Data_Out_reg[7]/C
  -------------------------------------------------------------------    -------------------
    SLICE_X10Y61         FDRE (Prop_HFF2_SLICEL_C_Q)
                                                      0.071     1.972 r  design_1_i/axi_gpio_0/U0/gpio_core_1/Dual.gpio_Data_Out_reg[7]/Q
                         net (fo=2, routed)           0.088     2.060    design_1_i/axi_gpio_0/U0/gpio_core_1/gpio_io_o[8]
    SLICE_X11Y61         FDRE                                         r  design_1_i/axi_gpio_0/U0/gpio_core_1/Dual.ALLOUT0_ND_G1.READ_REG_GEN[7].reg1_reg[23]/D
  -------------------------------------------------------------------    -------------------

                         (clock clk_pl_0 rise edge)
                                                      0.000     0.000 r  
    PS8_X0Y0             PS8                          0.000     0.000 r  design_1_i/zynq_ultra_ps_e_0/inst/PS8_i/PLCLK[0]
                         net (fo=1, routed)           0.178     0.178    design_1_i/zynq_ultra_ps_e_0/inst/pl_clk_unbuffered[0]
    BUFG_PS_X0Y67        BUFG_PS (Prop_BUFG_PS_I_O)
                                                      0.029     0.207 r  design_1_i/zynq_ultra_ps_e_0/inst/buffer_pl_clk_0.PL_CLK_0_BUFG/O
    X0Y1 (CLOCK_ROOT)    net (fo=2735, routed)        1.966     2.173    design_1_i/axi_gpio_0/U0/gpio_core_1/s_axi_aclk
    SLICE_X11Y61         FDRE                                         r  design_1_i/axi_gpio_0/U0/gpio_core_1/Dual.ALLOUT0_ND_G1.READ_REG_GEN[7].reg1_reg[23]/C
                         clock pessimism             -0.172     2.001    
    SLICE_X11Y61         FDRE (Hold_AFF2_SLICEL_C_D)
                                                      0.055     2.056    design_1_i/axi_gpio_0/U0/gpio_core_1/Dual.ALLOUT0_ND_G1.READ_REG_GEN[7].reg1_reg[23]
  -------------------------------------------------------------------
                         required time                         -2.056    
                         arrival time                           2.060    
  -------------------------------------------------------------------
                         slack                                  0.004    

Slack (MET) :             0.005ns  (arrival time - required time)
  Source:                 design_1_i/ps8_0_axi_periph/m00_couplers/auto_ds/inst/gen_downsizer.gen_simple_downsizer.axi_downsizer_inst/USE_READ.read_addr_inst/cmd_queue/inst/fifo_gen_inst/inst_fifo_gen/gconvfifo.rf/grf.rf/gntv_or_sync_fifo.gl0.wr/wpntr/gcc0.gc0.count_d1_reg[4]/C
                            (rising edge-triggered cell FDCE clocked by clk_pl_0  {rise@0.000ns fall@5.000ns period=10.000ns})
  Destination:            design_1_i/ps8_0_axi_periph/m00_couplers/auto_ds/inst/gen_downsizer.gen_simple_downsizer.axi_downsizer_inst/USE_READ.read_addr_inst/cmd_queue/inst/fifo_gen_inst/inst_fifo_gen/gconvfifo.rf/grf.rf/gntv_or_sync_fifo.mem/gdm.dm_gen.dm/RAM_reg_0_31_14_27/RAMA/WADR4
                            (rising edge-triggered cell RAMD32 clocked by clk_pl_0  {rise@0.000ns fall@5.000ns period=10.000ns})
  Path Group:             clk_pl_0
  Path Type:              Hold (Min at Slow Process Corner)
  Requirement:            0.000ns  (clk_pl_0 rise@0.000ns - clk_pl_0 rise@0.000ns)
  Data Path Delay:        0.274ns  (logic 0.070ns (25.547%)  route 0.204ns (74.453%))
  Logic Levels:           0  
  Clock Path Skew:        0.173ns (DCD - SCD - CPR)
    Destination Clock Delay (DCD):    2.248ns
    Source Clock Delay      (SCD):    1.903ns
    Clock Pessimism Removal (CPR):    0.172ns
  Clock Net Delay (Source):      1.736ns (routing 0.736ns, distribution 1.000ns)
  Clock Net Delay (Destination): 2.041ns (routing 0.814ns, distribution 1.227ns)

    Location             Delay type                Incr(ns)  Path(ns)    Netlist Resource(s)
  -------------------------------------------------------------------    -------------------
                         (clock clk_pl_0 rise edge)
                                                      0.000     0.000 r  
    PS8_X0Y0             PS8                          0.000     0.000 r  design_1_i/zynq_ultra_ps_e_0/inst/PS8_i/PLCLK[0]
                         net (fo=1, routed)           0.140     0.140    design_1_i/zynq_ultra_ps_e_0/inst/pl_clk_unbuffered[0]
    BUFG_PS_X0Y67        BUFG_PS (Prop_BUFG_PS_I_O)
                                                      0.027     0.167 r  design_1_i/zynq_ultra_ps_e_0/inst/buffer_pl_clk_0.PL_CLK_0_BUFG/O
    X0Y1 (CLOCK_ROOT)    net (fo=2735, routed)        1.736     1.903    design_1_i/ps8_0_axi_periph/m00_couplers/auto_ds/inst/gen_downsizer.gen_simple_downsizer.axi_downsizer_inst/USE_READ.read_addr_inst/cmd_queue/inst/fifo_gen_inst/inst_fifo_gen/gconvfifo.rf/grf.rf/gntv_or_sync_fifo.gl0.wr/wpntr/clk
    SLICE_X7Y64          FDCE                                         r  design_1_i/ps8_0_axi_periph/m00_couplers/auto_ds/inst/gen_downsizer.gen_simple_downsizer.axi_downsizer_inst/USE_READ.read_addr_inst/cmd_queue/inst/fifo_gen_inst/inst_fifo_gen/gconvfifo.rf/grf.rf/gntv_or_sync_fifo.gl0.wr/wpntr/gcc0.gc0.count_d1_reg[4]/C
  -------------------------------------------------------------------    -------------------
    SLICE_X7Y64          FDCE (Prop_GFF_SLICEL_C_Q)
                                                      0.070     1.973 r  design_1_i/ps8_0_axi_periph/m00_couplers/auto_ds/inst/gen_downsizer.gen_simple_downsizer.axi_downsizer_inst/USE_READ.read_addr_inst/cmd_queue/inst/fifo_gen_inst/inst_fifo_gen/gconvfifo.rf/grf.rf/gntv_or_sync_fifo.gl0.wr/wpntr/gcc0.gc0.count_d1_reg[4]/Q
                         net (fo=50, routed)          0.204     2.177    design_1_i/ps8_0_axi_periph/m00_couplers/auto_ds/inst/gen_downsizer.gen_simple_downsizer.axi_downsizer_inst/USE_READ.read_addr_inst/cmd_queue/inst/fifo_gen_inst/inst_fifo_gen/gconvfifo.rf/grf.rf/gntv_or_sync_fifo.mem/gdm.dm_gen.dm/RAM_reg_0_31_14_27/ADDRH4
    SLICE_X5Y66          RAMD32                                       r  design_1_i/ps8_0_axi_periph/m00_couplers/auto_ds/inst/gen_downsizer.gen_simple_downsizer.axi_downsizer_inst/USE_READ.read_addr_inst/cmd_queue/inst/fifo_gen_inst/inst_fifo_gen/gconvfifo.rf/grf.rf/gntv_or_sync_fifo.mem/gdm.dm_gen.dm/RAM_reg_0_31_14_27/RAMA/WADR4
  -------------------------------------------------------------------    -------------------

                         (clock clk_pl_0 rise edge)
                                                      0.000     0.000 r  
    PS8_X0Y0             PS8                          0.000     0.000 r  design_1_i/zynq_ultra_ps_e_0/inst/PS8_i/PLCLK[0]
                         net (fo=1, routed)           0.178     0.178    design_1_i/zynq_ultra_ps_e_0/inst/pl_clk_unbuffered[0]
    BUFG_PS_X0Y67        BUFG_PS (Prop_BUFG_PS_I_O)
                                                      0.029     0.207 r  design_1_i/zynq_ultra_ps_e_0/inst/buffer_pl_clk_0.PL_CLK_0_BUFG/O
    X0Y1 (CLOCK_ROOT)    net (fo=2735, routed)        2.041     2.248    design_1_i/ps8_0_axi_periph/m00_couplers/auto_ds/inst/gen_downsizer.gen_simple_downsizer.axi_downsizer_inst/USE_READ.read_addr_inst/cmd_queue/inst/fifo_gen_inst/inst_fifo_gen/gconvfifo.rf/grf.rf/gntv_or_sync_fifo.mem/gdm.dm_gen.dm/RAM_reg_0_31_14_27/WCLK
    SLICE_X5Y66          RAMD32                                       r  design_1_i/ps8_0_axi_periph/m00_couplers/auto_ds/inst/gen_downsizer.gen_simple_downsizer.axi_downsizer_inst/USE_READ.read_addr_inst/cmd_queue/inst/fifo_gen_inst/inst_fifo_gen/gconvfifo.rf/grf.rf/gntv_or_sync_fifo.mem/gdm.dm_gen.dm/RAM_reg_0_31_14_27/RAMA/CLK
                         clock pessimism             -0.172     2.076    
    SLICE_X5Y66          RAMD32 (Hold_A5LUT_SLICEM_CLK_WADR4)
                                                      0.096     2.172    design_1_i/ps8_0_axi_periph/m00_couplers/auto_ds/inst/gen_downsizer.gen_simple_downsizer.axi_downsizer_inst/USE_READ.read_addr_inst/cmd_queue/inst/fifo_gen_inst/inst_fifo_gen/gconvfifo.rf/grf.rf/gntv_or_sync_fifo.mem/gdm.dm_gen.dm/RAM_reg_0_31_14_27/RAMA
  -------------------------------------------------------------------
                         required time                         -2.172    
                         arrival time                           2.177    
  -------------------------------------------------------------------
                         slack                                  0.005    

Slack (MET) :             0.005ns  (arrival time - required time)
  Source:                 design_1_i/ps8_0_axi_periph/m00_couplers/auto_ds/inst/gen_downsizer.gen_simple_downsizer.axi_downsizer_inst/USE_READ.read_addr_inst/cmd_queue/inst/fifo_gen_inst/inst_fifo_gen/gconvfifo.rf/grf.rf/gntv_or_sync_fifo.gl0.wr/wpntr/gcc0.gc0.count_d1_reg[4]/C
                            (rising edge-triggered cell FDCE clocked by clk_pl_0  {rise@0.000ns fall@5.000ns period=10.000ns})
  Destination:            design_1_i/ps8_0_axi_periph/m00_couplers/auto_ds/inst/gen_downsizer.gen_simple_downsizer.axi_downsizer_inst/USE_READ.read_addr_inst/cmd_queue/inst/fifo_gen_inst/inst_fifo_gen/gconvfifo.rf/grf.rf/gntv_or_sync_fifo.mem/gdm.dm_gen.dm/RAM_reg_0_31_14_27/RAMA_D1/WADR4
                            (rising edge-triggered cell RAMD32 clocked by clk_pl_0  {rise@0.000ns fall@5.000ns period=10.000ns})
  Path Group:             clk_pl_0
  Path Type:              Hold (Min at Slow Process Corner)
  Requirement:            0.000ns  (clk_pl_0 rise@0.000ns - clk_pl_0 rise@0.000ns)
  Data Path Delay:        0.274ns  (logic 0.070ns (25.547%)  route 0.204ns (74.453%))
  Logic Levels:           0  
  Clock Path Skew:        0.173ns (DCD - SCD - CPR)
    Destination Clock Delay (DCD):    2.248ns
    Source Clock Delay      (SCD):    1.903ns
    Clock Pessimism Removal (CPR):    0.172ns
  Clock Net Delay (Source):      1.736ns (routing 0.736ns, distribution 1.000ns)
  Clock Net Delay (Destination): 2.041ns (routing 0.814ns, distribution 1.227ns)

    Location             Delay type                Incr(ns)  Path(ns)    Netlist Resource(s)
  -------------------------------------------------------------------    -------------------
                         (clock clk_pl_0 rise edge)
                                                      0.000     0.000 r  
    PS8_X0Y0             PS8                          0.000     0.000 r  design_1_i/zynq_ultra_ps_e_0/inst/PS8_i/PLCLK[0]
                         net (fo=1, routed)           0.140     0.140    design_1_i/zynq_ultra_ps_e_0/inst/pl_clk_unbuffered[0]
    BUFG_PS_X0Y67        BUFG_PS (Prop_BUFG_PS_I_O)
                                                      0.027     0.167 r  design_1_i/zynq_ultra_ps_e_0/inst/buffer_pl_clk_0.PL_CLK_0_BUFG/O
    X0Y1 (CLOCK_ROOT)    net (fo=2735, routed)        1.736     1.903    design_1_i/ps8_0_axi_periph/m00_couplers/auto_ds/inst/gen_downsizer.gen_simple_downsizer.axi_downsizer_inst/USE_READ.read_addr_inst/cmd_queue/inst/fifo_gen_inst/inst_fifo_gen/gconvfifo.rf/grf.rf/gntv_or_sync_fifo.gl0.wr/wpntr/clk
    SLICE_X7Y64          FDCE                                         r  design_1_i/ps8_0_axi_periph/m00_couplers/auto_ds/inst/gen_downsizer.gen_simple_downsizer.axi_downsizer_inst/USE_READ.read_addr_inst/cmd_queue/inst/fifo_gen_inst/inst_fifo_gen/gconvfifo.rf/grf.rf/gntv_or_sync_fifo.gl0.wr/wpntr/gcc0.gc0.count_d1_reg[4]/C
  -------------------------------------------------------------------    -------------------
    SLICE_X7Y64          FDCE (Prop_GFF_SLICEL_C_Q)
                                                      0.070     1.973 r  design_1_i/ps8_0_axi_periph/m00_couplers/auto_ds/inst/gen_downsizer.gen_simple_downsizer.axi_downsizer_inst/USE_READ.read_addr_inst/cmd_queue/inst/fifo_gen_inst/inst_fifo_gen/gconvfifo.rf/grf.rf/gntv_or_sync_fifo.gl0.wr/wpntr/gcc0.gc0.count_d1_reg[4]/Q
                         net (fo=50, routed)          0.204     2.177    design_1_i/ps8_0_axi_periph/m00_couplers/auto_ds/inst/gen_downsizer.gen_simple_downsizer.axi_downsizer_inst/USE_READ.read_addr_inst/cmd_queue/inst/fifo_gen_inst/inst_fifo_gen/gconvfifo.rf/grf.rf/gntv_or_sync_fifo.mem/gdm.dm_gen.dm/RAM_reg_0_31_14_27/ADDRH4
    SLICE_X5Y66          RAMD32                                       r  design_1_i/ps8_0_axi_periph/m00_couplers/auto_ds/inst/gen_downsizer.gen_simple_downsizer.axi_downsizer_inst/USE_READ.read_addr_inst/cmd_queue/inst/fifo_gen_inst/inst_fifo_gen/gconvfifo.rf/grf.rf/gntv_or_sync_fifo.mem/gdm.dm_gen.dm/RAM_reg_0_31_14_27/RAMA_D1/WADR4
  -------------------------------------------------------------------    -------------------

                         (clock clk_pl_0 rise edge)
                                                      0.000     0.000 r  
    PS8_X0Y0             PS8                          0.000     0.000 r  design_1_i/zynq_ultra_ps_e_0/inst/PS8_i/PLCLK[0]
                         net (fo=1, routed)           0.178     0.178    design_1_i/zynq_ultra_ps_e_0/inst/pl_clk_unbuffered[0]
    BUFG_PS_X0Y67        BUFG_PS (Prop_BUFG_PS_I_O)
                                                      0.029     0.207 r  design_1_i/zynq_ultra_ps_e_0/inst/buffer_pl_clk_0.PL_CLK_0_BUFG/O
    X0Y1 (CLOCK_ROOT)    net (fo=2735, routed)        2.041     2.248    design_1_i/ps8_0_axi_periph/m00_couplers/auto_ds/inst/gen_downsizer.gen_simple_downsizer.axi_downsizer_inst/USE_READ.read_addr_inst/cmd_queue/inst/fifo_gen_inst/inst_fifo_gen/gconvfifo.rf/grf.rf/gntv_or_sync_fifo.mem/gdm.dm_gen.dm/RAM_reg_0_31_14_27/WCLK
    SLICE_X5Y66          RAMD32                                       r  design_1_i/ps8_0_axi_periph/m00_couplers/auto_ds/inst/gen_downsizer.gen_simple_downsizer.axi_downsizer_inst/USE_READ.read_addr_inst/cmd_queue/inst/fifo_gen_inst/inst_fifo_gen/gconvfifo.rf/grf.rf/gntv_or_sync_fifo.mem/gdm.dm_gen.dm/RAM_reg_0_31_14_27/RAMA_D1/CLK
                         clock pessimism             -0.172     2.076    
    SLICE_X5Y66          RAMD32 (Hold_A6LUT_SLICEM_CLK_WADR4)
                                                      0.096     2.172    design_1_i/ps8_0_axi_periph/m00_couplers/auto_ds/inst/gen_downsizer.gen_simple_downsizer.axi_downsizer_inst/USE_READ.read_addr_inst/cmd_queue/inst/fifo_gen_inst/inst_fifo_gen/gconvfifo.rf/grf.rf/gntv_or_sync_fifo.mem/gdm.dm_gen.dm/RAM_reg_0_31_14_27/RAMA_D1
  -------------------------------------------------------------------
                         required time                         -2.172    
                         arrival time                           2.177    
  -------------------------------------------------------------------
                         slack                                  0.005    

Slack (MET) :             0.005ns  (arrival time - required time)
  Source:                 design_1_i/ps8_0_axi_periph/m00_couplers/auto_ds/inst/gen_downsizer.gen_simple_downsizer.axi_downsizer_inst/USE_READ.read_addr_inst/cmd_queue/inst/fifo_gen_inst/inst_fifo_gen/gconvfifo.rf/grf.rf/gntv_or_sync_fifo.gl0.wr/wpntr/gcc0.gc0.count_d1_reg[4]/C
                            (rising edge-triggered cell FDCE clocked by clk_pl_0  {rise@0.000ns fall@5.000ns period=10.000ns})
  Destination:            design_1_i/ps8_0_axi_periph/m00_couplers/auto_ds/inst/gen_downsizer.gen_simple_downsizer.axi_downsizer_inst/USE_READ.read_addr_inst/cmd_queue/inst/fifo_gen_inst/inst_fifo_gen/gconvfifo.rf/grf.rf/gntv_or_sync_fifo.mem/gdm.dm_gen.dm/RAM_reg_0_31_14_27/RAMB/WADR4
                            (rising edge-triggered cell RAMD32 clocked by clk_pl_0  {rise@0.000ns fall@5.000ns period=10.000ns})
  Path Group:             clk_pl_0
  Path Type:              Hold (Min at Slow Process Corner)
  Requirement:            0.000ns  (clk_pl_0 rise@0.000ns - clk_pl_0 rise@0.000ns)
  Data Path Delay:        0.274ns  (logic 0.070ns (25.547%)  route 0.204ns (74.453%))
  Logic Levels:           0  
  Clock Path Skew:        0.173ns (DCD - SCD - CPR)
    Destination Clock Delay (DCD):    2.248ns
    Source Clock Delay      (SCD):    1.903ns
    Clock Pessimism Removal (CPR):    0.172ns
  Clock Net Delay (Source):      1.736ns (routing 0.736ns, distribution 1.000ns)
  Clock Net Delay (Destination): 2.041ns (routing 0.814ns, distribution 1.227ns)

    Location             Delay type                Incr(ns)  Path(ns)    Netlist Resource(s)
  -------------------------------------------------------------------    -------------------
                         (clock clk_pl_0 rise edge)
                                                      0.000     0.000 r  
    PS8_X0Y0             PS8                          0.000     0.000 r  design_1_i/zynq_ultra_ps_e_0/inst/PS8_i/PLCLK[0]
                         net (fo=1, routed)           0.140     0.140    design_1_i/zynq_ultra_ps_e_0/inst/pl_clk_unbuffered[0]
    BUFG_PS_X0Y67        BUFG_PS (Prop_BUFG_PS_I_O)
                                                      0.027     0.167 r  design_1_i/zynq_ultra_ps_e_0/inst/buffer_pl_clk_0.PL_CLK_0_BUFG/O
    X0Y1 (CLOCK_ROOT)    net (fo=2735, routed)        1.736     1.903    design_1_i/ps8_0_axi_periph/m00_couplers/auto_ds/inst/gen_downsizer.gen_simple_downsizer.axi_downsizer_inst/USE_READ.read_addr_inst/cmd_queue/inst/fifo_gen_inst/inst_fifo_gen/gconvfifo.rf/grf.rf/gntv_or_sync_fifo.gl0.wr/wpntr/clk
    SLICE_X7Y64          FDCE                                         r  design_1_i/ps8_0_axi_periph/m00_couplers/auto_ds/inst/gen_downsizer.gen_simple_downsizer.axi_downsizer_inst/USE_READ.read_addr_inst/cmd_queue/inst/fifo_gen_inst/inst_fifo_gen/gconvfifo.rf/grf.rf/gntv_or_sync_fifo.gl0.wr/wpntr/gcc0.gc0.count_d1_reg[4]/C
  -------------------------------------------------------------------    -------------------
    SLICE_X7Y64          FDCE (Prop_GFF_SLICEL_C_Q)
                                                      0.070     1.973 r  design_1_i/ps8_0_axi_periph/m00_couplers/auto_ds/inst/gen_downsizer.gen_simple_downsizer.axi_downsizer_inst/USE_READ.read_addr_inst/cmd_queue/inst/fifo_gen_inst/inst_fifo_gen/gconvfifo.rf/grf.rf/gntv_or_sync_fifo.gl0.wr/wpntr/gcc0.gc0.count_d1_reg[4]/Q
                         net (fo=50, routed)          0.204     2.177    design_1_i/ps8_0_axi_periph/m00_couplers/auto_ds/inst/gen_downsizer.gen_simple_downsizer.axi_downsizer_inst/USE_READ.read_addr_inst/cmd_queue/inst/fifo_gen_inst/inst_fifo_gen/gconvfifo.rf/grf.rf/gntv_or_sync_fifo.mem/gdm.dm_gen.dm/RAM_reg_0_31_14_27/ADDRH4
    SLICE_X5Y66          RAMD32                                       r  design_1_i/ps8_0_axi_periph/m00_couplers/auto_ds/inst/gen_downsizer.gen_simple_downsizer.axi_downsizer_inst/USE_READ.read_addr_inst/cmd_queue/inst/fifo_gen_inst/inst_fifo_gen/gconvfifo.rf/grf.rf/gntv_or_sync_fifo.mem/gdm.dm_gen.dm/RAM_reg_0_31_14_27/RAMB/WADR4
  -------------------------------------------------------------------    -------------------

                         (clock clk_pl_0 rise edge)
                                                      0.000     0.000 r  
    PS8_X0Y0             PS8                          0.000     0.000 r  design_1_i/zynq_ultra_ps_e_0/inst/PS8_i/PLCLK[0]
                         net (fo=1, routed)           0.178     0.178    design_1_i/zynq_ultra_ps_e_0/inst/pl_clk_unbuffered[0]
    BUFG_PS_X0Y67        BUFG_PS (Prop_BUFG_PS_I_O)
                                                      0.029     0.207 r  design_1_i/zynq_ultra_ps_e_0/inst/buffer_pl_clk_0.PL_CLK_0_BUFG/O
    X0Y1 (CLOCK_ROOT)    net (fo=2735, routed)        2.041     2.248    design_1_i/ps8_0_axi_periph/m00_couplers/auto_ds/inst/gen_downsizer.gen_simple_downsizer.axi_downsizer_inst/USE_READ.read_addr_inst/cmd_queue/inst/fifo_gen_inst/inst_fifo_gen/gconvfifo.rf/grf.rf/gntv_or_sync_fifo.mem/gdm.dm_gen.dm/RAM_reg_0_31_14_27/WCLK
    SLICE_X5Y66          RAMD32                                       r  design_1_i/ps8_0_axi_periph/m00_couplers/auto_ds/inst/gen_downsizer.gen_simple_downsizer.axi_downsizer_inst/USE_READ.read_addr_inst/cmd_queue/inst/fifo_gen_inst/inst_fifo_gen/gconvfifo.rf/grf.rf/gntv_or_sync_fifo.mem/gdm.dm_gen.dm/RAM_reg_0_31_14_27/RAMB/CLK
                         clock pessimism             -0.172     2.076    
    SLICE_X5Y66          RAMD32 (Hold_B5LUT_SLICEM_CLK_WADR4)
                                                      0.096     2.172    design_1_i/ps8_0_axi_periph/m00_couplers/auto_ds/inst/gen_downsizer.gen_simple_downsizer.axi_downsizer_inst/USE_READ.read_addr_inst/cmd_queue/inst/fifo_gen_inst/inst_fifo_gen/gconvfifo.rf/grf.rf/gntv_or_sync_fifo.mem/gdm.dm_gen.dm/RAM_reg_0_31_14_27/RAMB
  -------------------------------------------------------------------
                         required time                         -2.172    
                         arrival time                           2.177    
  -------------------------------------------------------------------
                         slack                                  0.005    

Slack (MET) :             0.005ns  (arrival time - required time)
  Source:                 design_1_i/ps8_0_axi_periph/m00_couplers/auto_ds/inst/gen_downsizer.gen_simple_downsizer.axi_downsizer_inst/USE_READ.read_addr_inst/cmd_queue/inst/fifo_gen_inst/inst_fifo_gen/gconvfifo.rf/grf.rf/gntv_or_sync_fifo.gl0.wr/wpntr/gcc0.gc0.count_d1_reg[4]/C
                            (rising edge-triggered cell FDCE clocked by clk_pl_0  {rise@0.000ns fall@5.000ns period=10.000ns})
  Destination:            design_1_i/ps8_0_axi_periph/m00_couplers/auto_ds/inst/gen_downsizer.gen_simple_downsizer.axi_downsizer_inst/USE_READ.read_addr_inst/cmd_queue/inst/fifo_gen_inst/inst_fifo_gen/gconvfifo.rf/grf.rf/gntv_or_sync_fifo.mem/gdm.dm_gen.dm/RAM_reg_0_31_14_27/RAMB_D1/WADR4
                            (rising edge-triggered cell RAMD32 clocked by clk_pl_0  {rise@0.000ns fall@5.000ns period=10.000ns})
  Path Group:             clk_pl_0
  Path Type:              Hold (Min at Slow Process Corner)
  Requirement:            0.000ns  (clk_pl_0 rise@0.000ns - clk_pl_0 rise@0.000ns)
  Data Path Delay:        0.274ns  (logic 0.070ns (25.547%)  route 0.204ns (74.453%))
  Logic Levels:           0  
  Clock Path Skew:        0.173ns (DCD - SCD - CPR)
    Destination Clock Delay (DCD):    2.248ns
    Source Clock Delay      (SCD):    1.903ns
    Clock Pessimism Removal (CPR):    0.172ns
  Clock Net Delay (Source):      1.736ns (routing 0.736ns, distribution 1.000ns)
  Clock Net Delay (Destination): 2.041ns (routing 0.814ns, distribution 1.227ns)

    Location             Delay type                Incr(ns)  Path(ns)    Netlist Resource(s)
  -------------------------------------------------------------------    -------------------
                         (clock clk_pl_0 rise edge)
                                                      0.000     0.000 r  
    PS8_X0Y0             PS8                          0.000     0.000 r  design_1_i/zynq_ultra_ps_e_0/inst/PS8_i/PLCLK[0]
                         net (fo=1, routed)           0.140     0.140    design_1_i/zynq_ultra_ps_e_0/inst/pl_clk_unbuffered[0]
    BUFG_PS_X0Y67        BUFG_PS (Prop_BUFG_PS_I_O)
                                                      0.027     0.167 r  design_1_i/zynq_ultra_ps_e_0/inst/buffer_pl_clk_0.PL_CLK_0_BUFG/O
    X0Y1 (CLOCK_ROOT)    net (fo=2735, routed)        1.736     1.903    design_1_i/ps8_0_axi_periph/m00_couplers/auto_ds/inst/gen_downsizer.gen_simple_downsizer.axi_downsizer_inst/USE_READ.read_addr_inst/cmd_queue/inst/fifo_gen_inst/inst_fifo_gen/gconvfifo.rf/grf.rf/gntv_or_sync_fifo.gl0.wr/wpntr/clk
    SLICE_X7Y64          FDCE                                         r  design_1_i/ps8_0_axi_periph/m00_couplers/auto_ds/inst/gen_downsizer.gen_simple_downsizer.axi_downsizer_inst/USE_READ.read_addr_inst/cmd_queue/inst/fifo_gen_inst/inst_fifo_gen/gconvfifo.rf/grf.rf/gntv_or_sync_fifo.gl0.wr/wpntr/gcc0.gc0.count_d1_reg[4]/C
  -------------------------------------------------------------------    -------------------
    SLICE_X7Y64          FDCE (Prop_GFF_SLICEL_C_Q)
                                                      0.070     1.973 r  design_1_i/ps8_0_axi_periph/m00_couplers/auto_ds/inst/gen_downsizer.gen_simple_downsizer.axi_downsizer_inst/USE_READ.read_addr_inst/cmd_queue/inst/fifo_gen_inst/inst_fifo_gen/gconvfifo.rf/grf.rf/gntv_or_sync_fifo.gl0.wr/wpntr/gcc0.gc0.count_d1_reg[4]/Q
                         net (fo=50, routed)          0.204     2.177    design_1_i/ps8_0_axi_periph/m00_couplers/auto_ds/inst/gen_downsizer.gen_simple_downsizer.axi_downsizer_inst/USE_READ.read_addr_inst/cmd_queue/inst/fifo_gen_inst/inst_fifo_gen/gconvfifo.rf/grf.rf/gntv_or_sync_fifo.mem/gdm.dm_gen.dm/RAM_reg_0_31_14_27/ADDRH4
    SLICE_X5Y66          RAMD32                                       r  design_1_i/ps8_0_axi_periph/m00_couplers/auto_ds/inst/gen_downsizer.gen_simple_downsizer.axi_downsizer_inst/USE_READ.read_addr_inst/cmd_queue/inst/fifo_gen_inst/inst_fifo_gen/gconvfifo.rf/grf.rf/gntv_or_sync_fifo.mem/gdm.dm_gen.dm/RAM_reg_0_31_14_27/RAMB_D1/WADR4
  -------------------------------------------------------------------    -------------------

                         (clock clk_pl_0 rise edge)
                                                      0.000     0.000 r  
    PS8_X0Y0             PS8                          0.000     0.000 r  design_1_i/zynq_ultra_ps_e_0/inst/PS8_i/PLCLK[0]
                         net (fo=1, routed)           0.178     0.178    design_1_i/zynq_ultra_ps_e_0/inst/pl_clk_unbuffered[0]
    BUFG_PS_X0Y67        BUFG_PS (Prop_BUFG_PS_I_O)
                                                      0.029     0.207 r  design_1_i/zynq_ultra_ps_e_0/inst/buffer_pl_clk_0.PL_CLK_0_BUFG/O
    X0Y1 (CLOCK_ROOT)    net (fo=2735, routed)        2.041     2.248    design_1_i/ps8_0_axi_periph/m00_couplers/auto_ds/inst/gen_downsizer.gen_simple_downsizer.axi_downsizer_inst/USE_READ.read_addr_inst/cmd_queue/inst/fifo_gen_inst/inst_fifo_gen/gconvfifo.rf/grf.rf/gntv_or_sync_fifo.mem/gdm.dm_gen.dm/RAM_reg_0_31_14_27/WCLK
    SLICE_X5Y66          RAMD32                                       r  design_1_i/ps8_0_axi_periph/m00_couplers/auto_ds/inst/gen_downsizer.gen_simple_downsizer.axi_downsizer_inst/USE_READ.read_addr_inst/cmd_queue/inst/fifo_gen_inst/inst_fifo_gen/gconvfifo.rf/grf.rf/gntv_or_sync_fifo.mem/gdm.dm_gen.dm/RAM_reg_0_31_14_27/RAMB_D1/CLK
                         clock pessimism             -0.172     2.076    
    SLICE_X5Y66          RAMD32 (Hold_B6LUT_SLICEM_CLK_WADR4)
                                                      0.096     2.172    design_1_i/ps8_0_axi_periph/m00_couplers/auto_ds/inst/gen_downsizer.gen_simple_downsizer.axi_downsizer_inst/USE_READ.read_addr_inst/cmd_queue/inst/fifo_gen_inst/inst_fifo_gen/gconvfifo.rf/grf.rf/gntv_or_sync_fifo.mem/gdm.dm_gen.dm/RAM_reg_0_31_14_27/RAMB_D1
  -------------------------------------------------------------------
                         required time                         -2.172    
                         arrival time                           2.177    
  -------------------------------------------------------------------
                         slack                                  0.005    

Slack (MET) :             0.005ns  (arrival time - required time)
  Source:                 design_1_i/ps8_0_axi_periph/m00_couplers/auto_ds/inst/gen_downsizer.gen_simple_downsizer.axi_downsizer_inst/USE_READ.read_addr_inst/cmd_queue/inst/fifo_gen_inst/inst_fifo_gen/gconvfifo.rf/grf.rf/gntv_or_sync_fifo.gl0.wr/wpntr/gcc0.gc0.count_d1_reg[4]/C
                            (rising edge-triggered cell FDCE clocked by clk_pl_0  {rise@0.000ns fall@5.000ns period=10.000ns})
  Destination:            design_1_i/ps8_0_axi_periph/m00_couplers/auto_ds/inst/gen_downsizer.gen_simple_downsizer.axi_downsizer_inst/USE_READ.read_addr_inst/cmd_queue/inst/fifo_gen_inst/inst_fifo_gen/gconvfifo.rf/grf.rf/gntv_or_sync_fifo.mem/gdm.dm_gen.dm/RAM_reg_0_31_14_27/RAMC/WADR4
                            (rising edge-triggered cell RAMD32 clocked by clk_pl_0  {rise@0.000ns fall@5.000ns period=10.000ns})
  Path Group:             clk_pl_0
  Path Type:              Hold (Min at Slow Process Corner)
  Requirement:            0.000ns  (clk_pl_0 rise@0.000ns - clk_pl_0 rise@0.000ns)
  Data Path Delay:        0.274ns  (logic 0.070ns (25.547%)  route 0.204ns (74.453%))
  Logic Levels:           0  
  Clock Path Skew:        0.173ns (DCD - SCD - CPR)
    Destination Clock Delay (DCD):    2.248ns
    Source Clock Delay      (SCD):    1.903ns
    Clock Pessimism Removal (CPR):    0.172ns
  Clock Net Delay (Source):      1.736ns (routing 0.736ns, distribution 1.000ns)
  Clock Net Delay (Destination): 2.041ns (routing 0.814ns, distribution 1.227ns)

    Location             Delay type                Incr(ns)  Path(ns)    Netlist Resource(s)
  -------------------------------------------------------------------    -------------------
                         (clock clk_pl_0 rise edge)
                                                      0.000     0.000 r  
    PS8_X0Y0             PS8                          0.000     0.000 r  design_1_i/zynq_ultra_ps_e_0/inst/PS8_i/PLCLK[0]
                         net (fo=1, routed)           0.140     0.140    design_1_i/zynq_ultra_ps_e_0/inst/pl_clk_unbuffered[0]
    BUFG_PS_X0Y67        BUFG_PS (Prop_BUFG_PS_I_O)
                                                      0.027     0.167 r  design_1_i/zynq_ultra_ps_e_0/inst/buffer_pl_clk_0.PL_CLK_0_BUFG/O
    X0Y1 (CLOCK_ROOT)    net (fo=2735, routed)        1.736     1.903    design_1_i/ps8_0_axi_periph/m00_couplers/auto_ds/inst/gen_downsizer.gen_simple_downsizer.axi_downsizer_inst/USE_READ.read_addr_inst/cmd_queue/inst/fifo_gen_inst/inst_fifo_gen/gconvfifo.rf/grf.rf/gntv_or_sync_fifo.gl0.wr/wpntr/clk
    SLICE_X7Y64          FDCE                                         r  design_1_i/ps8_0_axi_periph/m00_couplers/auto_ds/inst/gen_downsizer.gen_simple_downsizer.axi_downsizer_inst/USE_READ.read_addr_inst/cmd_queue/inst/fifo_gen_inst/inst_fifo_gen/gconvfifo.rf/grf.rf/gntv_or_sync_fifo.gl0.wr/wpntr/gcc0.gc0.count_d1_reg[4]/C
  -------------------------------------------------------------------    -------------------
    SLICE_X7Y64          FDCE (Prop_GFF_SLICEL_C_Q)
                                                      0.070     1.973 r  design_1_i/ps8_0_axi_periph/m00_couplers/auto_ds/inst/gen_downsizer.gen_simple_downsizer.axi_downsizer_inst/USE_READ.read_addr_inst/cmd_queue/inst/fifo_gen_inst/inst_fifo_gen/gconvfifo.rf/grf.rf/gntv_or_sync_fifo.gl0.wr/wpntr/gcc0.gc0.count_d1_reg[4]/Q
                         net (fo=50, routed)          0.204     2.177    design_1_i/ps8_0_axi_periph/m00_couplers/auto_ds/inst/gen_downsizer.gen_simple_downsizer.axi_downsizer_inst/USE_READ.read_addr_inst/cmd_queue/inst/fifo_gen_inst/inst_fifo_gen/gconvfifo.rf/grf.rf/gntv_or_sync_fifo.mem/gdm.dm_gen.dm/RAM_reg_0_31_14_27/ADDRH4
    SLICE_X5Y66          RAMD32                                       r  design_1_i/ps8_0_axi_periph/m00_couplers/auto_ds/inst/gen_downsizer.gen_simple_downsizer.axi_downsizer_inst/USE_READ.read_addr_inst/cmd_queue/inst/fifo_gen_inst/inst_fifo_gen/gconvfifo.rf/grf.rf/gntv_or_sync_fifo.mem/gdm.dm_gen.dm/RAM_reg_0_31_14_27/RAMC/WADR4
  -------------------------------------------------------------------    -------------------

                         (clock clk_pl_0 rise edge)
                                                      0.000     0.000 r  
    PS8_X0Y0             PS8                          0.000     0.000 r  design_1_i/zynq_ultra_ps_e_0/inst/PS8_i/PLCLK[0]
                         net (fo=1, routed)           0.178     0.178    design_1_i/zynq_ultra_ps_e_0/inst/pl_clk_unbuffered[0]
    BUFG_PS_X0Y67        BUFG_PS (Prop_BUFG_PS_I_O)
                                                      0.029     0.207 r  design_1_i/zynq_ultra_ps_e_0/inst/buffer_pl_clk_0.PL_CLK_0_BUFG/O
    X0Y1 (CLOCK_ROOT)    net (fo=2735, routed)        2.041     2.248    design_1_i/ps8_0_axi_periph/m00_couplers/auto_ds/inst/gen_downsizer.gen_simple_downsizer.axi_downsizer_inst/USE_READ.read_addr_inst/cmd_queue/inst/fifo_gen_inst/inst_fifo_gen/gconvfifo.rf/grf.rf/gntv_or_sync_fifo.mem/gdm.dm_gen.dm/RAM_reg_0_31_14_27/WCLK
    SLICE_X5Y66          RAMD32                                       r  design_1_i/ps8_0_axi_periph/m00_couplers/auto_ds/inst/gen_downsizer.gen_simple_downsizer.axi_downsizer_inst/USE_READ.read_addr_inst/cmd_queue/inst/fifo_gen_inst/inst_fifo_gen/gconvfifo.rf/grf.rf/gntv_or_sync_fifo.mem/gdm.dm_gen.dm/RAM_reg_0_31_14_27/RAMC/CLK
                         clock pessimism             -0.172     2.076    
    SLICE_X5Y66          RAMD32 (Hold_C5LUT_SLICEM_CLK_WADR4)
                                                      0.096     2.172    design_1_i/ps8_0_axi_periph/m00_couplers/auto_ds/inst/gen_downsizer.gen_simple_downsizer.axi_downsizer_inst/USE_READ.read_addr_inst/cmd_queue/inst/fifo_gen_inst/inst_fifo_gen/gconvfifo.rf/grf.rf/gntv_or_sync_fifo.mem/gdm.dm_gen.dm/RAM_reg_0_31_14_27/RAMC
  -------------------------------------------------------------------
                         required time                         -2.172    
                         arrival time                           2.177    
  -------------------------------------------------------------------
                         slack                                  0.005    

Slack (MET) :             0.005ns  (arrival time - required time)
  Source:                 design_1_i/ps8_0_axi_periph/m00_couplers/auto_ds/inst/gen_downsizer.gen_simple_downsizer.axi_downsizer_inst/USE_READ.read_addr_inst/cmd_queue/inst/fifo_gen_inst/inst_fifo_gen/gconvfifo.rf/grf.rf/gntv_or_sync_fifo.gl0.wr/wpntr/gcc0.gc0.count_d1_reg[4]/C
                            (rising edge-triggered cell FDCE clocked by clk_pl_0  {rise@0.000ns fall@5.000ns period=10.000ns})
  Destination:            design_1_i/ps8_0_axi_periph/m00_couplers/auto_ds/inst/gen_downsizer.gen_simple_downsizer.axi_downsizer_inst/USE_READ.read_addr_inst/cmd_queue/inst/fifo_gen_inst/inst_fifo_gen/gconvfifo.rf/grf.rf/gntv_or_sync_fifo.mem/gdm.dm_gen.dm/RAM_reg_0_31_14_27/RAMC_D1/WADR4
                            (rising edge-triggered cell RAMD32 clocked by clk_pl_0  {rise@0.000ns fall@5.000ns period=10.000ns})
  Path Group:             clk_pl_0
  Path Type:              Hold (Min at Slow Process Corner)
  Requirement:            0.000ns  (clk_pl_0 rise@0.000ns - clk_pl_0 rise@0.000ns)
  Data Path Delay:        0.274ns  (logic 0.070ns (25.547%)  route 0.204ns (74.453%))
  Logic Levels:           0  
  Clock Path Skew:        0.173ns (DCD - SCD - CPR)
    Destination Clock Delay (DCD):    2.248ns
    Source Clock Delay      (SCD):    1.903ns
    Clock Pessimism Removal (CPR):    0.172ns
  Clock Net Delay (Source):      1.736ns (routing 0.736ns, distribution 1.000ns)
  Clock Net Delay (Destination): 2.041ns (routing 0.814ns, distribution 1.227ns)

    Location             Delay type                Incr(ns)  Path(ns)    Netlist Resource(s)
  -------------------------------------------------------------------    -------------------
                         (clock clk_pl_0 rise edge)
                                                      0.000     0.000 r  
    PS8_X0Y0             PS8                          0.000     0.000 r  design_1_i/zynq_ultra_ps_e_0/inst/PS8_i/PLCLK[0]
                         net (fo=1, routed)           0.140     0.140    design_1_i/zynq_ultra_ps_e_0/inst/pl_clk_unbuffered[0]
    BUFG_PS_X0Y67        BUFG_PS (Prop_BUFG_PS_I_O)
                                                      0.027     0.167 r  design_1_i/zynq_ultra_ps_e_0/inst/buffer_pl_clk_0.PL_CLK_0_BUFG/O
    X0Y1 (CLOCK_ROOT)    net (fo=2735, routed)        1.736     1.903    design_1_i/ps8_0_axi_periph/m00_couplers/auto_ds/inst/gen_downsizer.gen_simple_downsizer.axi_downsizer_inst/USE_READ.read_addr_inst/cmd_queue/inst/fifo_gen_inst/inst_fifo_gen/gconvfifo.rf/grf.rf/gntv_or_sync_fifo.gl0.wr/wpntr/clk
    SLICE_X7Y64          FDCE                                         r  design_1_i/ps8_0_axi_periph/m00_couplers/auto_ds/inst/gen_downsizer.gen_simple_downsizer.axi_downsizer_inst/USE_READ.read_addr_inst/cmd_queue/inst/fifo_gen_inst/inst_fifo_gen/gconvfifo.rf/grf.rf/gntv_or_sync_fifo.gl0.wr/wpntr/gcc0.gc0.count_d1_reg[4]/C
  -------------------------------------------------------------------    -------------------
    SLICE_X7Y64          FDCE (Prop_GFF_SLICEL_C_Q)
                                                      0.070     1.973 r  design_1_i/ps8_0_axi_periph/m00_couplers/auto_ds/inst/gen_downsizer.gen_simple_downsizer.axi_downsizer_inst/USE_READ.read_addr_inst/cmd_queue/inst/fifo_gen_inst/inst_fifo_gen/gconvfifo.rf/grf.rf/gntv_or_sync_fifo.gl0.wr/wpntr/gcc0.gc0.count_d1_reg[4]/Q
                         net (fo=50, routed)          0.204     2.177    design_1_i/ps8_0_axi_periph/m00_couplers/auto_ds/inst/gen_downsizer.gen_simple_downsizer.axi_downsizer_inst/USE_READ.read_addr_inst/cmd_queue/inst/fifo_gen_inst/inst_fifo_gen/gconvfifo.rf/grf.rf/gntv_or_sync_fifo.mem/gdm.dm_gen.dm/RAM_reg_0_31_14_27/ADDRH4
    SLICE_X5Y66          RAMD32                                       r  design_1_i/ps8_0_axi_periph/m00_couplers/auto_ds/inst/gen_downsizer.gen_simple_downsizer.axi_downsizer_inst/USE_READ.read_addr_inst/cmd_queue/inst/fifo_gen_inst/inst_fifo_gen/gconvfifo.rf/grf.rf/gntv_or_sync_fifo.mem/gdm.dm_gen.dm/RAM_reg_0_31_14_27/RAMC_D1/WADR4
  -------------------------------------------------------------------    -------------------

                         (clock clk_pl_0 rise edge)
                                                      0.000     0.000 r  
    PS8_X0Y0             PS8                          0.000     0.000 r  design_1_i/zynq_ultra_ps_e_0/inst/PS8_i/PLCLK[0]
                         net (fo=1, routed)           0.178     0.178    design_1_i/zynq_ultra_ps_e_0/inst/pl_clk_unbuffered[0]
    BUFG_PS_X0Y67        BUFG_PS (Prop_BUFG_PS_I_O)
                                                      0.029     0.207 r  design_1_i/zynq_ultra_ps_e_0/inst/buffer_pl_clk_0.PL_CLK_0_BUFG/O
    X0Y1 (CLOCK_ROOT)    net (fo=2735, routed)        2.041     2.248    design_1_i/ps8_0_axi_periph/m00_couplers/auto_ds/inst/gen_downsizer.gen_simple_downsizer.axi_downsizer_inst/USE_READ.read_addr_inst/cmd_queue/inst/fifo_gen_inst/inst_fifo_gen/gconvfifo.rf/grf.rf/gntv_or_sync_fifo.mem/gdm.dm_gen.dm/RAM_reg_0_31_14_27/WCLK
    SLICE_X5Y66          RAMD32                                       r  design_1_i/ps8_0_axi_periph/m00_couplers/auto_ds/inst/gen_downsizer.gen_simple_downsizer.axi_downsizer_inst/USE_READ.read_addr_inst/cmd_queue/inst/fifo_gen_inst/inst_fifo_gen/gconvfifo.rf/grf.rf/gntv_or_sync_fifo.mem/gdm.dm_gen.dm/RAM_reg_0_31_14_27/RAMC_D1/CLK
                         clock pessimism             -0.172     2.076    
    SLICE_X5Y66          RAMD32 (Hold_C6LUT_SLICEM_CLK_WADR4)
                                                      0.096     2.172    design_1_i/ps8_0_axi_periph/m00_couplers/auto_ds/inst/gen_downsizer.gen_simple_downsizer.axi_downsizer_inst/USE_READ.read_addr_inst/cmd_queue/inst/fifo_gen_inst/inst_fifo_gen/gconvfifo.rf/grf.rf/gntv_or_sync_fifo.mem/gdm.dm_gen.dm/RAM_reg_0_31_14_27/RAMC_D1
  -------------------------------------------------------------------
                         required time                         -2.172    
                         arrival time                           2.177    
  -------------------------------------------------------------------
                         slack                                  0.005    

Slack (MET) :             0.005ns  (arrival time - required time)
  Source:                 design_1_i/ps8_0_axi_periph/m00_couplers/auto_ds/inst/gen_downsizer.gen_simple_downsizer.axi_downsizer_inst/USE_READ.read_addr_inst/cmd_queue/inst/fifo_gen_inst/inst_fifo_gen/gconvfifo.rf/grf.rf/gntv_or_sync_fifo.gl0.wr/wpntr/gcc0.gc0.count_d1_reg[4]/C
                            (rising edge-triggered cell FDCE clocked by clk_pl_0  {rise@0.000ns fall@5.000ns period=10.000ns})
  Destination:            design_1_i/ps8_0_axi_periph/m00_couplers/auto_ds/inst/gen_downsizer.gen_simple_downsizer.axi_downsizer_inst/USE_READ.read_addr_inst/cmd_queue/inst/fifo_gen_inst/inst_fifo_gen/gconvfifo.rf/grf.rf/gntv_or_sync_fifo.mem/gdm.dm_gen.dm/RAM_reg_0_31_14_27/RAMD/WADR4
                            (rising edge-triggered cell RAMD32 clocked by clk_pl_0  {rise@0.000ns fall@5.000ns period=10.000ns})
  Path Group:             clk_pl_0
  Path Type:              Hold (Min at Slow Process Corner)
  Requirement:            0.000ns  (clk_pl_0 rise@0.000ns - clk_pl_0 rise@0.000ns)
  Data Path Delay:        0.274ns  (logic 0.070ns (25.547%)  route 0.204ns (74.453%))
  Logic Levels:           0  
  Clock Path Skew:        0.173ns (DCD - SCD - CPR)
    Destination Clock Delay (DCD):    2.248ns
    Source Clock Delay      (SCD):    1.903ns
    Clock Pessimism Removal (CPR):    0.172ns
  Clock Net Delay (Source):      1.736ns (routing 0.736ns, distribution 1.000ns)
  Clock Net Delay (Destination): 2.041ns (routing 0.814ns, distribution 1.227ns)

    Location             Delay type                Incr(ns)  Path(ns)    Netlist Resource(s)
  -------------------------------------------------------------------    -------------------
                         (clock clk_pl_0 rise edge)
                                                      0.000     0.000 r  
    PS8_X0Y0             PS8                          0.000     0.000 r  design_1_i/zynq_ultra_ps_e_0/inst/PS8_i/PLCLK[0]
                         net (fo=1, routed)           0.140     0.140    design_1_i/zynq_ultra_ps_e_0/inst/pl_clk_unbuffered[0]
    BUFG_PS_X0Y67        BUFG_PS (Prop_BUFG_PS_I_O)
                                                      0.027     0.167 r  design_1_i/zynq_ultra_ps_e_0/inst/buffer_pl_clk_0.PL_CLK_0_BUFG/O
    X0Y1 (CLOCK_ROOT)    net (fo=2735, routed)        1.736     1.903    design_1_i/ps8_0_axi_periph/m00_couplers/auto_ds/inst/gen_downsizer.gen_simple_downsizer.axi_downsizer_inst/USE_READ.read_addr_inst/cmd_queue/inst/fifo_gen_inst/inst_fifo_gen/gconvfifo.rf/grf.rf/gntv_or_sync_fifo.gl0.wr/wpntr/clk
    SLICE_X7Y64          FDCE                                         r  design_1_i/ps8_0_axi_periph/m00_couplers/auto_ds/inst/gen_downsizer.gen_simple_downsizer.axi_downsizer_inst/USE_READ.read_addr_inst/cmd_queue/inst/fifo_gen_inst/inst_fifo_gen/gconvfifo.rf/grf.rf/gntv_or_sync_fifo.gl0.wr/wpntr/gcc0.gc0.count_d1_reg[4]/C
  -------------------------------------------------------------------    -------------------
    SLICE_X7Y64          FDCE (Prop_GFF_SLICEL_C_Q)
                                                      0.070     1.973 r  design_1_i/ps8_0_axi_periph/m00_couplers/auto_ds/inst/gen_downsizer.gen_simple_downsizer.axi_downsizer_inst/USE_READ.read_addr_inst/cmd_queue/inst/fifo_gen_inst/inst_fifo_gen/gconvfifo.rf/grf.rf/gntv_or_sync_fifo.gl0.wr/wpntr/gcc0.gc0.count_d1_reg[4]/Q
                         net (fo=50, routed)          0.204     2.177    design_1_i/ps8_0_axi_periph/m00_couplers/auto_ds/inst/gen_downsizer.gen_simple_downsizer.axi_downsizer_inst/USE_READ.read_addr_inst/cmd_queue/inst/fifo_gen_inst/inst_fifo_gen/gconvfifo.rf/grf.rf/gntv_or_sync_fifo.mem/gdm.dm_gen.dm/RAM_reg_0_31_14_27/ADDRH4
    SLICE_X5Y66          RAMD32                                       r  design_1_i/ps8_0_axi_periph/m00_couplers/auto_ds/inst/gen_downsizer.gen_simple_downsizer.axi_downsizer_inst/USE_READ.read_addr_inst/cmd_queue/inst/fifo_gen_inst/inst_fifo_gen/gconvfifo.rf/grf.rf/gntv_or_sync_fifo.mem/gdm.dm_gen.dm/RAM_reg_0_31_14_27/RAMD/WADR4
  -------------------------------------------------------------------    -------------------

                         (clock clk_pl_0 rise edge)
                                                      0.000     0.000 r  
    PS8_X0Y0             PS8                          0.000     0.000 r  design_1_i/zynq_ultra_ps_e_0/inst/PS8_i/PLCLK[0]
                         net (fo=1, routed)           0.178     0.178    design_1_i/zynq_ultra_ps_e_0/inst/pl_clk_unbuffered[0]
    BUFG_PS_X0Y67        BUFG_PS (Prop_BUFG_PS_I_O)
                                                      0.029     0.207 r  design_1_i/zynq_ultra_ps_e_0/inst/buffer_pl_clk_0.PL_CLK_0_BUFG/O
    X0Y1 (CLOCK_ROOT)    net (fo=2735, routed)        2.041     2.248    design_1_i/ps8_0_axi_periph/m00_couplers/auto_ds/inst/gen_downsizer.gen_simple_downsizer.axi_downsizer_inst/USE_READ.read_addr_inst/cmd_queue/inst/fifo_gen_inst/inst_fifo_gen/gconvfifo.rf/grf.rf/gntv_or_sync_fifo.mem/gdm.dm_gen.dm/RAM_reg_0_31_14_27/WCLK
    SLICE_X5Y66          RAMD32                                       r  design_1_i/ps8_0_axi_periph/m00_couplers/auto_ds/inst/gen_downsizer.gen_simple_downsizer.axi_downsizer_inst/USE_READ.read_addr_inst/cmd_queue/inst/fifo_gen_inst/inst_fifo_gen/gconvfifo.rf/grf.rf/gntv_or_sync_fifo.mem/gdm.dm_gen.dm/RAM_reg_0_31_14_27/RAMD/CLK
                         clock pessimism             -0.172     2.076    
    SLICE_X5Y66          RAMD32 (Hold_D5LUT_SLICEM_CLK_WADR4)
                                                      0.096     2.172    design_1_i/ps8_0_axi_periph/m00_couplers/auto_ds/inst/gen_downsizer.gen_simple_downsizer.axi_downsizer_inst/USE_READ.read_addr_inst/cmd_queue/inst/fifo_gen_inst/inst_fifo_gen/gconvfifo.rf/grf.rf/gntv_or_sync_fifo.mem/gdm.dm_gen.dm/RAM_reg_0_31_14_27/RAMD
  -------------------------------------------------------------------
                         required time                         -2.172    
                         arrival time                           2.177    
  -------------------------------------------------------------------
                         slack                                  0.005    

Slack (MET) :             0.005ns  (arrival time - required time)
  Source:                 design_1_i/ps8_0_axi_periph/m00_couplers/auto_ds/inst/gen_downsizer.gen_simple_downsizer.axi_downsizer_inst/USE_READ.read_addr_inst/cmd_queue/inst/fifo_gen_inst/inst_fifo_gen/gconvfifo.rf/grf.rf/gntv_or_sync_fifo.gl0.wr/wpntr/gcc0.gc0.count_d1_reg[4]/C
                            (rising edge-triggered cell FDCE clocked by clk_pl_0  {rise@0.000ns fall@5.000ns period=10.000ns})
  Destination:            design_1_i/ps8_0_axi_periph/m00_couplers/auto_ds/inst/gen_downsizer.gen_simple_downsizer.axi_downsizer_inst/USE_READ.read_addr_inst/cmd_queue/inst/fifo_gen_inst/inst_fifo_gen/gconvfifo.rf/grf.rf/gntv_or_sync_fifo.mem/gdm.dm_gen.dm/RAM_reg_0_31_14_27/RAMD_D1/WADR4
                            (rising edge-triggered cell RAMD32 clocked by clk_pl_0  {rise@0.000ns fall@5.000ns period=10.000ns})
  Path Group:             clk_pl_0
  Path Type:              Hold (Min at Slow Process Corner)
  Requirement:            0.000ns  (clk_pl_0 rise@0.000ns - clk_pl_0 rise@0.000ns)
  Data Path Delay:        0.274ns  (logic 0.070ns (25.547%)  route 0.204ns (74.453%))
  Logic Levels:           0  
  Clock Path Skew:        0.173ns (DCD - SCD - CPR)
    Destination Clock Delay (DCD):    2.248ns
    Source Clock Delay      (SCD):    1.903ns
    Clock Pessimism Removal (CPR):    0.172ns
  Clock Net Delay (Source):      1.736ns (routing 0.736ns, distribution 1.000ns)
  Clock Net Delay (Destination): 2.041ns (routing 0.814ns, distribution 1.227ns)

    Location             Delay type                Incr(ns)  Path(ns)    Netlist Resource(s)
  -------------------------------------------------------------------    -------------------
                         (clock clk_pl_0 rise edge)
                                                      0.000     0.000 r  
    PS8_X0Y0             PS8                          0.000     0.000 r  design_1_i/zynq_ultra_ps_e_0/inst/PS8_i/PLCLK[0]
                         net (fo=1, routed)           0.140     0.140    design_1_i/zynq_ultra_ps_e_0/inst/pl_clk_unbuffered[0]
    BUFG_PS_X0Y67        BUFG_PS (Prop_BUFG_PS_I_O)
                                                      0.027     0.167 r  design_1_i/zynq_ultra_ps_e_0/inst/buffer_pl_clk_0.PL_CLK_0_BUFG/O
    X0Y1 (CLOCK_ROOT)    net (fo=2735, routed)        1.736     1.903    design_1_i/ps8_0_axi_periph/m00_couplers/auto_ds/inst/gen_downsizer.gen_simple_downsizer.axi_downsizer_inst/USE_READ.read_addr_inst/cmd_queue/inst/fifo_gen_inst/inst_fifo_gen/gconvfifo.rf/grf.rf/gntv_or_sync_fifo.gl0.wr/wpntr/clk
    SLICE_X7Y64          FDCE                                         r  design_1_i/ps8_0_axi_periph/m00_couplers/auto_ds/inst/gen_downsizer.gen_simple_downsizer.axi_downsizer_inst/USE_READ.read_addr_inst/cmd_queue/inst/fifo_gen_inst/inst_fifo_gen/gconvfifo.rf/grf.rf/gntv_or_sync_fifo.gl0.wr/wpntr/gcc0.gc0.count_d1_reg[4]/C
  -------------------------------------------------------------------    -------------------
    SLICE_X7Y64          FDCE (Prop_GFF_SLICEL_C_Q)
                                                      0.070     1.973 r  design_1_i/ps8_0_axi_periph/m00_couplers/auto_ds/inst/gen_downsizer.gen_simple_downsizer.axi_downsizer_inst/USE_READ.read_addr_inst/cmd_queue/inst/fifo_gen_inst/inst_fifo_gen/gconvfifo.rf/grf.rf/gntv_or_sync_fifo.gl0.wr/wpntr/gcc0.gc0.count_d1_reg[4]/Q
                         net (fo=50, routed)          0.204     2.177    design_1_i/ps8_0_axi_periph/m00_couplers/auto_ds/inst/gen_downsizer.gen_simple_downsizer.axi_downsizer_inst/USE_READ.read_addr_inst/cmd_queue/inst/fifo_gen_inst/inst_fifo_gen/gconvfifo.rf/grf.rf/gntv_or_sync_fifo.mem/gdm.dm_gen.dm/RAM_reg_0_31_14_27/ADDRH4
    SLICE_X5Y66          RAMD32                                       r  design_1_i/ps8_0_axi_periph/m00_couplers/auto_ds/inst/gen_downsizer.gen_simple_downsizer.axi_downsizer_inst/USE_READ.read_addr_inst/cmd_queue/inst/fifo_gen_inst/inst_fifo_gen/gconvfifo.rf/grf.rf/gntv_or_sync_fifo.mem/gdm.dm_gen.dm/RAM_reg_0_31_14_27/RAMD_D1/WADR4
  -------------------------------------------------------------------    -------------------

                         (clock clk_pl_0 rise edge)
                                                      0.000     0.000 r  
    PS8_X0Y0             PS8                          0.000     0.000 r  design_1_i/zynq_ultra_ps_e_0/inst/PS8_i/PLCLK[0]
                         net (fo=1, routed)           0.178     0.178    design_1_i/zynq_ultra_ps_e_0/inst/pl_clk_unbuffered[0]
    BUFG_PS_X0Y67        BUFG_PS (Prop_BUFG_PS_I_O)
                                                      0.029     0.207 r  design_1_i/zynq_ultra_ps_e_0/inst/buffer_pl_clk_0.PL_CLK_0_BUFG/O
    X0Y1 (CLOCK_ROOT)    net (fo=2735, routed)        2.041     2.248    design_1_i/ps8_0_axi_periph/m00_couplers/auto_ds/inst/gen_downsizer.gen_simple_downsizer.axi_downsizer_inst/USE_READ.read_addr_inst/cmd_queue/inst/fifo_gen_inst/inst_fifo_gen/gconvfifo.rf/grf.rf/gntv_or_sync_fifo.mem/gdm.dm_gen.dm/RAM_reg_0_31_14_27/WCLK
    SLICE_X5Y66          RAMD32                                       r  design_1_i/ps8_0_axi_periph/m00_couplers/auto_ds/inst/gen_downsizer.gen_simple_downsizer.axi_downsizer_inst/USE_READ.read_addr_inst/cmd_queue/inst/fifo_gen_inst/inst_fifo_gen/gconvfifo.rf/grf.rf/gntv_or_sync_fifo.mem/gdm.dm_gen.dm/RAM_reg_0_31_14_27/RAMD_D1/CLK
                         clock pessimism             -0.172     2.076    
    SLICE_X5Y66          RAMD32 (Hold_D6LUT_SLICEM_CLK_WADR4)
                                                      0.096     2.172    design_1_i/ps8_0_axi_periph/m00_couplers/auto_ds/inst/gen_downsizer.gen_simple_downsizer.axi_downsizer_inst/USE_READ.read_addr_inst/cmd_queue/inst/fifo_gen_inst/inst_fifo_gen/gconvfifo.rf/grf.rf/gntv_or_sync_fifo.mem/gdm.dm_gen.dm/RAM_reg_0_31_14_27/RAMD_D1
  -------------------------------------------------------------------
                         required time                         -2.172    
                         arrival time                           2.177    
  -------------------------------------------------------------------
                         slack                                  0.005    

Slack (MET) :             0.005ns  (arrival time - required time)
  Source:                 design_1_i/ps8_0_axi_periph/m00_couplers/auto_ds/inst/gen_downsizer.gen_simple_downsizer.axi_downsizer_inst/USE_READ.read_addr_inst/cmd_queue/inst/fifo_gen_inst/inst_fifo_gen/gconvfifo.rf/grf.rf/gntv_or_sync_fifo.gl0.wr/wpntr/gcc0.gc0.count_d1_reg[4]/C
                            (rising edge-triggered cell FDCE clocked by clk_pl_0  {rise@0.000ns fall@5.000ns period=10.000ns})
  Destination:            design_1_i/ps8_0_axi_periph/m00_couplers/auto_ds/inst/gen_downsizer.gen_simple_downsizer.axi_downsizer_inst/USE_READ.read_addr_inst/cmd_queue/inst/fifo_gen_inst/inst_fifo_gen/gconvfifo.rf/grf.rf/gntv_or_sync_fifo.mem/gdm.dm_gen.dm/RAM_reg_0_31_14_27/RAME/WADR4
                            (rising edge-triggered cell RAMD32 clocked by clk_pl_0  {rise@0.000ns fall@5.000ns period=10.000ns})
  Path Group:             clk_pl_0
  Path Type:              Hold (Min at Slow Process Corner)
  Requirement:            0.000ns  (clk_pl_0 rise@0.000ns - clk_pl_0 rise@0.000ns)
  Data Path Delay:        0.274ns  (logic 0.070ns (25.547%)  route 0.204ns (74.453%))
  Logic Levels:           0  
  Clock Path Skew:        0.173ns (DCD - SCD - CPR)
    Destination Clock Delay (DCD):    2.248ns
    Source Clock Delay      (SCD):    1.903ns
    Clock Pessimism Removal (CPR):    0.172ns
  Clock Net Delay (Source):      1.736ns (routing 0.736ns, distribution 1.000ns)
  Clock Net Delay (Destination): 2.041ns (routing 0.814ns, distribution 1.227ns)

    Location             Delay type                Incr(ns)  Path(ns)    Netlist Resource(s)
  -------------------------------------------------------------------    -------------------
                         (clock clk_pl_0 rise edge)
                                                      0.000     0.000 r  
    PS8_X0Y0             PS8                          0.000     0.000 r  design_1_i/zynq_ultra_ps_e_0/inst/PS8_i/PLCLK[0]
                         net (fo=1, routed)           0.140     0.140    design_1_i/zynq_ultra_ps_e_0/inst/pl_clk_unbuffered[0]
    BUFG_PS_X0Y67        BUFG_PS (Prop_BUFG_PS_I_O)
                                                      0.027     0.167 r  design_1_i/zynq_ultra_ps_e_0/inst/buffer_pl_clk_0.PL_CLK_0_BUFG/O
    X0Y1 (CLOCK_ROOT)    net (fo=2735, routed)        1.736     1.903    design_1_i/ps8_0_axi_periph/m00_couplers/auto_ds/inst/gen_downsizer.gen_simple_downsizer.axi_downsizer_inst/USE_READ.read_addr_inst/cmd_queue/inst/fifo_gen_inst/inst_fifo_gen/gconvfifo.rf/grf.rf/gntv_or_sync_fifo.gl0.wr/wpntr/clk
    SLICE_X7Y64          FDCE                                         r  design_1_i/ps8_0_axi_periph/m00_couplers/auto_ds/inst/gen_downsizer.gen_simple_downsizer.axi_downsizer_inst/USE_READ.read_addr_inst/cmd_queue/inst/fifo_gen_inst/inst_fifo_gen/gconvfifo.rf/grf.rf/gntv_or_sync_fifo.gl0.wr/wpntr/gcc0.gc0.count_d1_reg[4]/C
  -------------------------------------------------------------------    -------------------
    SLICE_X7Y64          FDCE (Prop_GFF_SLICEL_C_Q)
                                                      0.070     1.973 r  design_1_i/ps8_0_axi_periph/m00_couplers/auto_ds/inst/gen_downsizer.gen_simple_downsizer.axi_downsizer_inst/USE_READ.read_addr_inst/cmd_queue/inst/fifo_gen_inst/inst_fifo_gen/gconvfifo.rf/grf.rf/gntv_or_sync_fifo.gl0.wr/wpntr/gcc0.gc0.count_d1_reg[4]/Q
                         net (fo=50, routed)          0.204     2.177    design_1_i/ps8_0_axi_periph/m00_couplers/auto_ds/inst/gen_downsizer.gen_simple_downsizer.axi_downsizer_inst/USE_READ.read_addr_inst/cmd_queue/inst/fifo_gen_inst/inst_fifo_gen/gconvfifo.rf/grf.rf/gntv_or_sync_fifo.mem/gdm.dm_gen.dm/RAM_reg_0_31_14_27/ADDRH4
    SLICE_X5Y66          RAMD32                                       r  design_1_i/ps8_0_axi_periph/m00_couplers/auto_ds/inst/gen_downsizer.gen_simple_downsizer.axi_downsizer_inst/USE_READ.read_addr_inst/cmd_queue/inst/fifo_gen_inst/inst_fifo_gen/gconvfifo.rf/grf.rf/gntv_or_sync_fifo.mem/gdm.dm_gen.dm/RAM_reg_0_31_14_27/RAME/WADR4
  -------------------------------------------------------------------    -------------------

                         (clock clk_pl_0 rise edge)
                                                      0.000     0.000 r  
    PS8_X0Y0             PS8                          0.000     0.000 r  design_1_i/zynq_ultra_ps_e_0/inst/PS8_i/PLCLK[0]
                         net (fo=1, routed)           0.178     0.178    design_1_i/zynq_ultra_ps_e_0/inst/pl_clk_unbuffered[0]
    BUFG_PS_X0Y67        BUFG_PS (Prop_BUFG_PS_I_O)
                                                      0.029     0.207 r  design_1_i/zynq_ultra_ps_e_0/inst/buffer_pl_clk_0.PL_CLK_0_BUFG/O
    X0Y1 (CLOCK_ROOT)    net (fo=2735, routed)        2.041     2.248    design_1_i/ps8_0_axi_periph/m00_couplers/auto_ds/inst/gen_downsizer.gen_simple_downsizer.axi_downsizer_inst/USE_READ.read_addr_inst/cmd_queue/inst/fifo_gen_inst/inst_fifo_gen/gconvfifo.rf/grf.rf/gntv_or_sync_fifo.mem/gdm.dm_gen.dm/RAM_reg_0_31_14_27/WCLK
    SLICE_X5Y66          RAMD32                                       r  design_1_i/ps8_0_axi_periph/m00_couplers/auto_ds/inst/gen_downsizer.gen_simple_downsizer.axi_downsizer_inst/USE_READ.read_addr_inst/cmd_queue/inst/fifo_gen_inst/inst_fifo_gen/gconvfifo.rf/grf.rf/gntv_or_sync_fifo.mem/gdm.dm_gen.dm/RAM_reg_0_31_14_27/RAME/CLK
                         clock pessimism             -0.172     2.076    
    SLICE_X5Y66          RAMD32 (Hold_E5LUT_SLICEM_CLK_WADR4)
                                                      0.096     2.172    design_1_i/ps8_0_axi_periph/m00_couplers/auto_ds/inst/gen_downsizer.gen_simple_downsizer.axi_downsizer_inst/USE_READ.read_addr_inst/cmd_queue/inst/fifo_gen_inst/inst_fifo_gen/gconvfifo.rf/grf.rf/gntv_or_sync_fifo.mem/gdm.dm_gen.dm/RAM_reg_0_31_14_27/RAME
  -------------------------------------------------------------------
                         required time                         -2.172    
                         arrival time                           2.177    
  -------------------------------------------------------------------
                         slack                                  0.005    





Pulse Width Checks
--------------------------------------------------------------------------------------
Clock Name:         clk_pl_0
Waveform(ns):       { 0.000 5.000 }
Period(ns):         10.000
Sources:            { design_1_i/zynq_ultra_ps_e_0/inst/PS8_i/PLCLK[0] }

Check Type        Corner  Lib Pin          Reference Pin  Required(ns)  Actual(ns)  Slack(ns)  Location     Pin
Min Period        n/a     PS8/MAXIGP0ACLK  n/a            3.000         10.000      7.000      PS8_X0Y0     design_1_i/zynq_ultra_ps_e_0/inst/PS8_i/MAXIGP0ACLK
Min Period        n/a     PS8/MAXIGP1ACLK  n/a            3.000         10.000      7.000      PS8_X0Y0     design_1_i/zynq_ultra_ps_e_0/inst/PS8_i/MAXIGP1ACLK
Min Period        n/a     RAMD32/CLK       n/a            1.146         10.000      8.854      SLICE_X5Y65  design_1_i/ps8_0_axi_periph/m00_couplers/auto_ds/inst/gen_downsizer.gen_simple_downsizer.axi_downsizer_inst/USE_READ.read_addr_inst/cmd_queue/inst/fifo_gen_inst/inst_fifo_gen/gconvfifo.rf/grf.rf/gntv_or_sync_fifo.mem/gdm.dm_gen.dm/RAM_reg_0_31_0_13/RAMA/CLK
Min Period        n/a     RAMD32/CLK       n/a            1.146         10.000      8.854      SLICE_X5Y65  design_1_i/ps8_0_axi_periph/m00_couplers/auto_ds/inst/gen_downsizer.gen_simple_downsizer.axi_downsizer_inst/USE_READ.read_addr_inst/cmd_queue/inst/fifo_gen_inst/inst_fifo_gen/gconvfifo.rf/grf.rf/gntv_or_sync_fifo.mem/gdm.dm_gen.dm/RAM_reg_0_31_0_13/RAMA_D1/CLK
Min Period        n/a     RAMD32/CLK       n/a            1.146         10.000      8.854      SLICE_X5Y65  design_1_i/ps8_0_axi_periph/m00_couplers/auto_ds/inst/gen_downsizer.gen_simple_downsizer.axi_downsizer_inst/USE_READ.read_addr_inst/cmd_queue/inst/fifo_gen_inst/inst_fifo_gen/gconvfifo.rf/grf.rf/gntv_or_sync_fifo.mem/gdm.dm_gen.dm/RAM_reg_0_31_0_13/RAMB/CLK
Min Period        n/a     RAMD32/CLK       n/a            1.146         10.000      8.854      SLICE_X5Y65  design_1_i/ps8_0_axi_periph/m00_couplers/auto_ds/inst/gen_downsizer.gen_simple_downsizer.axi_downsizer_inst/USE_READ.read_addr_inst/cmd_queue/inst/fifo_gen_inst/inst_fifo_gen/gconvfifo.rf/grf.rf/gntv_or_sync_fifo.mem/gdm.dm_gen.dm/RAM_reg_0_31_0_13/RAMB_D1/CLK
Min Period        n/a     RAMD32/CLK       n/a            1.146         10.000      8.854      SLICE_X5Y65  design_1_i/ps8_0_axi_periph/m00_couplers/auto_ds/inst/gen_downsizer.gen_simple_downsizer.axi_downsizer_inst/USE_READ.read_addr_inst/cmd_queue/inst/fifo_gen_inst/inst_fifo_gen/gconvfifo.rf/grf.rf/gntv_or_sync_fifo.mem/gdm.dm_gen.dm/RAM_reg_0_31_0_13/RAMC/CLK
Min Period        n/a     RAMD32/CLK       n/a            1.146         10.000      8.854      SLICE_X5Y65  design_1_i/ps8_0_axi_periph/m00_couplers/auto_ds/inst/gen_downsizer.gen_simple_downsizer.axi_downsizer_inst/USE_READ.read_addr_inst/cmd_queue/inst/fifo_gen_inst/inst_fifo_gen/gconvfifo.rf/grf.rf/gntv_or_sync_fifo.mem/gdm.dm_gen.dm/RAM_reg_0_31_0_13/RAMC_D1/CLK
Min Period        n/a     RAMD32/CLK       n/a            1.146         10.000      8.854      SLICE_X5Y65  design_1_i/ps8_0_axi_periph/m00_couplers/auto_ds/inst/gen_downsizer.gen_simple_downsizer.axi_downsizer_inst/USE_READ.read_addr_inst/cmd_queue/inst/fifo_gen_inst/inst_fifo_gen/gconvfifo.rf/grf.rf/gntv_or_sync_fifo.mem/gdm.dm_gen.dm/RAM_reg_0_31_0_13/RAMD/CLK
Min Period        n/a     RAMD32/CLK       n/a            1.146         10.000      8.854      SLICE_X5Y65  design_1_i/ps8_0_axi_periph/m00_couplers/auto_ds/inst/gen_downsizer.gen_simple_downsizer.axi_downsizer_inst/USE_READ.read_addr_inst/cmd_queue/inst/fifo_gen_inst/inst_fifo_gen/gconvfifo.rf/grf.rf/gntv_or_sync_fifo.mem/gdm.dm_gen.dm/RAM_reg_0_31_0_13/RAMD_D1/CLK
Low Pulse Width   Slow    PS8/MAXIGP0ACLK  n/a            1.500         5.000       3.500      PS8_X0Y0     design_1_i/zynq_ultra_ps_e_0/inst/PS8_i/MAXIGP0ACLK
Low Pulse Width   Fast    PS8/MAXIGP0ACLK  n/a            1.500         5.000       3.500      PS8_X0Y0     design_1_i/zynq_ultra_ps_e_0/inst/PS8_i/MAXIGP0ACLK
Low Pulse Width   Slow    PS8/MAXIGP1ACLK  n/a            1.500         5.000       3.500      PS8_X0Y0     design_1_i/zynq_ultra_ps_e_0/inst/PS8_i/MAXIGP1ACLK
Low Pulse Width   Fast    PS8/MAXIGP1ACLK  n/a            1.500         5.000       3.500      PS8_X0Y0     design_1_i/zynq_ultra_ps_e_0/inst/PS8_i/MAXIGP1ACLK
Low Pulse Width   Slow    RAMD32/CLK       n/a            0.573         5.000       4.427      SLICE_X5Y65  design_1_i/ps8_0_axi_periph/m00_couplers/auto_ds/inst/gen_downsizer.gen_simple_downsizer.axi_downsizer_inst/USE_READ.read_addr_inst/cmd_queue/inst/fifo_gen_inst/inst_fifo_gen/gconvfifo.rf/grf.rf/gntv_or_sync_fifo.mem/gdm.dm_gen.dm/RAM_reg_0_31_0_13/RAMA/CLK
Low Pulse Width   Slow    RAMD32/CLK       n/a            0.573         5.000       4.427      SLICE_X5Y65  design_1_i/ps8_0_axi_periph/m00_couplers/auto_ds/inst/gen_downsizer.gen_simple_downsizer.axi_downsizer_inst/USE_READ.read_addr_inst/cmd_queue/inst/fifo_gen_inst/inst_fifo_gen/gconvfifo.rf/grf.rf/gntv_or_sync_fifo.mem/gdm.dm_gen.dm/RAM_reg_0_31_0_13/RAMA_D1/CLK
Low Pulse Width   Slow    RAMD32/CLK       n/a            0.573         5.000       4.427      SLICE_X5Y65  design_1_i/ps8_0_axi_periph/m00_couplers/auto_ds/inst/gen_downsizer.gen_simple_downsizer.axi_downsizer_inst/USE_READ.read_addr_inst/cmd_queue/inst/fifo_gen_inst/inst_fifo_gen/gconvfifo.rf/grf.rf/gntv_or_sync_fifo.mem/gdm.dm_gen.dm/RAM_reg_0_31_0_13/RAMB/CLK
Low Pulse Width   Slow    RAMD32/CLK       n/a            0.573         5.000       4.427      SLICE_X5Y65  design_1_i/ps8_0_axi_periph/m00_couplers/auto_ds/inst/gen_downsizer.gen_simple_downsizer.axi_downsizer_inst/USE_READ.read_addr_inst/cmd_queue/inst/fifo_gen_inst/inst_fifo_gen/gconvfifo.rf/grf.rf/gntv_or_sync_fifo.mem/gdm.dm_gen.dm/RAM_reg_0_31_0_13/RAMB_D1/CLK
Low Pulse Width   Slow    RAMD32/CLK       n/a            0.573         5.000       4.427      SLICE_X5Y65  design_1_i/ps8_0_axi_periph/m00_couplers/auto_ds/inst/gen_downsizer.gen_simple_downsizer.axi_downsizer_inst/USE_READ.read_addr_inst/cmd_queue/inst/fifo_gen_inst/inst_fifo_gen/gconvfifo.rf/grf.rf/gntv_or_sync_fifo.mem/gdm.dm_gen.dm/RAM_reg_0_31_0_13/RAMC/CLK
Low Pulse Width   Slow    RAMD32/CLK       n/a            0.573         5.000       4.427      SLICE_X5Y65  design_1_i/ps8_0_axi_periph/m00_couplers/auto_ds/inst/gen_downsizer.gen_simple_downsizer.axi_downsizer_inst/USE_READ.read_addr_inst/cmd_queue/inst/fifo_gen_inst/inst_fifo_gen/gconvfifo.rf/grf.rf/gntv_or_sync_fifo.mem/gdm.dm_gen.dm/RAM_reg_0_31_0_13/RAMC_D1/CLK
High Pulse Width  Fast    PS8/MAXIGP1ACLK  n/a            1.500         5.000       3.500      PS8_X0Y0     design_1_i/zynq_ultra_ps_e_0/inst/PS8_i/MAXIGP1ACLK
High Pulse Width  Slow    PS8/MAXIGP0ACLK  n/a            1.500         5.000       3.500      PS8_X0Y0     design_1_i/zynq_ultra_ps_e_0/inst/PS8_i/MAXIGP0ACLK
High Pulse Width  Fast    PS8/MAXIGP0ACLK  n/a            1.500         5.000       3.500      PS8_X0Y0     design_1_i/zynq_ultra_ps_e_0/inst/PS8_i/MAXIGP0ACLK
High Pulse Width  Slow    PS8/MAXIGP1ACLK  n/a            1.500         5.000       3.500      PS8_X0Y0     design_1_i/zynq_ultra_ps_e_0/inst/PS8_i/MAXIGP1ACLK
High Pulse Width  Slow    RAMD32/CLK       n/a            0.573         5.000       4.427      SLICE_X5Y65  design_1_i/ps8_0_axi_periph/m00_couplers/auto_ds/inst/gen_downsizer.gen_simple_downsizer.axi_downsizer_inst/USE_READ.read_addr_inst/cmd_queue/inst/fifo_gen_inst/inst_fifo_gen/gconvfifo.rf/grf.rf/gntv_or_sync_fifo.mem/gdm.dm_gen.dm/RAM_reg_0_31_0_13/RAMA/CLK
High Pulse Width  Slow    RAMD32/CLK       n/a            0.573         5.000       4.427      SLICE_X5Y65  design_1_i/ps8_0_axi_periph/m00_couplers/auto_ds/inst/gen_downsizer.gen_simple_downsizer.axi_downsizer_inst/USE_READ.read_addr_inst/cmd_queue/inst/fifo_gen_inst/inst_fifo_gen/gconvfifo.rf/grf.rf/gntv_or_sync_fifo.mem/gdm.dm_gen.dm/RAM_reg_0_31_0_13/RAMA_D1/CLK
High Pulse Width  Slow    RAMD32/CLK       n/a            0.573         5.000       4.427      SLICE_X5Y65  design_1_i/ps8_0_axi_periph/m00_couplers/auto_ds/inst/gen_downsizer.gen_simple_downsizer.axi_downsizer_inst/USE_READ.read_addr_inst/cmd_queue/inst/fifo_gen_inst/inst_fifo_gen/gconvfifo.rf/grf.rf/gntv_or_sync_fifo.mem/gdm.dm_gen.dm/RAM_reg_0_31_0_13/RAMB/CLK
High Pulse Width  Slow    RAMD32/CLK       n/a            0.573         5.000       4.427      SLICE_X5Y65  design_1_i/ps8_0_axi_periph/m00_couplers/auto_ds/inst/gen_downsizer.gen_simple_downsizer.axi_downsizer_inst/USE_READ.read_addr_inst/cmd_queue/inst/fifo_gen_inst/inst_fifo_gen/gconvfifo.rf/grf.rf/gntv_or_sync_fifo.mem/gdm.dm_gen.dm/RAM_reg_0_31_0_13/RAMB_D1/CLK
High Pulse Width  Slow    RAMD32/CLK       n/a            0.573         5.000       4.427      SLICE_X5Y65  design_1_i/ps8_0_axi_periph/m00_couplers/auto_ds/inst/gen_downsizer.gen_simple_downsizer.axi_downsizer_inst/USE_READ.read_addr_inst/cmd_queue/inst/fifo_gen_inst/inst_fifo_gen/gconvfifo.rf/grf.rf/gntv_or_sync_fifo.mem/gdm.dm_gen.dm/RAM_reg_0_31_0_13/RAMC/CLK
High Pulse Width  Slow    RAMD32/CLK       n/a            0.573         5.000       4.427      SLICE_X5Y65  design_1_i/ps8_0_axi_periph/m00_couplers/auto_ds/inst/gen_downsizer.gen_simple_downsizer.axi_downsizer_inst/USE_READ.read_addr_inst/cmd_queue/inst/fifo_gen_inst/inst_fifo_gen/gconvfifo.rf/grf.rf/gntv_or_sync_fifo.mem/gdm.dm_gen.dm/RAM_reg_0_31_0_13/RAMC_D1/CLK



---------------------------------------------------------------------------------------------------
From Clock:  design_1_i/mobilenetV2_0/inst/clk_gen/inst/clk_in1
  To Clock:  design_1_i/mobilenetV2_0/inst/clk_gen/inst/clk_in1

Setup :           NA  Failing Endpoints,  Worst Slack           NA  ,  Total Violation           NA
Hold  :           NA  Failing Endpoints,  Worst Slack           NA  ,  Total Violation           NA
PW    :            0  Failing Endpoints,  Worst Slack        2.000ns,  Total Violation        0.000ns
---------------------------------------------------------------------------------------------------


Pulse Width Checks
--------------------------------------------------------------------------------------
Clock Name:         design_1_i/mobilenetV2_0/inst/clk_gen/inst/clk_in1
Waveform(ns):       { 0.000 5.000 }
Period(ns):         10.000
Sources:            { design_1_i/mobilenetV2_0/inst/clk_gen/inst/clk_in1 }

Check Type        Corner  Lib Pin            Reference Pin  Required(ns)  Actual(ns)  Slack(ns)  Location   Pin
Min Period        n/a     MMCME4_ADV/CLKIN1  n/a            1.250         10.000      8.750      MMCM_X0Y2  design_1_i/mobilenetV2_0/inst/clk_gen/inst/mmcme4_adv_inst/CLKIN1
Max Period        n/a     MMCME4_ADV/CLKIN1  n/a            100.000       10.000      90.000     MMCM_X0Y2  design_1_i/mobilenetV2_0/inst/clk_gen/inst/mmcme4_adv_inst/CLKIN1
Low Pulse Width   Fast    MMCME4_ADV/CLKIN1  n/a            3.000         5.000       2.000      MMCM_X0Y2  design_1_i/mobilenetV2_0/inst/clk_gen/inst/mmcme4_adv_inst/CLKIN1
Low Pulse Width   Slow    MMCME4_ADV/CLKIN1  n/a            3.000         5.000       2.000      MMCM_X0Y2  design_1_i/mobilenetV2_0/inst/clk_gen/inst/mmcme4_adv_inst/CLKIN1
High Pulse Width  Slow    MMCME4_ADV/CLKIN1  n/a            3.000         5.000       2.000      MMCM_X0Y2  design_1_i/mobilenetV2_0/inst/clk_gen/inst/mmcme4_adv_inst/CLKIN1
High Pulse Width  Fast    MMCME4_ADV/CLKIN1  n/a            3.000         5.000       2.000      MMCM_X0Y2  design_1_i/mobilenetV2_0/inst/clk_gen/inst/mmcme4_adv_inst/CLKIN1



---------------------------------------------------------------------------------------------------
From Clock:  clk_out1_clk_wiz_0
  To Clock:  clk_out1_clk_wiz_0

Setup :            0  Failing Endpoints,  Worst Slack        0.066ns,  Total Violation        0.000ns
Hold  :            0  Failing Endpoints,  Worst Slack        0.014ns,  Total Violation        0.000ns
PW    :            0  Failing Endpoints,  Worst Slack        0.677ns,  Total Violation        0.000ns
---------------------------------------------------------------------------------------------------


Max Delay Paths
--------------------------------------------------------------------------------------
Slack (MET) :             0.066ns  (required time - arrival time)
  Source:                 design_1_i/mobilenetV2_0/inst/u_pointwise_input/result_write_data[7]_i_153_psbram_1/C
                            (rising edge-triggered cell FDRE clocked by clk_out1_clk_wiz_0  {rise@0.000ns fall@1.250ns period=2.500ns})
  Destination:            design_1_i/mobilenetV2_0/inst/result_write_data_reg[13]/D
                            (rising edge-triggered cell FDRE clocked by clk_out1_clk_wiz_0  {rise@0.000ns fall@1.250ns period=2.500ns})
  Path Group:             clk_out1_clk_wiz_0
  Path Type:              Setup (Max at Slow Process Corner)
  Requirement:            2.500ns  (clk_out1_clk_wiz_0 rise@2.500ns - clk_out1_clk_wiz_0 rise@0.000ns)
  Data Path Delay:        2.220ns  (logic 0.932ns (41.982%)  route 1.288ns (58.018%))
  Logic Levels:           7  (CARRY8=2 LUT3=1 LUT6=3 MUXF7=1)
  Clock Path Skew:        -0.183ns (DCD - SCD + CPR)
    Destination Clock Delay (DCD):    4.537ns = ( 7.037 - 2.500 ) 
    Source Clock Delay      (SCD):    4.364ns
    Clock Pessimism Removal (CPR):    -0.356ns
  Clock Uncertainty:      0.057ns  ((TSJ^2 + DJ^2)^1/2) / 2 + PE
    Total System Jitter     (TSJ):    0.071ns
    Discrete Jitter          (DJ):    0.090ns
    Phase Error              (PE):    0.000ns
  Clock Net Delay (Source):      2.250ns (routing 1.044ns, distribution 1.206ns)
  Clock Net Delay (Destination): 1.908ns (routing 0.948ns, distribution 0.960ns)

    Location             Delay type                Incr(ns)  Path(ns)    Netlist Resource(s)
  -------------------------------------------------------------------    -------------------
                         (clock clk_out1_clk_wiz_0 rise edge)
                                                      0.000     0.000 r  
    BUFG_PS_X0Y67        BUFG_PS                      0.000     0.000 r  design_1_i/zynq_ultra_ps_e_0/inst/buffer_pl_clk_0.PL_CLK_0_BUFG/O
                         net (fo=2735, routed)        1.935     1.935    design_1_i/mobilenetV2_0/inst/clk_gen/inst/clk_in1
    MMCM_X0Y2            MMCME4_ADV (Prop_MMCM_CLKIN1_CLKOUT0)
                                                     -0.106     1.829 r  design_1_i/mobilenetV2_0/inst/clk_gen/inst/mmcme4_adv_inst/CLKOUT0
                         net (fo=1, routed)           0.257     2.086    design_1_i/mobilenetV2_0/inst/clk_gen/inst/clk_out1_clk_wiz_0
    BUFGCE_X0Y66         BUFGCE (Prop_BUFCE_BUFGCE_I_O)
                                                      0.028     2.114 r  design_1_i/mobilenetV2_0/inst/clk_gen/inst/clkout1_buf/O
    X0Y1 (CLOCK_ROOT)    net (fo=22026, routed)       2.250     4.364    design_1_i/mobilenetV2_0/inst/u_pointwise_input/clk_out1
    SLICE_X32Y56         FDRE                                         r  design_1_i/mobilenetV2_0/inst/u_pointwise_input/result_write_data[7]_i_153_psbram_1/C
  -------------------------------------------------------------------    -------------------
    SLICE_X32Y56         FDRE (Prop_AFF_SLICEL_C_Q)
                                                      0.096     4.460 r  design_1_i/mobilenetV2_0/inst/u_pointwise_input/result_write_data[7]_i_153_psbram_1/Q
                         net (fo=1, routed)           0.562     5.022    design_1_i/mobilenetV2_0/inst/u_pointwise_input/skip_bram_data_even[52]
    SLICE_X32Y45         LUT6 (Prop_B6LUT_SLICEL_I0_O)
                                                      0.177     5.199 r  design_1_i/mobilenetV2_0/inst/u_pointwise_input/result_write_data[7]_i_153/O
                         net (fo=1, routed)           0.010     5.209    design_1_i/mobilenetV2_0/inst/u_pointwise_input/result_write_data[7]_i_153_n_0
    SLICE_X32Y45         MUXF7 (Prop_F7MUX_AB_SLICEL_I0_O)
                                                      0.082     5.291 r  design_1_i/mobilenetV2_0/inst/u_pointwise_input/result_write_data_reg[7]_i_62/O
                         net (fo=1, routed)           0.259     5.550    design_1_i/mobilenetV2_0/inst/u_pointwise_input/result_write_data_reg[7]_i_62_n_0
    SLICE_X29Y46         LUT6 (Prop_C6LUT_SLICEM_I5_O)
                                                      0.098     5.648 r  design_1_i/mobilenetV2_0/inst/u_pointwise_input/result_write_data[7]_i_20/O
                         net (fo=1, routed)           0.214     5.862    design_1_i/mobilenetV2_0/inst/pad/result_write_data_reg[7]_i_2_12
    SLICE_X27Y45         LUT6 (Prop_E6LUT_SLICEL_I1_O)
                                                      0.100     5.962 r  design_1_i/mobilenetV2_0/inst/pad/result_write_data[7]_i_6/O
                         net (fo=1, routed)           0.008     5.970    design_1_i/mobilenetV2_0/inst/pad/result_write_data[7]_i_6_n_0
    SLICE_X27Y45         CARRY8 (Prop_CARRY8_SLICEL_S[4]_CO[7])
                                                      0.195     6.165 r  design_1_i/mobilenetV2_0/inst/pad/result_write_data_reg[7]_i_2/CO[7]
                         net (fo=1, routed)           0.028     6.193    design_1_i/mobilenetV2_0/inst/pad/result_write_data_reg[7]_i_2_n_0
    SLICE_X27Y46         CARRY8 (Prop_CARRY8_SLICEL_CI_O[5])
                                                      0.145     6.338 r  design_1_i/mobilenetV2_0/inst/pad/result_write_data_reg[15]_i_2/O[5]
                         net (fo=1, routed)           0.149     6.487    design_1_i/mobilenetV2_0/inst/pad/pointwise_after_depth_out0[13]
    SLICE_X27Y47         LUT3 (Prop_D6LUT_SLICEL_I0_O)
                                                      0.039     6.526 r  design_1_i/mobilenetV2_0/inst/pad/result_write_data[13]_i_1/O
                         net (fo=1, routed)           0.058     6.584    design_1_i/mobilenetV2_0/inst/pointwise_after_depth_out_full[13]
    SLICE_X27Y47         FDRE                                         r  design_1_i/mobilenetV2_0/inst/result_write_data_reg[13]/D
  -------------------------------------------------------------------    -------------------

                         (clock clk_out1_clk_wiz_0 rise edge)
                                                      2.500     2.500 r  
    BUFG_PS_X0Y67        BUFG_PS                      0.000     2.500 r  design_1_i/zynq_ultra_ps_e_0/inst/buffer_pl_clk_0.PL_CLK_0_BUFG/O
                         net (fo=2735, routed)        1.733     4.233    design_1_i/mobilenetV2_0/inst/clk_gen/inst/clk_in1
    MMCM_X0Y2            MMCME4_ADV (Prop_MMCM_CLKIN1_CLKOUT0)
                                                      0.644     4.877 r  design_1_i/mobilenetV2_0/inst/clk_gen/inst/mmcme4_adv_inst/CLKOUT0
                         net (fo=1, routed)           0.228     5.105    design_1_i/mobilenetV2_0/inst/clk_gen/inst/clk_out1_clk_wiz_0
    BUFGCE_X0Y66         BUFGCE (Prop_BUFCE_BUFGCE_I_O)
                                                      0.024     5.129 r  design_1_i/mobilenetV2_0/inst/clk_gen/inst/clkout1_buf/O
    X0Y1 (CLOCK_ROOT)    net (fo=22026, routed)       1.908     7.037    design_1_i/mobilenetV2_0/inst/clk
    SLICE_X27Y47         FDRE                                         r  design_1_i/mobilenetV2_0/inst/result_write_data_reg[13]/C
                         clock pessimism             -0.356     6.681    
                         clock uncertainty           -0.057     6.623    
    SLICE_X27Y47         FDRE (Setup_DFF_SLICEL_C_D)
                                                      0.027     6.650    design_1_i/mobilenetV2_0/inst/result_write_data_reg[13]
  -------------------------------------------------------------------
                         required time                          6.650    
                         arrival time                          -6.584    
  -------------------------------------------------------------------
                         slack                                  0.066    

Slack (MET) :             0.073ns  (required time - arrival time)
  Source:                 design_1_i/mobilenetV2_0/inst/u_pointwise_input/result_write_data[7]_i_153_psbram_1/C
                            (rising edge-triggered cell FDRE clocked by clk_out1_clk_wiz_0  {rise@0.000ns fall@1.250ns period=2.500ns})
  Destination:            design_1_i/mobilenetV2_0/inst/result_write_data_reg[15]/D
                            (rising edge-triggered cell FDRE clocked by clk_out1_clk_wiz_0  {rise@0.000ns fall@1.250ns period=2.500ns})
  Path Group:             clk_out1_clk_wiz_0
  Path Type:              Setup (Max at Slow Process Corner)
  Requirement:            2.500ns  (clk_out1_clk_wiz_0 rise@2.500ns - clk_out1_clk_wiz_0 rise@0.000ns)
  Data Path Delay:        2.213ns  (logic 0.933ns (42.160%)  route 1.280ns (57.840%))
  Logic Levels:           7  (CARRY8=2 LUT3=1 LUT6=3 MUXF7=1)
  Clock Path Skew:        -0.183ns (DCD - SCD + CPR)
    Destination Clock Delay (DCD):    4.537ns = ( 7.037 - 2.500 ) 
    Source Clock Delay      (SCD):    4.364ns
    Clock Pessimism Removal (CPR):    -0.356ns
  Clock Uncertainty:      0.057ns  ((TSJ^2 + DJ^2)^1/2) / 2 + PE
    Total System Jitter     (TSJ):    0.071ns
    Discrete Jitter          (DJ):    0.090ns
    Phase Error              (PE):    0.000ns
  Clock Net Delay (Source):      2.250ns (routing 1.044ns, distribution 1.206ns)
  Clock Net Delay (Destination): 1.908ns (routing 0.948ns, distribution 0.960ns)

    Location             Delay type                Incr(ns)  Path(ns)    Netlist Resource(s)
  -------------------------------------------------------------------    -------------------
                         (clock clk_out1_clk_wiz_0 rise edge)
                                                      0.000     0.000 r  
    BUFG_PS_X0Y67        BUFG_PS                      0.000     0.000 r  design_1_i/zynq_ultra_ps_e_0/inst/buffer_pl_clk_0.PL_CLK_0_BUFG/O
                         net (fo=2735, routed)        1.935     1.935    design_1_i/mobilenetV2_0/inst/clk_gen/inst/clk_in1
    MMCM_X0Y2            MMCME4_ADV (Prop_MMCM_CLKIN1_CLKOUT0)
                                                     -0.106     1.829 r  design_1_i/mobilenetV2_0/inst/clk_gen/inst/mmcme4_adv_inst/CLKOUT0
                         net (fo=1, routed)           0.257     2.086    design_1_i/mobilenetV2_0/inst/clk_gen/inst/clk_out1_clk_wiz_0
    BUFGCE_X0Y66         BUFGCE (Prop_BUFCE_BUFGCE_I_O)
                                                      0.028     2.114 r  design_1_i/mobilenetV2_0/inst/clk_gen/inst/clkout1_buf/O
    X0Y1 (CLOCK_ROOT)    net (fo=22026, routed)       2.250     4.364    design_1_i/mobilenetV2_0/inst/u_pointwise_input/clk_out1
    SLICE_X32Y56         FDRE                                         r  design_1_i/mobilenetV2_0/inst/u_pointwise_input/result_write_data[7]_i_153_psbram_1/C
  -------------------------------------------------------------------    -------------------
    SLICE_X32Y56         FDRE (Prop_AFF_SLICEL_C_Q)
                                                      0.096     4.460 r  design_1_i/mobilenetV2_0/inst/u_pointwise_input/result_write_data[7]_i_153_psbram_1/Q
                         net (fo=1, routed)           0.562     5.022    design_1_i/mobilenetV2_0/inst/u_pointwise_input/skip_bram_data_even[52]
    SLICE_X32Y45         LUT6 (Prop_B6LUT_SLICEL_I0_O)
                                                      0.177     5.199 r  design_1_i/mobilenetV2_0/inst/u_pointwise_input/result_write_data[7]_i_153/O
                         net (fo=1, routed)           0.010     5.209    design_1_i/mobilenetV2_0/inst/u_pointwise_input/result_write_data[7]_i_153_n_0
    SLICE_X32Y45         MUXF7 (Prop_F7MUX_AB_SLICEL_I0_O)
                                                      0.082     5.291 r  design_1_i/mobilenetV2_0/inst/u_pointwise_input/result_write_data_reg[7]_i_62/O
                         net (fo=1, routed)           0.259     5.550    design_1_i/mobilenetV2_0/inst/u_pointwise_input/result_write_data_reg[7]_i_62_n_0
    SLICE_X29Y46         LUT6 (Prop_C6LUT_SLICEM_I5_O)
                                                      0.098     5.648 r  design_1_i/mobilenetV2_0/inst/u_pointwise_input/result_write_data[7]_i_20/O
                         net (fo=1, routed)           0.214     5.862    design_1_i/mobilenetV2_0/inst/pad/result_write_data_reg[7]_i_2_12
    SLICE_X27Y45         LUT6 (Prop_E6LUT_SLICEL_I1_O)
                                                      0.100     5.962 r  design_1_i/mobilenetV2_0/inst/pad/result_write_data[7]_i_6/O
                         net (fo=1, routed)           0.008     5.970    design_1_i/mobilenetV2_0/inst/pad/result_write_data[7]_i_6_n_0
    SLICE_X27Y45         CARRY8 (Prop_CARRY8_SLICEL_S[4]_CO[7])
                                                      0.195     6.165 r  design_1_i/mobilenetV2_0/inst/pad/result_write_data_reg[7]_i_2/CO[7]
                         net (fo=1, routed)           0.028     6.193    design_1_i/mobilenetV2_0/inst/pad/result_write_data_reg[7]_i_2_n_0
    SLICE_X27Y46         CARRY8 (Prop_CARRY8_SLICEL_CI_O[7])
                                                      0.146     6.339 r  design_1_i/mobilenetV2_0/inst/pad/result_write_data_reg[15]_i_2/O[7]
                         net (fo=1, routed)           0.141     6.480    design_1_i/mobilenetV2_0/inst/pad/pointwise_after_depth_out0[15]
    SLICE_X27Y47         LUT3 (Prop_A6LUT_SLICEL_I0_O)
                                                      0.039     6.519 r  design_1_i/mobilenetV2_0/inst/pad/result_write_data[15]_i_1/O
                         net (fo=1, routed)           0.058     6.577    design_1_i/mobilenetV2_0/inst/pointwise_after_depth_out_full[15]
    SLICE_X27Y47         FDRE                                         r  design_1_i/mobilenetV2_0/inst/result_write_data_reg[15]/D
  -------------------------------------------------------------------    -------------------

                         (clock clk_out1_clk_wiz_0 rise edge)
                                                      2.500     2.500 r  
    BUFG_PS_X0Y67        BUFG_PS                      0.000     2.500 r  design_1_i/zynq_ultra_ps_e_0/inst/buffer_pl_clk_0.PL_CLK_0_BUFG/O
                         net (fo=2735, routed)        1.733     4.233    design_1_i/mobilenetV2_0/inst/clk_gen/inst/clk_in1
    MMCM_X0Y2            MMCME4_ADV (Prop_MMCM_CLKIN1_CLKOUT0)
                                                      0.644     4.877 r  design_1_i/mobilenetV2_0/inst/clk_gen/inst/mmcme4_adv_inst/CLKOUT0
                         net (fo=1, routed)           0.228     5.105    design_1_i/mobilenetV2_0/inst/clk_gen/inst/clk_out1_clk_wiz_0
    BUFGCE_X0Y66         BUFGCE (Prop_BUFCE_BUFGCE_I_O)
                                                      0.024     5.129 r  design_1_i/mobilenetV2_0/inst/clk_gen/inst/clkout1_buf/O
    X0Y1 (CLOCK_ROOT)    net (fo=22026, routed)       1.908     7.037    design_1_i/mobilenetV2_0/inst/clk
    SLICE_X27Y47         FDRE                                         r  design_1_i/mobilenetV2_0/inst/result_write_data_reg[15]/C
                         clock pessimism             -0.356     6.681    
                         clock uncertainty           -0.057     6.623    
    SLICE_X27Y47         FDRE (Setup_AFF_SLICEL_C_D)
                                                      0.027     6.650    design_1_i/mobilenetV2_0/inst/result_write_data_reg[15]
  -------------------------------------------------------------------
                         required time                          6.650    
                         arrival time                          -6.577    
  -------------------------------------------------------------------
                         slack                                  0.073    

Slack (MET) :             0.076ns  (required time - arrival time)
  Source:                 design_1_i/mobilenetV2_0/inst/pad/input_rd_addr_b_reg[3]/C
                            (rising edge-triggered cell FDRE clocked by clk_out1_clk_wiz_0  {rise@0.000ns fall@1.250ns period=2.500ns})
  Destination:            design_1_i/mobilenetV2_0/inst/bram_d2p/u_in/U0/inst_blk_mem_gen/gnbram.gnativebmg.native_blk_mem_gen/valid.cstr/ramloop[16].ram.r/prim_noinit.ram/DEVICE_8SERIES.NO_BMM_INFO.TRUE_DP.SIMPLE_PRIM36.ram/ADDRBWRADDR[7]
                            (rising edge-triggered cell RAMB36E2 clocked by clk_out1_clk_wiz_0  {rise@0.000ns fall@1.250ns period=2.500ns})
  Path Group:             clk_out1_clk_wiz_0
  Path Type:              Setup (Max at Slow Process Corner)
  Requirement:            2.500ns  (clk_out1_clk_wiz_0 rise@2.500ns - clk_out1_clk_wiz_0 rise@0.000ns)
  Data Path Delay:        2.029ns  (logic 0.097ns (4.781%)  route 1.932ns (95.219%))
  Logic Levels:           0  
  Clock Path Skew:        -0.028ns (DCD - SCD + CPR)
    Destination Clock Delay (DCD):    4.636ns = ( 7.136 - 2.500 ) 
    Source Clock Delay      (SCD):    4.306ns
    Clock Pessimism Removal (CPR):    -0.358ns
  Clock Uncertainty:      0.057ns  ((TSJ^2 + DJ^2)^1/2) / 2 + PE
    Total System Jitter     (TSJ):    0.071ns
    Discrete Jitter          (DJ):    0.090ns
    Phase Error              (PE):    0.000ns
  Clock Net Delay (Source):      2.192ns (routing 1.044ns, distribution 1.148ns)
  Clock Net Delay (Destination): 2.007ns (routing 0.948ns, distribution 1.059ns)

    Location             Delay type                Incr(ns)  Path(ns)    Netlist Resource(s)
  -------------------------------------------------------------------    -------------------
                         (clock clk_out1_clk_wiz_0 rise edge)
                                                      0.000     0.000 r  
    BUFG_PS_X0Y67        BUFG_PS                      0.000     0.000 r  design_1_i/zynq_ultra_ps_e_0/inst/buffer_pl_clk_0.PL_CLK_0_BUFG/O
                         net (fo=2735, routed)        1.935     1.935    design_1_i/mobilenetV2_0/inst/clk_gen/inst/clk_in1
    MMCM_X0Y2            MMCME4_ADV (Prop_MMCM_CLKIN1_CLKOUT0)
                                                     -0.106     1.829 r  design_1_i/mobilenetV2_0/inst/clk_gen/inst/mmcme4_adv_inst/CLKOUT0
                         net (fo=1, routed)           0.257     2.086    design_1_i/mobilenetV2_0/inst/clk_gen/inst/clk_out1_clk_wiz_0
    BUFGCE_X0Y66         BUFGCE (Prop_BUFCE_BUFGCE_I_O)
                                                      0.028     2.114 r  design_1_i/mobilenetV2_0/inst/clk_gen/inst/clkout1_buf/O
    X0Y1 (CLOCK_ROOT)    net (fo=22026, routed)       2.192     4.306    design_1_i/mobilenetV2_0/inst/pad/clk_out1
    SLICE_X18Y130        FDRE                                         r  design_1_i/mobilenetV2_0/inst/pad/input_rd_addr_b_reg[3]/C
  -------------------------------------------------------------------    -------------------
    SLICE_X18Y130        FDRE (Prop_CFF_SLICEL_C_Q)
                                                      0.097     4.403 r  design_1_i/mobilenetV2_0/inst/pad/input_rd_addr_b_reg[3]/Q
                         net (fo=65, routed)          1.932     6.335    design_1_i/mobilenetV2_0/inst/bram_d2p/u_in/U0/inst_blk_mem_gen/gnbram.gnativebmg.native_blk_mem_gen/valid.cstr/ramloop[16].ram.r/prim_noinit.ram/addrb[3]
    RAMB36_X0Y27         RAMB36E2                                     r  design_1_i/mobilenetV2_0/inst/bram_d2p/u_in/U0/inst_blk_mem_gen/gnbram.gnativebmg.native_blk_mem_gen/valid.cstr/ramloop[16].ram.r/prim_noinit.ram/DEVICE_8SERIES.NO_BMM_INFO.TRUE_DP.SIMPLE_PRIM36.ram/ADDRBWRADDR[7]
  -------------------------------------------------------------------    -------------------

                         (clock clk_out1_clk_wiz_0 rise edge)
                                                      2.500     2.500 r  
    BUFG_PS_X0Y67        BUFG_PS                      0.000     2.500 r  design_1_i/zynq_ultra_ps_e_0/inst/buffer_pl_clk_0.PL_CLK_0_BUFG/O
                         net (fo=2735, routed)        1.733     4.233    design_1_i/mobilenetV2_0/inst/clk_gen/inst/clk_in1
    MMCM_X0Y2            MMCME4_ADV (Prop_MMCM_CLKIN1_CLKOUT0)
                                                      0.644     4.877 r  design_1_i/mobilenetV2_0/inst/clk_gen/inst/mmcme4_adv_inst/CLKOUT0
                         net (fo=1, routed)           0.228     5.105    design_1_i/mobilenetV2_0/inst/clk_gen/inst/clk_out1_clk_wiz_0
    BUFGCE_X0Y66         BUFGCE (Prop_BUFCE_BUFGCE_I_O)
                                                      0.024     5.129 r  design_1_i/mobilenetV2_0/inst/clk_gen/inst/clkout1_buf/O
    X0Y1 (CLOCK_ROOT)    net (fo=22026, routed)       2.007     7.136    design_1_i/mobilenetV2_0/inst/bram_d2p/u_in/U0/inst_blk_mem_gen/gnbram.gnativebmg.native_blk_mem_gen/valid.cstr/ramloop[16].ram.r/prim_noinit.ram/clka
    RAMB36_X0Y27         RAMB36E2                                     r  design_1_i/mobilenetV2_0/inst/bram_d2p/u_in/U0/inst_blk_mem_gen/gnbram.gnativebmg.native_blk_mem_gen/valid.cstr/ramloop[16].ram.r/prim_noinit.ram/DEVICE_8SERIES.NO_BMM_INFO.TRUE_DP.SIMPLE_PRIM36.ram/CLKBWRCLK
                         clock pessimism             -0.358     6.778    
                         clock uncertainty           -0.057     6.721    
    RAMB36_X0Y27         RAMB36E2 (Setup_RAMB36E2_RAMB36_CLKBWRCLK_ADDRBWRADDR[7])
                                                     -0.310     6.411    design_1_i/mobilenetV2_0/inst/bram_d2p/u_in/U0/inst_blk_mem_gen/gnbram.gnativebmg.native_blk_mem_gen/valid.cstr/ramloop[16].ram.r/prim_noinit.ram/DEVICE_8SERIES.NO_BMM_INFO.TRUE_DP.SIMPLE_PRIM36.ram
  -------------------------------------------------------------------
                         required time                          6.411    
                         arrival time                          -6.335    
  -------------------------------------------------------------------
                         slack                                  0.076    

Slack (MET) :             0.086ns  (required time - arrival time)
  Source:                 design_1_i/mobilenetV2_0/inst/bram_d2p/wr_pixel_cnt_reg[0]/C
                            (rising edge-triggered cell FDRE clocked by clk_out1_clk_wiz_0  {rise@0.000ns fall@1.250ns period=2.500ns})
  Destination:            design_1_i/mobilenetV2_0/inst/bram_d2p/u_in/U0/inst_blk_mem_gen/gnbram.gnativebmg.native_blk_mem_gen/valid.cstr/ramloop[53].ram.r/prim_noinit.ram/DEVICE_8SERIES.NO_BMM_INFO.TRUE_DP.SIMPLE_PRIM36.ram/ADDRARDADDR[13]
                            (rising edge-triggered cell RAMB36E2 clocked by clk_out1_clk_wiz_0  {rise@0.000ns fall@1.250ns period=2.500ns})
  Path Group:             clk_out1_clk_wiz_0
  Path Type:              Setup (Max at Slow Process Corner)
  Requirement:            2.500ns  (clk_out1_clk_wiz_0 rise@2.500ns - clk_out1_clk_wiz_0 rise@0.000ns)
  Data Path Delay:        1.982ns  (logic 0.526ns (26.539%)  route 1.456ns (73.461%))
  Logic Levels:           3  (LUT5=1 LUT6=2)
  Clock Path Skew:        -0.078ns (DCD - SCD + CPR)
    Destination Clock Delay (DCD):    4.617ns = ( 7.117 - 2.500 ) 
    Source Clock Delay      (SCD):    4.337ns
    Clock Pessimism Removal (CPR):    -0.358ns
  Clock Uncertainty:      0.057ns  ((TSJ^2 + DJ^2)^1/2) / 2 + PE
    Total System Jitter     (TSJ):    0.071ns
    Discrete Jitter          (DJ):    0.090ns
    Phase Error              (PE):    0.000ns
  Clock Net Delay (Source):      2.223ns (routing 1.044ns, distribution 1.179ns)
  Clock Net Delay (Destination): 1.988ns (routing 0.948ns, distribution 1.040ns)

    Location             Delay type                Incr(ns)  Path(ns)    Netlist Resource(s)
  -------------------------------------------------------------------    -------------------
                         (clock clk_out1_clk_wiz_0 rise edge)
                                                      0.000     0.000 r  
    BUFG_PS_X0Y67        BUFG_PS                      0.000     0.000 r  design_1_i/zynq_ultra_ps_e_0/inst/buffer_pl_clk_0.PL_CLK_0_BUFG/O
                         net (fo=2735, routed)        1.935     1.935    design_1_i/mobilenetV2_0/inst/clk_gen/inst/clk_in1
    MMCM_X0Y2            MMCME4_ADV (Prop_MMCM_CLKIN1_CLKOUT0)
                                                     -0.106     1.829 r  design_1_i/mobilenetV2_0/inst/clk_gen/inst/mmcme4_adv_inst/CLKOUT0
                         net (fo=1, routed)           0.257     2.086    design_1_i/mobilenetV2_0/inst/clk_gen/inst/clk_out1_clk_wiz_0
    BUFGCE_X0Y66         BUFGCE (Prop_BUFCE_BUFGCE_I_O)
                                                      0.028     2.114 r  design_1_i/mobilenetV2_0/inst/clk_gen/inst/clkout1_buf/O
    X0Y1 (CLOCK_ROOT)    net (fo=22026, routed)       2.223     4.337    design_1_i/mobilenetV2_0/inst/bram_d2p/clk_out1
    SLICE_X16Y129        FDRE                                         r  design_1_i/mobilenetV2_0/inst/bram_d2p/wr_pixel_cnt_reg[0]/C
  -------------------------------------------------------------------    -------------------
    SLICE_X16Y129        FDRE (Prop_DFF2_SLICEM_C_Q)
                                                      0.098     4.435 f  design_1_i/mobilenetV2_0/inst/bram_d2p/wr_pixel_cnt_reg[0]/Q
                         net (fo=20, routed)          0.188     4.623    design_1_i/mobilenetV2_0/inst/bram_d2p/wr_pixel_cnt_reg_n_0_[0]
    SLICE_X16Y129        LUT6 (Prop_F6LUT_SLICEM_I3_O)
                                                      0.148     4.771 r  design_1_i/mobilenetV2_0/inst/bram_d2p/u_in_i_50/O
                         net (fo=5, routed)           0.140     4.911    design_1_i/mobilenetV2_0/inst/bram_d2p/u_in_i_50_n_0
    SLICE_X16Y129        LUT6 (Prop_A6LUT_SLICEM_I3_O)
                                                      0.179     5.090 r  design_1_i/mobilenetV2_0/inst/bram_d2p/u_in_i_46/O
                         net (fo=3, routed)           0.120     5.210    design_1_i/mobilenetV2_0/inst/bram_d2p/u_in_i_46_n_0
    SLICE_X16Y130        LUT5 (Prop_E6LUT_SLICEM_I1_O)
                                                      0.101     5.311 r  design_1_i/mobilenetV2_0/inst/bram_d2p/u_in_i_35/O
                         net (fo=64, routed)          1.008     6.319    design_1_i/mobilenetV2_0/inst/bram_d2p/u_in/U0/inst_blk_mem_gen/gnbram.gnativebmg.native_blk_mem_gen/valid.cstr/ramloop[53].ram.r/prim_noinit.ram/addra[9]
    RAMB36_X0Y31         RAMB36E2                                     r  design_1_i/mobilenetV2_0/inst/bram_d2p/u_in/U0/inst_blk_mem_gen/gnbram.gnativebmg.native_blk_mem_gen/valid.cstr/ramloop[53].ram.r/prim_noinit.ram/DEVICE_8SERIES.NO_BMM_INFO.TRUE_DP.SIMPLE_PRIM36.ram/ADDRARDADDR[13]
  -------------------------------------------------------------------    -------------------

                         (clock clk_out1_clk_wiz_0 rise edge)
                                                      2.500     2.500 r  
    BUFG_PS_X0Y67        BUFG_PS                      0.000     2.500 r  design_1_i/zynq_ultra_ps_e_0/inst/buffer_pl_clk_0.PL_CLK_0_BUFG/O
                         net (fo=2735, routed)        1.733     4.233    design_1_i/mobilenetV2_0/inst/clk_gen/inst/clk_in1
    MMCM_X0Y2            MMCME4_ADV (Prop_MMCM_CLKIN1_CLKOUT0)
                                                      0.644     4.877 r  design_1_i/mobilenetV2_0/inst/clk_gen/inst/mmcme4_adv_inst/CLKOUT0
                         net (fo=1, routed)           0.228     5.105    design_1_i/mobilenetV2_0/inst/clk_gen/inst/clk_out1_clk_wiz_0
    BUFGCE_X0Y66         BUFGCE (Prop_BUFCE_BUFGCE_I_O)
                                                      0.024     5.129 r  design_1_i/mobilenetV2_0/inst/clk_gen/inst/clkout1_buf/O
    X0Y1 (CLOCK_ROOT)    net (fo=22026, routed)       1.988     7.117    design_1_i/mobilenetV2_0/inst/bram_d2p/u_in/U0/inst_blk_mem_gen/gnbram.gnativebmg.native_blk_mem_gen/valid.cstr/ramloop[53].ram.r/prim_noinit.ram/clka
    RAMB36_X0Y31         RAMB36E2                                     r  design_1_i/mobilenetV2_0/inst/bram_d2p/u_in/U0/inst_blk_mem_gen/gnbram.gnativebmg.native_blk_mem_gen/valid.cstr/ramloop[53].ram.r/prim_noinit.ram/DEVICE_8SERIES.NO_BMM_INFO.TRUE_DP.SIMPLE_PRIM36.ram/CLKARDCLK
                         clock pessimism             -0.358     6.759    
                         clock uncertainty           -0.057     6.702    
    RAMB36_X0Y31         RAMB36E2 (Setup_RAMB36E2_RAMB36_CLKARDCLK_ADDRARDADDR[13])
                                                     -0.297     6.405    design_1_i/mobilenetV2_0/inst/bram_d2p/u_in/U0/inst_blk_mem_gen/gnbram.gnativebmg.native_blk_mem_gen/valid.cstr/ramloop[53].ram.r/prim_noinit.ram/DEVICE_8SERIES.NO_BMM_INFO.TRUE_DP.SIMPLE_PRIM36.ram
  -------------------------------------------------------------------
                         required time                          6.405    
                         arrival time                          -6.319    
  -------------------------------------------------------------------
                         slack                                  0.086    

Slack (MET) :             0.089ns  (required time - arrival time)
  Source:                 design_1_i/mobilenetV2_0/inst/u_pointwise_input/result_write_data[7]_i_153_psbram_1/C
                            (rising edge-triggered cell FDRE clocked by clk_out1_clk_wiz_0  {rise@0.000ns fall@1.250ns period=2.500ns})
  Destination:            design_1_i/mobilenetV2_0/inst/result_write_data_reg[14]/D
                            (rising edge-triggered cell FDRE clocked by clk_out1_clk_wiz_0  {rise@0.000ns fall@1.250ns period=2.500ns})
  Path Group:             clk_out1_clk_wiz_0
  Path Type:              Setup (Max at Slow Process Corner)
  Requirement:            2.500ns  (clk_out1_clk_wiz_0 rise@2.500ns - clk_out1_clk_wiz_0 rise@0.000ns)
  Data Path Delay:        2.201ns  (logic 0.916ns (41.617%)  route 1.285ns (58.383%))
  Logic Levels:           7  (CARRY8=2 LUT3=1 LUT6=3 MUXF7=1)
  Clock Path Skew:        -0.179ns (DCD - SCD + CPR)
    Destination Clock Delay (DCD):    4.541ns = ( 7.041 - 2.500 ) 
    Source Clock Delay      (SCD):    4.364ns
    Clock Pessimism Removal (CPR):    -0.356ns
  Clock Uncertainty:      0.057ns  ((TSJ^2 + DJ^2)^1/2) / 2 + PE
    Total System Jitter     (TSJ):    0.071ns
    Discrete Jitter          (DJ):    0.090ns
    Phase Error              (PE):    0.000ns
  Clock Net Delay (Source):      2.250ns (routing 1.044ns, distribution 1.206ns)
  Clock Net Delay (Destination): 1.912ns (routing 0.948ns, distribution 0.964ns)

    Location             Delay type                Incr(ns)  Path(ns)    Netlist Resource(s)
  -------------------------------------------------------------------    -------------------
                         (clock clk_out1_clk_wiz_0 rise edge)
                                                      0.000     0.000 r  
    BUFG_PS_X0Y67        BUFG_PS                      0.000     0.000 r  design_1_i/zynq_ultra_ps_e_0/inst/buffer_pl_clk_0.PL_CLK_0_BUFG/O
                         net (fo=2735, routed)        1.935     1.935    design_1_i/mobilenetV2_0/inst/clk_gen/inst/clk_in1
    MMCM_X0Y2            MMCME4_ADV (Prop_MMCM_CLKIN1_CLKOUT0)
                                                     -0.106     1.829 r  design_1_i/mobilenetV2_0/inst/clk_gen/inst/mmcme4_adv_inst/CLKOUT0
                         net (fo=1, routed)           0.257     2.086    design_1_i/mobilenetV2_0/inst/clk_gen/inst/clk_out1_clk_wiz_0
    BUFGCE_X0Y66         BUFGCE (Prop_BUFCE_BUFGCE_I_O)
                                                      0.028     2.114 r  design_1_i/mobilenetV2_0/inst/clk_gen/inst/clkout1_buf/O
    X0Y1 (CLOCK_ROOT)    net (fo=22026, routed)       2.250     4.364    design_1_i/mobilenetV2_0/inst/u_pointwise_input/clk_out1
    SLICE_X32Y56         FDRE                                         r  design_1_i/mobilenetV2_0/inst/u_pointwise_input/result_write_data[7]_i_153_psbram_1/C
  -------------------------------------------------------------------    -------------------
    SLICE_X32Y56         FDRE (Prop_AFF_SLICEL_C_Q)
                                                      0.096     4.460 r  design_1_i/mobilenetV2_0/inst/u_pointwise_input/result_write_data[7]_i_153_psbram_1/Q
                         net (fo=1, routed)           0.562     5.022    design_1_i/mobilenetV2_0/inst/u_pointwise_input/skip_bram_data_even[52]
    SLICE_X32Y45         LUT6 (Prop_B6LUT_SLICEL_I0_O)
                                                      0.177     5.199 r  design_1_i/mobilenetV2_0/inst/u_pointwise_input/result_write_data[7]_i_153/O
                         net (fo=1, routed)           0.010     5.209    design_1_i/mobilenetV2_0/inst/u_pointwise_input/result_write_data[7]_i_153_n_0
    SLICE_X32Y45         MUXF7 (Prop_F7MUX_AB_SLICEL_I0_O)
                                                      0.082     5.291 r  design_1_i/mobilenetV2_0/inst/u_pointwise_input/result_write_data_reg[7]_i_62/O
                         net (fo=1, routed)           0.259     5.550    design_1_i/mobilenetV2_0/inst/u_pointwise_input/result_write_data_reg[7]_i_62_n_0
    SLICE_X29Y46         LUT6 (Prop_C6LUT_SLICEM_I5_O)
                                                      0.098     5.648 r  design_1_i/mobilenetV2_0/inst/u_pointwise_input/result_write_data[7]_i_20/O
                         net (fo=1, routed)           0.214     5.862    design_1_i/mobilenetV2_0/inst/pad/result_write_data_reg[7]_i_2_12
    SLICE_X27Y45         LUT6 (Prop_E6LUT_SLICEL_I1_O)
                                                      0.100     5.962 r  design_1_i/mobilenetV2_0/inst/pad/result_write_data[7]_i_6/O
                         net (fo=1, routed)           0.008     5.970    design_1_i/mobilenetV2_0/inst/pad/result_write_data[7]_i_6_n_0
    SLICE_X27Y45         CARRY8 (Prop_CARRY8_SLICEL_S[4]_CO[7])
                                                      0.195     6.165 r  design_1_i/mobilenetV2_0/inst/pad/result_write_data_reg[7]_i_2/CO[7]
                         net (fo=1, routed)           0.028     6.193    design_1_i/mobilenetV2_0/inst/pad/result_write_data_reg[7]_i_2_n_0
    SLICE_X27Y46         CARRY8 (Prop_CARRY8_SLICEL_CI_O[6])
                                                      0.129     6.322 r  design_1_i/mobilenetV2_0/inst/pad/result_write_data_reg[15]_i_2/O[6]
                         net (fo=1, routed)           0.144     6.466    design_1_i/mobilenetV2_0/inst/pad/pointwise_after_depth_out0[14]
    SLICE_X27Y47         LUT3 (Prop_F6LUT_SLICEL_I0_O)
                                                      0.039     6.505 r  design_1_i/mobilenetV2_0/inst/pad/result_write_data[14]_i_1/O
                         net (fo=1, routed)           0.060     6.565    design_1_i/mobilenetV2_0/inst/pointwise_after_depth_out_full[14]
    SLICE_X27Y47         FDRE                                         r  design_1_i/mobilenetV2_0/inst/result_write_data_reg[14]/D
  -------------------------------------------------------------------    -------------------

                         (clock clk_out1_clk_wiz_0 rise edge)
                                                      2.500     2.500 r  
    BUFG_PS_X0Y67        BUFG_PS                      0.000     2.500 r  design_1_i/zynq_ultra_ps_e_0/inst/buffer_pl_clk_0.PL_CLK_0_BUFG/O
                         net (fo=2735, routed)        1.733     4.233    design_1_i/mobilenetV2_0/inst/clk_gen/inst/clk_in1
    MMCM_X0Y2            MMCME4_ADV (Prop_MMCM_CLKIN1_CLKOUT0)
                                                      0.644     4.877 r  design_1_i/mobilenetV2_0/inst/clk_gen/inst/mmcme4_adv_inst/CLKOUT0
                         net (fo=1, routed)           0.228     5.105    design_1_i/mobilenetV2_0/inst/clk_gen/inst/clk_out1_clk_wiz_0
    BUFGCE_X0Y66         BUFGCE (Prop_BUFCE_BUFGCE_I_O)
                                                      0.024     5.129 r  design_1_i/mobilenetV2_0/inst/clk_gen/inst/clkout1_buf/O
    X0Y1 (CLOCK_ROOT)    net (fo=22026, routed)       1.912     7.041    design_1_i/mobilenetV2_0/inst/clk
    SLICE_X27Y47         FDRE                                         r  design_1_i/mobilenetV2_0/inst/result_write_data_reg[14]/C
                         clock pessimism             -0.356     6.685    
                         clock uncertainty           -0.057     6.627    
    SLICE_X27Y47         FDRE (Setup_FFF_SLICEL_C_D)
                                                      0.027     6.654    design_1_i/mobilenetV2_0/inst/result_write_data_reg[14]
  -------------------------------------------------------------------
                         required time                          6.654    
                         arrival time                          -6.565    
  -------------------------------------------------------------------
                         slack                                  0.089    

Slack (MET) :             0.101ns  (required time - arrival time)
  Source:                 design_1_i/mobilenetV2_0/inst/pad/input_rd_addr_b_reg[3]/C
                            (rising edge-triggered cell FDRE clocked by clk_out1_clk_wiz_0  {rise@0.000ns fall@1.250ns period=2.500ns})
  Destination:            design_1_i/mobilenetV2_0/inst/bram_d2p/u_in/U0/inst_blk_mem_gen/gnbram.gnativebmg.native_blk_mem_gen/valid.cstr/ramloop[38].ram.r/prim_noinit.ram/DEVICE_8SERIES.NO_BMM_INFO.TRUE_DP.SIMPLE_PRIM36.ram/ADDRBWRADDR[7]
                            (rising edge-triggered cell RAMB36E2 clocked by clk_out1_clk_wiz_0  {rise@0.000ns fall@1.250ns period=2.500ns})
  Path Group:             clk_out1_clk_wiz_0
  Path Type:              Setup (Max at Slow Process Corner)
  Requirement:            2.500ns  (clk_out1_clk_wiz_0 rise@2.500ns - clk_out1_clk_wiz_0 rise@0.000ns)
  Data Path Delay:        1.849ns  (logic 0.097ns (5.246%)  route 1.752ns (94.754%))
  Logic Levels:           0  
  Clock Path Skew:        -0.183ns (DCD - SCD + CPR)
    Destination Clock Delay (DCD):    4.542ns = ( 7.042 - 2.500 ) 
    Source Clock Delay      (SCD):    4.306ns
    Clock Pessimism Removal (CPR):    -0.419ns
  Clock Uncertainty:      0.057ns  ((TSJ^2 + DJ^2)^1/2) / 2 + PE
    Total System Jitter     (TSJ):    0.071ns
    Discrete Jitter          (DJ):    0.090ns
    Phase Error              (PE):    0.000ns
  Clock Net Delay (Source):      2.192ns (routing 1.044ns, distribution 1.148ns)
  Clock Net Delay (Destination): 1.913ns (routing 0.948ns, distribution 0.965ns)

    Location             Delay type                Incr(ns)  Path(ns)    Netlist Resource(s)
  -------------------------------------------------------------------    -------------------
                         (clock clk_out1_clk_wiz_0 rise edge)
                                                      0.000     0.000 r  
    BUFG_PS_X0Y67        BUFG_PS                      0.000     0.000 r  design_1_i/zynq_ultra_ps_e_0/inst/buffer_pl_clk_0.PL_CLK_0_BUFG/O
                         net (fo=2735, routed)        1.935     1.935    design_1_i/mobilenetV2_0/inst/clk_gen/inst/clk_in1
    MMCM_X0Y2            MMCME4_ADV (Prop_MMCM_CLKIN1_CLKOUT0)
                                                     -0.106     1.829 r  design_1_i/mobilenetV2_0/inst/clk_gen/inst/mmcme4_adv_inst/CLKOUT0
                         net (fo=1, routed)           0.257     2.086    design_1_i/mobilenetV2_0/inst/clk_gen/inst/clk_out1_clk_wiz_0
    BUFGCE_X0Y66         BUFGCE (Prop_BUFCE_BUFGCE_I_O)
                                                      0.028     2.114 r  design_1_i/mobilenetV2_0/inst/clk_gen/inst/clkout1_buf/O
    X0Y1 (CLOCK_ROOT)    net (fo=22026, routed)       2.192     4.306    design_1_i/mobilenetV2_0/inst/pad/clk_out1
    SLICE_X18Y130        FDRE                                         r  design_1_i/mobilenetV2_0/inst/pad/input_rd_addr_b_reg[3]/C
  -------------------------------------------------------------------    -------------------
    SLICE_X18Y130        FDRE (Prop_CFF_SLICEL_C_Q)
                                                      0.097     4.403 r  design_1_i/mobilenetV2_0/inst/pad/input_rd_addr_b_reg[3]/Q
                         net (fo=65, routed)          1.752     6.155    design_1_i/mobilenetV2_0/inst/bram_d2p/u_in/U0/inst_blk_mem_gen/gnbram.gnativebmg.native_blk_mem_gen/valid.cstr/ramloop[38].ram.r/prim_noinit.ram/addrb[3]
    RAMB36_X2Y19         RAMB36E2                                     r  design_1_i/mobilenetV2_0/inst/bram_d2p/u_in/U0/inst_blk_mem_gen/gnbram.gnativebmg.native_blk_mem_gen/valid.cstr/ramloop[38].ram.r/prim_noinit.ram/DEVICE_8SERIES.NO_BMM_INFO.TRUE_DP.SIMPLE_PRIM36.ram/ADDRBWRADDR[7]
  -------------------------------------------------------------------    -------------------

                         (clock clk_out1_clk_wiz_0 rise edge)
                                                      2.500     2.500 r  
    BUFG_PS_X0Y67        BUFG_PS                      0.000     2.500 r  design_1_i/zynq_ultra_ps_e_0/inst/buffer_pl_clk_0.PL_CLK_0_BUFG/O
                         net (fo=2735, routed)        1.733     4.233    design_1_i/mobilenetV2_0/inst/clk_gen/inst/clk_in1
    MMCM_X0Y2            MMCME4_ADV (Prop_MMCM_CLKIN1_CLKOUT0)
                                                      0.644     4.877 r  design_1_i/mobilenetV2_0/inst/clk_gen/inst/mmcme4_adv_inst/CLKOUT0
                         net (fo=1, routed)           0.228     5.105    design_1_i/mobilenetV2_0/inst/clk_gen/inst/clk_out1_clk_wiz_0
    BUFGCE_X0Y66         BUFGCE (Prop_BUFCE_BUFGCE_I_O)
                                                      0.024     5.129 r  design_1_i/mobilenetV2_0/inst/clk_gen/inst/clkout1_buf/O
    X0Y1 (CLOCK_ROOT)    net (fo=22026, routed)       1.913     7.042    design_1_i/mobilenetV2_0/inst/bram_d2p/u_in/U0/inst_blk_mem_gen/gnbram.gnativebmg.native_blk_mem_gen/valid.cstr/ramloop[38].ram.r/prim_noinit.ram/clka
    RAMB36_X2Y19         RAMB36E2                                     r  design_1_i/mobilenetV2_0/inst/bram_d2p/u_in/U0/inst_blk_mem_gen/gnbram.gnativebmg.native_blk_mem_gen/valid.cstr/ramloop[38].ram.r/prim_noinit.ram/DEVICE_8SERIES.NO_BMM_INFO.TRUE_DP.SIMPLE_PRIM36.ram/CLKBWRCLK
                         clock pessimism             -0.419     6.623    
                         clock uncertainty           -0.057     6.566    
    RAMB36_X2Y19         RAMB36E2 (Setup_RAMB36E2_RAMB36_CLKBWRCLK_ADDRBWRADDR[7])
                                                     -0.310     6.256    design_1_i/mobilenetV2_0/inst/bram_d2p/u_in/U0/inst_blk_mem_gen/gnbram.gnativebmg.native_blk_mem_gen/valid.cstr/ramloop[38].ram.r/prim_noinit.ram/DEVICE_8SERIES.NO_BMM_INFO.TRUE_DP.SIMPLE_PRIM36.ram
  -------------------------------------------------------------------
                         required time                          6.256    
                         arrival time                          -6.155    
  -------------------------------------------------------------------
                         slack                                  0.101    

Slack (MET) :             0.106ns  (required time - arrival time)
  Source:                 design_1_i/mobilenetV2_0/inst/pad/input_rd_addr_b_reg[7]/C
                            (rising edge-triggered cell FDRE clocked by clk_out1_clk_wiz_0  {rise@0.000ns fall@1.250ns period=2.500ns})
  Destination:            design_1_i/mobilenetV2_0/inst/bram_d2p/u_in/U0/inst_blk_mem_gen/gnbram.gnativebmg.native_blk_mem_gen/valid.cstr/ramloop[12].ram.r/prim_noinit.ram/DEVICE_8SERIES.NO_BMM_INFO.TRUE_DP.SIMPLE_PRIM36.ram/ADDRBWRADDR[11]
                            (rising edge-triggered cell RAMB36E2 clocked by clk_out1_clk_wiz_0  {rise@0.000ns fall@1.250ns period=2.500ns})
  Path Group:             clk_out1_clk_wiz_0
  Path Type:              Setup (Max at Slow Process Corner)
  Requirement:            2.500ns  (clk_out1_clk_wiz_0 rise@2.500ns - clk_out1_clk_wiz_0 rise@0.000ns)
  Data Path Delay:        1.949ns  (logic 0.097ns (4.977%)  route 1.852ns (95.023%))
  Logic Levels:           0  
  Clock Path Skew:        -0.062ns (DCD - SCD + CPR)
    Destination Clock Delay (DCD):    4.607ns = ( 7.107 - 2.500 ) 
    Source Clock Delay      (SCD):    4.311ns
    Clock Pessimism Removal (CPR):    -0.358ns
  Clock Uncertainty:      0.057ns  ((TSJ^2 + DJ^2)^1/2) / 2 + PE
    Total System Jitter     (TSJ):    0.071ns
    Discrete Jitter          (DJ):    0.090ns
    Phase Error              (PE):    0.000ns
  Clock Net Delay (Source):      2.197ns (routing 1.044ns, distribution 1.153ns)
  Clock Net Delay (Destination): 1.978ns (routing 0.948ns, distribution 1.030ns)

    Location             Delay type                Incr(ns)  Path(ns)    Netlist Resource(s)
  -------------------------------------------------------------------    -------------------
                         (clock clk_out1_clk_wiz_0 rise edge)
                                                      0.000     0.000 r  
    BUFG_PS_X0Y67        BUFG_PS                      0.000     0.000 r  design_1_i/zynq_ultra_ps_e_0/inst/buffer_pl_clk_0.PL_CLK_0_BUFG/O
                         net (fo=2735, routed)        1.935     1.935    design_1_i/mobilenetV2_0/inst/clk_gen/inst/clk_in1
    MMCM_X0Y2            MMCME4_ADV (Prop_MMCM_CLKIN1_CLKOUT0)
                                                     -0.106     1.829 r  design_1_i/mobilenetV2_0/inst/clk_gen/inst/mmcme4_adv_inst/CLKOUT0
                         net (fo=1, routed)           0.257     2.086    design_1_i/mobilenetV2_0/inst/clk_gen/inst/clk_out1_clk_wiz_0
    BUFGCE_X0Y66         BUFGCE (Prop_BUFCE_BUFGCE_I_O)
                                                      0.028     2.114 r  design_1_i/mobilenetV2_0/inst/clk_gen/inst/clkout1_buf/O
    X0Y1 (CLOCK_ROOT)    net (fo=22026, routed)       2.197     4.311    design_1_i/mobilenetV2_0/inst/pad/clk_out1
    SLICE_X18Y130        FDRE                                         r  design_1_i/mobilenetV2_0/inst/pad/input_rd_addr_b_reg[7]/C
  -------------------------------------------------------------------    -------------------
    SLICE_X18Y130        FDRE (Prop_GFF_SLICEL_C_Q)
                                                      0.097     4.408 r  design_1_i/mobilenetV2_0/inst/pad/input_rd_addr_b_reg[7]/Q
                         net (fo=65, routed)          1.852     6.260    design_1_i/mobilenetV2_0/inst/bram_d2p/u_in/U0/inst_blk_mem_gen/gnbram.gnativebmg.native_blk_mem_gen/valid.cstr/ramloop[12].ram.r/prim_noinit.ram/addrb[7]
    RAMB36_X1Y29         RAMB36E2                                     r  design_1_i/mobilenetV2_0/inst/bram_d2p/u_in/U0/inst_blk_mem_gen/gnbram.gnativebmg.native_blk_mem_gen/valid.cstr/ramloop[12].ram.r/prim_noinit.ram/DEVICE_8SERIES.NO_BMM_INFO.TRUE_DP.SIMPLE_PRIM36.ram/ADDRBWRADDR[11]
  -------------------------------------------------------------------    -------------------

                         (clock clk_out1_clk_wiz_0 rise edge)
                                                      2.500     2.500 r  
    BUFG_PS_X0Y67        BUFG_PS                      0.000     2.500 r  design_1_i/zynq_ultra_ps_e_0/inst/buffer_pl_clk_0.PL_CLK_0_BUFG/O
                         net (fo=2735, routed)        1.733     4.233    design_1_i/mobilenetV2_0/inst/clk_gen/inst/clk_in1
    MMCM_X0Y2            MMCME4_ADV (Prop_MMCM_CLKIN1_CLKOUT0)
                                                      0.644     4.877 r  design_1_i/mobilenetV2_0/inst/clk_gen/inst/mmcme4_adv_inst/CLKOUT0
                         net (fo=1, routed)           0.228     5.105    design_1_i/mobilenetV2_0/inst/clk_gen/inst/clk_out1_clk_wiz_0
    BUFGCE_X0Y66         BUFGCE (Prop_BUFCE_BUFGCE_I_O)
                                                      0.024     5.129 r  design_1_i/mobilenetV2_0/inst/clk_gen/inst/clkout1_buf/O
    X0Y1 (CLOCK_ROOT)    net (fo=22026, routed)       1.978     7.107    design_1_i/mobilenetV2_0/inst/bram_d2p/u_in/U0/inst_blk_mem_gen/gnbram.gnativebmg.native_blk_mem_gen/valid.cstr/ramloop[12].ram.r/prim_noinit.ram/clka
    RAMB36_X1Y29         RAMB36E2                                     r  design_1_i/mobilenetV2_0/inst/bram_d2p/u_in/U0/inst_blk_mem_gen/gnbram.gnativebmg.native_blk_mem_gen/valid.cstr/ramloop[12].ram.r/prim_noinit.ram/DEVICE_8SERIES.NO_BMM_INFO.TRUE_DP.SIMPLE_PRIM36.ram/CLKBWRCLK
                         clock pessimism             -0.358     6.749    
                         clock uncertainty           -0.057     6.692    
    RAMB36_X1Y29         RAMB36E2 (Setup_RAMB36E2_RAMB36_CLKBWRCLK_ADDRBWRADDR[11])
                                                     -0.326     6.366    design_1_i/mobilenetV2_0/inst/bram_d2p/u_in/U0/inst_blk_mem_gen/gnbram.gnativebmg.native_blk_mem_gen/valid.cstr/ramloop[12].ram.r/prim_noinit.ram/DEVICE_8SERIES.NO_BMM_INFO.TRUE_DP.SIMPLE_PRIM36.ram
  -------------------------------------------------------------------
                         required time                          6.366    
                         arrival time                          -6.260    
  -------------------------------------------------------------------
                         slack                                  0.106    

Slack (MET) :             0.111ns  (required time - arrival time)
  Source:                 design_1_i/mobilenetV2_0/inst/u_pointwise_input/result_write_data[7]_i_153_psbram_1/C
                            (rising edge-triggered cell FDRE clocked by clk_out1_clk_wiz_0  {rise@0.000ns fall@1.250ns period=2.500ns})
  Destination:            design_1_i/mobilenetV2_0/inst/result_write_data_reg[12]/D
                            (rising edge-triggered cell FDRE clocked by clk_out1_clk_wiz_0  {rise@0.000ns fall@1.250ns period=2.500ns})
  Path Group:             clk_out1_clk_wiz_0
  Path Type:              Setup (Max at Slow Process Corner)
  Requirement:            2.500ns  (clk_out1_clk_wiz_0 rise@2.500ns - clk_out1_clk_wiz_0 rise@0.000ns)
  Data Path Delay:        2.179ns  (logic 0.897ns (41.166%)  route 1.282ns (58.834%))
  Logic Levels:           7  (CARRY8=2 LUT3=1 LUT6=3 MUXF7=1)
  Clock Path Skew:        -0.179ns (DCD - SCD + CPR)
    Destination Clock Delay (DCD):    4.541ns = ( 7.041 - 2.500 ) 
    Source Clock Delay      (SCD):    4.364ns
    Clock Pessimism Removal (CPR):    -0.356ns
  Clock Uncertainty:      0.057ns  ((TSJ^2 + DJ^2)^1/2) / 2 + PE
    Total System Jitter     (TSJ):    0.071ns
    Discrete Jitter          (DJ):    0.090ns
    Phase Error              (PE):    0.000ns
  Clock Net Delay (Source):      2.250ns (routing 1.044ns, distribution 1.206ns)
  Clock Net Delay (Destination): 1.912ns (routing 0.948ns, distribution 0.964ns)

    Location             Delay type                Incr(ns)  Path(ns)    Netlist Resource(s)
  -------------------------------------------------------------------    -------------------
                         (clock clk_out1_clk_wiz_0 rise edge)
                                                      0.000     0.000 r  
    BUFG_PS_X0Y67        BUFG_PS                      0.000     0.000 r  design_1_i/zynq_ultra_ps_e_0/inst/buffer_pl_clk_0.PL_CLK_0_BUFG/O
                         net (fo=2735, routed)        1.935     1.935    design_1_i/mobilenetV2_0/inst/clk_gen/inst/clk_in1
    MMCM_X0Y2            MMCME4_ADV (Prop_MMCM_CLKIN1_CLKOUT0)
                                                     -0.106     1.829 r  design_1_i/mobilenetV2_0/inst/clk_gen/inst/mmcme4_adv_inst/CLKOUT0
                         net (fo=1, routed)           0.257     2.086    design_1_i/mobilenetV2_0/inst/clk_gen/inst/clk_out1_clk_wiz_0
    BUFGCE_X0Y66         BUFGCE (Prop_BUFCE_BUFGCE_I_O)
                                                      0.028     2.114 r  design_1_i/mobilenetV2_0/inst/clk_gen/inst/clkout1_buf/O
    X0Y1 (CLOCK_ROOT)    net (fo=22026, routed)       2.250     4.364    design_1_i/mobilenetV2_0/inst/u_pointwise_input/clk_out1
    SLICE_X32Y56         FDRE                                         r  design_1_i/mobilenetV2_0/inst/u_pointwise_input/result_write_data[7]_i_153_psbram_1/C
  -------------------------------------------------------------------    -------------------
    SLICE_X32Y56         FDRE (Prop_AFF_SLICEL_C_Q)
                                                      0.096     4.460 r  design_1_i/mobilenetV2_0/inst/u_pointwise_input/result_write_data[7]_i_153_psbram_1/Q
                         net (fo=1, routed)           0.562     5.022    design_1_i/mobilenetV2_0/inst/u_pointwise_input/skip_bram_data_even[52]
    SLICE_X32Y45         LUT6 (Prop_B6LUT_SLICEL_I0_O)
                                                      0.177     5.199 r  design_1_i/mobilenetV2_0/inst/u_pointwise_input/result_write_data[7]_i_153/O
                         net (fo=1, routed)           0.010     5.209    design_1_i/mobilenetV2_0/inst/u_pointwise_input/result_write_data[7]_i_153_n_0
    SLICE_X32Y45         MUXF7 (Prop_F7MUX_AB_SLICEL_I0_O)
                                                      0.082     5.291 r  design_1_i/mobilenetV2_0/inst/u_pointwise_input/result_write_data_reg[7]_i_62/O
                         net (fo=1, routed)           0.259     5.550    design_1_i/mobilenetV2_0/inst/u_pointwise_input/result_write_data_reg[7]_i_62_n_0
    SLICE_X29Y46         LUT6 (Prop_C6LUT_SLICEM_I5_O)
                                                      0.098     5.648 r  design_1_i/mobilenetV2_0/inst/u_pointwise_input/result_write_data[7]_i_20/O
                         net (fo=1, routed)           0.214     5.862    design_1_i/mobilenetV2_0/inst/pad/result_write_data_reg[7]_i_2_12
    SLICE_X27Y45         LUT6 (Prop_E6LUT_SLICEL_I1_O)
                                                      0.100     5.962 r  design_1_i/mobilenetV2_0/inst/pad/result_write_data[7]_i_6/O
                         net (fo=1, routed)           0.008     5.970    design_1_i/mobilenetV2_0/inst/pad/result_write_data[7]_i_6_n_0
    SLICE_X27Y45         CARRY8 (Prop_CARRY8_SLICEL_S[4]_CO[7])
                                                      0.195     6.165 r  design_1_i/mobilenetV2_0/inst/pad/result_write_data_reg[7]_i_2/CO[7]
                         net (fo=1, routed)           0.028     6.193    design_1_i/mobilenetV2_0/inst/pad/result_write_data_reg[7]_i_2_n_0
    SLICE_X27Y46         CARRY8 (Prop_CARRY8_SLICEL_CI_O[4])
                                                      0.109     6.302 r  design_1_i/mobilenetV2_0/inst/pad/result_write_data_reg[15]_i_2/O[4]
                         net (fo=1, routed)           0.141     6.443    design_1_i/mobilenetV2_0/inst/pad/pointwise_after_depth_out0[12]
    SLICE_X27Y47         LUT3 (Prop_H6LUT_SLICEL_I0_O)
                                                      0.040     6.483 r  design_1_i/mobilenetV2_0/inst/pad/result_write_data[12]_i_1/O
                         net (fo=1, routed)           0.060     6.543    design_1_i/mobilenetV2_0/inst/pointwise_after_depth_out_full[12]
    SLICE_X27Y47         FDRE                                         r  design_1_i/mobilenetV2_0/inst/result_write_data_reg[12]/D
  -------------------------------------------------------------------    -------------------

                         (clock clk_out1_clk_wiz_0 rise edge)
                                                      2.500     2.500 r  
    BUFG_PS_X0Y67        BUFG_PS                      0.000     2.500 r  design_1_i/zynq_ultra_ps_e_0/inst/buffer_pl_clk_0.PL_CLK_0_BUFG/O
                         net (fo=2735, routed)        1.733     4.233    design_1_i/mobilenetV2_0/inst/clk_gen/inst/clk_in1
    MMCM_X0Y2            MMCME4_ADV (Prop_MMCM_CLKIN1_CLKOUT0)
                                                      0.644     4.877 r  design_1_i/mobilenetV2_0/inst/clk_gen/inst/mmcme4_adv_inst/CLKOUT0
                         net (fo=1, routed)           0.228     5.105    design_1_i/mobilenetV2_0/inst/clk_gen/inst/clk_out1_clk_wiz_0
    BUFGCE_X0Y66         BUFGCE (Prop_BUFCE_BUFGCE_I_O)
                                                      0.024     5.129 r  design_1_i/mobilenetV2_0/inst/clk_gen/inst/clkout1_buf/O
    X0Y1 (CLOCK_ROOT)    net (fo=22026, routed)       1.912     7.041    design_1_i/mobilenetV2_0/inst/clk
    SLICE_X27Y47         FDRE                                         r  design_1_i/mobilenetV2_0/inst/result_write_data_reg[12]/C
                         clock pessimism             -0.356     6.685    
                         clock uncertainty           -0.057     6.627    
    SLICE_X27Y47         FDRE (Setup_HFF_SLICEL_C_D)
                                                      0.027     6.654    design_1_i/mobilenetV2_0/inst/result_write_data_reg[12]
  -------------------------------------------------------------------
                         required time                          6.654    
                         arrival time                          -6.543    
  -------------------------------------------------------------------
                         slack                                  0.111    

Slack (MET) :             0.112ns  (required time - arrival time)
  Source:                 design_1_i/mobilenetV2_0/inst/bram_d2p/wr_pixel_cnt_reg[0]/C
                            (rising edge-triggered cell FDRE clocked by clk_out1_clk_wiz_0  {rise@0.000ns fall@1.250ns period=2.500ns})
  Destination:            design_1_i/mobilenetV2_0/inst/bram_d2p/u_in/U0/inst_blk_mem_gen/gnbram.gnativebmg.native_blk_mem_gen/valid.cstr/ramloop[49].ram.r/prim_noinit.ram/DEVICE_8SERIES.NO_BMM_INFO.TRUE_DP.SIMPLE_PRIM36.ram/ADDRARDADDR[13]
                            (rising edge-triggered cell RAMB36E2 clocked by clk_out1_clk_wiz_0  {rise@0.000ns fall@1.250ns period=2.500ns})
  Path Group:             clk_out1_clk_wiz_0
  Path Type:              Setup (Max at Slow Process Corner)
  Requirement:            2.500ns  (clk_out1_clk_wiz_0 rise@2.500ns - clk_out1_clk_wiz_0 rise@0.000ns)
  Data Path Delay:        1.951ns  (logic 0.526ns (26.961%)  route 1.425ns (73.039%))
  Logic Levels:           3  (LUT5=1 LUT6=2)
  Clock Path Skew:        -0.083ns (DCD - SCD + CPR)
    Destination Clock Delay (DCD):    4.612ns = ( 7.112 - 2.500 ) 
    Source Clock Delay      (SCD):    4.337ns
    Clock Pessimism Removal (CPR):    -0.358ns
  Clock Uncertainty:      0.057ns  ((TSJ^2 + DJ^2)^1/2) / 2 + PE
    Total System Jitter     (TSJ):    0.071ns
    Discrete Jitter          (DJ):    0.090ns
    Phase Error              (PE):    0.000ns
  Clock Net Delay (Source):      2.223ns (routing 1.044ns, distribution 1.179ns)
  Clock Net Delay (Destination): 1.983ns (routing 0.948ns, distribution 1.035ns)

    Location             Delay type                Incr(ns)  Path(ns)    Netlist Resource(s)
  -------------------------------------------------------------------    -------------------
                         (clock clk_out1_clk_wiz_0 rise edge)
                                                      0.000     0.000 r  
    BUFG_PS_X0Y67        BUFG_PS                      0.000     0.000 r  design_1_i/zynq_ultra_ps_e_0/inst/buffer_pl_clk_0.PL_CLK_0_BUFG/O
                         net (fo=2735, routed)        1.935     1.935    design_1_i/mobilenetV2_0/inst/clk_gen/inst/clk_in1
    MMCM_X0Y2            MMCME4_ADV (Prop_MMCM_CLKIN1_CLKOUT0)
                                                     -0.106     1.829 r  design_1_i/mobilenetV2_0/inst/clk_gen/inst/mmcme4_adv_inst/CLKOUT0
                         net (fo=1, routed)           0.257     2.086    design_1_i/mobilenetV2_0/inst/clk_gen/inst/clk_out1_clk_wiz_0
    BUFGCE_X0Y66         BUFGCE (Prop_BUFCE_BUFGCE_I_O)
                                                      0.028     2.114 r  design_1_i/mobilenetV2_0/inst/clk_gen/inst/clkout1_buf/O
    X0Y1 (CLOCK_ROOT)    net (fo=22026, routed)       2.223     4.337    design_1_i/mobilenetV2_0/inst/bram_d2p/clk_out1
    SLICE_X16Y129        FDRE                                         r  design_1_i/mobilenetV2_0/inst/bram_d2p/wr_pixel_cnt_reg[0]/C
  -------------------------------------------------------------------    -------------------
    SLICE_X16Y129        FDRE (Prop_DFF2_SLICEM_C_Q)
                                                      0.098     4.435 f  design_1_i/mobilenetV2_0/inst/bram_d2p/wr_pixel_cnt_reg[0]/Q
                         net (fo=20, routed)          0.188     4.623    design_1_i/mobilenetV2_0/inst/bram_d2p/wr_pixel_cnt_reg_n_0_[0]
    SLICE_X16Y129        LUT6 (Prop_F6LUT_SLICEM_I3_O)
                                                      0.148     4.771 r  design_1_i/mobilenetV2_0/inst/bram_d2p/u_in_i_50/O
                         net (fo=5, routed)           0.140     4.911    design_1_i/mobilenetV2_0/inst/bram_d2p/u_in_i_50_n_0
    SLICE_X16Y129        LUT6 (Prop_A6LUT_SLICEM_I3_O)
                                                      0.179     5.090 r  design_1_i/mobilenetV2_0/inst/bram_d2p/u_in_i_46/O
                         net (fo=3, routed)           0.120     5.210    design_1_i/mobilenetV2_0/inst/bram_d2p/u_in_i_46_n_0
    SLICE_X16Y130        LUT5 (Prop_E6LUT_SLICEM_I1_O)
                                                      0.101     5.311 r  design_1_i/mobilenetV2_0/inst/bram_d2p/u_in_i_35/O
                         net (fo=64, routed)          0.977     6.288    design_1_i/mobilenetV2_0/inst/bram_d2p/u_in/U0/inst_blk_mem_gen/gnbram.gnativebmg.native_blk_mem_gen/valid.cstr/ramloop[49].ram.r/prim_noinit.ram/addra[9]
    RAMB36_X1Y32         RAMB36E2                                     r  design_1_i/mobilenetV2_0/inst/bram_d2p/u_in/U0/inst_blk_mem_gen/gnbram.gnativebmg.native_blk_mem_gen/valid.cstr/ramloop[49].ram.r/prim_noinit.ram/DEVICE_8SERIES.NO_BMM_INFO.TRUE_DP.SIMPLE_PRIM36.ram/ADDRARDADDR[13]
  -------------------------------------------------------------------    -------------------

                         (clock clk_out1_clk_wiz_0 rise edge)
                                                      2.500     2.500 r  
    BUFG_PS_X0Y67        BUFG_PS                      0.000     2.500 r  design_1_i/zynq_ultra_ps_e_0/inst/buffer_pl_clk_0.PL_CLK_0_BUFG/O
                         net (fo=2735, routed)        1.733     4.233    design_1_i/mobilenetV2_0/inst/clk_gen/inst/clk_in1
    MMCM_X0Y2            MMCME4_ADV (Prop_MMCM_CLKIN1_CLKOUT0)
                                                      0.644     4.877 r  design_1_i/mobilenetV2_0/inst/clk_gen/inst/mmcme4_adv_inst/CLKOUT0
                         net (fo=1, routed)           0.228     5.105    design_1_i/mobilenetV2_0/inst/clk_gen/inst/clk_out1_clk_wiz_0
    BUFGCE_X0Y66         BUFGCE (Prop_BUFCE_BUFGCE_I_O)
                                                      0.024     5.129 r  design_1_i/mobilenetV2_0/inst/clk_gen/inst/clkout1_buf/O
    X0Y1 (CLOCK_ROOT)    net (fo=22026, routed)       1.983     7.112    design_1_i/mobilenetV2_0/inst/bram_d2p/u_in/U0/inst_blk_mem_gen/gnbram.gnativebmg.native_blk_mem_gen/valid.cstr/ramloop[49].ram.r/prim_noinit.ram/clka
    RAMB36_X1Y32         RAMB36E2                                     r  design_1_i/mobilenetV2_0/inst/bram_d2p/u_in/U0/inst_blk_mem_gen/gnbram.gnativebmg.native_blk_mem_gen/valid.cstr/ramloop[49].ram.r/prim_noinit.ram/DEVICE_8SERIES.NO_BMM_INFO.TRUE_DP.SIMPLE_PRIM36.ram/CLKARDCLK
                         clock pessimism             -0.358     6.754    
                         clock uncertainty           -0.057     6.697    
    RAMB36_X1Y32         RAMB36E2 (Setup_RAMB36E2_RAMB36_CLKARDCLK_ADDRARDADDR[13])
                                                     -0.297     6.400    design_1_i/mobilenetV2_0/inst/bram_d2p/u_in/U0/inst_blk_mem_gen/gnbram.gnativebmg.native_blk_mem_gen/valid.cstr/ramloop[49].ram.r/prim_noinit.ram/DEVICE_8SERIES.NO_BMM_INFO.TRUE_DP.SIMPLE_PRIM36.ram
  -------------------------------------------------------------------
                         required time                          6.400    
                         arrival time                          -6.288    
  -------------------------------------------------------------------
                         slack                                  0.112    

Slack (MET) :             0.112ns  (required time - arrival time)
  Source:                 design_1_i/mobilenetV2_0/inst/u_pointwise_input/result_write_data[7]_i_153_psbram_1/C
                            (rising edge-triggered cell FDRE clocked by clk_out1_clk_wiz_0  {rise@0.000ns fall@1.250ns period=2.500ns})
  Destination:            design_1_i/mobilenetV2_0/inst/result_write_data_reg[11]/D
                            (rising edge-triggered cell FDRE clocked by clk_out1_clk_wiz_0  {rise@0.000ns fall@1.250ns period=2.500ns})
  Path Group:             clk_out1_clk_wiz_0
  Path Type:              Setup (Max at Slow Process Corner)
  Requirement:            2.500ns  (clk_out1_clk_wiz_0 rise@2.500ns - clk_out1_clk_wiz_0 rise@0.000ns)
  Data Path Delay:        2.174ns  (logic 0.890ns (40.938%)  route 1.284ns (59.062%))
  Logic Levels:           7  (CARRY8=2 LUT3=1 LUT6=3 MUXF7=1)
  Clock Path Skew:        -0.183ns (DCD - SCD + CPR)
    Destination Clock Delay (DCD):    4.537ns = ( 7.037 - 2.500 ) 
    Source Clock Delay      (SCD):    4.364ns
    Clock Pessimism Removal (CPR):    -0.356ns
  Clock Uncertainty:      0.057ns  ((TSJ^2 + DJ^2)^1/2) / 2 + PE
    Total System Jitter     (TSJ):    0.071ns
    Discrete Jitter          (DJ):    0.090ns
    Phase Error              (PE):    0.000ns
  Clock Net Delay (Source):      2.250ns (routing 1.044ns, distribution 1.206ns)
  Clock Net Delay (Destination): 1.908ns (routing 0.948ns, distribution 0.960ns)

    Location             Delay type                Incr(ns)  Path(ns)    Netlist Resource(s)
  -------------------------------------------------------------------    -------------------
                         (clock clk_out1_clk_wiz_0 rise edge)
                                                      0.000     0.000 r  
    BUFG_PS_X0Y67        BUFG_PS                      0.000     0.000 r  design_1_i/zynq_ultra_ps_e_0/inst/buffer_pl_clk_0.PL_CLK_0_BUFG/O
                         net (fo=2735, routed)        1.935     1.935    design_1_i/mobilenetV2_0/inst/clk_gen/inst/clk_in1
    MMCM_X0Y2            MMCME4_ADV (Prop_MMCM_CLKIN1_CLKOUT0)
                                                     -0.106     1.829 r  design_1_i/mobilenetV2_0/inst/clk_gen/inst/mmcme4_adv_inst/CLKOUT0
                         net (fo=1, routed)           0.257     2.086    design_1_i/mobilenetV2_0/inst/clk_gen/inst/clk_out1_clk_wiz_0
    BUFGCE_X0Y66         BUFGCE (Prop_BUFCE_BUFGCE_I_O)
                                                      0.028     2.114 r  design_1_i/mobilenetV2_0/inst/clk_gen/inst/clkout1_buf/O
    X0Y1 (CLOCK_ROOT)    net (fo=22026, routed)       2.250     4.364    design_1_i/mobilenetV2_0/inst/u_pointwise_input/clk_out1
    SLICE_X32Y56         FDRE                                         r  design_1_i/mobilenetV2_0/inst/u_pointwise_input/result_write_data[7]_i_153_psbram_1/C
  -------------------------------------------------------------------    -------------------
    SLICE_X32Y56         FDRE (Prop_AFF_SLICEL_C_Q)
                                                      0.096     4.460 r  design_1_i/mobilenetV2_0/inst/u_pointwise_input/result_write_data[7]_i_153_psbram_1/Q
                         net (fo=1, routed)           0.562     5.022    design_1_i/mobilenetV2_0/inst/u_pointwise_input/skip_bram_data_even[52]
    SLICE_X32Y45         LUT6 (Prop_B6LUT_SLICEL_I0_O)
                                                      0.177     5.199 r  design_1_i/mobilenetV2_0/inst/u_pointwise_input/result_write_data[7]_i_153/O
                         net (fo=1, routed)           0.010     5.209    design_1_i/mobilenetV2_0/inst/u_pointwise_input/result_write_data[7]_i_153_n_0
    SLICE_X32Y45         MUXF7 (Prop_F7MUX_AB_SLICEL_I0_O)
                                                      0.082     5.291 r  design_1_i/mobilenetV2_0/inst/u_pointwise_input/result_write_data_reg[7]_i_62/O
                         net (fo=1, routed)           0.259     5.550    design_1_i/mobilenetV2_0/inst/u_pointwise_input/result_write_data_reg[7]_i_62_n_0
    SLICE_X29Y46         LUT6 (Prop_C6LUT_SLICEM_I5_O)
                                                      0.098     5.648 r  design_1_i/mobilenetV2_0/inst/u_pointwise_input/result_write_data[7]_i_20/O
                         net (fo=1, routed)           0.214     5.862    design_1_i/mobilenetV2_0/inst/pad/result_write_data_reg[7]_i_2_12
    SLICE_X27Y45         LUT6 (Prop_E6LUT_SLICEL_I1_O)
                                                      0.100     5.962 r  design_1_i/mobilenetV2_0/inst/pad/result_write_data[7]_i_6/O
                         net (fo=1, routed)           0.008     5.970    design_1_i/mobilenetV2_0/inst/pad/result_write_data[7]_i_6_n_0
    SLICE_X27Y45         CARRY8 (Prop_CARRY8_SLICEL_S[4]_CO[7])
                                                      0.195     6.165 r  design_1_i/mobilenetV2_0/inst/pad/result_write_data_reg[7]_i_2/CO[7]
                         net (fo=1, routed)           0.028     6.193    design_1_i/mobilenetV2_0/inst/pad/result_write_data_reg[7]_i_2_n_0
    SLICE_X27Y46         CARRY8 (Prop_CARRY8_SLICEL_CI_O[3])
                                                      0.104     6.297 r  design_1_i/mobilenetV2_0/inst/pad/result_write_data_reg[15]_i_2/O[3]
                         net (fo=1, routed)           0.144     6.441    design_1_i/mobilenetV2_0/inst/pad/pointwise_after_depth_out0[11]
    SLICE_X27Y47         LUT3 (Prop_C6LUT_SLICEL_I0_O)
                                                      0.038     6.479 r  design_1_i/mobilenetV2_0/inst/pad/result_write_data[11]_i_1/O
                         net (fo=1, routed)           0.059     6.538    design_1_i/mobilenetV2_0/inst/pointwise_after_depth_out_full[11]
    SLICE_X27Y47         FDRE                                         r  design_1_i/mobilenetV2_0/inst/result_write_data_reg[11]/D
  -------------------------------------------------------------------    -------------------

                         (clock clk_out1_clk_wiz_0 rise edge)
                                                      2.500     2.500 r  
    BUFG_PS_X0Y67        BUFG_PS                      0.000     2.500 r  design_1_i/zynq_ultra_ps_e_0/inst/buffer_pl_clk_0.PL_CLK_0_BUFG/O
                         net (fo=2735, routed)        1.733     4.233    design_1_i/mobilenetV2_0/inst/clk_gen/inst/clk_in1
    MMCM_X0Y2            MMCME4_ADV (Prop_MMCM_CLKIN1_CLKOUT0)
                                                      0.644     4.877 r  design_1_i/mobilenetV2_0/inst/clk_gen/inst/mmcme4_adv_inst/CLKOUT0
                         net (fo=1, routed)           0.228     5.105    design_1_i/mobilenetV2_0/inst/clk_gen/inst/clk_out1_clk_wiz_0
    BUFGCE_X0Y66         BUFGCE (Prop_BUFCE_BUFGCE_I_O)
                                                      0.024     5.129 r  design_1_i/mobilenetV2_0/inst/clk_gen/inst/clkout1_buf/O
    X0Y1 (CLOCK_ROOT)    net (fo=22026, routed)       1.908     7.037    design_1_i/mobilenetV2_0/inst/clk
    SLICE_X27Y47         FDRE                                         r  design_1_i/mobilenetV2_0/inst/result_write_data_reg[11]/C
                         clock pessimism             -0.356     6.681    
                         clock uncertainty           -0.057     6.623    
    SLICE_X27Y47         FDRE (Setup_CFF_SLICEL_C_D)
                                                      0.027     6.650    design_1_i/mobilenetV2_0/inst/result_write_data_reg[11]
  -------------------------------------------------------------------
                         required time                          6.650    
                         arrival time                          -6.538    
  -------------------------------------------------------------------
                         slack                                  0.112    





Min Delay Paths
--------------------------------------------------------------------------------------
Slack (MET) :             0.014ns  (arrival time - required time)
  Source:                 design_1_i/mobilenetV2_0/inst/pad/pad_odd/genblk1[46].a_sr_reg[0][14]/C
                            (rising edge-triggered cell FDRE clocked by clk_out1_clk_wiz_0  {rise@0.000ns fall@1.250ns period=2.500ns})
  Destination:            design_1_i/mobilenetV2_0/inst/pad/pad_odd/genblk1[46].a_sr_reg[4][14]_srl4/D
                            (rising edge-triggered cell SRL16E clocked by clk_out1_clk_wiz_0  {rise@0.000ns fall@1.250ns period=2.500ns})
  Path Group:             clk_out1_clk_wiz_0
  Path Type:              Hold (Min at Slow Process Corner)
  Requirement:            0.000ns  (clk_out1_clk_wiz_0 rise@0.000ns - clk_out1_clk_wiz_0 rise@0.000ns)
  Data Path Delay:        0.202ns  (logic 0.070ns (34.653%)  route 0.132ns (65.346%))
  Logic Levels:           0  
  Clock Path Skew:        0.142ns (DCD - SCD - CPR)
    Destination Clock Delay (DCD):    4.399ns
    Source Clock Delay      (SCD):    4.616ns
    Clock Pessimism Removal (CPR):    -0.359ns
  Clock Net Delay (Source):      1.987ns (routing 0.948ns, distribution 1.039ns)
  Clock Net Delay (Destination): 2.285ns (routing 1.044ns, distribution 1.241ns)

    Location             Delay type                Incr(ns)  Path(ns)    Netlist Resource(s)
  -------------------------------------------------------------------    -------------------
                         (clock clk_out1_clk_wiz_0 rise edge)
                                                      0.000     0.000 r  
    BUFG_PS_X0Y67        BUFG_PS                      0.000     0.000 r  design_1_i/zynq_ultra_ps_e_0/inst/buffer_pl_clk_0.PL_CLK_0_BUFG/O
                         net (fo=2735, routed)        1.733     1.733    design_1_i/mobilenetV2_0/inst/clk_gen/inst/clk_in1
    MMCM_X0Y2            MMCME4_ADV (Prop_MMCM_CLKIN1_CLKOUT0)
                                                      0.644     2.377 r  design_1_i/mobilenetV2_0/inst/clk_gen/inst/mmcme4_adv_inst/CLKOUT0
                         net (fo=1, routed)           0.228     2.605    design_1_i/mobilenetV2_0/inst/clk_gen/inst/clk_out1_clk_wiz_0
    BUFGCE_X0Y66         BUFGCE (Prop_BUFCE_BUFGCE_I_O)
                                                      0.024     2.629 r  design_1_i/mobilenetV2_0/inst/clk_gen/inst/clkout1_buf/O
    X0Y1 (CLOCK_ROOT)    net (fo=22026, routed)       1.987     4.616    design_1_i/mobilenetV2_0/inst/pad/pad_odd/clk_out1
    SLICE_X36Y107        FDRE                                         r  design_1_i/mobilenetV2_0/inst/pad/pad_odd/genblk1[46].a_sr_reg[0][14]/C
  -------------------------------------------------------------------    -------------------
    SLICE_X36Y107        FDRE (Prop_GFF_SLICEL_C_Q)
                                                      0.070     4.686 r  design_1_i/mobilenetV2_0/inst/pad/pad_odd/genblk1[46].a_sr_reg[0][14]/Q
                         net (fo=1, routed)           0.132     4.818    design_1_i/mobilenetV2_0/inst/pad/pad_odd/genblk1[46].a_sr_reg_n_0_[0][14]
    SLICE_X37Y110        SRL16E                                       r  design_1_i/mobilenetV2_0/inst/pad/pad_odd/genblk1[46].a_sr_reg[4][14]_srl4/D
  -------------------------------------------------------------------    -------------------

                         (clock clk_out1_clk_wiz_0 rise edge)
                                                      0.000     0.000 r  
    BUFG_PS_X0Y67        BUFG_PS                      0.000     0.000 r  design_1_i/zynq_ultra_ps_e_0/inst/buffer_pl_clk_0.PL_CLK_0_BUFG/O
                         net (fo=2735, routed)        1.935     1.935    design_1_i/mobilenetV2_0/inst/clk_gen/inst/clk_in1
    MMCM_X0Y2            MMCME4_ADV (Prop_MMCM_CLKIN1_CLKOUT0)
                                                     -0.106     1.829 r  design_1_i/mobilenetV2_0/inst/clk_gen/inst/mmcme4_adv_inst/CLKOUT0
                         net (fo=1, routed)           0.257     2.086    design_1_i/mobilenetV2_0/inst/clk_gen/inst/clk_out1_clk_wiz_0
    BUFGCE_X0Y66         BUFGCE (Prop_BUFCE_BUFGCE_I_O)
                                                      0.028     2.114 r  design_1_i/mobilenetV2_0/inst/clk_gen/inst/clkout1_buf/O
    X0Y1 (CLOCK_ROOT)    net (fo=22026, routed)       2.285     4.399    design_1_i/mobilenetV2_0/inst/pad/pad_odd/clk_out1
    SLICE_X37Y110        SRL16E                                       r  design_1_i/mobilenetV2_0/inst/pad/pad_odd/genblk1[46].a_sr_reg[4][14]_srl4/CLK
                         clock pessimism              0.359     4.758    
    SLICE_X37Y110        SRL16E (Hold_G5LUT_SLICEM_CLK_D)
                                                      0.046     4.804    design_1_i/mobilenetV2_0/inst/pad/pad_odd/genblk1[46].a_sr_reg[4][14]_srl4
  -------------------------------------------------------------------
                         required time                         -4.804    
                         arrival time                           4.818    
  -------------------------------------------------------------------
                         slack                                  0.014    

Slack (MET) :             0.017ns  (arrival time - required time)
  Source:                 design_1_i/mobilenetV2_0/inst/pad/pad_even/genblk1[60].b_sr_reg[0][14]/C
                            (rising edge-triggered cell FDRE clocked by clk_out1_clk_wiz_0  {rise@0.000ns fall@1.250ns period=2.500ns})
  Destination:            design_1_i/mobilenetV2_0/inst/pad/pad_even/genblk1[60].b_sr_reg[2][14]_srl2/D
                            (rising edge-triggered cell SRL16E clocked by clk_out1_clk_wiz_0  {rise@0.000ns fall@1.250ns period=2.500ns})
  Path Group:             clk_out1_clk_wiz_0
  Path Type:              Hold (Min at Slow Process Corner)
  Requirement:            0.000ns  (clk_out1_clk_wiz_0 rise@0.000ns - clk_out1_clk_wiz_0 rise@0.000ns)
  Data Path Delay:        0.201ns  (logic 0.069ns (34.328%)  route 0.132ns (65.672%))
  Logic Levels:           0  
  Clock Path Skew:        0.138ns (DCD - SCD - CPR)
    Destination Clock Delay (DCD):    4.334ns
    Source Clock Delay      (SCD):    4.561ns
    Clock Pessimism Removal (CPR):    -0.364ns
  Clock Net Delay (Source):      1.932ns (routing 0.948ns, distribution 0.984ns)
  Clock Net Delay (Destination): 2.220ns (routing 1.044ns, distribution 1.176ns)

    Location             Delay type                Incr(ns)  Path(ns)    Netlist Resource(s)
  -------------------------------------------------------------------    -------------------
                         (clock clk_out1_clk_wiz_0 rise edge)
                                                      0.000     0.000 r  
    BUFG_PS_X0Y67        BUFG_PS                      0.000     0.000 r  design_1_i/zynq_ultra_ps_e_0/inst/buffer_pl_clk_0.PL_CLK_0_BUFG/O
                         net (fo=2735, routed)        1.733     1.733    design_1_i/mobilenetV2_0/inst/clk_gen/inst/clk_in1
    MMCM_X0Y2            MMCME4_ADV (Prop_MMCM_CLKIN1_CLKOUT0)
                                                      0.644     2.377 r  design_1_i/mobilenetV2_0/inst/clk_gen/inst/mmcme4_adv_inst/CLKOUT0
                         net (fo=1, routed)           0.228     2.605    design_1_i/mobilenetV2_0/inst/clk_gen/inst/clk_out1_clk_wiz_0
    BUFGCE_X0Y66         BUFGCE (Prop_BUFCE_BUFGCE_I_O)
                                                      0.024     2.629 r  design_1_i/mobilenetV2_0/inst/clk_gen/inst/clkout1_buf/O
    X0Y1 (CLOCK_ROOT)    net (fo=22026, routed)       1.932     4.561    design_1_i/mobilenetV2_0/inst/pad/pad_even/clk_out1
    SLICE_X3Y104         FDRE                                         r  design_1_i/mobilenetV2_0/inst/pad/pad_even/genblk1[60].b_sr_reg[0][14]/C
  -------------------------------------------------------------------    -------------------
    SLICE_X3Y104         FDRE (Prop_FFF_SLICEL_C_Q)
                                                      0.069     4.630 r  design_1_i/mobilenetV2_0/inst/pad/pad_even/genblk1[60].b_sr_reg[0][14]/Q
                         net (fo=1, routed)           0.132     4.762    design_1_i/mobilenetV2_0/inst/pad/pad_even/genblk1[60].b_sr_reg_n_0_[0][14]
    SLICE_X4Y107         SRL16E                                       r  design_1_i/mobilenetV2_0/inst/pad/pad_even/genblk1[60].b_sr_reg[2][14]_srl2/D
  -------------------------------------------------------------------    -------------------

                         (clock clk_out1_clk_wiz_0 rise edge)
                                                      0.000     0.000 r  
    BUFG_PS_X0Y67        BUFG_PS                      0.000     0.000 r  design_1_i/zynq_ultra_ps_e_0/inst/buffer_pl_clk_0.PL_CLK_0_BUFG/O
                         net (fo=2735, routed)        1.935     1.935    design_1_i/mobilenetV2_0/inst/clk_gen/inst/clk_in1
    MMCM_X0Y2            MMCME4_ADV (Prop_MMCM_CLKIN1_CLKOUT0)
                                                     -0.106     1.829 r  design_1_i/mobilenetV2_0/inst/clk_gen/inst/mmcme4_adv_inst/CLKOUT0
                         net (fo=1, routed)           0.257     2.086    design_1_i/mobilenetV2_0/inst/clk_gen/inst/clk_out1_clk_wiz_0
    BUFGCE_X0Y66         BUFGCE (Prop_BUFCE_BUFGCE_I_O)
                                                      0.028     2.114 r  design_1_i/mobilenetV2_0/inst/clk_gen/inst/clkout1_buf/O
    X0Y1 (CLOCK_ROOT)    net (fo=22026, routed)       2.220     4.334    design_1_i/mobilenetV2_0/inst/pad/pad_even/clk_out1
    SLICE_X4Y107         SRL16E                                       r  design_1_i/mobilenetV2_0/inst/pad/pad_even/genblk1[60].b_sr_reg[2][14]_srl2/CLK
                         clock pessimism              0.364     4.699    
    SLICE_X4Y107         SRL16E (Hold_G5LUT_SLICEM_CLK_D)
                                                      0.046     4.745    design_1_i/mobilenetV2_0/inst/pad/pad_even/genblk1[60].b_sr_reg[2][14]_srl2
  -------------------------------------------------------------------
                         required time                         -4.744    
                         arrival time                           4.762    
  -------------------------------------------------------------------
                         slack                                  0.017    

Slack (MET) :             0.018ns  (arrival time - required time)
  Source:                 design_1_i/mobilenetV2_0/inst/depthwise/depth_mac_odd/data_out_reg[2]_replica_3/C
                            (rising edge-triggered cell FDCE clocked by clk_out1_clk_wiz_0  {rise@0.000ns fall@1.250ns period=2.500ns})
  Destination:            design_1_i/mobilenetV2_0/inst/bram_d2p/u_in/U0/inst_blk_mem_gen/gnbram.gnativebmg.native_blk_mem_gen/valid.cstr/ramloop[5].ram.r/prim_noinit.ram/DEVICE_8SERIES.NO_BMM_INFO.TRUE_DP.SIMPLE_PRIM36.ram/DINADIN[2]
                            (rising edge-triggered cell RAMB36E2 clocked by clk_out1_clk_wiz_0  {rise@0.000ns fall@1.250ns period=2.500ns})
  Path Group:             clk_out1_clk_wiz_0
  Path Type:              Hold (Min at Slow Process Corner)
  Requirement:            0.000ns  (clk_out1_clk_wiz_0 rise@0.000ns - clk_out1_clk_wiz_0 rise@0.000ns)
  Data Path Delay:        0.346ns  (logic 0.070ns (20.231%)  route 0.276ns (79.769%))
  Logic Levels:           0  
  Clock Path Skew:        0.357ns (DCD - SCD - CPR)
    Destination Clock Delay (DCD):    4.534ns
    Source Clock Delay      (SCD):    4.596ns
    Clock Pessimism Removal (CPR):    -0.419ns
  Clock Net Delay (Source):      1.967ns (routing 0.948ns, distribution 1.019ns)
  Clock Net Delay (Destination): 2.420ns (routing 1.044ns, distribution 1.376ns)

    Location             Delay type                Incr(ns)  Path(ns)    Netlist Resource(s)
  -------------------------------------------------------------------    -------------------
                         (clock clk_out1_clk_wiz_0 rise edge)
                                                      0.000     0.000 r  
    BUFG_PS_X0Y67        BUFG_PS                      0.000     0.000 r  design_1_i/zynq_ultra_ps_e_0/inst/buffer_pl_clk_0.PL_CLK_0_BUFG/O
                         net (fo=2735, routed)        1.733     1.733    design_1_i/mobilenetV2_0/inst/clk_gen/inst/clk_in1
    MMCM_X0Y2            MMCME4_ADV (Prop_MMCM_CLKIN1_CLKOUT0)
                                                      0.644     2.377 r  design_1_i/mobilenetV2_0/inst/clk_gen/inst/mmcme4_adv_inst/CLKOUT0
                         net (fo=1, routed)           0.228     2.605    design_1_i/mobilenetV2_0/inst/clk_gen/inst/clk_out1_clk_wiz_0
    BUFGCE_X0Y66         BUFGCE (Prop_BUFCE_BUFGCE_I_O)
                                                      0.024     2.629 r  design_1_i/mobilenetV2_0/inst/clk_gen/inst/clkout1_buf/O
    X0Y1 (CLOCK_ROOT)    net (fo=22026, routed)       1.967     4.596    design_1_i/mobilenetV2_0/inst/depthwise/depth_mac_odd/clk_out1
    SLICE_X33Y101        FDCE                                         r  design_1_i/mobilenetV2_0/inst/depthwise/depth_mac_odd/data_out_reg[2]_replica_3/C
  -------------------------------------------------------------------    -------------------
    SLICE_X33Y101        FDCE (Prop_BFF_SLICEL_C_Q)
                                                      0.070     4.666 r  design_1_i/mobilenetV2_0/inst/depthwise/depth_mac_odd/data_out_reg[2]_replica_3/Q
                         net (fo=8, routed)           0.276     4.942    design_1_i/mobilenetV2_0/inst/bram_d2p/u_in/U0/inst_blk_mem_gen/gnbram.gnativebmg.native_blk_mem_gen/valid.cstr/ramloop[5].ram.r/prim_noinit.ram/dina[2]_repN_3_alias
    RAMB36_X3Y24         RAMB36E2                                     r  design_1_i/mobilenetV2_0/inst/bram_d2p/u_in/U0/inst_blk_mem_gen/gnbram.gnativebmg.native_blk_mem_gen/valid.cstr/ramloop[5].ram.r/prim_noinit.ram/DEVICE_8SERIES.NO_BMM_INFO.TRUE_DP.SIMPLE_PRIM36.ram/DINADIN[2]
  -------------------------------------------------------------------    -------------------

                         (clock clk_out1_clk_wiz_0 rise edge)
                                                      0.000     0.000 r  
    BUFG_PS_X0Y67        BUFG_PS                      0.000     0.000 r  design_1_i/zynq_ultra_ps_e_0/inst/buffer_pl_clk_0.PL_CLK_0_BUFG/O
                         net (fo=2735, routed)        1.935     1.935    design_1_i/mobilenetV2_0/inst/clk_gen/inst/clk_in1
    MMCM_X0Y2            MMCME4_ADV (Prop_MMCM_CLKIN1_CLKOUT0)
                                                     -0.106     1.829 r  design_1_i/mobilenetV2_0/inst/clk_gen/inst/mmcme4_adv_inst/CLKOUT0
                         net (fo=1, routed)           0.257     2.086    design_1_i/mobilenetV2_0/inst/clk_gen/inst/clk_out1_clk_wiz_0
    BUFGCE_X0Y66         BUFGCE (Prop_BUFCE_BUFGCE_I_O)
                                                      0.028     2.114 r  design_1_i/mobilenetV2_0/inst/clk_gen/inst/clkout1_buf/O
    X0Y1 (CLOCK_ROOT)    net (fo=22026, routed)       2.420     4.534    design_1_i/mobilenetV2_0/inst/bram_d2p/u_in/U0/inst_blk_mem_gen/gnbram.gnativebmg.native_blk_mem_gen/valid.cstr/ramloop[5].ram.r/prim_noinit.ram/clka
    RAMB36_X3Y24         RAMB36E2                                     r  design_1_i/mobilenetV2_0/inst/bram_d2p/u_in/U0/inst_blk_mem_gen/gnbram.gnativebmg.native_blk_mem_gen/valid.cstr/ramloop[5].ram.r/prim_noinit.ram/DEVICE_8SERIES.NO_BMM_INFO.TRUE_DP.SIMPLE_PRIM36.ram/CLKARDCLK
                         clock pessimism              0.419     4.953    
    RAMB36_X3Y24         RAMB36E2 (Hold_RAMB36E2_RAMB36_CLKARDCLK_DINADIN[2])
                                                     -0.029     4.924    design_1_i/mobilenetV2_0/inst/bram_d2p/u_in/U0/inst_blk_mem_gen/gnbram.gnativebmg.native_blk_mem_gen/valid.cstr/ramloop[5].ram.r/prim_noinit.ram/DEVICE_8SERIES.NO_BMM_INFO.TRUE_DP.SIMPLE_PRIM36.ram
  -------------------------------------------------------------------
                         required time                         -4.924    
                         arrival time                           4.942    
  -------------------------------------------------------------------
                         slack                                  0.018    

Slack (MET) :             0.023ns  (arrival time - required time)
  Source:                 design_1_i/mobilenetV2_0/inst/u_pointwise_before_depth/u_core_even/biased_acc_q24_reg_reg[15]/C
                            (rising edge-triggered cell FDRE clocked by clk_out1_clk_wiz_0  {rise@0.000ns fall@1.250ns period=2.500ns})
  Destination:            design_1_i/mobilenetV2_0/inst/u_pointwise_before_depth/u_core_even/pointwise_before_depth_out_reg[3]/D
                            (rising edge-triggered cell FDRE clocked by clk_out1_clk_wiz_0  {rise@0.000ns fall@1.250ns period=2.500ns})
  Path Group:             clk_out1_clk_wiz_0
  Path Type:              Hold (Min at Slow Process Corner)
  Requirement:            0.000ns  (clk_out1_clk_wiz_0 rise@0.000ns - clk_out1_clk_wiz_0 rise@0.000ns)
  Data Path Delay:        0.310ns  (logic 0.070ns (22.581%)  route 0.240ns (77.419%))
  Logic Levels:           0  
  Clock Path Skew:        0.232ns (DCD - SCD - CPR)
    Destination Clock Delay (DCD):    4.359ns
    Source Clock Delay      (SCD):    4.541ns
    Clock Pessimism Removal (CPR):    -0.414ns
  Clock Net Delay (Source):      1.912ns (routing 0.948ns, distribution 0.964ns)
  Clock Net Delay (Destination): 2.245ns (routing 1.044ns, distribution 1.201ns)

    Location             Delay type                Incr(ns)  Path(ns)    Netlist Resource(s)
  -------------------------------------------------------------------    -------------------
                         (clock clk_out1_clk_wiz_0 rise edge)
                                                      0.000     0.000 r  
    BUFG_PS_X0Y67        BUFG_PS                      0.000     0.000 r  design_1_i/zynq_ultra_ps_e_0/inst/buffer_pl_clk_0.PL_CLK_0_BUFG/O
                         net (fo=2735, routed)        1.733     1.733    design_1_i/mobilenetV2_0/inst/clk_gen/inst/clk_in1
    MMCM_X0Y2            MMCME4_ADV (Prop_MMCM_CLKIN1_CLKOUT0)
                                                      0.644     2.377 r  design_1_i/mobilenetV2_0/inst/clk_gen/inst/mmcme4_adv_inst/CLKOUT0
                         net (fo=1, routed)           0.228     2.605    design_1_i/mobilenetV2_0/inst/clk_gen/inst/clk_out1_clk_wiz_0
    BUFGCE_X0Y66         BUFGCE (Prop_BUFCE_BUFGCE_I_O)
                                                      0.024     2.629 r  design_1_i/mobilenetV2_0/inst/clk_gen/inst/clkout1_buf/O
    X0Y1 (CLOCK_ROOT)    net (fo=22026, routed)       1.912     4.541    design_1_i/mobilenetV2_0/inst/u_pointwise_before_depth/u_core_even/clk_out1
    SLICE_X28Y57         FDRE                                         r  design_1_i/mobilenetV2_0/inst/u_pointwise_before_depth/u_core_even/biased_acc_q24_reg_reg[15]/C
  -------------------------------------------------------------------    -------------------
    SLICE_X28Y57         FDRE (Prop_HFF_SLICEM_C_Q)
                                                      0.070     4.611 r  design_1_i/mobilenetV2_0/inst/u_pointwise_before_depth/u_core_even/biased_acc_q24_reg_reg[15]/Q
                         net (fo=4, routed)           0.240     4.851    design_1_i/mobilenetV2_0/inst/u_pointwise_before_depth/u_core_even/shifted_q312__0[3]
    SLICE_X31Y62         FDRE                                         r  design_1_i/mobilenetV2_0/inst/u_pointwise_before_depth/u_core_even/pointwise_before_depth_out_reg[3]/D
  -------------------------------------------------------------------    -------------------

                         (clock clk_out1_clk_wiz_0 rise edge)
                                                      0.000     0.000 r  
    BUFG_PS_X0Y67        BUFG_PS                      0.000     0.000 r  design_1_i/zynq_ultra_ps_e_0/inst/buffer_pl_clk_0.PL_CLK_0_BUFG/O
                         net (fo=2735, routed)        1.935     1.935    design_1_i/mobilenetV2_0/inst/clk_gen/inst/clk_in1
    MMCM_X0Y2            MMCME4_ADV (Prop_MMCM_CLKIN1_CLKOUT0)
                                                     -0.106     1.829 r  design_1_i/mobilenetV2_0/inst/clk_gen/inst/mmcme4_adv_inst/CLKOUT0
                         net (fo=1, routed)           0.257     2.086    design_1_i/mobilenetV2_0/inst/clk_gen/inst/clk_out1_clk_wiz_0
    BUFGCE_X0Y66         BUFGCE (Prop_BUFCE_BUFGCE_I_O)
                                                      0.028     2.114 r  design_1_i/mobilenetV2_0/inst/clk_gen/inst/clkout1_buf/O
    X0Y1 (CLOCK_ROOT)    net (fo=22026, routed)       2.245     4.359    design_1_i/mobilenetV2_0/inst/u_pointwise_before_depth/u_core_even/clk_out1
    SLICE_X31Y62         FDRE                                         r  design_1_i/mobilenetV2_0/inst/u_pointwise_before_depth/u_core_even/pointwise_before_depth_out_reg[3]/C
                         clock pessimism              0.414     4.773    
    SLICE_X31Y62         FDRE (Hold_GFF2_SLICEM_C_D)
                                                      0.055     4.828    design_1_i/mobilenetV2_0/inst/u_pointwise_before_depth/u_core_even/pointwise_before_depth_out_reg[3]
  -------------------------------------------------------------------
                         required time                         -4.828    
                         arrival time                           4.851    
  -------------------------------------------------------------------
                         slack                                  0.023    

Slack (MET) :             0.026ns  (arrival time - required time)
  Source:                 design_1_i/mobilenetV2_0/inst/pad/pad_odd/genblk1[27].a_sr_reg[1][6]/C
                            (rising edge-triggered cell FDRE clocked by clk_out1_clk_wiz_0  {rise@0.000ns fall@1.250ns period=2.500ns})
  Destination:            design_1_i/mobilenetV2_0/inst/pad/pad_odd/genblk1[27].a_sr_reg[2][6]/D
                            (rising edge-triggered cell FDRE clocked by clk_out1_clk_wiz_0  {rise@0.000ns fall@1.250ns period=2.500ns})
  Path Group:             clk_out1_clk_wiz_0
  Path Type:              Hold (Min at Slow Process Corner)
  Requirement:            0.000ns  (clk_out1_clk_wiz_0 rise@0.000ns - clk_out1_clk_wiz_0 rise@0.000ns)
  Data Path Delay:        0.313ns  (logic 0.072ns (23.003%)  route 0.241ns (76.997%))
  Logic Levels:           0  
  Clock Path Skew:        0.234ns (DCD - SCD - CPR)
    Destination Clock Delay (DCD):    4.473ns
    Source Clock Delay      (SCD):    4.658ns
    Clock Pessimism Removal (CPR):    -0.419ns
  Clock Net Delay (Source):      2.029ns (routing 0.948ns, distribution 1.081ns)
  Clock Net Delay (Destination): 2.359ns (routing 1.044ns, distribution 1.315ns)

    Location             Delay type                Incr(ns)  Path(ns)    Netlist Resource(s)
  -------------------------------------------------------------------    -------------------
                         (clock clk_out1_clk_wiz_0 rise edge)
                                                      0.000     0.000 r  
    BUFG_PS_X0Y67        BUFG_PS                      0.000     0.000 r  design_1_i/zynq_ultra_ps_e_0/inst/buffer_pl_clk_0.PL_CLK_0_BUFG/O
                         net (fo=2735, routed)        1.733     1.733    design_1_i/mobilenetV2_0/inst/clk_gen/inst/clk_in1
    MMCM_X0Y2            MMCME4_ADV (Prop_MMCM_CLKIN1_CLKOUT0)
                                                      0.644     2.377 r  design_1_i/mobilenetV2_0/inst/clk_gen/inst/mmcme4_adv_inst/CLKOUT0
                         net (fo=1, routed)           0.228     2.605    design_1_i/mobilenetV2_0/inst/clk_gen/inst/clk_out1_clk_wiz_0
    BUFGCE_X0Y66         BUFGCE (Prop_BUFCE_BUFGCE_I_O)
                                                      0.024     2.629 r  design_1_i/mobilenetV2_0/inst/clk_gen/inst/clkout1_buf/O
    X0Y1 (CLOCK_ROOT)    net (fo=22026, routed)       2.029     4.658    design_1_i/mobilenetV2_0/inst/pad/pad_odd/clk_out1
    SLICE_X38Y115        FDRE                                         r  design_1_i/mobilenetV2_0/inst/pad/pad_odd/genblk1[27].a_sr_reg[1][6]/C
  -------------------------------------------------------------------    -------------------
    SLICE_X38Y115        FDRE (Prop_FFF2_SLICEL_C_Q)
                                                      0.072     4.730 r  design_1_i/mobilenetV2_0/inst/pad/pad_odd/genblk1[27].a_sr_reg[1][6]/Q
                         net (fo=1, routed)           0.241     4.971    design_1_i/mobilenetV2_0/inst/pad/pad_odd/genblk1[27].a_sr_reg[1]_161[6]
    SLICE_X40Y123        FDRE                                         r  design_1_i/mobilenetV2_0/inst/pad/pad_odd/genblk1[27].a_sr_reg[2][6]/D
  -------------------------------------------------------------------    -------------------

                         (clock clk_out1_clk_wiz_0 rise edge)
                                                      0.000     0.000 r  
    BUFG_PS_X0Y67        BUFG_PS                      0.000     0.000 r  design_1_i/zynq_ultra_ps_e_0/inst/buffer_pl_clk_0.PL_CLK_0_BUFG/O
                         net (fo=2735, routed)        1.935     1.935    design_1_i/mobilenetV2_0/inst/clk_gen/inst/clk_in1
    MMCM_X0Y2            MMCME4_ADV (Prop_MMCM_CLKIN1_CLKOUT0)
                                                     -0.106     1.829 r  design_1_i/mobilenetV2_0/inst/clk_gen/inst/mmcme4_adv_inst/CLKOUT0
                         net (fo=1, routed)           0.257     2.086    design_1_i/mobilenetV2_0/inst/clk_gen/inst/clk_out1_clk_wiz_0
    BUFGCE_X0Y66         BUFGCE (Prop_BUFCE_BUFGCE_I_O)
                                                      0.028     2.114 r  design_1_i/mobilenetV2_0/inst/clk_gen/inst/clkout1_buf/O
    X0Y1 (CLOCK_ROOT)    net (fo=22026, routed)       2.359     4.473    design_1_i/mobilenetV2_0/inst/pad/pad_odd/clk_out1
    SLICE_X40Y123        FDRE                                         r  design_1_i/mobilenetV2_0/inst/pad/pad_odd/genblk1[27].a_sr_reg[2][6]/C
                         clock pessimism              0.419     4.892    
    SLICE_X40Y123        FDRE (Hold_HFF_SLICEM_C_D)
                                                      0.053     4.945    design_1_i/mobilenetV2_0/inst/pad/pad_odd/genblk1[27].a_sr_reg[2][6]
  -------------------------------------------------------------------
                         required time                         -4.945    
                         arrival time                           4.971    
  -------------------------------------------------------------------
                         slack                                  0.026    

Slack (MET) :             0.026ns  (arrival time - required time)
  Source:                 design_1_i/mobilenetV2_0/inst/pad/pixel_pair_cnt_reg[1]/C
                            (rising edge-triggered cell FDRE clocked by clk_out1_clk_wiz_0  {rise@0.000ns fall@1.250ns period=2.500ns})
  Destination:            design_1_i/mobilenetV2_0/inst/pad/pixel_pair_cnt_reg[3]/D
                            (rising edge-triggered cell FDRE clocked by clk_out1_clk_wiz_0  {rise@0.000ns fall@1.250ns period=2.500ns})
  Path Group:             clk_out1_clk_wiz_0
  Path Type:              Hold (Min at Slow Process Corner)
  Requirement:            0.000ns  (clk_out1_clk_wiz_0 rise@0.000ns - clk_out1_clk_wiz_0 rise@0.000ns)
  Data Path Delay:        0.280ns  (logic 0.147ns (52.500%)  route 0.133ns (47.500%))
  Logic Levels:           1  (LUT5=1)
  Clock Path Skew:        0.199ns (DCD - SCD - CPR)
    Destination Clock Delay (DCD):    4.318ns
    Source Clock Delay      (SCD):    4.538ns
    Clock Pessimism Removal (CPR):    -0.419ns
  Clock Net Delay (Source):      1.909ns (routing 0.948ns, distribution 0.961ns)
  Clock Net Delay (Destination): 2.204ns (routing 1.044ns, distribution 1.160ns)

    Location             Delay type                Incr(ns)  Path(ns)    Netlist Resource(s)
  -------------------------------------------------------------------    -------------------
                         (clock clk_out1_clk_wiz_0 rise edge)
                                                      0.000     0.000 r  
    BUFG_PS_X0Y67        BUFG_PS                      0.000     0.000 r  design_1_i/zynq_ultra_ps_e_0/inst/buffer_pl_clk_0.PL_CLK_0_BUFG/O
                         net (fo=2735, routed)        1.733     1.733    design_1_i/mobilenetV2_0/inst/clk_gen/inst/clk_in1
    MMCM_X0Y2            MMCME4_ADV (Prop_MMCM_CLKIN1_CLKOUT0)
                                                      0.644     2.377 r  design_1_i/mobilenetV2_0/inst/clk_gen/inst/mmcme4_adv_inst/CLKOUT0
                         net (fo=1, routed)           0.228     2.605    design_1_i/mobilenetV2_0/inst/clk_gen/inst/clk_out1_clk_wiz_0
    BUFGCE_X0Y66         BUFGCE (Prop_BUFCE_BUFGCE_I_O)
                                                      0.024     2.629 r  design_1_i/mobilenetV2_0/inst/clk_gen/inst/clkout1_buf/O
    X0Y1 (CLOCK_ROOT)    net (fo=22026, routed)       1.909     4.538    design_1_i/mobilenetV2_0/inst/pad/clk_out1
    SLICE_X21Y119        FDRE                                         r  design_1_i/mobilenetV2_0/inst/pad/pixel_pair_cnt_reg[1]/C
  -------------------------------------------------------------------    -------------------
    SLICE_X21Y119        FDRE (Prop_EFF_SLICEL_C_Q)
                                                      0.070     4.608 r  design_1_i/mobilenetV2_0/inst/pad/pixel_pair_cnt_reg[1]/Q
                         net (fo=7, routed)           0.122     4.730    design_1_i/mobilenetV2_0/inst/pad/pixel_pair_cnt_reg_n_0_[1]
    SLICE_X21Y120        LUT5 (Prop_D5LUT_SLICEL_I3_O)
                                                      0.077     4.807 r  design_1_i/mobilenetV2_0/inst/pad/pixel_pair_cnt[3]_i_1/O
                         net (fo=1, routed)           0.011     4.818    design_1_i/mobilenetV2_0/inst/pad/pixel_pair_cnt[3]
    SLICE_X21Y120        FDRE                                         r  design_1_i/mobilenetV2_0/inst/pad/pixel_pair_cnt_reg[3]/D
  -------------------------------------------------------------------    -------------------

                         (clock clk_out1_clk_wiz_0 rise edge)
                                                      0.000     0.000 r  
    BUFG_PS_X0Y67        BUFG_PS                      0.000     0.000 r  design_1_i/zynq_ultra_ps_e_0/inst/buffer_pl_clk_0.PL_CLK_0_BUFG/O
                         net (fo=2735, routed)        1.935     1.935    design_1_i/mobilenetV2_0/inst/clk_gen/inst/clk_in1
    MMCM_X0Y2            MMCME4_ADV (Prop_MMCM_CLKIN1_CLKOUT0)
                                                     -0.106     1.829 r  design_1_i/mobilenetV2_0/inst/clk_gen/inst/mmcme4_adv_inst/CLKOUT0
                         net (fo=1, routed)           0.257     2.086    design_1_i/mobilenetV2_0/inst/clk_gen/inst/clk_out1_clk_wiz_0
    BUFGCE_X0Y66         BUFGCE (Prop_BUFCE_BUFGCE_I_O)
                                                      0.028     2.114 r  design_1_i/mobilenetV2_0/inst/clk_gen/inst/clkout1_buf/O
    X0Y1 (CLOCK_ROOT)    net (fo=22026, routed)       2.204     4.318    design_1_i/mobilenetV2_0/inst/pad/clk_out1
    SLICE_X21Y120        FDRE                                         r  design_1_i/mobilenetV2_0/inst/pad/pixel_pair_cnt_reg[3]/C
                         clock pessimism              0.419     4.737    
    SLICE_X21Y120        FDRE (Hold_DFF2_SLICEL_C_D)
                                                      0.055     4.792    design_1_i/mobilenetV2_0/inst/pad/pixel_pair_cnt_reg[3]
  -------------------------------------------------------------------
                         required time                         -4.792    
                         arrival time                           4.818    
  -------------------------------------------------------------------
                         slack                                  0.026    

Slack (MET) :             0.026ns  (arrival time - required time)
  Source:                 design_1_i/mobilenetV2_0/inst/pad/pad_odd/genblk1[28].a_sr_reg[0][12]/C
                            (rising edge-triggered cell FDRE clocked by clk_out1_clk_wiz_0  {rise@0.000ns fall@1.250ns period=2.500ns})
  Destination:            design_1_i/mobilenetV2_0/inst/pad/pad_odd/genblk1[28].a_sr_reg[2][12]_srl2/D
                            (rising edge-triggered cell SRL16E clocked by clk_out1_clk_wiz_0  {rise@0.000ns fall@1.250ns period=2.500ns})
  Path Group:             clk_out1_clk_wiz_0
  Path Type:              Hold (Min at Slow Process Corner)
  Requirement:            0.000ns  (clk_out1_clk_wiz_0 rise@0.000ns - clk_out1_clk_wiz_0 rise@0.000ns)
  Data Path Delay:        0.240ns  (logic 0.072ns (30.000%)  route 0.168ns (70.000%))
  Logic Levels:           0  
  Clock Path Skew:        0.162ns (DCD - SCD - CPR)
    Destination Clock Delay (DCD):    4.468ns
    Source Clock Delay      (SCD):    4.662ns
    Clock Pessimism Removal (CPR):    -0.356ns
  Clock Net Delay (Source):      2.033ns (routing 0.948ns, distribution 1.085ns)
  Clock Net Delay (Destination): 2.354ns (routing 1.044ns, distribution 1.310ns)

    Location             Delay type                Incr(ns)  Path(ns)    Netlist Resource(s)
  -------------------------------------------------------------------    -------------------
                         (clock clk_out1_clk_wiz_0 rise edge)
                                                      0.000     0.000 r  
    BUFG_PS_X0Y67        BUFG_PS                      0.000     0.000 r  design_1_i/zynq_ultra_ps_e_0/inst/buffer_pl_clk_0.PL_CLK_0_BUFG/O
                         net (fo=2735, routed)        1.733     1.733    design_1_i/mobilenetV2_0/inst/clk_gen/inst/clk_in1
    MMCM_X0Y2            MMCME4_ADV (Prop_MMCM_CLKIN1_CLKOUT0)
                                                      0.644     2.377 r  design_1_i/mobilenetV2_0/inst/clk_gen/inst/mmcme4_adv_inst/CLKOUT0
                         net (fo=1, routed)           0.228     2.605    design_1_i/mobilenetV2_0/inst/clk_gen/inst/clk_out1_clk_wiz_0
    BUFGCE_X0Y66         BUFGCE (Prop_BUFCE_BUFGCE_I_O)
                                                      0.024     2.629 r  design_1_i/mobilenetV2_0/inst/clk_gen/inst/clkout1_buf/O
    X0Y1 (CLOCK_ROOT)    net (fo=22026, routed)       2.033     4.662    design_1_i/mobilenetV2_0/inst/pad/pad_odd/clk_out1
    SLICE_X36Y136        FDRE                                         r  design_1_i/mobilenetV2_0/inst/pad/pad_odd/genblk1[28].a_sr_reg[0][12]/C
  -------------------------------------------------------------------    -------------------
    SLICE_X36Y136        FDRE (Prop_FFF2_SLICEL_C_Q)
                                                      0.072     4.734 r  design_1_i/mobilenetV2_0/inst/pad/pad_odd/genblk1[28].a_sr_reg[0][12]/Q
                         net (fo=1, routed)           0.168     4.902    design_1_i/mobilenetV2_0/inst/pad/pad_odd/genblk1[28].a_sr_reg_n_0_[0][12]
    SLICE_X37Y133        SRL16E                                       r  design_1_i/mobilenetV2_0/inst/pad/pad_odd/genblk1[28].a_sr_reg[2][12]_srl2/D
  -------------------------------------------------------------------    -------------------

                         (clock clk_out1_clk_wiz_0 rise edge)
                                                      0.000     0.000 r  
    BUFG_PS_X0Y67        BUFG_PS                      0.000     0.000 r  design_1_i/zynq_ultra_ps_e_0/inst/buffer_pl_clk_0.PL_CLK_0_BUFG/O
                         net (fo=2735, routed)        1.935     1.935    design_1_i/mobilenetV2_0/inst/clk_gen/inst/clk_in1
    MMCM_X0Y2            MMCME4_ADV (Prop_MMCM_CLKIN1_CLKOUT0)
                                                     -0.106     1.829 r  design_1_i/mobilenetV2_0/inst/clk_gen/inst/mmcme4_adv_inst/CLKOUT0
                         net (fo=1, routed)           0.257     2.086    design_1_i/mobilenetV2_0/inst/clk_gen/inst/clk_out1_clk_wiz_0
    BUFGCE_X0Y66         BUFGCE (Prop_BUFCE_BUFGCE_I_O)
                                                      0.028     2.114 r  design_1_i/mobilenetV2_0/inst/clk_gen/inst/clkout1_buf/O
    X0Y1 (CLOCK_ROOT)    net (fo=22026, routed)       2.354     4.468    design_1_i/mobilenetV2_0/inst/pad/pad_odd/clk_out1
    SLICE_X37Y133        SRL16E                                       r  design_1_i/mobilenetV2_0/inst/pad/pad_odd/genblk1[28].a_sr_reg[2][12]_srl2/CLK
                         clock pessimism              0.356     4.824    
    SLICE_X37Y133        SRL16E (Hold_E5LUT_SLICEM_CLK_D)
                                                      0.052     4.876    design_1_i/mobilenetV2_0/inst/pad/pad_odd/genblk1[28].a_sr_reg[2][12]_srl2
  -------------------------------------------------------------------
                         required time                         -4.876    
                         arrival time                           4.902    
  -------------------------------------------------------------------
                         slack                                  0.026    

Slack (MET) :             0.027ns  (arrival time - required time)
  Source:                 design_1_i/mobilenetV2_0/inst/pad/pad_even/genblk1[22].a_sr_reg[0][15]/C
                            (rising edge-triggered cell FDRE clocked by clk_out1_clk_wiz_0  {rise@0.000ns fall@1.250ns period=2.500ns})
  Destination:            design_1_i/mobilenetV2_0/inst/pad/pad_even/genblk1[22].a_sr_reg[4][15]_srl4/D
                            (rising edge-triggered cell SRL16E clocked by clk_out1_clk_wiz_0  {rise@0.000ns fall@1.250ns period=2.500ns})
  Path Group:             clk_out1_clk_wiz_0
  Path Type:              Hold (Min at Slow Process Corner)
  Requirement:            0.000ns  (clk_out1_clk_wiz_0 rise@0.000ns - clk_out1_clk_wiz_0 rise@0.000ns)
  Data Path Delay:        0.263ns  (logic 0.069ns (26.236%)  route 0.194ns (73.764%))
  Logic Levels:           0  
  Clock Path Skew:        0.156ns (DCD - SCD - CPR)
    Destination Clock Delay (DCD):    4.342ns
    Source Clock Delay      (SCD):    4.546ns
    Clock Pessimism Removal (CPR):    -0.360ns
  Clock Net Delay (Source):      1.917ns (routing 0.948ns, distribution 0.969ns)
  Clock Net Delay (Destination): 2.228ns (routing 1.044ns, distribution 1.184ns)

    Location             Delay type                Incr(ns)  Path(ns)    Netlist Resource(s)
  -------------------------------------------------------------------    -------------------
                         (clock clk_out1_clk_wiz_0 rise edge)
                                                      0.000     0.000 r  
    BUFG_PS_X0Y67        BUFG_PS                      0.000     0.000 r  design_1_i/zynq_ultra_ps_e_0/inst/buffer_pl_clk_0.PL_CLK_0_BUFG/O
                         net (fo=2735, routed)        1.733     1.733    design_1_i/mobilenetV2_0/inst/clk_gen/inst/clk_in1
    MMCM_X0Y2            MMCME4_ADV (Prop_MMCM_CLKIN1_CLKOUT0)
                                                      0.644     2.377 r  design_1_i/mobilenetV2_0/inst/clk_gen/inst/mmcme4_adv_inst/CLKOUT0
                         net (fo=1, routed)           0.228     2.605    design_1_i/mobilenetV2_0/inst/clk_gen/inst/clk_out1_clk_wiz_0
    BUFGCE_X0Y66         BUFGCE (Prop_BUFCE_BUFGCE_I_O)
                                                      0.024     2.629 r  design_1_i/mobilenetV2_0/inst/clk_gen/inst/clkout1_buf/O
    X0Y1 (CLOCK_ROOT)    net (fo=22026, routed)       1.917     4.546    design_1_i/mobilenetV2_0/inst/pad/pad_even/clk_out1
    SLICE_X18Y149        FDRE                                         r  design_1_i/mobilenetV2_0/inst/pad/pad_even/genblk1[22].a_sr_reg[0][15]/C
  -------------------------------------------------------------------    -------------------
    SLICE_X18Y149        FDRE (Prop_FFF_SLICEL_C_Q)
                                                      0.069     4.615 r  design_1_i/mobilenetV2_0/inst/pad/pad_even/genblk1[22].a_sr_reg[0][15]/Q
                         net (fo=1, routed)           0.194     4.809    design_1_i/mobilenetV2_0/inst/pad/pad_even/genblk1[22].a_sr_reg_n_0_[0][15]
    SLICE_X19Y149        SRL16E                                       r  design_1_i/mobilenetV2_0/inst/pad/pad_even/genblk1[22].a_sr_reg[4][15]_srl4/D
  -------------------------------------------------------------------    -------------------

                         (clock clk_out1_clk_wiz_0 rise edge)
                                                      0.000     0.000 r  
    BUFG_PS_X0Y67        BUFG_PS                      0.000     0.000 r  design_1_i/zynq_ultra_ps_e_0/inst/buffer_pl_clk_0.PL_CLK_0_BUFG/O
                         net (fo=2735, routed)        1.935     1.935    design_1_i/mobilenetV2_0/inst/clk_gen/inst/clk_in1
    MMCM_X0Y2            MMCME4_ADV (Prop_MMCM_CLKIN1_CLKOUT0)
                                                     -0.106     1.829 r  design_1_i/mobilenetV2_0/inst/clk_gen/inst/mmcme4_adv_inst/CLKOUT0
                         net (fo=1, routed)           0.257     2.086    design_1_i/mobilenetV2_0/inst/clk_gen/inst/clk_out1_clk_wiz_0
    BUFGCE_X0Y66         BUFGCE (Prop_BUFCE_BUFGCE_I_O)
                                                      0.028     2.114 r  design_1_i/mobilenetV2_0/inst/clk_gen/inst/clkout1_buf/O
    X0Y1 (CLOCK_ROOT)    net (fo=22026, routed)       2.228     4.342    design_1_i/mobilenetV2_0/inst/pad/pad_even/clk_out1
    SLICE_X19Y149        SRL16E                                       r  design_1_i/mobilenetV2_0/inst/pad/pad_even/genblk1[22].a_sr_reg[4][15]_srl4/CLK
                         clock pessimism              0.360     4.702    
    SLICE_X19Y149        SRL16E (Hold_H5LUT_SLICEM_CLK_D)
                                                      0.080     4.782    design_1_i/mobilenetV2_0/inst/pad/pad_even/genblk1[22].a_sr_reg[4][15]_srl4
  -------------------------------------------------------------------
                         required time                         -4.782    
                         arrival time                           4.809    
  -------------------------------------------------------------------
                         slack                                  0.027    

Slack (MET) :             0.027ns  (arrival time - required time)
  Source:                 design_1_i/mobilenetV2_0/inst/u_pointwise_before_depth/u_core_odd/g_input_skew[51].g_skew.input_sr_reg[0][3]/C
                            (rising edge-triggered cell FDRE clocked by clk_out1_clk_wiz_0  {rise@0.000ns fall@1.250ns period=2.500ns})
  Destination:            design_1_i/mobilenetV2_0/inst/u_pointwise_before_depth/u_core_odd/g_input_skew[51].g_skew.input_sr_reg[1][3]/D
                            (rising edge-triggered cell FDRE clocked by clk_out1_clk_wiz_0  {rise@0.000ns fall@1.250ns period=2.500ns})
  Path Group:             clk_out1_clk_wiz_0
  Path Type:              Hold (Min at Slow Process Corner)
  Requirement:            0.000ns  (clk_out1_clk_wiz_0 rise@0.000ns - clk_out1_clk_wiz_0 rise@0.000ns)
  Data Path Delay:        0.198ns  (logic 0.071ns (35.859%)  route 0.127ns (64.141%))
  Logic Levels:           0  
  Clock Path Skew:        0.116ns (DCD - SCD - CPR)
    Destination Clock Delay (DCD):    4.352ns
    Source Clock Delay      (SCD):    4.590ns
    Clock Pessimism Removal (CPR):    -0.354ns
  Clock Net Delay (Source):      1.961ns (routing 0.948ns, distribution 1.013ns)
  Clock Net Delay (Destination): 2.238ns (routing 1.044ns, distribution 1.194ns)

    Location             Delay type                Incr(ns)  Path(ns)    Netlist Resource(s)
  -------------------------------------------------------------------    -------------------
                         (clock clk_out1_clk_wiz_0 rise edge)
                                                      0.000     0.000 r  
    BUFG_PS_X0Y67        BUFG_PS                      0.000     0.000 r  design_1_i/zynq_ultra_ps_e_0/inst/buffer_pl_clk_0.PL_CLK_0_BUFG/O
                         net (fo=2735, routed)        1.733     1.733    design_1_i/mobilenetV2_0/inst/clk_gen/inst/clk_in1
    MMCM_X0Y2            MMCME4_ADV (Prop_MMCM_CLKIN1_CLKOUT0)
                                                      0.644     2.377 r  design_1_i/mobilenetV2_0/inst/clk_gen/inst/mmcme4_adv_inst/CLKOUT0
                         net (fo=1, routed)           0.228     2.605    design_1_i/mobilenetV2_0/inst/clk_gen/inst/clk_out1_clk_wiz_0
    BUFGCE_X0Y66         BUFGCE (Prop_BUFCE_BUFGCE_I_O)
                                                      0.024     2.629 r  design_1_i/mobilenetV2_0/inst/clk_gen/inst/clkout1_buf/O
    X0Y1 (CLOCK_ROOT)    net (fo=22026, routed)       1.961     4.590    design_1_i/mobilenetV2_0/inst/u_pointwise_before_depth/u_core_odd/clk_out1
    SLICE_X32Y33         FDRE                                         r  design_1_i/mobilenetV2_0/inst/u_pointwise_before_depth/u_core_odd/g_input_skew[51].g_skew.input_sr_reg[0][3]/C
  -------------------------------------------------------------------    -------------------
    SLICE_X32Y33         FDRE (Prop_BFF2_SLICEL_C_Q)
                                                      0.071     4.661 r  design_1_i/mobilenetV2_0/inst/u_pointwise_before_depth/u_core_odd/g_input_skew[51].g_skew.input_sr_reg[0][3]/Q
                         net (fo=1, routed)           0.127     4.788    design_1_i/mobilenetV2_0/inst/u_pointwise_before_depth/u_core_odd/g_input_skew[51].g_skew.input_sr_reg[0]_131[3]
    SLICE_X30Y37         FDRE                                         r  design_1_i/mobilenetV2_0/inst/u_pointwise_before_depth/u_core_odd/g_input_skew[51].g_skew.input_sr_reg[1][3]/D
  -------------------------------------------------------------------    -------------------

                         (clock clk_out1_clk_wiz_0 rise edge)
                                                      0.000     0.000 r  
    BUFG_PS_X0Y67        BUFG_PS                      0.000     0.000 r  design_1_i/zynq_ultra_ps_e_0/inst/buffer_pl_clk_0.PL_CLK_0_BUFG/O
                         net (fo=2735, routed)        1.935     1.935    design_1_i/mobilenetV2_0/inst/clk_gen/inst/clk_in1
    MMCM_X0Y2            MMCME4_ADV (Prop_MMCM_CLKIN1_CLKOUT0)
                                                     -0.106     1.829 r  design_1_i/mobilenetV2_0/inst/clk_gen/inst/mmcme4_adv_inst/CLKOUT0
                         net (fo=1, routed)           0.257     2.086    design_1_i/mobilenetV2_0/inst/clk_gen/inst/clk_out1_clk_wiz_0
    BUFGCE_X0Y66         BUFGCE (Prop_BUFCE_BUFGCE_I_O)
                                                      0.028     2.114 r  design_1_i/mobilenetV2_0/inst/clk_gen/inst/clkout1_buf/O
    X0Y1 (CLOCK_ROOT)    net (fo=22026, routed)       2.238     4.352    design_1_i/mobilenetV2_0/inst/u_pointwise_before_depth/u_core_odd/clk_out1
    SLICE_X30Y37         FDRE                                         r  design_1_i/mobilenetV2_0/inst/u_pointwise_before_depth/u_core_odd/g_input_skew[51].g_skew.input_sr_reg[1][3]/C
                         clock pessimism              0.354     4.706    
    SLICE_X30Y37         FDRE (Hold_GFF2_SLICEL_C_D)
                                                      0.055     4.761    design_1_i/mobilenetV2_0/inst/u_pointwise_before_depth/u_core_odd/g_input_skew[51].g_skew.input_sr_reg[1][3]
  -------------------------------------------------------------------
                         required time                         -4.761    
                         arrival time                           4.788    
  -------------------------------------------------------------------
                         slack                                  0.027    

Slack (MET) :             0.028ns  (arrival time - required time)
  Source:                 design_1_i/mobilenetV2_0/inst/pad/pad_even/genblk1[12].b_sr_reg[0][1]/C
                            (rising edge-triggered cell FDRE clocked by clk_out1_clk_wiz_0  {rise@0.000ns fall@1.250ns period=2.500ns})
  Destination:            design_1_i/mobilenetV2_0/inst/pad/pad_even/genblk1[12].b_sr_reg[2][1]_srl2/D
                            (rising edge-triggered cell SRL16E clocked by clk_out1_clk_wiz_0  {rise@0.000ns fall@1.250ns period=2.500ns})
  Path Group:             clk_out1_clk_wiz_0
  Path Type:              Hold (Min at Slow Process Corner)
  Requirement:            0.000ns  (clk_out1_clk_wiz_0 rise@0.000ns - clk_out1_clk_wiz_0 rise@0.000ns)
  Data Path Delay:        0.204ns  (logic 0.070ns (34.314%)  route 0.134ns (65.686%))
  Logic Levels:           0  
  Clock Path Skew:        0.162ns (DCD - SCD - CPR)
    Destination Clock Delay (DCD):    4.448ns
    Source Clock Delay      (SCD):    4.641ns
    Clock Pessimism Removal (CPR):    -0.355ns
  Clock Net Delay (Source):      2.012ns (routing 0.948ns, distribution 1.064ns)
  Clock Net Delay (Destination): 2.334ns (routing 1.044ns, distribution 1.290ns)

    Location             Delay type                Incr(ns)  Path(ns)    Netlist Resource(s)
  -------------------------------------------------------------------    -------------------
                         (clock clk_out1_clk_wiz_0 rise edge)
                                                      0.000     0.000 r  
    BUFG_PS_X0Y67        BUFG_PS                      0.000     0.000 r  design_1_i/zynq_ultra_ps_e_0/inst/buffer_pl_clk_0.PL_CLK_0_BUFG/O
                         net (fo=2735, routed)        1.733     1.733    design_1_i/mobilenetV2_0/inst/clk_gen/inst/clk_in1
    MMCM_X0Y2            MMCME4_ADV (Prop_MMCM_CLKIN1_CLKOUT0)
                                                      0.644     2.377 r  design_1_i/mobilenetV2_0/inst/clk_gen/inst/mmcme4_adv_inst/CLKOUT0
                         net (fo=1, routed)           0.228     2.605    design_1_i/mobilenetV2_0/inst/clk_gen/inst/clk_out1_clk_wiz_0
    BUFGCE_X0Y66         BUFGCE (Prop_BUFCE_BUFGCE_I_O)
                                                      0.024     2.629 r  design_1_i/mobilenetV2_0/inst/clk_gen/inst/clkout1_buf/O
    X0Y1 (CLOCK_ROOT)    net (fo=22026, routed)       2.012     4.641    design_1_i/mobilenetV2_0/inst/pad/pad_even/clk_out1
    SLICE_X36Y149        FDRE                                         r  design_1_i/mobilenetV2_0/inst/pad/pad_even/genblk1[12].b_sr_reg[0][1]/C
  -------------------------------------------------------------------    -------------------
    SLICE_X36Y149        FDRE (Prop_GFF_SLICEL_C_Q)
                                                      0.070     4.711 r  design_1_i/mobilenetV2_0/inst/pad/pad_even/genblk1[12].b_sr_reg[0][1]/Q
                         net (fo=1, routed)           0.134     4.845    design_1_i/mobilenetV2_0/inst/pad/pad_even/genblk1[12].b_sr_reg_n_0_[0][1]
    SLICE_X37Y149        SRL16E                                       r  design_1_i/mobilenetV2_0/inst/pad/pad_even/genblk1[12].b_sr_reg[2][1]_srl2/D
  -------------------------------------------------------------------    -------------------

                         (clock clk_out1_clk_wiz_0 rise edge)
                                                      0.000     0.000 r  
    BUFG_PS_X0Y67        BUFG_PS                      0.000     0.000 r  design_1_i/zynq_ultra_ps_e_0/inst/buffer_pl_clk_0.PL_CLK_0_BUFG/O
                         net (fo=2735, routed)        1.935     1.935    design_1_i/mobilenetV2_0/inst/clk_gen/inst/clk_in1
    MMCM_X0Y2            MMCME4_ADV (Prop_MMCM_CLKIN1_CLKOUT0)
                                                     -0.106     1.829 r  design_1_i/mobilenetV2_0/inst/clk_gen/inst/mmcme4_adv_inst/CLKOUT0
                         net (fo=1, routed)           0.257     2.086    design_1_i/mobilenetV2_0/inst/clk_gen/inst/clk_out1_clk_wiz_0
    BUFGCE_X0Y66         BUFGCE (Prop_BUFCE_BUFGCE_I_O)
                                                      0.028     2.114 r  design_1_i/mobilenetV2_0/inst/clk_gen/inst/clkout1_buf/O
    X0Y1 (CLOCK_ROOT)    net (fo=22026, routed)       2.334     4.448    design_1_i/mobilenetV2_0/inst/pad/pad_even/clk_out1
    SLICE_X37Y149        SRL16E                                       r  design_1_i/mobilenetV2_0/inst/pad/pad_even/genblk1[12].b_sr_reg[2][1]_srl2/CLK
                         clock pessimism              0.355     4.803    
    SLICE_X37Y149        SRL16E (Hold_B6LUT_SLICEM_CLK_D)
                                                      0.014     4.817    design_1_i/mobilenetV2_0/inst/pad/pad_even/genblk1[12].b_sr_reg[2][1]_srl2
  -------------------------------------------------------------------
                         required time                         -4.817    
                         arrival time                           4.845    
  -------------------------------------------------------------------
                         slack                                  0.028    





Pulse Width Checks
--------------------------------------------------------------------------------------
Clock Name:         clk_out1_clk_wiz_0
Waveform(ns):       { 0.000 1.250 }
Period(ns):         2.500
Sources:            { design_1_i/mobilenetV2_0/inst/clk_gen/inst/mmcme4_adv_inst/CLKOUT0 }

Check Type        Corner  Lib Pin             Reference Pin  Required(ns)  Actual(ns)  Slack(ns)  Location      Pin
Min Period        n/a     RAMB36E2/CLKARDCLK  n/a            1.550         2.500       0.950      RAMB36_X2Y20  design_1_i/mobilenetV2_0/inst/bram_d2p/u_in/U0/inst_blk_mem_gen/gnbram.gnativebmg.native_blk_mem_gen/valid.cstr/ramloop[0].ram.r/prim_noinit.ram/DEVICE_8SERIES.NO_BMM_INFO.TRUE_DP.SIMPLE_PRIM36.ram/CLKARDCLK
Min Period        n/a     RAMB36E2/CLKBWRCLK  n/a            1.550         2.500       0.950      RAMB36_X2Y20  design_1_i/mobilenetV2_0/inst/bram_d2p/u_in/U0/inst_blk_mem_gen/gnbram.gnativebmg.native_blk_mem_gen/valid.cstr/ramloop[0].ram.r/prim_noinit.ram/DEVICE_8SERIES.NO_BMM_INFO.TRUE_DP.SIMPLE_PRIM36.ram/CLKBWRCLK
Min Period        n/a     RAMB36E2/CLKARDCLK  n/a            1.550         2.500       0.950      RAMB36_X2Y28  design_1_i/mobilenetV2_0/inst/bram_d2p/u_in/U0/inst_blk_mem_gen/gnbram.gnativebmg.native_blk_mem_gen/valid.cstr/ramloop[10].ram.r/prim_noinit.ram/DEVICE_8SERIES.NO_BMM_INFO.TRUE_DP.SIMPLE_PRIM36.ram/CLKARDCLK
Min Period        n/a     RAMB36E2/CLKBWRCLK  n/a            1.550         2.500       0.950      RAMB36_X2Y28  design_1_i/mobilenetV2_0/inst/bram_d2p/u_in/U0/inst_blk_mem_gen/gnbram.gnativebmg.native_blk_mem_gen/valid.cstr/ramloop[10].ram.r/prim_noinit.ram/DEVICE_8SERIES.NO_BMM_INFO.TRUE_DP.SIMPLE_PRIM36.ram/CLKBWRCLK
Min Period        n/a     RAMB36E2/CLKARDCLK  n/a            1.550         2.500       0.950      RAMB36_X0Y24  design_1_i/mobilenetV2_0/inst/bram_d2p/u_in/U0/inst_blk_mem_gen/gnbram.gnativebmg.native_blk_mem_gen/valid.cstr/ramloop[11].ram.r/prim_noinit.ram/DEVICE_8SERIES.NO_BMM_INFO.TRUE_DP.SIMPLE_PRIM36.ram/CLKARDCLK
Min Period        n/a     RAMB36E2/CLKBWRCLK  n/a            1.550         2.500       0.950      RAMB36_X0Y24  design_1_i/mobilenetV2_0/inst/bram_d2p/u_in/U0/inst_blk_mem_gen/gnbram.gnativebmg.native_blk_mem_gen/valid.cstr/ramloop[11].ram.r/prim_noinit.ram/DEVICE_8SERIES.NO_BMM_INFO.TRUE_DP.SIMPLE_PRIM36.ram/CLKBWRCLK
Min Period        n/a     RAMB36E2/CLKARDCLK  n/a            1.550         2.500       0.950      RAMB36_X1Y29  design_1_i/mobilenetV2_0/inst/bram_d2p/u_in/U0/inst_blk_mem_gen/gnbram.gnativebmg.native_blk_mem_gen/valid.cstr/ramloop[12].ram.r/prim_noinit.ram/DEVICE_8SERIES.NO_BMM_INFO.TRUE_DP.SIMPLE_PRIM36.ram/CLKARDCLK
Min Period        n/a     RAMB36E2/CLKBWRCLK  n/a            1.550         2.500       0.950      RAMB36_X1Y29  design_1_i/mobilenetV2_0/inst/bram_d2p/u_in/U0/inst_blk_mem_gen/gnbram.gnativebmg.native_blk_mem_gen/valid.cstr/ramloop[12].ram.r/prim_noinit.ram/DEVICE_8SERIES.NO_BMM_INFO.TRUE_DP.SIMPLE_PRIM36.ram/CLKBWRCLK
Min Period        n/a     RAMB36E2/CLKARDCLK  n/a            1.550         2.500       0.950      RAMB36_X4Y28  design_1_i/mobilenetV2_0/inst/bram_d2p/u_in/U0/inst_blk_mem_gen/gnbram.gnativebmg.native_blk_mem_gen/valid.cstr/ramloop[13].ram.r/prim_noinit.ram/DEVICE_8SERIES.NO_BMM_INFO.TRUE_DP.SIMPLE_PRIM36.ram/CLKARDCLK
Min Period        n/a     RAMB36E2/CLKBWRCLK  n/a            1.550         2.500       0.950      RAMB36_X4Y28  design_1_i/mobilenetV2_0/inst/bram_d2p/u_in/U0/inst_blk_mem_gen/gnbram.gnativebmg.native_blk_mem_gen/valid.cstr/ramloop[13].ram.r/prim_noinit.ram/DEVICE_8SERIES.NO_BMM_INFO.TRUE_DP.SIMPLE_PRIM36.ram/CLKBWRCLK
Low Pulse Width   Slow    SRL16E/CLK          n/a            0.573         1.250       0.677      SLICE_X34Y65  design_1_i/mobilenetV2_0/inst/u_pointwise_before_depth/u_core_odd/g_input_skew[12].g_skew.input_sr_reg[1][0]_srl2___pad_last_d_reg_r_0/CLK
Low Pulse Width   Slow    SRL16E/CLK          n/a            0.573         1.250       0.677      SLICE_X37Y63  design_1_i/mobilenetV2_0/inst/u_pointwise_before_depth/u_core_odd/g_input_skew[12].g_skew.input_sr_reg[1][10]_srl2___pad_last_d_reg_r_0/CLK
Low Pulse Width   Slow    SRL16E/CLK          n/a            0.573         1.250       0.677      SLICE_X34Y65  design_1_i/mobilenetV2_0/inst/u_pointwise_before_depth/u_core_odd/g_input_skew[12].g_skew.input_sr_reg[1][11]_srl2___pad_last_d_reg_r_0/CLK
Low Pulse Width   Slow    SRL16E/CLK          n/a            0.573         1.250       0.677      SLICE_X37Y63  design_1_i/mobilenetV2_0/inst/u_pointwise_before_depth/u_core_odd/g_input_skew[12].g_skew.input_sr_reg[1][12]_srl2___pad_last_d_reg_r_0/CLK
Low Pulse Width   Slow    SRL16E/CLK          n/a            0.573         1.250       0.677      SLICE_X37Y63  design_1_i/mobilenetV2_0/inst/u_pointwise_before_depth/u_core_odd/g_input_skew[12].g_skew.input_sr_reg[1][13]_srl2___pad_last_d_reg_r_0/CLK
Low Pulse Width   Slow    SRL16E/CLK          n/a            0.573         1.250       0.677      SLICE_X37Y61  design_1_i/mobilenetV2_0/inst/u_pointwise_before_depth/u_core_odd/g_input_skew[12].g_skew.input_sr_reg[1][2]_srl2___pad_last_d_reg_r_0/CLK
Low Pulse Width   Slow    SRL16E/CLK          n/a            0.573         1.250       0.677      SLICE_X34Y65  design_1_i/mobilenetV2_0/inst/u_pointwise_before_depth/u_core_odd/g_input_skew[12].g_skew.input_sr_reg[1][3]_srl2___pad_last_d_reg_r_0/CLK
Low Pulse Width   Slow    SRL16E/CLK          n/a            0.573         1.250       0.677      SLICE_X34Y63  design_1_i/mobilenetV2_0/inst/u_pointwise_before_depth/u_core_odd/g_input_skew[12].g_skew.input_sr_reg[1][4]_srl2___pad_last_d_reg_r_0/CLK
Low Pulse Width   Slow    SRL16E/CLK          n/a            0.573         1.250       0.677      SLICE_X37Y63  design_1_i/mobilenetV2_0/inst/u_pointwise_before_depth/u_core_odd/g_input_skew[12].g_skew.input_sr_reg[1][5]_srl2___pad_last_d_reg_r_0/CLK
Low Pulse Width   Slow    SRL16E/CLK          n/a            0.573         1.250       0.677      SLICE_X37Y63  design_1_i/mobilenetV2_0/inst/u_pointwise_before_depth/u_core_odd/g_input_skew[12].g_skew.input_sr_reg[1][6]_srl2___pad_last_d_reg_r_0/CLK
High Pulse Width  Slow    SRL16E/CLK          n/a            0.573         1.250       0.677      SLICE_X31Y60  design_1_i/mobilenetV2_0/inst/u_pointwise_before_depth/u_core_odd/g_input_skew[12].g_skew.input_sr_reg[1][1]_srl2___pad_last_d_reg_r_0/CLK
High Pulse Width  Slow    SRL16E/CLK          n/a            0.573         1.250       0.677      SLICE_X39Y65  design_1_i/mobilenetV2_0/inst/u_pointwise_before_depth/u_core_odd/g_input_skew[12].g_skew.weight_sr_reg[1][11]_srl2___pad_last_d_reg_r_0/CLK
High Pulse Width  Slow    SRL16E/CLK          n/a            0.573         1.250       0.677      SLICE_X39Y65  design_1_i/mobilenetV2_0/inst/u_pointwise_before_depth/u_core_odd/g_input_skew[12].g_skew.weight_sr_reg[1][13]_srl2___pad_last_d_reg_r_0/CLK
High Pulse Width  Slow    SRL16E/CLK          n/a            0.573         1.250       0.677      SLICE_X42Y60  design_1_i/mobilenetV2_0/inst/u_pointwise_before_depth/u_core_odd/g_input_skew[12].g_skew.weight_sr_reg[1][6]_srl2___pad_last_d_reg_r_0/CLK
High Pulse Width  Slow    SRL16E/CLK          n/a            0.573         1.250       0.677      SLICE_X42Y60  design_1_i/mobilenetV2_0/inst/u_pointwise_before_depth/u_core_odd/g_input_skew[12].g_skew.weight_sr_reg[1][7]_srl2___pad_last_d_reg_r_0/CLK
High Pulse Width  Slow    SRL16E/CLK          n/a            0.573         1.250       0.677      SLICE_X42Y60  design_1_i/mobilenetV2_0/inst/u_pointwise_before_depth/u_core_odd/g_input_skew[12].g_skew.weight_sr_reg[1][8]_srl2___pad_last_d_reg_r_0/CLK
High Pulse Width  Slow    SRL16E/CLK          n/a            0.573         1.250       0.677      SLICE_X39Y65  design_1_i/mobilenetV2_0/inst/u_pointwise_before_depth/u_core_odd/g_input_skew[12].g_skew.weight_sr_reg[1][9]_srl2___pad_last_d_reg_r_0/CLK
High Pulse Width  Slow    SRL16E/CLK          n/a            0.573         1.250       0.677      SLICE_X42Y64  design_1_i/mobilenetV2_0/inst/u_pointwise_before_depth/u_core_odd/g_input_skew[13].g_skew.weight_sr_reg[2][0]_srl3___pad_pad_even_last_output_reg_r/CLK
High Pulse Width  Slow    SRL16E/CLK          n/a            0.573         1.250       0.677      SLICE_X42Y64  design_1_i/mobilenetV2_0/inst/u_pointwise_before_depth/u_core_odd/g_input_skew[13].g_skew.weight_sr_reg[2][10]_srl3___pad_pad_even_last_output_reg_r/CLK
High Pulse Width  Slow    SRL16E/CLK          n/a            0.573         1.250       0.677      SLICE_X42Y64  design_1_i/mobilenetV2_0/inst/u_pointwise_before_depth/u_core_odd/g_input_skew[13].g_skew.weight_sr_reg[2][11]_srl3___pad_pad_even_last_output_reg_r/CLK



---------------------------------------------------------------------------------------------------
Path Group:  **async_default**
From Clock:  clk_out1_clk_wiz_0
  To Clock:  clk_out1_clk_wiz_0

Setup :            0  Failing Endpoints,  Worst Slack        0.209ns,  Total Violation        0.000ns
Hold  :            0  Failing Endpoints,  Worst Slack        0.220ns,  Total Violation        0.000ns
---------------------------------------------------------------------------------------------------


Max Delay Paths
--------------------------------------------------------------------------------------
Slack (MET) :             0.209ns  (required time - arrival time)
  Source:                 design_1_i/mobilenetV2_0/inst/rst_core_reg_replica_20/C
                            (rising edge-triggered cell FDPE clocked by clk_out1_clk_wiz_0  {rise@0.000ns fall@1.250ns period=2.500ns})
  Destination:            design_1_i/mobilenetV2_0/inst/depthwise/depth_mac_odd/data_out_reg[15]_replica/CLR
                            (recovery check against rising-edge clock clk_out1_clk_wiz_0  {rise@0.000ns fall@1.250ns period=2.500ns})
  Path Group:             **async_default**
  Path Type:              Recovery (Max at Slow Process Corner)
  Requirement:            2.500ns  (clk_out1_clk_wiz_0 rise@2.500ns - clk_out1_clk_wiz_0 rise@0.000ns)
  Data Path Delay:        2.117ns  (logic 0.096ns (4.535%)  route 2.021ns (95.465%))
  Logic Levels:           0  
  Clock Path Skew:        -0.045ns (DCD - SCD + CPR)
    Destination Clock Delay (DCD):    4.704ns = ( 7.204 - 2.500 ) 
    Source Clock Delay      (SCD):    4.330ns
    Clock Pessimism Removal (CPR):    -0.419ns
  Clock Uncertainty:      0.057ns  ((TSJ^2 + DJ^2)^1/2) / 2 + PE
    Total System Jitter     (TSJ):    0.071ns
    Discrete Jitter          (DJ):    0.090ns
    Phase Error              (PE):    0.000ns
  Clock Net Delay (Source):      2.216ns (routing 1.044ns, distribution 1.172ns)
  Clock Net Delay (Destination): 2.075ns (routing 0.948ns, distribution 1.127ns)

    Location             Delay type                Incr(ns)  Path(ns)    Netlist Resource(s)
  -------------------------------------------------------------------    -------------------
                         (clock clk_out1_clk_wiz_0 rise edge)
                                                      0.000     0.000 r  
    BUFG_PS_X0Y67        BUFG_PS                      0.000     0.000 r  design_1_i/zynq_ultra_ps_e_0/inst/buffer_pl_clk_0.PL_CLK_0_BUFG/O
                         net (fo=2735, routed)        1.935     1.935    design_1_i/mobilenetV2_0/inst/clk_gen/inst/clk_in1
    MMCM_X0Y2            MMCME4_ADV (Prop_MMCM_CLKIN1_CLKOUT0)
                                                     -0.106     1.829 r  design_1_i/mobilenetV2_0/inst/clk_gen/inst/mmcme4_adv_inst/CLKOUT0
                         net (fo=1, routed)           0.257     2.086    design_1_i/mobilenetV2_0/inst/clk_gen/inst/clk_out1_clk_wiz_0
    BUFGCE_X0Y66         BUFGCE (Prop_BUFCE_BUFGCE_I_O)
                                                      0.028     2.114 r  design_1_i/mobilenetV2_0/inst/clk_gen/inst/clkout1_buf/O
    X0Y1 (CLOCK_ROOT)    net (fo=22026, routed)       2.216     4.330    design_1_i/mobilenetV2_0/inst/clk
    SLICE_X33Y100        FDPE                                         r  design_1_i/mobilenetV2_0/inst/rst_core_reg_replica_20/C
  -------------------------------------------------------------------    -------------------
    SLICE_X33Y100        FDPE (Prop_EFF_SLICEL_C_Q)
                                                      0.096     4.426 f  design_1_i/mobilenetV2_0/inst/rst_core_reg_replica_20/Q
                         net (fo=209, routed)         2.021     6.447    design_1_i/mobilenetV2_0/inst/depthwise/depth_mac_odd/rst_core_repN_20_alias
    SLICE_X39Y141        FDCE                                         f  design_1_i/mobilenetV2_0/inst/depthwise/depth_mac_odd/data_out_reg[15]_replica/CLR
  -------------------------------------------------------------------    -------------------

                         (clock clk_out1_clk_wiz_0 rise edge)
                                                      2.500     2.500 r  
    BUFG_PS_X0Y67        BUFG_PS                      0.000     2.500 r  design_1_i/zynq_ultra_ps_e_0/inst/buffer_pl_clk_0.PL_CLK_0_BUFG/O
                         net (fo=2735, routed)        1.733     4.233    design_1_i/mobilenetV2_0/inst/clk_gen/inst/clk_in1
    MMCM_X0Y2            MMCME4_ADV (Prop_MMCM_CLKIN1_CLKOUT0)
                                                      0.644     4.877 r  design_1_i/mobilenetV2_0/inst/clk_gen/inst/mmcme4_adv_inst/CLKOUT0
                         net (fo=1, routed)           0.228     5.105    design_1_i/mobilenetV2_0/inst/clk_gen/inst/clk_out1_clk_wiz_0
    BUFGCE_X0Y66         BUFGCE (Prop_BUFCE_BUFGCE_I_O)
                                                      0.024     5.129 r  design_1_i/mobilenetV2_0/inst/clk_gen/inst/clkout1_buf/O
    X0Y1 (CLOCK_ROOT)    net (fo=22026, routed)       2.075     7.204    design_1_i/mobilenetV2_0/inst/depthwise/depth_mac_odd/clk_out1
    SLICE_X39Y141        FDCE                                         r  design_1_i/mobilenetV2_0/inst/depthwise/depth_mac_odd/data_out_reg[15]_replica/C
                         clock pessimism             -0.419     6.785    
                         clock uncertainty           -0.057     6.728    
    SLICE_X39Y141        FDCE (Recov_AFF_SLICEM_C_CLR)
                                                     -0.072     6.656    design_1_i/mobilenetV2_0/inst/depthwise/depth_mac_odd/data_out_reg[15]_replica
  -------------------------------------------------------------------
                         required time                          6.656    
                         arrival time                          -6.447    
  -------------------------------------------------------------------
                         slack                                  0.209    

Slack (MET) :             0.209ns  (required time - arrival time)
  Source:                 design_1_i/mobilenetV2_0/inst/rst_core_reg_replica_20/C
                            (rising edge-triggered cell FDPE clocked by clk_out1_clk_wiz_0  {rise@0.000ns fall@1.250ns period=2.500ns})
  Destination:            design_1_i/mobilenetV2_0/inst/depthwise/depth_mac_odd/data_out_reg[5]_replica/CLR
                            (recovery check against rising-edge clock clk_out1_clk_wiz_0  {rise@0.000ns fall@1.250ns period=2.500ns})
  Path Group:             **async_default**
  Path Type:              Recovery (Max at Slow Process Corner)
  Requirement:            2.500ns  (clk_out1_clk_wiz_0 rise@2.500ns - clk_out1_clk_wiz_0 rise@0.000ns)
  Data Path Delay:        2.117ns  (logic 0.096ns (4.535%)  route 2.021ns (95.465%))
  Logic Levels:           0  
  Clock Path Skew:        -0.045ns (DCD - SCD + CPR)
    Destination Clock Delay (DCD):    4.704ns = ( 7.204 - 2.500 ) 
    Source Clock Delay      (SCD):    4.330ns
    Clock Pessimism Removal (CPR):    -0.419ns
  Clock Uncertainty:      0.057ns  ((TSJ^2 + DJ^2)^1/2) / 2 + PE
    Total System Jitter     (TSJ):    0.071ns
    Discrete Jitter          (DJ):    0.090ns
    Phase Error              (PE):    0.000ns
  Clock Net Delay (Source):      2.216ns (routing 1.044ns, distribution 1.172ns)
  Clock Net Delay (Destination): 2.075ns (routing 0.948ns, distribution 1.127ns)

    Location             Delay type                Incr(ns)  Path(ns)    Netlist Resource(s)
  -------------------------------------------------------------------    -------------------
                         (clock clk_out1_clk_wiz_0 rise edge)
                                                      0.000     0.000 r  
    BUFG_PS_X0Y67        BUFG_PS                      0.000     0.000 r  design_1_i/zynq_ultra_ps_e_0/inst/buffer_pl_clk_0.PL_CLK_0_BUFG/O
                         net (fo=2735, routed)        1.935     1.935    design_1_i/mobilenetV2_0/inst/clk_gen/inst/clk_in1
    MMCM_X0Y2            MMCME4_ADV (Prop_MMCM_CLKIN1_CLKOUT0)
                                                     -0.106     1.829 r  design_1_i/mobilenetV2_0/inst/clk_gen/inst/mmcme4_adv_inst/CLKOUT0
                         net (fo=1, routed)           0.257     2.086    design_1_i/mobilenetV2_0/inst/clk_gen/inst/clk_out1_clk_wiz_0
    BUFGCE_X0Y66         BUFGCE (Prop_BUFCE_BUFGCE_I_O)
                                                      0.028     2.114 r  design_1_i/mobilenetV2_0/inst/clk_gen/inst/clkout1_buf/O
    X0Y1 (CLOCK_ROOT)    net (fo=22026, routed)       2.216     4.330    design_1_i/mobilenetV2_0/inst/clk
    SLICE_X33Y100        FDPE                                         r  design_1_i/mobilenetV2_0/inst/rst_core_reg_replica_20/C
  -------------------------------------------------------------------    -------------------
    SLICE_X33Y100        FDPE (Prop_EFF_SLICEL_C_Q)
                                                      0.096     4.426 f  design_1_i/mobilenetV2_0/inst/rst_core_reg_replica_20/Q
                         net (fo=209, routed)         2.021     6.447    design_1_i/mobilenetV2_0/inst/depthwise/depth_mac_odd/rst_core_repN_20_alias
    SLICE_X39Y141        FDCE                                         f  design_1_i/mobilenetV2_0/inst/depthwise/depth_mac_odd/data_out_reg[5]_replica/CLR
  -------------------------------------------------------------------    -------------------

                         (clock clk_out1_clk_wiz_0 rise edge)
                                                      2.500     2.500 r  
    BUFG_PS_X0Y67        BUFG_PS                      0.000     2.500 r  design_1_i/zynq_ultra_ps_e_0/inst/buffer_pl_clk_0.PL_CLK_0_BUFG/O
                         net (fo=2735, routed)        1.733     4.233    design_1_i/mobilenetV2_0/inst/clk_gen/inst/clk_in1
    MMCM_X0Y2            MMCME4_ADV (Prop_MMCM_CLKIN1_CLKOUT0)
                                                      0.644     4.877 r  design_1_i/mobilenetV2_0/inst/clk_gen/inst/mmcme4_adv_inst/CLKOUT0
                         net (fo=1, routed)           0.228     5.105    design_1_i/mobilenetV2_0/inst/clk_gen/inst/clk_out1_clk_wiz_0
    BUFGCE_X0Y66         BUFGCE (Prop_BUFCE_BUFGCE_I_O)
                                                      0.024     5.129 r  design_1_i/mobilenetV2_0/inst/clk_gen/inst/clkout1_buf/O
    X0Y1 (CLOCK_ROOT)    net (fo=22026, routed)       2.075     7.204    design_1_i/mobilenetV2_0/inst/depthwise/depth_mac_odd/clk_out1
    SLICE_X39Y141        FDCE                                         r  design_1_i/mobilenetV2_0/inst/depthwise/depth_mac_odd/data_out_reg[5]_replica/C
                         clock pessimism             -0.419     6.785    
                         clock uncertainty           -0.057     6.728    
    SLICE_X39Y141        FDCE (Recov_BFF_SLICEM_C_CLR)
                                                     -0.072     6.656    design_1_i/mobilenetV2_0/inst/depthwise/depth_mac_odd/data_out_reg[5]_replica
  -------------------------------------------------------------------
                         required time                          6.656    
                         arrival time                          -6.447    
  -------------------------------------------------------------------
                         slack                                  0.209    

Slack (MET) :             0.211ns  (required time - arrival time)
  Source:                 design_1_i/mobilenetV2_0/inst/rst_core_reg_replica_20/C
                            (rising edge-triggered cell FDPE clocked by clk_out1_clk_wiz_0  {rise@0.000ns fall@1.250ns period=2.500ns})
  Destination:            design_1_i/mobilenetV2_0/inst/depthwise/depth_mac_odd/data_out_reg[11]_replica_1/CLR
                            (recovery check against rising-edge clock clk_out1_clk_wiz_0  {rise@0.000ns fall@1.250ns period=2.500ns})
  Path Group:             **async_default**
  Path Type:              Recovery (Max at Slow Process Corner)
  Requirement:            2.500ns  (clk_out1_clk_wiz_0 rise@2.500ns - clk_out1_clk_wiz_0 rise@0.000ns)
  Data Path Delay:        2.111ns  (logic 0.096ns (4.548%)  route 2.015ns (95.452%))
  Logic Levels:           0  
  Clock Path Skew:        -0.049ns (DCD - SCD + CPR)
    Destination Clock Delay (DCD):    4.700ns = ( 7.200 - 2.500 ) 
    Source Clock Delay      (SCD):    4.330ns
    Clock Pessimism Removal (CPR):    -0.419ns
  Clock Uncertainty:      0.057ns  ((TSJ^2 + DJ^2)^1/2) / 2 + PE
    Total System Jitter     (TSJ):    0.071ns
    Discrete Jitter          (DJ):    0.090ns
    Phase Error              (PE):    0.000ns
  Clock Net Delay (Source):      2.216ns (routing 1.044ns, distribution 1.172ns)
  Clock Net Delay (Destination): 2.071ns (routing 0.948ns, distribution 1.123ns)

    Location             Delay type                Incr(ns)  Path(ns)    Netlist Resource(s)
  -------------------------------------------------------------------    -------------------
                         (clock clk_out1_clk_wiz_0 rise edge)
                                                      0.000     0.000 r  
    BUFG_PS_X0Y67        BUFG_PS                      0.000     0.000 r  design_1_i/zynq_ultra_ps_e_0/inst/buffer_pl_clk_0.PL_CLK_0_BUFG/O
                         net (fo=2735, routed)        1.935     1.935    design_1_i/mobilenetV2_0/inst/clk_gen/inst/clk_in1
    MMCM_X0Y2            MMCME4_ADV (Prop_MMCM_CLKIN1_CLKOUT0)
                                                     -0.106     1.829 r  design_1_i/mobilenetV2_0/inst/clk_gen/inst/mmcme4_adv_inst/CLKOUT0
                         net (fo=1, routed)           0.257     2.086    design_1_i/mobilenetV2_0/inst/clk_gen/inst/clk_out1_clk_wiz_0
    BUFGCE_X0Y66         BUFGCE (Prop_BUFCE_BUFGCE_I_O)
                                                      0.028     2.114 r  design_1_i/mobilenetV2_0/inst/clk_gen/inst/clkout1_buf/O
    X0Y1 (CLOCK_ROOT)    net (fo=22026, routed)       2.216     4.330    design_1_i/mobilenetV2_0/inst/clk
    SLICE_X33Y100        FDPE                                         r  design_1_i/mobilenetV2_0/inst/rst_core_reg_replica_20/C
  -------------------------------------------------------------------    -------------------
    SLICE_X33Y100        FDPE (Prop_EFF_SLICEL_C_Q)
                                                      0.096     4.426 f  design_1_i/mobilenetV2_0/inst/rst_core_reg_replica_20/Q
                         net (fo=209, routed)         2.015     6.441    design_1_i/mobilenetV2_0/inst/depthwise/depth_mac_odd/rst_core_repN_20_alias
    SLICE_X39Y140        FDCE                                         f  design_1_i/mobilenetV2_0/inst/depthwise/depth_mac_odd/data_out_reg[11]_replica_1/CLR
  -------------------------------------------------------------------    -------------------

                         (clock clk_out1_clk_wiz_0 rise edge)
                                                      2.500     2.500 r  
    BUFG_PS_X0Y67        BUFG_PS                      0.000     2.500 r  design_1_i/zynq_ultra_ps_e_0/inst/buffer_pl_clk_0.PL_CLK_0_BUFG/O
                         net (fo=2735, routed)        1.733     4.233    design_1_i/mobilenetV2_0/inst/clk_gen/inst/clk_in1
    MMCM_X0Y2            MMCME4_ADV (Prop_MMCM_CLKIN1_CLKOUT0)
                                                      0.644     4.877 r  design_1_i/mobilenetV2_0/inst/clk_gen/inst/mmcme4_adv_inst/CLKOUT0
                         net (fo=1, routed)           0.228     5.105    design_1_i/mobilenetV2_0/inst/clk_gen/inst/clk_out1_clk_wiz_0
    BUFGCE_X0Y66         BUFGCE (Prop_BUFCE_BUFGCE_I_O)
                                                      0.024     5.129 r  design_1_i/mobilenetV2_0/inst/clk_gen/inst/clkout1_buf/O
    X0Y1 (CLOCK_ROOT)    net (fo=22026, routed)       2.071     7.200    design_1_i/mobilenetV2_0/inst/depthwise/depth_mac_odd/clk_out1
    SLICE_X39Y140        FDCE                                         r  design_1_i/mobilenetV2_0/inst/depthwise/depth_mac_odd/data_out_reg[11]_replica_1/C
                         clock pessimism             -0.419     6.781    
                         clock uncertainty           -0.057     6.724    
    SLICE_X39Y140        FDCE (Recov_AFF_SLICEM_C_CLR)
                                                     -0.072     6.652    design_1_i/mobilenetV2_0/inst/depthwise/depth_mac_odd/data_out_reg[11]_replica_1
  -------------------------------------------------------------------
                         required time                          6.652    
                         arrival time                          -6.441    
  -------------------------------------------------------------------
                         slack                                  0.211    

Slack (MET) :             0.211ns  (required time - arrival time)
  Source:                 design_1_i/mobilenetV2_0/inst/rst_core_reg_replica_20/C
                            (rising edge-triggered cell FDPE clocked by clk_out1_clk_wiz_0  {rise@0.000ns fall@1.250ns period=2.500ns})
  Destination:            design_1_i/mobilenetV2_0/inst/depthwise/depth_mac_odd/data_out_reg[4]_replica_5/CLR
                            (recovery check against rising-edge clock clk_out1_clk_wiz_0  {rise@0.000ns fall@1.250ns period=2.500ns})
  Path Group:             **async_default**
  Path Type:              Recovery (Max at Slow Process Corner)
  Requirement:            2.500ns  (clk_out1_clk_wiz_0 rise@2.500ns - clk_out1_clk_wiz_0 rise@0.000ns)
  Data Path Delay:        2.111ns  (logic 0.096ns (4.548%)  route 2.015ns (95.452%))
  Logic Levels:           0  
  Clock Path Skew:        -0.049ns (DCD - SCD + CPR)
    Destination Clock Delay (DCD):    4.700ns = ( 7.200 - 2.500 ) 
    Source Clock Delay      (SCD):    4.330ns
    Clock Pessimism Removal (CPR):    -0.419ns
  Clock Uncertainty:      0.057ns  ((TSJ^2 + DJ^2)^1/2) / 2 + PE
    Total System Jitter     (TSJ):    0.071ns
    Discrete Jitter          (DJ):    0.090ns
    Phase Error              (PE):    0.000ns
  Clock Net Delay (Source):      2.216ns (routing 1.044ns, distribution 1.172ns)
  Clock Net Delay (Destination): 2.071ns (routing 0.948ns, distribution 1.123ns)

    Location             Delay type                Incr(ns)  Path(ns)    Netlist Resource(s)
  -------------------------------------------------------------------    -------------------
                         (clock clk_out1_clk_wiz_0 rise edge)
                                                      0.000     0.000 r  
    BUFG_PS_X0Y67        BUFG_PS                      0.000     0.000 r  design_1_i/zynq_ultra_ps_e_0/inst/buffer_pl_clk_0.PL_CLK_0_BUFG/O
                         net (fo=2735, routed)        1.935     1.935    design_1_i/mobilenetV2_0/inst/clk_gen/inst/clk_in1
    MMCM_X0Y2            MMCME4_ADV (Prop_MMCM_CLKIN1_CLKOUT0)
                                                     -0.106     1.829 r  design_1_i/mobilenetV2_0/inst/clk_gen/inst/mmcme4_adv_inst/CLKOUT0
                         net (fo=1, routed)           0.257     2.086    design_1_i/mobilenetV2_0/inst/clk_gen/inst/clk_out1_clk_wiz_0
    BUFGCE_X0Y66         BUFGCE (Prop_BUFCE_BUFGCE_I_O)
                                                      0.028     2.114 r  design_1_i/mobilenetV2_0/inst/clk_gen/inst/clkout1_buf/O
    X0Y1 (CLOCK_ROOT)    net (fo=22026, routed)       2.216     4.330    design_1_i/mobilenetV2_0/inst/clk
    SLICE_X33Y100        FDPE                                         r  design_1_i/mobilenetV2_0/inst/rst_core_reg_replica_20/C
  -------------------------------------------------------------------    -------------------
    SLICE_X33Y100        FDPE (Prop_EFF_SLICEL_C_Q)
                                                      0.096     4.426 f  design_1_i/mobilenetV2_0/inst/rst_core_reg_replica_20/Q
                         net (fo=209, routed)         2.015     6.441    design_1_i/mobilenetV2_0/inst/depthwise/depth_mac_odd/rst_core_repN_20_alias
    SLICE_X39Y140        FDCE                                         f  design_1_i/mobilenetV2_0/inst/depthwise/depth_mac_odd/data_out_reg[4]_replica_5/CLR
  -------------------------------------------------------------------    -------------------

                         (clock clk_out1_clk_wiz_0 rise edge)
                                                      2.500     2.500 r  
    BUFG_PS_X0Y67        BUFG_PS                      0.000     2.500 r  design_1_i/zynq_ultra_ps_e_0/inst/buffer_pl_clk_0.PL_CLK_0_BUFG/O
                         net (fo=2735, routed)        1.733     4.233    design_1_i/mobilenetV2_0/inst/clk_gen/inst/clk_in1
    MMCM_X0Y2            MMCME4_ADV (Prop_MMCM_CLKIN1_CLKOUT0)
                                                      0.644     4.877 r  design_1_i/mobilenetV2_0/inst/clk_gen/inst/mmcme4_adv_inst/CLKOUT0
                         net (fo=1, routed)           0.228     5.105    design_1_i/mobilenetV2_0/inst/clk_gen/inst/clk_out1_clk_wiz_0
    BUFGCE_X0Y66         BUFGCE (Prop_BUFCE_BUFGCE_I_O)
                                                      0.024     5.129 r  design_1_i/mobilenetV2_0/inst/clk_gen/inst/clkout1_buf/O
    X0Y1 (CLOCK_ROOT)    net (fo=22026, routed)       2.071     7.200    design_1_i/mobilenetV2_0/inst/depthwise/depth_mac_odd/clk_out1
    SLICE_X39Y140        FDCE                                         r  design_1_i/mobilenetV2_0/inst/depthwise/depth_mac_odd/data_out_reg[4]_replica_5/C
                         clock pessimism             -0.419     6.781    
                         clock uncertainty           -0.057     6.724    
    SLICE_X39Y140        FDCE (Recov_BFF_SLICEM_C_CLR)
                                                     -0.072     6.652    design_1_i/mobilenetV2_0/inst/depthwise/depth_mac_odd/data_out_reg[4]_replica_5
  -------------------------------------------------------------------
                         required time                          6.652    
                         arrival time                          -6.441    
  -------------------------------------------------------------------
                         slack                                  0.211    

Slack (MET) :             0.240ns  (required time - arrival time)
  Source:                 design_1_i/mobilenetV2_0/inst/rst_core_reg_replica_20/C
                            (rising edge-triggered cell FDPE clocked by clk_out1_clk_wiz_0  {rise@0.000ns fall@1.250ns period=2.500ns})
  Destination:            design_1_i/mobilenetV2_0/inst/depthwise/depth_mac_even/data_out_reg[13]_replica_4/CLR
                            (recovery check against rising-edge clock clk_out1_clk_wiz_0  {rise@0.000ns fall@1.250ns period=2.500ns})
  Path Group:             **async_default**
  Path Type:              Recovery (Max at Slow Process Corner)
  Requirement:            2.500ns  (clk_out1_clk_wiz_0 rise@2.500ns - clk_out1_clk_wiz_0 rise@0.000ns)
  Data Path Delay:        2.113ns  (logic 0.096ns (4.543%)  route 2.017ns (95.457%))
  Logic Levels:           0  
  Clock Path Skew:        -0.017ns (DCD - SCD + CPR)
    Destination Clock Delay (DCD):    4.672ns = ( 7.172 - 2.500 ) 
    Source Clock Delay      (SCD):    4.330ns
    Clock Pessimism Removal (CPR):    -0.359ns
  Clock Uncertainty:      0.057ns  ((TSJ^2 + DJ^2)^1/2) / 2 + PE
    Total System Jitter     (TSJ):    0.071ns
    Discrete Jitter          (DJ):    0.090ns
    Phase Error              (PE):    0.000ns
  Clock Net Delay (Source):      2.216ns (routing 1.044ns, distribution 1.172ns)
  Clock Net Delay (Destination): 2.043ns (routing 0.948ns, distribution 1.095ns)

    Location             Delay type                Incr(ns)  Path(ns)    Netlist Resource(s)
  -------------------------------------------------------------------    -------------------
                         (clock clk_out1_clk_wiz_0 rise edge)
                                                      0.000     0.000 r  
    BUFG_PS_X0Y67        BUFG_PS                      0.000     0.000 r  design_1_i/zynq_ultra_ps_e_0/inst/buffer_pl_clk_0.PL_CLK_0_BUFG/O
                         net (fo=2735, routed)        1.935     1.935    design_1_i/mobilenetV2_0/inst/clk_gen/inst/clk_in1
    MMCM_X0Y2            MMCME4_ADV (Prop_MMCM_CLKIN1_CLKOUT0)
                                                     -0.106     1.829 r  design_1_i/mobilenetV2_0/inst/clk_gen/inst/mmcme4_adv_inst/CLKOUT0
                         net (fo=1, routed)           0.257     2.086    design_1_i/mobilenetV2_0/inst/clk_gen/inst/clk_out1_clk_wiz_0
    BUFGCE_X0Y66         BUFGCE (Prop_BUFCE_BUFGCE_I_O)
                                                      0.028     2.114 r  design_1_i/mobilenetV2_0/inst/clk_gen/inst/clkout1_buf/O
    X0Y1 (CLOCK_ROOT)    net (fo=22026, routed)       2.216     4.330    design_1_i/mobilenetV2_0/inst/clk
    SLICE_X33Y100        FDPE                                         r  design_1_i/mobilenetV2_0/inst/rst_core_reg_replica_20/C
  -------------------------------------------------------------------    -------------------
    SLICE_X33Y100        FDPE (Prop_EFF_SLICEL_C_Q)
                                                      0.096     4.426 f  design_1_i/mobilenetV2_0/inst/rst_core_reg_replica_20/Q
                         net (fo=209, routed)         2.017     6.443    design_1_i/mobilenetV2_0/inst/depthwise/depth_mac_even/rst_core_repN_20_alias
    SLICE_X40Y72         FDCE                                         f  design_1_i/mobilenetV2_0/inst/depthwise/depth_mac_even/data_out_reg[13]_replica_4/CLR
  -------------------------------------------------------------------    -------------------

                         (clock clk_out1_clk_wiz_0 rise edge)
                                                      2.500     2.500 r  
    BUFG_PS_X0Y67        BUFG_PS                      0.000     2.500 r  design_1_i/zynq_ultra_ps_e_0/inst/buffer_pl_clk_0.PL_CLK_0_BUFG/O
                         net (fo=2735, routed)        1.733     4.233    design_1_i/mobilenetV2_0/inst/clk_gen/inst/clk_in1
    MMCM_X0Y2            MMCME4_ADV (Prop_MMCM_CLKIN1_CLKOUT0)
                                                      0.644     4.877 r  design_1_i/mobilenetV2_0/inst/clk_gen/inst/mmcme4_adv_inst/CLKOUT0
                         net (fo=1, routed)           0.228     5.105    design_1_i/mobilenetV2_0/inst/clk_gen/inst/clk_out1_clk_wiz_0
    BUFGCE_X0Y66         BUFGCE (Prop_BUFCE_BUFGCE_I_O)
                                                      0.024     5.129 r  design_1_i/mobilenetV2_0/inst/clk_gen/inst/clkout1_buf/O
    X0Y1 (CLOCK_ROOT)    net (fo=22026, routed)       2.043     7.172    design_1_i/mobilenetV2_0/inst/depthwise/depth_mac_even/clk_out1
    SLICE_X40Y72         FDCE                                         r  design_1_i/mobilenetV2_0/inst/depthwise/depth_mac_even/data_out_reg[13]_replica_4/C
                         clock pessimism             -0.359     6.813    
                         clock uncertainty           -0.057     6.755    
    SLICE_X40Y72         FDCE (Recov_FFF2_SLICEM_C_CLR)
                                                     -0.072     6.683    design_1_i/mobilenetV2_0/inst/depthwise/depth_mac_even/data_out_reg[13]_replica_4
  -------------------------------------------------------------------
                         required time                          6.683    
                         arrival time                          -6.443    
  -------------------------------------------------------------------
                         slack                                  0.240    

Slack (MET) :             0.240ns  (required time - arrival time)
  Source:                 design_1_i/mobilenetV2_0/inst/rst_core_reg_replica_20/C
                            (rising edge-triggered cell FDPE clocked by clk_out1_clk_wiz_0  {rise@0.000ns fall@1.250ns period=2.500ns})
  Destination:            design_1_i/mobilenetV2_0/inst/depthwise/depth_mac_even/data_out_reg[7]_replica_4/CLR
                            (recovery check against rising-edge clock clk_out1_clk_wiz_0  {rise@0.000ns fall@1.250ns period=2.500ns})
  Path Group:             **async_default**
  Path Type:              Recovery (Max at Slow Process Corner)
  Requirement:            2.500ns  (clk_out1_clk_wiz_0 rise@2.500ns - clk_out1_clk_wiz_0 rise@0.000ns)
  Data Path Delay:        2.113ns  (logic 0.096ns (4.543%)  route 2.017ns (95.457%))
  Logic Levels:           0  
  Clock Path Skew:        -0.017ns (DCD - SCD + CPR)
    Destination Clock Delay (DCD):    4.672ns = ( 7.172 - 2.500 ) 
    Source Clock Delay      (SCD):    4.330ns
    Clock Pessimism Removal (CPR):    -0.359ns
  Clock Uncertainty:      0.057ns  ((TSJ^2 + DJ^2)^1/2) / 2 + PE
    Total System Jitter     (TSJ):    0.071ns
    Discrete Jitter          (DJ):    0.090ns
    Phase Error              (PE):    0.000ns
  Clock Net Delay (Source):      2.216ns (routing 1.044ns, distribution 1.172ns)
  Clock Net Delay (Destination): 2.043ns (routing 0.948ns, distribution 1.095ns)

    Location             Delay type                Incr(ns)  Path(ns)    Netlist Resource(s)
  -------------------------------------------------------------------    -------------------
                         (clock clk_out1_clk_wiz_0 rise edge)
                                                      0.000     0.000 r  
    BUFG_PS_X0Y67        BUFG_PS                      0.000     0.000 r  design_1_i/zynq_ultra_ps_e_0/inst/buffer_pl_clk_0.PL_CLK_0_BUFG/O
                         net (fo=2735, routed)        1.935     1.935    design_1_i/mobilenetV2_0/inst/clk_gen/inst/clk_in1
    MMCM_X0Y2            MMCME4_ADV (Prop_MMCM_CLKIN1_CLKOUT0)
                                                     -0.106     1.829 r  design_1_i/mobilenetV2_0/inst/clk_gen/inst/mmcme4_adv_inst/CLKOUT0
                         net (fo=1, routed)           0.257     2.086    design_1_i/mobilenetV2_0/inst/clk_gen/inst/clk_out1_clk_wiz_0
    BUFGCE_X0Y66         BUFGCE (Prop_BUFCE_BUFGCE_I_O)
                                                      0.028     2.114 r  design_1_i/mobilenetV2_0/inst/clk_gen/inst/clkout1_buf/O
    X0Y1 (CLOCK_ROOT)    net (fo=22026, routed)       2.216     4.330    design_1_i/mobilenetV2_0/inst/clk
    SLICE_X33Y100        FDPE                                         r  design_1_i/mobilenetV2_0/inst/rst_core_reg_replica_20/C
  -------------------------------------------------------------------    -------------------
    SLICE_X33Y100        FDPE (Prop_EFF_SLICEL_C_Q)
                                                      0.096     4.426 f  design_1_i/mobilenetV2_0/inst/rst_core_reg_replica_20/Q
                         net (fo=209, routed)         2.017     6.443    design_1_i/mobilenetV2_0/inst/depthwise/depth_mac_even/rst_core_repN_20_alias
    SLICE_X40Y72         FDCE                                         f  design_1_i/mobilenetV2_0/inst/depthwise/depth_mac_even/data_out_reg[7]_replica_4/CLR
  -------------------------------------------------------------------    -------------------

                         (clock clk_out1_clk_wiz_0 rise edge)
                                                      2.500     2.500 r  
    BUFG_PS_X0Y67        BUFG_PS                      0.000     2.500 r  design_1_i/zynq_ultra_ps_e_0/inst/buffer_pl_clk_0.PL_CLK_0_BUFG/O
                         net (fo=2735, routed)        1.733     4.233    design_1_i/mobilenetV2_0/inst/clk_gen/inst/clk_in1
    MMCM_X0Y2            MMCME4_ADV (Prop_MMCM_CLKIN1_CLKOUT0)
                                                      0.644     4.877 r  design_1_i/mobilenetV2_0/inst/clk_gen/inst/mmcme4_adv_inst/CLKOUT0
                         net (fo=1, routed)           0.228     5.105    design_1_i/mobilenetV2_0/inst/clk_gen/inst/clk_out1_clk_wiz_0
    BUFGCE_X0Y66         BUFGCE (Prop_BUFCE_BUFGCE_I_O)
                                                      0.024     5.129 r  design_1_i/mobilenetV2_0/inst/clk_gen/inst/clkout1_buf/O
    X0Y1 (CLOCK_ROOT)    net (fo=22026, routed)       2.043     7.172    design_1_i/mobilenetV2_0/inst/depthwise/depth_mac_even/clk_out1
    SLICE_X40Y72         FDCE                                         r  design_1_i/mobilenetV2_0/inst/depthwise/depth_mac_even/data_out_reg[7]_replica_4/C
                         clock pessimism             -0.359     6.813    
                         clock uncertainty           -0.057     6.755    
    SLICE_X40Y72         FDCE (Recov_EFF2_SLICEM_C_CLR)
                                                     -0.072     6.683    design_1_i/mobilenetV2_0/inst/depthwise/depth_mac_even/data_out_reg[7]_replica_4
  -------------------------------------------------------------------
                         required time                          6.683    
                         arrival time                          -6.443    
  -------------------------------------------------------------------
                         slack                                  0.240    

Slack (MET) :             0.269ns  (required time - arrival time)
  Source:                 design_1_i/mobilenetV2_0/inst/rst_core_reg_replica_20/C
                            (rising edge-triggered cell FDPE clocked by clk_out1_clk_wiz_0  {rise@0.000ns fall@1.250ns period=2.500ns})
  Destination:            design_1_i/mobilenetV2_0/inst/depthwise/depth_mac_odd/data_out_reg[3]_replica/CLR
                            (recovery check against rising-edge clock clk_out1_clk_wiz_0  {rise@0.000ns fall@1.250ns period=2.500ns})
  Path Group:             **async_default**
  Path Type:              Recovery (Max at Slow Process Corner)
  Requirement:            2.500ns  (clk_out1_clk_wiz_0 rise@2.500ns - clk_out1_clk_wiz_0 rise@0.000ns)
  Data Path Delay:        2.059ns  (logic 0.096ns (4.662%)  route 1.963ns (95.338%))
  Logic Levels:           0  
  Clock Path Skew:        -0.043ns (DCD - SCD + CPR)
    Destination Clock Delay (DCD):    4.706ns = ( 7.206 - 2.500 ) 
    Source Clock Delay      (SCD):    4.330ns
    Clock Pessimism Removal (CPR):    -0.419ns
  Clock Uncertainty:      0.057ns  ((TSJ^2 + DJ^2)^1/2) / 2 + PE
    Total System Jitter     (TSJ):    0.071ns
    Discrete Jitter          (DJ):    0.090ns
    Phase Error              (PE):    0.000ns
  Clock Net Delay (Source):      2.216ns (routing 1.044ns, distribution 1.172ns)
  Clock Net Delay (Destination): 2.077ns (routing 0.948ns, distribution 1.129ns)

    Location             Delay type                Incr(ns)  Path(ns)    Netlist Resource(s)
  -------------------------------------------------------------------    -------------------
                         (clock clk_out1_clk_wiz_0 rise edge)
                                                      0.000     0.000 r  
    BUFG_PS_X0Y67        BUFG_PS                      0.000     0.000 r  design_1_i/zynq_ultra_ps_e_0/inst/buffer_pl_clk_0.PL_CLK_0_BUFG/O
                         net (fo=2735, routed)        1.935     1.935    design_1_i/mobilenetV2_0/inst/clk_gen/inst/clk_in1
    MMCM_X0Y2            MMCME4_ADV (Prop_MMCM_CLKIN1_CLKOUT0)
                                                     -0.106     1.829 r  design_1_i/mobilenetV2_0/inst/clk_gen/inst/mmcme4_adv_inst/CLKOUT0
                         net (fo=1, routed)           0.257     2.086    design_1_i/mobilenetV2_0/inst/clk_gen/inst/clk_out1_clk_wiz_0
    BUFGCE_X0Y66         BUFGCE (Prop_BUFCE_BUFGCE_I_O)
                                                      0.028     2.114 r  design_1_i/mobilenetV2_0/inst/clk_gen/inst/clkout1_buf/O
    X0Y1 (CLOCK_ROOT)    net (fo=22026, routed)       2.216     4.330    design_1_i/mobilenetV2_0/inst/clk
    SLICE_X33Y100        FDPE                                         r  design_1_i/mobilenetV2_0/inst/rst_core_reg_replica_20/C
  -------------------------------------------------------------------    -------------------
    SLICE_X33Y100        FDPE (Prop_EFF_SLICEL_C_Q)
                                                      0.096     4.426 f  design_1_i/mobilenetV2_0/inst/rst_core_reg_replica_20/Q
                         net (fo=209, routed)         1.963     6.389    design_1_i/mobilenetV2_0/inst/depthwise/depth_mac_odd/rst_core_repN_20_alias
    SLICE_X39Y139        FDCE                                         f  design_1_i/mobilenetV2_0/inst/depthwise/depth_mac_odd/data_out_reg[3]_replica/CLR
  -------------------------------------------------------------------    -------------------

                         (clock clk_out1_clk_wiz_0 rise edge)
                                                      2.500     2.500 r  
    BUFG_PS_X0Y67        BUFG_PS                      0.000     2.500 r  design_1_i/zynq_ultra_ps_e_0/inst/buffer_pl_clk_0.PL_CLK_0_BUFG/O
                         net (fo=2735, routed)        1.733     4.233    design_1_i/mobilenetV2_0/inst/clk_gen/inst/clk_in1
    MMCM_X0Y2            MMCME4_ADV (Prop_MMCM_CLKIN1_CLKOUT0)
                                                      0.644     4.877 r  design_1_i/mobilenetV2_0/inst/clk_gen/inst/mmcme4_adv_inst/CLKOUT0
                         net (fo=1, routed)           0.228     5.105    design_1_i/mobilenetV2_0/inst/clk_gen/inst/clk_out1_clk_wiz_0
    BUFGCE_X0Y66         BUFGCE (Prop_BUFCE_BUFGCE_I_O)
                                                      0.024     5.129 r  design_1_i/mobilenetV2_0/inst/clk_gen/inst/clkout1_buf/O
    X0Y1 (CLOCK_ROOT)    net (fo=22026, routed)       2.077     7.206    design_1_i/mobilenetV2_0/inst/depthwise/depth_mac_odd/clk_out1
    SLICE_X39Y139        FDCE                                         r  design_1_i/mobilenetV2_0/inst/depthwise/depth_mac_odd/data_out_reg[3]_replica/C
                         clock pessimism             -0.419     6.787    
                         clock uncertainty           -0.057     6.730    
    SLICE_X39Y139        FDCE (Recov_AFF_SLICEM_C_CLR)
                                                     -0.072     6.658    design_1_i/mobilenetV2_0/inst/depthwise/depth_mac_odd/data_out_reg[3]_replica
  -------------------------------------------------------------------
                         required time                          6.658    
                         arrival time                          -6.389    
  -------------------------------------------------------------------
                         slack                                  0.269    

Slack (MET) :             0.336ns  (required time - arrival time)
  Source:                 design_1_i/mobilenetV2_0/inst/rst_core_reg_replica_20/C
                            (rising edge-triggered cell FDPE clocked by clk_out1_clk_wiz_0  {rise@0.000ns fall@1.250ns period=2.500ns})
  Destination:            design_1_i/mobilenetV2_0/inst/depthwise/depth_mac_odd/data_out_reg[11]_replica/CLR
                            (recovery check against rising-edge clock clk_out1_clk_wiz_0  {rise@0.000ns fall@1.250ns period=2.500ns})
  Path Group:             **async_default**
  Path Type:              Recovery (Max at Slow Process Corner)
  Requirement:            2.500ns  (clk_out1_clk_wiz_0 rise@2.500ns - clk_out1_clk_wiz_0 rise@0.000ns)
  Data Path Delay:        1.980ns  (logic 0.096ns (4.848%)  route 1.884ns (95.152%))
  Logic Levels:           0  
  Clock Path Skew:        -0.055ns (DCD - SCD + CPR)
    Destination Clock Delay (DCD):    4.694ns = ( 7.194 - 2.500 ) 
    Source Clock Delay      (SCD):    4.330ns
    Clock Pessimism Removal (CPR):    -0.419ns
  Clock Uncertainty:      0.057ns  ((TSJ^2 + DJ^2)^1/2) / 2 + PE
    Total System Jitter     (TSJ):    0.071ns
    Discrete Jitter          (DJ):    0.090ns
    Phase Error              (PE):    0.000ns
  Clock Net Delay (Source):      2.216ns (routing 1.044ns, distribution 1.172ns)
  Clock Net Delay (Destination): 2.065ns (routing 0.948ns, distribution 1.117ns)

    Location             Delay type                Incr(ns)  Path(ns)    Netlist Resource(s)
  -------------------------------------------------------------------    -------------------
                         (clock clk_out1_clk_wiz_0 rise edge)
                                                      0.000     0.000 r  
    BUFG_PS_X0Y67        BUFG_PS                      0.000     0.000 r  design_1_i/zynq_ultra_ps_e_0/inst/buffer_pl_clk_0.PL_CLK_0_BUFG/O
                         net (fo=2735, routed)        1.935     1.935    design_1_i/mobilenetV2_0/inst/clk_gen/inst/clk_in1
    MMCM_X0Y2            MMCME4_ADV (Prop_MMCM_CLKIN1_CLKOUT0)
                                                     -0.106     1.829 r  design_1_i/mobilenetV2_0/inst/clk_gen/inst/mmcme4_adv_inst/CLKOUT0
                         net (fo=1, routed)           0.257     2.086    design_1_i/mobilenetV2_0/inst/clk_gen/inst/clk_out1_clk_wiz_0
    BUFGCE_X0Y66         BUFGCE (Prop_BUFCE_BUFGCE_I_O)
                                                      0.028     2.114 r  design_1_i/mobilenetV2_0/inst/clk_gen/inst/clkout1_buf/O
    X0Y1 (CLOCK_ROOT)    net (fo=22026, routed)       2.216     4.330    design_1_i/mobilenetV2_0/inst/clk
    SLICE_X33Y100        FDPE                                         r  design_1_i/mobilenetV2_0/inst/rst_core_reg_replica_20/C
  -------------------------------------------------------------------    -------------------
    SLICE_X33Y100        FDPE (Prop_EFF_SLICEL_C_Q)
                                                      0.096     4.426 f  design_1_i/mobilenetV2_0/inst/rst_core_reg_replica_20/Q
                         net (fo=209, routed)         1.884     6.310    design_1_i/mobilenetV2_0/inst/depthwise/depth_mac_odd/rst_core_repN_20_alias
    SLICE_X38Y131        FDCE                                         f  design_1_i/mobilenetV2_0/inst/depthwise/depth_mac_odd/data_out_reg[11]_replica/CLR
  -------------------------------------------------------------------    -------------------

                         (clock clk_out1_clk_wiz_0 rise edge)
                                                      2.500     2.500 r  
    BUFG_PS_X0Y67        BUFG_PS                      0.000     2.500 r  design_1_i/zynq_ultra_ps_e_0/inst/buffer_pl_clk_0.PL_CLK_0_BUFG/O
                         net (fo=2735, routed)        1.733     4.233    design_1_i/mobilenetV2_0/inst/clk_gen/inst/clk_in1
    MMCM_X0Y2            MMCME4_ADV (Prop_MMCM_CLKIN1_CLKOUT0)
                                                      0.644     4.877 r  design_1_i/mobilenetV2_0/inst/clk_gen/inst/mmcme4_adv_inst/CLKOUT0
                         net (fo=1, routed)           0.228     5.105    design_1_i/mobilenetV2_0/inst/clk_gen/inst/clk_out1_clk_wiz_0
    BUFGCE_X0Y66         BUFGCE (Prop_BUFCE_BUFGCE_I_O)
                                                      0.024     5.129 r  design_1_i/mobilenetV2_0/inst/clk_gen/inst/clkout1_buf/O
    X0Y1 (CLOCK_ROOT)    net (fo=22026, routed)       2.065     7.194    design_1_i/mobilenetV2_0/inst/depthwise/depth_mac_odd/clk_out1
    SLICE_X38Y131        FDCE                                         r  design_1_i/mobilenetV2_0/inst/depthwise/depth_mac_odd/data_out_reg[11]_replica/C
                         clock pessimism             -0.419     6.775    
                         clock uncertainty           -0.057     6.718    
    SLICE_X38Y131        FDCE (Recov_AFF_SLICEL_C_CLR)
                                                     -0.072     6.646    design_1_i/mobilenetV2_0/inst/depthwise/depth_mac_odd/data_out_reg[11]_replica
  -------------------------------------------------------------------
                         required time                          6.646    
                         arrival time                          -6.310    
  -------------------------------------------------------------------
                         slack                                  0.336    

Slack (MET) :             0.336ns  (required time - arrival time)
  Source:                 design_1_i/mobilenetV2_0/inst/rst_core_reg_replica_20/C
                            (rising edge-triggered cell FDPE clocked by clk_out1_clk_wiz_0  {rise@0.000ns fall@1.250ns period=2.500ns})
  Destination:            design_1_i/mobilenetV2_0/inst/depthwise/depth_mac_odd/data_out_reg[2]_replica_1/CLR
                            (recovery check against rising-edge clock clk_out1_clk_wiz_0  {rise@0.000ns fall@1.250ns period=2.500ns})
  Path Group:             **async_default**
  Path Type:              Recovery (Max at Slow Process Corner)
  Requirement:            2.500ns  (clk_out1_clk_wiz_0 rise@2.500ns - clk_out1_clk_wiz_0 rise@0.000ns)
  Data Path Delay:        1.980ns  (logic 0.096ns (4.848%)  route 1.884ns (95.152%))
  Logic Levels:           0  
  Clock Path Skew:        -0.055ns (DCD - SCD + CPR)
    Destination Clock Delay (DCD):    4.694ns = ( 7.194 - 2.500 ) 
    Source Clock Delay      (SCD):    4.330ns
    Clock Pessimism Removal (CPR):    -0.419ns
  Clock Uncertainty:      0.057ns  ((TSJ^2 + DJ^2)^1/2) / 2 + PE
    Total System Jitter     (TSJ):    0.071ns
    Discrete Jitter          (DJ):    0.090ns
    Phase Error              (PE):    0.000ns
  Clock Net Delay (Source):      2.216ns (routing 1.044ns, distribution 1.172ns)
  Clock Net Delay (Destination): 2.065ns (routing 0.948ns, distribution 1.117ns)

    Location             Delay type                Incr(ns)  Path(ns)    Netlist Resource(s)
  -------------------------------------------------------------------    -------------------
                         (clock clk_out1_clk_wiz_0 rise edge)
                                                      0.000     0.000 r  
    BUFG_PS_X0Y67        BUFG_PS                      0.000     0.000 r  design_1_i/zynq_ultra_ps_e_0/inst/buffer_pl_clk_0.PL_CLK_0_BUFG/O
                         net (fo=2735, routed)        1.935     1.935    design_1_i/mobilenetV2_0/inst/clk_gen/inst/clk_in1
    MMCM_X0Y2            MMCME4_ADV (Prop_MMCM_CLKIN1_CLKOUT0)
                                                     -0.106     1.829 r  design_1_i/mobilenetV2_0/inst/clk_gen/inst/mmcme4_adv_inst/CLKOUT0
                         net (fo=1, routed)           0.257     2.086    design_1_i/mobilenetV2_0/inst/clk_gen/inst/clk_out1_clk_wiz_0
    BUFGCE_X0Y66         BUFGCE (Prop_BUFCE_BUFGCE_I_O)
                                                      0.028     2.114 r  design_1_i/mobilenetV2_0/inst/clk_gen/inst/clkout1_buf/O
    X0Y1 (CLOCK_ROOT)    net (fo=22026, routed)       2.216     4.330    design_1_i/mobilenetV2_0/inst/clk
    SLICE_X33Y100        FDPE                                         r  design_1_i/mobilenetV2_0/inst/rst_core_reg_replica_20/C
  -------------------------------------------------------------------    -------------------
    SLICE_X33Y100        FDPE (Prop_EFF_SLICEL_C_Q)
                                                      0.096     4.426 f  design_1_i/mobilenetV2_0/inst/rst_core_reg_replica_20/Q
                         net (fo=209, routed)         1.884     6.310    design_1_i/mobilenetV2_0/inst/depthwise/depth_mac_odd/rst_core_repN_20_alias
    SLICE_X38Y131        FDCE                                         f  design_1_i/mobilenetV2_0/inst/depthwise/depth_mac_odd/data_out_reg[2]_replica_1/CLR
  -------------------------------------------------------------------    -------------------

                         (clock clk_out1_clk_wiz_0 rise edge)
                                                      2.500     2.500 r  
    BUFG_PS_X0Y67        BUFG_PS                      0.000     2.500 r  design_1_i/zynq_ultra_ps_e_0/inst/buffer_pl_clk_0.PL_CLK_0_BUFG/O
                         net (fo=2735, routed)        1.733     4.233    design_1_i/mobilenetV2_0/inst/clk_gen/inst/clk_in1
    MMCM_X0Y2            MMCME4_ADV (Prop_MMCM_CLKIN1_CLKOUT0)
                                                      0.644     4.877 r  design_1_i/mobilenetV2_0/inst/clk_gen/inst/mmcme4_adv_inst/CLKOUT0
                         net (fo=1, routed)           0.228     5.105    design_1_i/mobilenetV2_0/inst/clk_gen/inst/clk_out1_clk_wiz_0
    BUFGCE_X0Y66         BUFGCE (Prop_BUFCE_BUFGCE_I_O)
                                                      0.024     5.129 r  design_1_i/mobilenetV2_0/inst/clk_gen/inst/clkout1_buf/O
    X0Y1 (CLOCK_ROOT)    net (fo=22026, routed)       2.065     7.194    design_1_i/mobilenetV2_0/inst/depthwise/depth_mac_odd/clk_out1
    SLICE_X38Y131        FDCE                                         r  design_1_i/mobilenetV2_0/inst/depthwise/depth_mac_odd/data_out_reg[2]_replica_1/C
                         clock pessimism             -0.419     6.775    
                         clock uncertainty           -0.057     6.718    
    SLICE_X38Y131        FDCE (Recov_BFF_SLICEL_C_CLR)
                                                     -0.072     6.646    design_1_i/mobilenetV2_0/inst/depthwise/depth_mac_odd/data_out_reg[2]_replica_1
  -------------------------------------------------------------------
                         required time                          6.646    
                         arrival time                          -6.310    
  -------------------------------------------------------------------
                         slack                                  0.336    

Slack (MET) :             0.368ns  (required time - arrival time)
  Source:                 design_1_i/mobilenetV2_0/inst/rst_core_reg_replica_20/C
                            (rising edge-triggered cell FDPE clocked by clk_out1_clk_wiz_0  {rise@0.000ns fall@1.250ns period=2.500ns})
  Destination:            design_1_i/mobilenetV2_0/inst/depthwise/depth_mac_odd/data_out_reg[2]/CLR
                            (recovery check against rising-edge clock clk_out1_clk_wiz_0  {rise@0.000ns fall@1.250ns period=2.500ns})
  Path Group:             **async_default**
  Path Type:              Recovery (Max at Slow Process Corner)
  Requirement:            2.500ns  (clk_out1_clk_wiz_0 rise@2.500ns - clk_out1_clk_wiz_0 rise@0.000ns)
  Data Path Delay:        1.932ns  (logic 0.096ns (4.969%)  route 1.836ns (95.031%))
  Logic Levels:           0  
  Clock Path Skew:        -0.071ns (DCD - SCD + CPR)
    Destination Clock Delay (DCD):    4.618ns = ( 7.118 - 2.500 ) 
    Source Clock Delay      (SCD):    4.330ns
    Clock Pessimism Removal (CPR):    -0.359ns
  Clock Uncertainty:      0.057ns  ((TSJ^2 + DJ^2)^1/2) / 2 + PE
    Total System Jitter     (TSJ):    0.071ns
    Discrete Jitter          (DJ):    0.090ns
    Phase Error              (PE):    0.000ns
  Clock Net Delay (Source):      2.216ns (routing 1.044ns, distribution 1.172ns)
  Clock Net Delay (Destination): 1.989ns (routing 0.948ns, distribution 1.041ns)

    Location             Delay type                Incr(ns)  Path(ns)    Netlist Resource(s)
  -------------------------------------------------------------------    -------------------
                         (clock clk_out1_clk_wiz_0 rise edge)
                                                      0.000     0.000 r  
    BUFG_PS_X0Y67        BUFG_PS                      0.000     0.000 r  design_1_i/zynq_ultra_ps_e_0/inst/buffer_pl_clk_0.PL_CLK_0_BUFG/O
                         net (fo=2735, routed)        1.935     1.935    design_1_i/mobilenetV2_0/inst/clk_gen/inst/clk_in1
    MMCM_X0Y2            MMCME4_ADV (Prop_MMCM_CLKIN1_CLKOUT0)
                                                     -0.106     1.829 r  design_1_i/mobilenetV2_0/inst/clk_gen/inst/mmcme4_adv_inst/CLKOUT0
                         net (fo=1, routed)           0.257     2.086    design_1_i/mobilenetV2_0/inst/clk_gen/inst/clk_out1_clk_wiz_0
    BUFGCE_X0Y66         BUFGCE (Prop_BUFCE_BUFGCE_I_O)
                                                      0.028     2.114 r  design_1_i/mobilenetV2_0/inst/clk_gen/inst/clkout1_buf/O
    X0Y1 (CLOCK_ROOT)    net (fo=22026, routed)       2.216     4.330    design_1_i/mobilenetV2_0/inst/clk
    SLICE_X33Y100        FDPE                                         r  design_1_i/mobilenetV2_0/inst/rst_core_reg_replica_20/C
  -------------------------------------------------------------------    -------------------
    SLICE_X33Y100        FDPE (Prop_EFF_SLICEL_C_Q)
                                                      0.096     4.426 f  design_1_i/mobilenetV2_0/inst/rst_core_reg_replica_20/Q
                         net (fo=209, routed)         1.836     6.262    design_1_i/mobilenetV2_0/inst/depthwise/depth_mac_odd/rst_core_repN_20_alias
    SLICE_X35Y64         FDCE                                         f  design_1_i/mobilenetV2_0/inst/depthwise/depth_mac_odd/data_out_reg[2]/CLR
  -------------------------------------------------------------------    -------------------

                         (clock clk_out1_clk_wiz_0 rise edge)
                                                      2.500     2.500 r  
    BUFG_PS_X0Y67        BUFG_PS                      0.000     2.500 r  design_1_i/zynq_ultra_ps_e_0/inst/buffer_pl_clk_0.PL_CLK_0_BUFG/O
                         net (fo=2735, routed)        1.733     4.233    design_1_i/mobilenetV2_0/inst/clk_gen/inst/clk_in1
    MMCM_X0Y2            MMCME4_ADV (Prop_MMCM_CLKIN1_CLKOUT0)
                                                      0.644     4.877 r  design_1_i/mobilenetV2_0/inst/clk_gen/inst/mmcme4_adv_inst/CLKOUT0
                         net (fo=1, routed)           0.228     5.105    design_1_i/mobilenetV2_0/inst/clk_gen/inst/clk_out1_clk_wiz_0
    BUFGCE_X0Y66         BUFGCE (Prop_BUFCE_BUFGCE_I_O)
                                                      0.024     5.129 r  design_1_i/mobilenetV2_0/inst/clk_gen/inst/clkout1_buf/O
    X0Y1 (CLOCK_ROOT)    net (fo=22026, routed)       1.989     7.118    design_1_i/mobilenetV2_0/inst/depthwise/depth_mac_odd/clk_out1
    SLICE_X35Y64         FDCE                                         r  design_1_i/mobilenetV2_0/inst/depthwise/depth_mac_odd/data_out_reg[2]/C
                         clock pessimism             -0.359     6.759    
                         clock uncertainty           -0.057     6.702    
    SLICE_X35Y64         FDCE (Recov_HFF2_SLICEL_C_CLR)
                                                     -0.072     6.630    design_1_i/mobilenetV2_0/inst/depthwise/depth_mac_odd/data_out_reg[2]
  -------------------------------------------------------------------
                         required time                          6.630    
                         arrival time                          -6.262    
  -------------------------------------------------------------------
                         slack                                  0.368    





Min Delay Paths
--------------------------------------------------------------------------------------
Slack (MET) :             0.220ns  (arrival time - required time)
  Source:                 design_1_i/mobilenetV2_0/inst/rst_core_reg_replica_20/C
                            (rising edge-triggered cell FDPE clocked by clk_out1_clk_wiz_0  {rise@0.000ns fall@1.250ns period=2.500ns})
  Destination:            design_1_i/mobilenetV2_0/inst/depthwise/depth_mac_even/data_out_reg[13]_replica_5/CLR
                            (removal check against rising-edge clock clk_out1_clk_wiz_0  {rise@0.000ns fall@1.250ns period=2.500ns})
  Path Group:             **async_default**
  Path Type:              Removal (Min at Fast Process Corner)
  Requirement:            0.000ns  (clk_out1_clk_wiz_0 rise@0.000ns - clk_out1_clk_wiz_0 rise@0.000ns)
  Data Path Delay:        0.243ns  (logic 0.039ns (16.049%)  route 0.204ns (83.951%))
  Logic Levels:           0  
  Clock Path Skew:        0.043ns (DCD - SCD - CPR)
    Destination Clock Delay (DCD):    2.242ns
    Source Clock Delay      (SCD):    2.492ns
    Clock Pessimism Removal (CPR):    -0.293ns
  Clock Net Delay (Source):      1.120ns (routing 0.529ns, distribution 0.591ns)
  Clock Net Delay (Destination): 1.259ns (routing 0.591ns, distribution 0.668ns)

    Location             Delay type                Incr(ns)  Path(ns)    Netlist Resource(s)
  -------------------------------------------------------------------    -------------------
                         (clock clk_out1_clk_wiz_0 rise edge)
                                                      0.000     0.000 r  
    BUFG_PS_X0Y67        BUFG_PS                      0.000     0.000 r  design_1_i/zynq_ultra_ps_e_0/inst/buffer_pl_clk_0.PL_CLK_0_BUFG/O
                         net (fo=2735, routed)        0.979     0.979    design_1_i/mobilenetV2_0/inst/clk_gen/inst/clk_in1
    MMCM_X0Y2            MMCME4_ADV (Prop_MMCM_CLKIN1_CLKOUT0)
                                                      0.230     1.209 r  design_1_i/mobilenetV2_0/inst/clk_gen/inst/mmcme4_adv_inst/CLKOUT0
                         net (fo=1, routed)           0.146     1.355    design_1_i/mobilenetV2_0/inst/clk_gen/inst/clk_out1_clk_wiz_0
    BUFGCE_X0Y66         BUFGCE (Prop_BUFCE_BUFGCE_I_O)
                                                      0.017     1.372 r  design_1_i/mobilenetV2_0/inst/clk_gen/inst/clkout1_buf/O
    X0Y1 (CLOCK_ROOT)    net (fo=22026, routed)       1.120     2.492    design_1_i/mobilenetV2_0/inst/clk
    SLICE_X33Y100        FDPE                                         r  design_1_i/mobilenetV2_0/inst/rst_core_reg_replica_20/C
  -------------------------------------------------------------------    -------------------
    SLICE_X33Y100        FDPE (Prop_EFF_SLICEL_C_Q)
                                                      0.039     2.531 f  design_1_i/mobilenetV2_0/inst/rst_core_reg_replica_20/Q
                         net (fo=209, routed)         0.204     2.735    design_1_i/mobilenetV2_0/inst/depthwise/depth_mac_even/rst_core_repN_20_alias
    SLICE_X31Y99         FDCE                                         f  design_1_i/mobilenetV2_0/inst/depthwise/depth_mac_even/data_out_reg[13]_replica_5/CLR
  -------------------------------------------------------------------    -------------------

                         (clock clk_out1_clk_wiz_0 rise edge)
                                                      0.000     0.000 r  
    BUFG_PS_X0Y67        BUFG_PS                      0.000     0.000 r  design_1_i/zynq_ultra_ps_e_0/inst/buffer_pl_clk_0.PL_CLK_0_BUFG/O
                         net (fo=2735, routed)        1.093     1.093    design_1_i/mobilenetV2_0/inst/clk_gen/inst/clk_in1
    MMCM_X0Y2            MMCME4_ADV (Prop_MMCM_CLKIN1_CLKOUT0)
                                                     -0.295     0.798 r  design_1_i/mobilenetV2_0/inst/clk_gen/inst/mmcme4_adv_inst/CLKOUT0
                         net (fo=1, routed)           0.166     0.964    design_1_i/mobilenetV2_0/inst/clk_gen/inst/clk_out1_clk_wiz_0
    BUFGCE_X0Y66         BUFGCE (Prop_BUFCE_BUFGCE_I_O)
                                                      0.019     0.983 r  design_1_i/mobilenetV2_0/inst/clk_gen/inst/clkout1_buf/O
    X0Y1 (CLOCK_ROOT)    net (fo=22026, routed)       1.259     2.242    design_1_i/mobilenetV2_0/inst/depthwise/depth_mac_even/clk_out1
    SLICE_X31Y99         FDCE                                         r  design_1_i/mobilenetV2_0/inst/depthwise/depth_mac_even/data_out_reg[13]_replica_5/C
                         clock pessimism              0.293     2.535    
    SLICE_X31Y99         FDCE (Remov_DFF_SLICEM_C_CLR)
                                                     -0.020     2.515    design_1_i/mobilenetV2_0/inst/depthwise/depth_mac_even/data_out_reg[13]_replica_5
  -------------------------------------------------------------------
                         required time                         -2.515    
                         arrival time                           2.735    
  -------------------------------------------------------------------
                         slack                                  0.220    

Slack (MET) :             0.258ns  (arrival time - required time)
  Source:                 design_1_i/mobilenetV2_0/inst/rst_core_reg_replica_26/C
                            (rising edge-triggered cell FDPE clocked by clk_out1_clk_wiz_0  {rise@0.000ns fall@1.250ns period=2.500ns})
  Destination:            design_1_i/mobilenetV2_0/inst/depthwise/depth_mac_odd/bias_extended_reg_reg[10]/CLR
                            (removal check against rising-edge clock clk_out1_clk_wiz_0  {rise@0.000ns fall@1.250ns period=2.500ns})
  Path Group:             **async_default**
  Path Type:              Removal (Min at Fast Process Corner)
  Requirement:            0.000ns  (clk_out1_clk_wiz_0 rise@0.000ns - clk_out1_clk_wiz_0 rise@0.000ns)
  Data Path Delay:        0.317ns  (logic 0.038ns (11.987%)  route 0.279ns (88.013%))
  Logic Levels:           0  
  Clock Path Skew:        0.079ns (DCD - SCD - CPR)
    Destination Clock Delay (DCD):    2.302ns
    Source Clock Delay      (SCD):    2.516ns
    Clock Pessimism Removal (CPR):    -0.293ns
  Clock Net Delay (Source):      1.144ns (routing 0.529ns, distribution 0.615ns)
  Clock Net Delay (Destination): 1.319ns (routing 0.591ns, distribution 0.728ns)

    Location             Delay type                Incr(ns)  Path(ns)    Netlist Resource(s)
  -------------------------------------------------------------------    -------------------
                         (clock clk_out1_clk_wiz_0 rise edge)
                                                      0.000     0.000 r  
    BUFG_PS_X0Y67        BUFG_PS                      0.000     0.000 r  design_1_i/zynq_ultra_ps_e_0/inst/buffer_pl_clk_0.PL_CLK_0_BUFG/O
                         net (fo=2735, routed)        0.979     0.979    design_1_i/mobilenetV2_0/inst/clk_gen/inst/clk_in1
    MMCM_X0Y2            MMCME4_ADV (Prop_MMCM_CLKIN1_CLKOUT0)
                                                      0.230     1.209 r  design_1_i/mobilenetV2_0/inst/clk_gen/inst/mmcme4_adv_inst/CLKOUT0
                         net (fo=1, routed)           0.146     1.355    design_1_i/mobilenetV2_0/inst/clk_gen/inst/clk_out1_clk_wiz_0
    BUFGCE_X0Y66         BUFGCE (Prop_BUFCE_BUFGCE_I_O)
                                                      0.017     1.372 r  design_1_i/mobilenetV2_0/inst/clk_gen/inst/clkout1_buf/O
    X0Y1 (CLOCK_ROOT)    net (fo=22026, routed)       1.144     2.516    design_1_i/mobilenetV2_0/inst/clk
    SLICE_X37Y60         FDPE                                         r  design_1_i/mobilenetV2_0/inst/rst_core_reg_replica_26/C
  -------------------------------------------------------------------    -------------------
    SLICE_X37Y60         FDPE (Prop_AFF_SLICEM_C_Q)
                                                      0.038     2.554 f  design_1_i/mobilenetV2_0/inst/rst_core_reg_replica_26/Q
                         net (fo=112, routed)         0.279     2.833    design_1_i/mobilenetV2_0/inst/depthwise/depth_mac_odd/rst_core_repN_26_alias
    SLICE_X42Y62         FDCE                                         f  design_1_i/mobilenetV2_0/inst/depthwise/depth_mac_odd/bias_extended_reg_reg[10]/CLR
  -------------------------------------------------------------------    -------------------

                         (clock clk_out1_clk_wiz_0 rise edge)
                                                      0.000     0.000 r  
    BUFG_PS_X0Y67        BUFG_PS                      0.000     0.000 r  design_1_i/zynq_ultra_ps_e_0/inst/buffer_pl_clk_0.PL_CLK_0_BUFG/O
                         net (fo=2735, routed)        1.093     1.093    design_1_i/mobilenetV2_0/inst/clk_gen/inst/clk_in1
    MMCM_X0Y2            MMCME4_ADV (Prop_MMCM_CLKIN1_CLKOUT0)
                                                     -0.295     0.798 r  design_1_i/mobilenetV2_0/inst/clk_gen/inst/mmcme4_adv_inst/CLKOUT0
                         net (fo=1, routed)           0.166     0.964    design_1_i/mobilenetV2_0/inst/clk_gen/inst/clk_out1_clk_wiz_0
    BUFGCE_X0Y66         BUFGCE (Prop_BUFCE_BUFGCE_I_O)
                                                      0.019     0.983 r  design_1_i/mobilenetV2_0/inst/clk_gen/inst/clkout1_buf/O
    X0Y1 (CLOCK_ROOT)    net (fo=22026, routed)       1.319     2.302    design_1_i/mobilenetV2_0/inst/depthwise/depth_mac_odd/clk_out1
    SLICE_X42Y62         FDCE                                         r  design_1_i/mobilenetV2_0/inst/depthwise/depth_mac_odd/bias_extended_reg_reg[10]/C
                         clock pessimism              0.293     2.595    
    SLICE_X42Y62         FDCE (Remov_EFF_SLICEM_C_CLR)
                                                     -0.020     2.575    design_1_i/mobilenetV2_0/inst/depthwise/depth_mac_odd/bias_extended_reg_reg[10]
  -------------------------------------------------------------------
                         required time                         -2.575    
                         arrival time                           2.833    
  -------------------------------------------------------------------
                         slack                                  0.258    

Slack (MET) :             0.258ns  (arrival time - required time)
  Source:                 design_1_i/mobilenetV2_0/inst/rst_core_reg_replica_26/C
                            (rising edge-triggered cell FDPE clocked by clk_out1_clk_wiz_0  {rise@0.000ns fall@1.250ns period=2.500ns})
  Destination:            design_1_i/mobilenetV2_0/inst/depthwise/depth_mac_odd/bias_extended_reg_reg[11]/CLR
                            (removal check against rising-edge clock clk_out1_clk_wiz_0  {rise@0.000ns fall@1.250ns period=2.500ns})
  Path Group:             **async_default**
  Path Type:              Removal (Min at Fast Process Corner)
  Requirement:            0.000ns  (clk_out1_clk_wiz_0 rise@0.000ns - clk_out1_clk_wiz_0 rise@0.000ns)
  Data Path Delay:        0.317ns  (logic 0.038ns (11.987%)  route 0.279ns (88.013%))
  Logic Levels:           0  
  Clock Path Skew:        0.079ns (DCD - SCD - CPR)
    Destination Clock Delay (DCD):    2.302ns
    Source Clock Delay      (SCD):    2.516ns
    Clock Pessimism Removal (CPR):    -0.293ns
  Clock Net Delay (Source):      1.144ns (routing 0.529ns, distribution 0.615ns)
  Clock Net Delay (Destination): 1.319ns (routing 0.591ns, distribution 0.728ns)

    Location             Delay type                Incr(ns)  Path(ns)    Netlist Resource(s)
  -------------------------------------------------------------------    -------------------
                         (clock clk_out1_clk_wiz_0 rise edge)
                                                      0.000     0.000 r  
    BUFG_PS_X0Y67        BUFG_PS                      0.000     0.000 r  design_1_i/zynq_ultra_ps_e_0/inst/buffer_pl_clk_0.PL_CLK_0_BUFG/O
                         net (fo=2735, routed)        0.979     0.979    design_1_i/mobilenetV2_0/inst/clk_gen/inst/clk_in1
    MMCM_X0Y2            MMCME4_ADV (Prop_MMCM_CLKIN1_CLKOUT0)
                                                      0.230     1.209 r  design_1_i/mobilenetV2_0/inst/clk_gen/inst/mmcme4_adv_inst/CLKOUT0
                         net (fo=1, routed)           0.146     1.355    design_1_i/mobilenetV2_0/inst/clk_gen/inst/clk_out1_clk_wiz_0
    BUFGCE_X0Y66         BUFGCE (Prop_BUFCE_BUFGCE_I_O)
                                                      0.017     1.372 r  design_1_i/mobilenetV2_0/inst/clk_gen/inst/clkout1_buf/O
    X0Y1 (CLOCK_ROOT)    net (fo=22026, routed)       1.144     2.516    design_1_i/mobilenetV2_0/inst/clk
    SLICE_X37Y60         FDPE                                         r  design_1_i/mobilenetV2_0/inst/rst_core_reg_replica_26/C
  -------------------------------------------------------------------    -------------------
    SLICE_X37Y60         FDPE (Prop_AFF_SLICEM_C_Q)
                                                      0.038     2.554 f  design_1_i/mobilenetV2_0/inst/rst_core_reg_replica_26/Q
                         net (fo=112, routed)         0.279     2.833    design_1_i/mobilenetV2_0/inst/depthwise/depth_mac_odd/rst_core_repN_26_alias
    SLICE_X42Y62         FDCE                                         f  design_1_i/mobilenetV2_0/inst/depthwise/depth_mac_odd/bias_extended_reg_reg[11]/CLR
  -------------------------------------------------------------------    -------------------

                         (clock clk_out1_clk_wiz_0 rise edge)
                                                      0.000     0.000 r  
    BUFG_PS_X0Y67        BUFG_PS                      0.000     0.000 r  design_1_i/zynq_ultra_ps_e_0/inst/buffer_pl_clk_0.PL_CLK_0_BUFG/O
                         net (fo=2735, routed)        1.093     1.093    design_1_i/mobilenetV2_0/inst/clk_gen/inst/clk_in1
    MMCM_X0Y2            MMCME4_ADV (Prop_MMCM_CLKIN1_CLKOUT0)
                                                     -0.295     0.798 r  design_1_i/mobilenetV2_0/inst/clk_gen/inst/mmcme4_adv_inst/CLKOUT0
                         net (fo=1, routed)           0.166     0.964    design_1_i/mobilenetV2_0/inst/clk_gen/inst/clk_out1_clk_wiz_0
    BUFGCE_X0Y66         BUFGCE (Prop_BUFCE_BUFGCE_I_O)
                                                      0.019     0.983 r  design_1_i/mobilenetV2_0/inst/clk_gen/inst/clkout1_buf/O
    X0Y1 (CLOCK_ROOT)    net (fo=22026, routed)       1.319     2.302    design_1_i/mobilenetV2_0/inst/depthwise/depth_mac_odd/clk_out1
    SLICE_X42Y62         FDCE                                         r  design_1_i/mobilenetV2_0/inst/depthwise/depth_mac_odd/bias_extended_reg_reg[11]/C
                         clock pessimism              0.293     2.595    
    SLICE_X42Y62         FDCE (Remov_EFF2_SLICEM_C_CLR)
                                                     -0.020     2.575    design_1_i/mobilenetV2_0/inst/depthwise/depth_mac_odd/bias_extended_reg_reg[11]
  -------------------------------------------------------------------
                         required time                         -2.575    
                         arrival time                           2.833    
  -------------------------------------------------------------------
                         slack                                  0.258    

Slack (MET) :             0.258ns  (arrival time - required time)
  Source:                 design_1_i/mobilenetV2_0/inst/rst_core_reg_replica_26/C
                            (rising edge-triggered cell FDPE clocked by clk_out1_clk_wiz_0  {rise@0.000ns fall@1.250ns period=2.500ns})
  Destination:            design_1_i/mobilenetV2_0/inst/depthwise/depth_mac_odd/bias_extended_reg_reg[1]/CLR
                            (removal check against rising-edge clock clk_out1_clk_wiz_0  {rise@0.000ns fall@1.250ns period=2.500ns})
  Path Group:             **async_default**
  Path Type:              Removal (Min at Fast Process Corner)
  Requirement:            0.000ns  (clk_out1_clk_wiz_0 rise@0.000ns - clk_out1_clk_wiz_0 rise@0.000ns)
  Data Path Delay:        0.317ns  (logic 0.038ns (11.987%)  route 0.279ns (88.013%))
  Logic Levels:           0  
  Clock Path Skew:        0.079ns (DCD - SCD - CPR)
    Destination Clock Delay (DCD):    2.302ns
    Source Clock Delay      (SCD):    2.516ns
    Clock Pessimism Removal (CPR):    -0.293ns
  Clock Net Delay (Source):      1.144ns (routing 0.529ns, distribution 0.615ns)
  Clock Net Delay (Destination): 1.319ns (routing 0.591ns, distribution 0.728ns)

    Location             Delay type                Incr(ns)  Path(ns)    Netlist Resource(s)
  -------------------------------------------------------------------    -------------------
                         (clock clk_out1_clk_wiz_0 rise edge)
                                                      0.000     0.000 r  
    BUFG_PS_X0Y67        BUFG_PS                      0.000     0.000 r  design_1_i/zynq_ultra_ps_e_0/inst/buffer_pl_clk_0.PL_CLK_0_BUFG/O
                         net (fo=2735, routed)        0.979     0.979    design_1_i/mobilenetV2_0/inst/clk_gen/inst/clk_in1
    MMCM_X0Y2            MMCME4_ADV (Prop_MMCM_CLKIN1_CLKOUT0)
                                                      0.230     1.209 r  design_1_i/mobilenetV2_0/inst/clk_gen/inst/mmcme4_adv_inst/CLKOUT0
                         net (fo=1, routed)           0.146     1.355    design_1_i/mobilenetV2_0/inst/clk_gen/inst/clk_out1_clk_wiz_0
    BUFGCE_X0Y66         BUFGCE (Prop_BUFCE_BUFGCE_I_O)
                                                      0.017     1.372 r  design_1_i/mobilenetV2_0/inst/clk_gen/inst/clkout1_buf/O
    X0Y1 (CLOCK_ROOT)    net (fo=22026, routed)       1.144     2.516    design_1_i/mobilenetV2_0/inst/clk
    SLICE_X37Y60         FDPE                                         r  design_1_i/mobilenetV2_0/inst/rst_core_reg_replica_26/C
  -------------------------------------------------------------------    -------------------
    SLICE_X37Y60         FDPE (Prop_AFF_SLICEM_C_Q)
                                                      0.038     2.554 f  design_1_i/mobilenetV2_0/inst/rst_core_reg_replica_26/Q
                         net (fo=112, routed)         0.279     2.833    design_1_i/mobilenetV2_0/inst/depthwise/depth_mac_odd/rst_core_repN_26_alias
    SLICE_X42Y62         FDCE                                         f  design_1_i/mobilenetV2_0/inst/depthwise/depth_mac_odd/bias_extended_reg_reg[1]/CLR
  -------------------------------------------------------------------    -------------------

                         (clock clk_out1_clk_wiz_0 rise edge)
                                                      0.000     0.000 r  
    BUFG_PS_X0Y67        BUFG_PS                      0.000     0.000 r  design_1_i/zynq_ultra_ps_e_0/inst/buffer_pl_clk_0.PL_CLK_0_BUFG/O
                         net (fo=2735, routed)        1.093     1.093    design_1_i/mobilenetV2_0/inst/clk_gen/inst/clk_in1
    MMCM_X0Y2            MMCME4_ADV (Prop_MMCM_CLKIN1_CLKOUT0)
                                                     -0.295     0.798 r  design_1_i/mobilenetV2_0/inst/clk_gen/inst/mmcme4_adv_inst/CLKOUT0
                         net (fo=1, routed)           0.166     0.964    design_1_i/mobilenetV2_0/inst/clk_gen/inst/clk_out1_clk_wiz_0
    BUFGCE_X0Y66         BUFGCE (Prop_BUFCE_BUFGCE_I_O)
                                                      0.019     0.983 r  design_1_i/mobilenetV2_0/inst/clk_gen/inst/clkout1_buf/O
    X0Y1 (CLOCK_ROOT)    net (fo=22026, routed)       1.319     2.302    design_1_i/mobilenetV2_0/inst/depthwise/depth_mac_odd/clk_out1
    SLICE_X42Y62         FDCE                                         r  design_1_i/mobilenetV2_0/inst/depthwise/depth_mac_odd/bias_extended_reg_reg[1]/C
                         clock pessimism              0.293     2.595    
    SLICE_X42Y62         FDCE (Remov_FFF_SLICEM_C_CLR)
                                                     -0.020     2.575    design_1_i/mobilenetV2_0/inst/depthwise/depth_mac_odd/bias_extended_reg_reg[1]
  -------------------------------------------------------------------
                         required time                         -2.575    
                         arrival time                           2.833    
  -------------------------------------------------------------------
                         slack                                  0.258    

Slack (MET) :             0.280ns  (arrival time - required time)
  Source:                 design_1_i/mobilenetV2_0/inst/rst_core_reg_replica_20/C
                            (rising edge-triggered cell FDPE clocked by clk_out1_clk_wiz_0  {rise@0.000ns fall@1.250ns period=2.500ns})
  Destination:            design_1_i/mobilenetV2_0/inst/depthwise/depth_mac_odd/data_out_reg[0]_replica_3/CLR
                            (removal check against rising-edge clock clk_out1_clk_wiz_0  {rise@0.000ns fall@1.250ns period=2.500ns})
  Path Group:             **async_default**
  Path Type:              Removal (Min at Fast Process Corner)
  Requirement:            0.000ns  (clk_out1_clk_wiz_0 rise@0.000ns - clk_out1_clk_wiz_0 rise@0.000ns)
  Data Path Delay:        0.283ns  (logic 0.039ns (13.781%)  route 0.244ns (86.219%))
  Logic Levels:           0  
  Clock Path Skew:        0.023ns (DCD - SCD - CPR)
    Destination Clock Delay (DCD):    2.251ns
    Source Clock Delay      (SCD):    2.492ns
    Clock Pessimism Removal (CPR):    -0.264ns
  Clock Net Delay (Source):      1.120ns (routing 0.529ns, distribution 0.591ns)
  Clock Net Delay (Destination): 1.268ns (routing 0.591ns, distribution 0.677ns)

    Location             Delay type                Incr(ns)  Path(ns)    Netlist Resource(s)
  -------------------------------------------------------------------    -------------------
                         (clock clk_out1_clk_wiz_0 rise edge)
                                                      0.000     0.000 r  
    BUFG_PS_X0Y67        BUFG_PS                      0.000     0.000 r  design_1_i/zynq_ultra_ps_e_0/inst/buffer_pl_clk_0.PL_CLK_0_BUFG/O
                         net (fo=2735, routed)        0.979     0.979    design_1_i/mobilenetV2_0/inst/clk_gen/inst/clk_in1
    MMCM_X0Y2            MMCME4_ADV (Prop_MMCM_CLKIN1_CLKOUT0)
                                                      0.230     1.209 r  design_1_i/mobilenetV2_0/inst/clk_gen/inst/mmcme4_adv_inst/CLKOUT0
                         net (fo=1, routed)           0.146     1.355    design_1_i/mobilenetV2_0/inst/clk_gen/inst/clk_out1_clk_wiz_0
    BUFGCE_X0Y66         BUFGCE (Prop_BUFCE_BUFGCE_I_O)
                                                      0.017     1.372 r  design_1_i/mobilenetV2_0/inst/clk_gen/inst/clkout1_buf/O
    X0Y1 (CLOCK_ROOT)    net (fo=22026, routed)       1.120     2.492    design_1_i/mobilenetV2_0/inst/clk
    SLICE_X33Y100        FDPE                                         r  design_1_i/mobilenetV2_0/inst/rst_core_reg_replica_20/C
  -------------------------------------------------------------------    -------------------
    SLICE_X33Y100        FDPE (Prop_EFF_SLICEL_C_Q)
                                                      0.039     2.531 f  design_1_i/mobilenetV2_0/inst/rst_core_reg_replica_20/Q
                         net (fo=209, routed)         0.244     2.775    design_1_i/mobilenetV2_0/inst/depthwise/depth_mac_odd/rst_core_repN_20_alias
    SLICE_X33Y101        FDCE                                         f  design_1_i/mobilenetV2_0/inst/depthwise/depth_mac_odd/data_out_reg[0]_replica_3/CLR
  -------------------------------------------------------------------    -------------------

                         (clock clk_out1_clk_wiz_0 rise edge)
                                                      0.000     0.000 r  
    BUFG_PS_X0Y67        BUFG_PS                      0.000     0.000 r  design_1_i/zynq_ultra_ps_e_0/inst/buffer_pl_clk_0.PL_CLK_0_BUFG/O
                         net (fo=2735, routed)        1.093     1.093    design_1_i/mobilenetV2_0/inst/clk_gen/inst/clk_in1
    MMCM_X0Y2            MMCME4_ADV (Prop_MMCM_CLKIN1_CLKOUT0)
                                                     -0.295     0.798 r  design_1_i/mobilenetV2_0/inst/clk_gen/inst/mmcme4_adv_inst/CLKOUT0
                         net (fo=1, routed)           0.166     0.964    design_1_i/mobilenetV2_0/inst/clk_gen/inst/clk_out1_clk_wiz_0
    BUFGCE_X0Y66         BUFGCE (Prop_BUFCE_BUFGCE_I_O)
                                                      0.019     0.983 r  design_1_i/mobilenetV2_0/inst/clk_gen/inst/clkout1_buf/O
    X0Y1 (CLOCK_ROOT)    net (fo=22026, routed)       1.268     2.251    design_1_i/mobilenetV2_0/inst/depthwise/depth_mac_odd/clk_out1
    SLICE_X33Y101        FDCE                                         r  design_1_i/mobilenetV2_0/inst/depthwise/depth_mac_odd/data_out_reg[0]_replica_3/C
                         clock pessimism              0.264     2.515    
    SLICE_X33Y101        FDCE (Remov_CFF_SLICEL_C_CLR)
                                                     -0.020     2.495    design_1_i/mobilenetV2_0/inst/depthwise/depth_mac_odd/data_out_reg[0]_replica_3
  -------------------------------------------------------------------
                         required time                         -2.495    
                         arrival time                           2.775    
  -------------------------------------------------------------------
                         slack                                  0.280    

Slack (MET) :             0.280ns  (arrival time - required time)
  Source:                 design_1_i/mobilenetV2_0/inst/rst_core_reg_replica_20/C
                            (rising edge-triggered cell FDPE clocked by clk_out1_clk_wiz_0  {rise@0.000ns fall@1.250ns period=2.500ns})
  Destination:            design_1_i/mobilenetV2_0/inst/depthwise/depth_mac_odd/data_out_reg[2]_replica_3/CLR
                            (removal check against rising-edge clock clk_out1_clk_wiz_0  {rise@0.000ns fall@1.250ns period=2.500ns})
  Path Group:             **async_default**
  Path Type:              Removal (Min at Fast Process Corner)
  Requirement:            0.000ns  (clk_out1_clk_wiz_0 rise@0.000ns - clk_out1_clk_wiz_0 rise@0.000ns)
  Data Path Delay:        0.283ns  (logic 0.039ns (13.781%)  route 0.244ns (86.219%))
  Logic Levels:           0  
  Clock Path Skew:        0.023ns (DCD - SCD - CPR)
    Destination Clock Delay (DCD):    2.251ns
    Source Clock Delay      (SCD):    2.492ns
    Clock Pessimism Removal (CPR):    -0.264ns
  Clock Net Delay (Source):      1.120ns (routing 0.529ns, distribution 0.591ns)
  Clock Net Delay (Destination): 1.268ns (routing 0.591ns, distribution 0.677ns)

    Location             Delay type                Incr(ns)  Path(ns)    Netlist Resource(s)
  -------------------------------------------------------------------    -------------------
                         (clock clk_out1_clk_wiz_0 rise edge)
                                                      0.000     0.000 r  
    BUFG_PS_X0Y67        BUFG_PS                      0.000     0.000 r  design_1_i/zynq_ultra_ps_e_0/inst/buffer_pl_clk_0.PL_CLK_0_BUFG/O
                         net (fo=2735, routed)        0.979     0.979    design_1_i/mobilenetV2_0/inst/clk_gen/inst/clk_in1
    MMCM_X0Y2            MMCME4_ADV (Prop_MMCM_CLKIN1_CLKOUT0)
                                                      0.230     1.209 r  design_1_i/mobilenetV2_0/inst/clk_gen/inst/mmcme4_adv_inst/CLKOUT0
                         net (fo=1, routed)           0.146     1.355    design_1_i/mobilenetV2_0/inst/clk_gen/inst/clk_out1_clk_wiz_0
    BUFGCE_X0Y66         BUFGCE (Prop_BUFCE_BUFGCE_I_O)
                                                      0.017     1.372 r  design_1_i/mobilenetV2_0/inst/clk_gen/inst/clkout1_buf/O
    X0Y1 (CLOCK_ROOT)    net (fo=22026, routed)       1.120     2.492    design_1_i/mobilenetV2_0/inst/clk
    SLICE_X33Y100        FDPE                                         r  design_1_i/mobilenetV2_0/inst/rst_core_reg_replica_20/C
  -------------------------------------------------------------------    -------------------
    SLICE_X33Y100        FDPE (Prop_EFF_SLICEL_C_Q)
                                                      0.039     2.531 f  design_1_i/mobilenetV2_0/inst/rst_core_reg_replica_20/Q
                         net (fo=209, routed)         0.244     2.775    design_1_i/mobilenetV2_0/inst/depthwise/depth_mac_odd/rst_core_repN_20_alias
    SLICE_X33Y101        FDCE                                         f  design_1_i/mobilenetV2_0/inst/depthwise/depth_mac_odd/data_out_reg[2]_replica_3/CLR
  -------------------------------------------------------------------    -------------------

                         (clock clk_out1_clk_wiz_0 rise edge)
                                                      0.000     0.000 r  
    BUFG_PS_X0Y67        BUFG_PS                      0.000     0.000 r  design_1_i/zynq_ultra_ps_e_0/inst/buffer_pl_clk_0.PL_CLK_0_BUFG/O
                         net (fo=2735, routed)        1.093     1.093    design_1_i/mobilenetV2_0/inst/clk_gen/inst/clk_in1
    MMCM_X0Y2            MMCME4_ADV (Prop_MMCM_CLKIN1_CLKOUT0)
                                                     -0.295     0.798 r  design_1_i/mobilenetV2_0/inst/clk_gen/inst/mmcme4_adv_inst/CLKOUT0
                         net (fo=1, routed)           0.166     0.964    design_1_i/mobilenetV2_0/inst/clk_gen/inst/clk_out1_clk_wiz_0
    BUFGCE_X0Y66         BUFGCE (Prop_BUFCE_BUFGCE_I_O)
                                                      0.019     0.983 r  design_1_i/mobilenetV2_0/inst/clk_gen/inst/clkout1_buf/O
    X0Y1 (CLOCK_ROOT)    net (fo=22026, routed)       1.268     2.251    design_1_i/mobilenetV2_0/inst/depthwise/depth_mac_odd/clk_out1
    SLICE_X33Y101        FDCE                                         r  design_1_i/mobilenetV2_0/inst/depthwise/depth_mac_odd/data_out_reg[2]_replica_3/C
                         clock pessimism              0.264     2.515    
    SLICE_X33Y101        FDCE (Remov_BFF_SLICEL_C_CLR)
                                                     -0.020     2.495    design_1_i/mobilenetV2_0/inst/depthwise/depth_mac_odd/data_out_reg[2]_replica_3
  -------------------------------------------------------------------
                         required time                         -2.495    
                         arrival time                           2.775    
  -------------------------------------------------------------------
                         slack                                  0.280    

Slack (MET) :             0.280ns  (arrival time - required time)
  Source:                 design_1_i/mobilenetV2_0/inst/rst_core_reg_replica_20/C
                            (rising edge-triggered cell FDPE clocked by clk_out1_clk_wiz_0  {rise@0.000ns fall@1.250ns period=2.500ns})
  Destination:            design_1_i/mobilenetV2_0/inst/depthwise/depth_mac_odd/data_out_reg[4]_replica_4/CLR
                            (removal check against rising-edge clock clk_out1_clk_wiz_0  {rise@0.000ns fall@1.250ns period=2.500ns})
  Path Group:             **async_default**
  Path Type:              Removal (Min at Fast Process Corner)
  Requirement:            0.000ns  (clk_out1_clk_wiz_0 rise@0.000ns - clk_out1_clk_wiz_0 rise@0.000ns)
  Data Path Delay:        0.283ns  (logic 0.039ns (13.781%)  route 0.244ns (86.219%))
  Logic Levels:           0  
  Clock Path Skew:        0.023ns (DCD - SCD - CPR)
    Destination Clock Delay (DCD):    2.251ns
    Source Clock Delay      (SCD):    2.492ns
    Clock Pessimism Removal (CPR):    -0.264ns
  Clock Net Delay (Source):      1.120ns (routing 0.529ns, distribution 0.591ns)
  Clock Net Delay (Destination): 1.268ns (routing 0.591ns, distribution 0.677ns)

    Location             Delay type                Incr(ns)  Path(ns)    Netlist Resource(s)
  -------------------------------------------------------------------    -------------------
                         (clock clk_out1_clk_wiz_0 rise edge)
                                                      0.000     0.000 r  
    BUFG_PS_X0Y67        BUFG_PS                      0.000     0.000 r  design_1_i/zynq_ultra_ps_e_0/inst/buffer_pl_clk_0.PL_CLK_0_BUFG/O
                         net (fo=2735, routed)        0.979     0.979    design_1_i/mobilenetV2_0/inst/clk_gen/inst/clk_in1
    MMCM_X0Y2            MMCME4_ADV (Prop_MMCM_CLKIN1_CLKOUT0)
                                                      0.230     1.209 r  design_1_i/mobilenetV2_0/inst/clk_gen/inst/mmcme4_adv_inst/CLKOUT0
                         net (fo=1, routed)           0.146     1.355    design_1_i/mobilenetV2_0/inst/clk_gen/inst/clk_out1_clk_wiz_0
    BUFGCE_X0Y66         BUFGCE (Prop_BUFCE_BUFGCE_I_O)
                                                      0.017     1.372 r  design_1_i/mobilenetV2_0/inst/clk_gen/inst/clkout1_buf/O
    X0Y1 (CLOCK_ROOT)    net (fo=22026, routed)       1.120     2.492    design_1_i/mobilenetV2_0/inst/clk
    SLICE_X33Y100        FDPE                                         r  design_1_i/mobilenetV2_0/inst/rst_core_reg_replica_20/C
  -------------------------------------------------------------------    -------------------
    SLICE_X33Y100        FDPE (Prop_EFF_SLICEL_C_Q)
                                                      0.039     2.531 f  design_1_i/mobilenetV2_0/inst/rst_core_reg_replica_20/Q
                         net (fo=209, routed)         0.244     2.775    design_1_i/mobilenetV2_0/inst/depthwise/depth_mac_odd/rst_core_repN_20_alias
    SLICE_X33Y101        FDCE                                         f  design_1_i/mobilenetV2_0/inst/depthwise/depth_mac_odd/data_out_reg[4]_replica_4/CLR
  -------------------------------------------------------------------    -------------------

                         (clock clk_out1_clk_wiz_0 rise edge)
                                                      0.000     0.000 r  
    BUFG_PS_X0Y67        BUFG_PS                      0.000     0.000 r  design_1_i/zynq_ultra_ps_e_0/inst/buffer_pl_clk_0.PL_CLK_0_BUFG/O
                         net (fo=2735, routed)        1.093     1.093    design_1_i/mobilenetV2_0/inst/clk_gen/inst/clk_in1
    MMCM_X0Y2            MMCME4_ADV (Prop_MMCM_CLKIN1_CLKOUT0)
                                                     -0.295     0.798 r  design_1_i/mobilenetV2_0/inst/clk_gen/inst/mmcme4_adv_inst/CLKOUT0
                         net (fo=1, routed)           0.166     0.964    design_1_i/mobilenetV2_0/inst/clk_gen/inst/clk_out1_clk_wiz_0
    BUFGCE_X0Y66         BUFGCE (Prop_BUFCE_BUFGCE_I_O)
                                                      0.019     0.983 r  design_1_i/mobilenetV2_0/inst/clk_gen/inst/clkout1_buf/O
    X0Y1 (CLOCK_ROOT)    net (fo=22026, routed)       1.268     2.251    design_1_i/mobilenetV2_0/inst/depthwise/depth_mac_odd/clk_out1
    SLICE_X33Y101        FDCE                                         r  design_1_i/mobilenetV2_0/inst/depthwise/depth_mac_odd/data_out_reg[4]_replica_4/C
                         clock pessimism              0.264     2.515    
    SLICE_X33Y101        FDCE (Remov_DFF_SLICEL_C_CLR)
                                                     -0.020     2.495    design_1_i/mobilenetV2_0/inst/depthwise/depth_mac_odd/data_out_reg[4]_replica_4
  -------------------------------------------------------------------
                         required time                         -2.495    
                         arrival time                           2.775    
  -------------------------------------------------------------------
                         slack                                  0.280    

Slack (MET) :             0.294ns  (arrival time - required time)
  Source:                 design_1_i/mobilenetV2_0/inst/rst_core_reg_replica_20/C
                            (rising edge-triggered cell FDPE clocked by clk_out1_clk_wiz_0  {rise@0.000ns fall@1.250ns period=2.500ns})
  Destination:            design_1_i/mobilenetV2_0/inst/depthwise/depth_mac_odd/data_out_reg[3]_replica_1/CLR
                            (removal check against rising-edge clock clk_out1_clk_wiz_0  {rise@0.000ns fall@1.250ns period=2.500ns})
  Path Group:             **async_default**
  Path Type:              Removal (Min at Fast Process Corner)
  Requirement:            0.000ns  (clk_out1_clk_wiz_0 rise@0.000ns - clk_out1_clk_wiz_0 rise@0.000ns)
  Data Path Delay:        0.309ns  (logic 0.039ns (12.621%)  route 0.270ns (87.379%))
  Logic Levels:           0  
  Clock Path Skew:        0.035ns (DCD - SCD - CPR)
    Destination Clock Delay (DCD):    2.234ns
    Source Clock Delay      (SCD):    2.492ns
    Clock Pessimism Removal (CPR):    -0.293ns
  Clock Net Delay (Source):      1.120ns (routing 0.529ns, distribution 0.591ns)
  Clock Net Delay (Destination): 1.251ns (routing 0.591ns, distribution 0.660ns)

    Location             Delay type                Incr(ns)  Path(ns)    Netlist Resource(s)
  -------------------------------------------------------------------    -------------------
                         (clock clk_out1_clk_wiz_0 rise edge)
                                                      0.000     0.000 r  
    BUFG_PS_X0Y67        BUFG_PS                      0.000     0.000 r  design_1_i/zynq_ultra_ps_e_0/inst/buffer_pl_clk_0.PL_CLK_0_BUFG/O
                         net (fo=2735, routed)        0.979     0.979    design_1_i/mobilenetV2_0/inst/clk_gen/inst/clk_in1
    MMCM_X0Y2            MMCME4_ADV (Prop_MMCM_CLKIN1_CLKOUT0)
                                                      0.230     1.209 r  design_1_i/mobilenetV2_0/inst/clk_gen/inst/mmcme4_adv_inst/CLKOUT0
                         net (fo=1, routed)           0.146     1.355    design_1_i/mobilenetV2_0/inst/clk_gen/inst/clk_out1_clk_wiz_0
    BUFGCE_X0Y66         BUFGCE (Prop_BUFCE_BUFGCE_I_O)
                                                      0.017     1.372 r  design_1_i/mobilenetV2_0/inst/clk_gen/inst/clkout1_buf/O
    X0Y1 (CLOCK_ROOT)    net (fo=22026, routed)       1.120     2.492    design_1_i/mobilenetV2_0/inst/clk
    SLICE_X33Y100        FDPE                                         r  design_1_i/mobilenetV2_0/inst/rst_core_reg_replica_20/C
  -------------------------------------------------------------------    -------------------
    SLICE_X33Y100        FDPE (Prop_EFF_SLICEL_C_Q)
                                                      0.039     2.531 f  design_1_i/mobilenetV2_0/inst/rst_core_reg_replica_20/Q
                         net (fo=209, routed)         0.270     2.801    design_1_i/mobilenetV2_0/inst/depthwise/depth_mac_odd/rst_core_repN_20_alias
    SLICE_X31Y93         FDCE                                         f  design_1_i/mobilenetV2_0/inst/depthwise/depth_mac_odd/data_out_reg[3]_replica_1/CLR
  -------------------------------------------------------------------    -------------------

                         (clock clk_out1_clk_wiz_0 rise edge)
                                                      0.000     0.000 r  
    BUFG_PS_X0Y67        BUFG_PS                      0.000     0.000 r  design_1_i/zynq_ultra_ps_e_0/inst/buffer_pl_clk_0.PL_CLK_0_BUFG/O
                         net (fo=2735, routed)        1.093     1.093    design_1_i/mobilenetV2_0/inst/clk_gen/inst/clk_in1
    MMCM_X0Y2            MMCME4_ADV (Prop_MMCM_CLKIN1_CLKOUT0)
                                                     -0.295     0.798 r  design_1_i/mobilenetV2_0/inst/clk_gen/inst/mmcme4_adv_inst/CLKOUT0
                         net (fo=1, routed)           0.166     0.964    design_1_i/mobilenetV2_0/inst/clk_gen/inst/clk_out1_clk_wiz_0
    BUFGCE_X0Y66         BUFGCE (Prop_BUFCE_BUFGCE_I_O)
                                                      0.019     0.983 r  design_1_i/mobilenetV2_0/inst/clk_gen/inst/clkout1_buf/O
    X0Y1 (CLOCK_ROOT)    net (fo=22026, routed)       1.251     2.234    design_1_i/mobilenetV2_0/inst/depthwise/depth_mac_odd/clk_out1
    SLICE_X31Y93         FDCE                                         r  design_1_i/mobilenetV2_0/inst/depthwise/depth_mac_odd/data_out_reg[3]_replica_1/C
                         clock pessimism              0.293     2.527    
    SLICE_X31Y93         FDCE (Remov_BFF_SLICEM_C_CLR)
                                                     -0.020     2.507    design_1_i/mobilenetV2_0/inst/depthwise/depth_mac_odd/data_out_reg[3]_replica_1
  -------------------------------------------------------------------
                         required time                         -2.507    
                         arrival time                           2.801    
  -------------------------------------------------------------------
                         slack                                  0.294    

Slack (MET) :             0.301ns  (arrival time - required time)
  Source:                 design_1_i/mobilenetV2_0/inst/rst_core_reg_replica_23/C
                            (rising edge-triggered cell FDPE clocked by clk_out1_clk_wiz_0  {rise@0.000ns fall@1.250ns period=2.500ns})
  Destination:            design_1_i/mobilenetV2_0/inst/depthwise/depth_mac_odd/relu_input_reg_reg[11]/CLR
                            (removal check against rising-edge clock clk_out1_clk_wiz_0  {rise@0.000ns fall@1.250ns period=2.500ns})
  Path Group:             **async_default**
  Path Type:              Removal (Min at Fast Process Corner)
  Requirement:            0.000ns  (clk_out1_clk_wiz_0 rise@0.000ns - clk_out1_clk_wiz_0 rise@0.000ns)
  Data Path Delay:        0.405ns  (logic 0.039ns (9.630%)  route 0.366ns (90.370%))
  Logic Levels:           0  
  Clock Path Skew:        0.124ns (DCD - SCD - CPR)
    Destination Clock Delay (DCD):    2.288ns
    Source Clock Delay      (SCD):    2.459ns
    Clock Pessimism Removal (CPR):    -0.295ns
  Clock Net Delay (Source):      1.087ns (routing 0.529ns, distribution 0.558ns)
  Clock Net Delay (Destination): 1.305ns (routing 0.591ns, distribution 0.714ns)

    Location             Delay type                Incr(ns)  Path(ns)    Netlist Resource(s)
  -------------------------------------------------------------------    -------------------
                         (clock clk_out1_clk_wiz_0 rise edge)
                                                      0.000     0.000 r  
    BUFG_PS_X0Y67        BUFG_PS                      0.000     0.000 r  design_1_i/zynq_ultra_ps_e_0/inst/buffer_pl_clk_0.PL_CLK_0_BUFG/O
                         net (fo=2735, routed)        0.979     0.979    design_1_i/mobilenetV2_0/inst/clk_gen/inst/clk_in1
    MMCM_X0Y2            MMCME4_ADV (Prop_MMCM_CLKIN1_CLKOUT0)
                                                      0.230     1.209 r  design_1_i/mobilenetV2_0/inst/clk_gen/inst/mmcme4_adv_inst/CLKOUT0
                         net (fo=1, routed)           0.146     1.355    design_1_i/mobilenetV2_0/inst/clk_gen/inst/clk_out1_clk_wiz_0
    BUFGCE_X0Y66         BUFGCE (Prop_BUFCE_BUFGCE_I_O)
                                                      0.017     1.372 r  design_1_i/mobilenetV2_0/inst/clk_gen/inst/clkout1_buf/O
    X0Y1 (CLOCK_ROOT)    net (fo=22026, routed)       1.087     2.459    design_1_i/mobilenetV2_0/inst/clk
    SLICE_X23Y61         FDPE                                         r  design_1_i/mobilenetV2_0/inst/rst_core_reg_replica_23/C
  -------------------------------------------------------------------    -------------------
    SLICE_X23Y61         FDPE (Prop_EFF_SLICEL_C_Q)
                                                      0.039     2.498 f  design_1_i/mobilenetV2_0/inst/rst_core_reg_replica_23/Q
                         net (fo=245, routed)         0.366     2.864    design_1_i/mobilenetV2_0/inst/depthwise/depth_mac_odd/rst_core_repN_23_alias
    SLICE_X38Y62         FDCE                                         f  design_1_i/mobilenetV2_0/inst/depthwise/depth_mac_odd/relu_input_reg_reg[11]/CLR
  -------------------------------------------------------------------    -------------------

                         (clock clk_out1_clk_wiz_0 rise edge)
                                                      0.000     0.000 r  
    BUFG_PS_X0Y67        BUFG_PS                      0.000     0.000 r  design_1_i/zynq_ultra_ps_e_0/inst/buffer_pl_clk_0.PL_CLK_0_BUFG/O
                         net (fo=2735, routed)        1.093     1.093    design_1_i/mobilenetV2_0/inst/clk_gen/inst/clk_in1
    MMCM_X0Y2            MMCME4_ADV (Prop_MMCM_CLKIN1_CLKOUT0)
                                                     -0.295     0.798 r  design_1_i/mobilenetV2_0/inst/clk_gen/inst/mmcme4_adv_inst/CLKOUT0
                         net (fo=1, routed)           0.166     0.964    design_1_i/mobilenetV2_0/inst/clk_gen/inst/clk_out1_clk_wiz_0
    BUFGCE_X0Y66         BUFGCE (Prop_BUFCE_BUFGCE_I_O)
                                                      0.019     0.983 r  design_1_i/mobilenetV2_0/inst/clk_gen/inst/clkout1_buf/O
    X0Y1 (CLOCK_ROOT)    net (fo=22026, routed)       1.305     2.288    design_1_i/mobilenetV2_0/inst/depthwise/depth_mac_odd/clk_out1
    SLICE_X38Y62         FDCE                                         r  design_1_i/mobilenetV2_0/inst/depthwise/depth_mac_odd/relu_input_reg_reg[11]/C
                         clock pessimism              0.295     2.583    
    SLICE_X38Y62         FDCE (Remov_FFF_SLICEL_C_CLR)
                                                     -0.020     2.563    design_1_i/mobilenetV2_0/inst/depthwise/depth_mac_odd/relu_input_reg_reg[11]
  -------------------------------------------------------------------
                         required time                         -2.563    
                         arrival time                           2.864    
  -------------------------------------------------------------------
                         slack                                  0.301    

Slack (MET) :             0.309ns  (arrival time - required time)
  Source:                 design_1_i/mobilenetV2_0/inst/rst_core_reg_replica_26/C
                            (rising edge-triggered cell FDPE clocked by clk_out1_clk_wiz_0  {rise@0.000ns fall@1.250ns period=2.500ns})
  Destination:            design_1_i/mobilenetV2_0/inst/depthwise/depth_mac_even/bias_extended_reg_reg[0]/CLR
                            (removal check against rising-edge clock clk_out1_clk_wiz_0  {rise@0.000ns fall@1.250ns period=2.500ns})
  Path Group:             **async_default**
  Path Type:              Removal (Min at Fast Process Corner)
  Requirement:            0.000ns  (clk_out1_clk_wiz_0 rise@0.000ns - clk_out1_clk_wiz_0 rise@0.000ns)
  Data Path Delay:        0.366ns  (logic 0.038ns (10.383%)  route 0.328ns (89.617%))
  Logic Levels:           0  
  Clock Path Skew:        0.077ns (DCD - SCD - CPR)
    Destination Clock Delay (DCD):    2.300ns
    Source Clock Delay      (SCD):    2.516ns
    Clock Pessimism Removal (CPR):    -0.293ns
  Clock Net Delay (Source):      1.144ns (routing 0.529ns, distribution 0.615ns)
  Clock Net Delay (Destination): 1.317ns (routing 0.591ns, distribution 0.726ns)

    Location             Delay type                Incr(ns)  Path(ns)    Netlist Resource(s)
  -------------------------------------------------------------------    -------------------
                         (clock clk_out1_clk_wiz_0 rise edge)
                                                      0.000     0.000 r  
    BUFG_PS_X0Y67        BUFG_PS                      0.000     0.000 r  design_1_i/zynq_ultra_ps_e_0/inst/buffer_pl_clk_0.PL_CLK_0_BUFG/O
                         net (fo=2735, routed)        0.979     0.979    design_1_i/mobilenetV2_0/inst/clk_gen/inst/clk_in1
    MMCM_X0Y2            MMCME4_ADV (Prop_MMCM_CLKIN1_CLKOUT0)
                                                      0.230     1.209 r  design_1_i/mobilenetV2_0/inst/clk_gen/inst/mmcme4_adv_inst/CLKOUT0
                         net (fo=1, routed)           0.146     1.355    design_1_i/mobilenetV2_0/inst/clk_gen/inst/clk_out1_clk_wiz_0
    BUFGCE_X0Y66         BUFGCE (Prop_BUFCE_BUFGCE_I_O)
                                                      0.017     1.372 r  design_1_i/mobilenetV2_0/inst/clk_gen/inst/clkout1_buf/O
    X0Y1 (CLOCK_ROOT)    net (fo=22026, routed)       1.144     2.516    design_1_i/mobilenetV2_0/inst/clk
    SLICE_X37Y60         FDPE                                         r  design_1_i/mobilenetV2_0/inst/rst_core_reg_replica_26/C
  -------------------------------------------------------------------    -------------------
    SLICE_X37Y60         FDPE (Prop_AFF_SLICEM_C_Q)
                                                      0.038     2.554 f  design_1_i/mobilenetV2_0/inst/rst_core_reg_replica_26/Q
                         net (fo=112, routed)         0.328     2.882    design_1_i/mobilenetV2_0/inst/depthwise/depth_mac_even/rst_core_repN_26_alias
    SLICE_X43Y65         FDCE                                         f  design_1_i/mobilenetV2_0/inst/depthwise/depth_mac_even/bias_extended_reg_reg[0]/CLR
  -------------------------------------------------------------------    -------------------

                         (clock clk_out1_clk_wiz_0 rise edge)
                                                      0.000     0.000 r  
    BUFG_PS_X0Y67        BUFG_PS                      0.000     0.000 r  design_1_i/zynq_ultra_ps_e_0/inst/buffer_pl_clk_0.PL_CLK_0_BUFG/O
                         net (fo=2735, routed)        1.093     1.093    design_1_i/mobilenetV2_0/inst/clk_gen/inst/clk_in1
    MMCM_X0Y2            MMCME4_ADV (Prop_MMCM_CLKIN1_CLKOUT0)
                                                     -0.295     0.798 r  design_1_i/mobilenetV2_0/inst/clk_gen/inst/mmcme4_adv_inst/CLKOUT0
                         net (fo=1, routed)           0.166     0.964    design_1_i/mobilenetV2_0/inst/clk_gen/inst/clk_out1_clk_wiz_0
    BUFGCE_X0Y66         BUFGCE (Prop_BUFCE_BUFGCE_I_O)
                                                      0.019     0.983 r  design_1_i/mobilenetV2_0/inst/clk_gen/inst/clkout1_buf/O
    X0Y1 (CLOCK_ROOT)    net (fo=22026, routed)       1.317     2.300    design_1_i/mobilenetV2_0/inst/depthwise/depth_mac_even/clk_out1
    SLICE_X43Y65         FDCE                                         r  design_1_i/mobilenetV2_0/inst/depthwise/depth_mac_even/bias_extended_reg_reg[0]/C
                         clock pessimism              0.293     2.593    
    SLICE_X43Y65         FDCE (Remov_EFF_SLICEM_C_CLR)
                                                     -0.020     2.573    design_1_i/mobilenetV2_0/inst/depthwise/depth_mac_even/bias_extended_reg_reg[0]
  -------------------------------------------------------------------
                         required time                         -2.573    
                         arrival time                           2.882    
  -------------------------------------------------------------------
                         slack                                  0.309    





---------------------------------------------------------------------------------------------------
Path Group:  **async_default**
From Clock:  clk_pl_0
  To Clock:  clk_pl_0

Setup :            0  Failing Endpoints,  Worst Slack        8.597ns,  Total Violation        0.000ns
Hold  :            0  Failing Endpoints,  Worst Slack        0.180ns,  Total Violation        0.000ns
---------------------------------------------------------------------------------------------------


Max Delay Paths
--------------------------------------------------------------------------------------
Slack (MET) :             8.597ns  (required time - arrival time)
  Source:                 design_1_i/ps8_0_axi_periph/m00_couplers/auto_ds/inst/gen_downsizer.gen_simple_downsizer.axi_downsizer_inst/USE_WRITE.write_addr_inst/cmd_queue/inst/fifo_gen_inst/inst_fifo_gen/gconvfifo.rf/grf.rf/rstblk/ngwrdrst.grst.g7serrst.gnsckt_wrst.rst_wr_reg2_inst/arststages_ff_reg[1]/C
                            (rising edge-triggered cell FDPE clocked by clk_pl_0  {rise@0.000ns fall@5.000ns period=10.000ns})
  Destination:            design_1_i/ps8_0_axi_periph/m00_couplers/auto_ds/inst/gen_downsizer.gen_simple_downsizer.axi_downsizer_inst/USE_WRITE.write_addr_inst/cmd_queue/inst/fifo_gen_inst/inst_fifo_gen/gconvfifo.rf/grf.rf/gntv_or_sync_fifo.gl0.rd/rpntr/gc0.count_reg[1]/CLR
                            (recovery check against rising-edge clock clk_pl_0  {rise@0.000ns fall@5.000ns period=10.000ns})
  Path Group:             **async_default**
  Path Type:              Recovery (Max at Slow Process Corner)
  Requirement:            10.000ns  (clk_pl_0 rise@10.000ns - clk_pl_0 rise@0.000ns)
  Data Path Delay:        1.042ns  (logic 0.275ns (26.392%)  route 0.767ns (73.608%))
  Logic Levels:           1  (LUT3=1)
  Clock Path Skew:        -0.114ns (DCD - SCD + CPR)
    Destination Clock Delay (DCD):    1.885ns = ( 11.885 - 10.000 ) 
    Source Clock Delay      (SCD):    2.171ns
    Clock Pessimism Removal (CPR):    0.172ns
  Clock Uncertainty:      0.176ns  ((TSJ^2 + DJ^2)^1/2) / 2 + PE
    Total System Jitter     (TSJ):    0.071ns
    Discrete Jitter          (DJ):    0.344ns
    Phase Error              (PE):    0.000ns
  Clock Net Delay (Source):      1.964ns (routing 0.814ns, distribution 1.150ns)
  Clock Net Delay (Destination): 1.718ns (routing 0.736ns, distribution 0.982ns)

    Location             Delay type                Incr(ns)  Path(ns)    Netlist Resource(s)
  -------------------------------------------------------------------    -------------------
                         (clock clk_pl_0 rise edge)
                                                      0.000     0.000 r  
    PS8_X0Y0             PS8                          0.000     0.000 r  design_1_i/zynq_ultra_ps_e_0/inst/PS8_i/PLCLK[0]
                         net (fo=1, routed)           0.178     0.178    design_1_i/zynq_ultra_ps_e_0/inst/pl_clk_unbuffered[0]
    BUFG_PS_X0Y67        BUFG_PS (Prop_BUFG_PS_I_O)
                                                      0.029     0.207 r  design_1_i/zynq_ultra_ps_e_0/inst/buffer_pl_clk_0.PL_CLK_0_BUFG/O
    X0Y1 (CLOCK_ROOT)    net (fo=2735, routed)        1.964     2.171    design_1_i/ps8_0_axi_periph/m00_couplers/auto_ds/inst/gen_downsizer.gen_simple_downsizer.axi_downsizer_inst/USE_WRITE.write_addr_inst/cmd_queue/inst/fifo_gen_inst/inst_fifo_gen/gconvfifo.rf/grf.rf/rstblk/ngwrdrst.grst.g7serrst.gnsckt_wrst.rst_wr_reg2_inst/dest_clk
    SLICE_X10Y77         FDPE                                         r  design_1_i/ps8_0_axi_periph/m00_couplers/auto_ds/inst/gen_downsizer.gen_simple_downsizer.axi_downsizer_inst/USE_WRITE.write_addr_inst/cmd_queue/inst/fifo_gen_inst/inst_fifo_gen/gconvfifo.rf/grf.rf/rstblk/ngwrdrst.grst.g7serrst.gnsckt_wrst.rst_wr_reg2_inst/arststages_ff_reg[1]/C
  -------------------------------------------------------------------    -------------------
    SLICE_X10Y77         FDPE (Prop_EFF2_SLICEL_C_Q)
                                                      0.099     2.270 f  design_1_i/ps8_0_axi_periph/m00_couplers/auto_ds/inst/gen_downsizer.gen_simple_downsizer.axi_downsizer_inst/USE_WRITE.write_addr_inst/cmd_queue/inst/fifo_gen_inst/inst_fifo_gen/gconvfifo.rf/grf.rf/rstblk/ngwrdrst.grst.g7serrst.gnsckt_wrst.rst_wr_reg2_inst/arststages_ff_reg[1]/Q
                         net (fo=3, routed)           0.183     2.453    design_1_i/ps8_0_axi_periph/m00_couplers/auto_ds/inst/gen_downsizer.gen_simple_downsizer.axi_downsizer_inst/USE_WRITE.write_addr_inst/cmd_queue/inst/fifo_gen_inst/inst_fifo_gen/gconvfifo.rf/grf.rf/rstblk/rst_wr_reg2
    SLICE_X11Y77         LUT3 (Prop_E6LUT_SLICEL_I2_O)
                                                      0.176     2.629 f  design_1_i/ps8_0_axi_periph/m00_couplers/auto_ds/inst/gen_downsizer.gen_simple_downsizer.axi_downsizer_inst/USE_WRITE.write_addr_inst/cmd_queue/inst/fifo_gen_inst/inst_fifo_gen/gconvfifo.rf/grf.rf/rstblk/gpregsm1.curr_fwft_state[1]_i_2/O
                         net (fo=32, routed)          0.584     3.213    design_1_i/ps8_0_axi_periph/m00_couplers/auto_ds/inst/gen_downsizer.gen_simple_downsizer.axi_downsizer_inst/USE_WRITE.write_addr_inst/cmd_queue/inst/fifo_gen_inst/inst_fifo_gen/gconvfifo.rf/grf.rf/gntv_or_sync_fifo.gl0.rd/rpntr/gc0.count_d1_reg[4]_1
    SLICE_X12Y76         FDCE                                         f  design_1_i/ps8_0_axi_periph/m00_couplers/auto_ds/inst/gen_downsizer.gen_simple_downsizer.axi_downsizer_inst/USE_WRITE.write_addr_inst/cmd_queue/inst/fifo_gen_inst/inst_fifo_gen/gconvfifo.rf/grf.rf/gntv_or_sync_fifo.gl0.rd/rpntr/gc0.count_reg[1]/CLR
  -------------------------------------------------------------------    -------------------

                         (clock clk_pl_0 rise edge)
                                                     10.000    10.000 r  
    PS8_X0Y0             PS8                          0.000    10.000 r  design_1_i/zynq_ultra_ps_e_0/inst/PS8_i/PLCLK[0]
                         net (fo=1, routed)           0.140    10.140    design_1_i/zynq_ultra_ps_e_0/inst/pl_clk_unbuffered[0]
    BUFG_PS_X0Y67        BUFG_PS (Prop_BUFG_PS_I_O)
                                                      0.027    10.167 r  design_1_i/zynq_ultra_ps_e_0/inst/buffer_pl_clk_0.PL_CLK_0_BUFG/O
    X0Y1 (CLOCK_ROOT)    net (fo=2735, routed)        1.718    11.885    design_1_i/ps8_0_axi_periph/m00_couplers/auto_ds/inst/gen_downsizer.gen_simple_downsizer.axi_downsizer_inst/USE_WRITE.write_addr_inst/cmd_queue/inst/fifo_gen_inst/inst_fifo_gen/gconvfifo.rf/grf.rf/gntv_or_sync_fifo.gl0.rd/rpntr/clk
    SLICE_X12Y76         FDCE                                         r  design_1_i/ps8_0_axi_periph/m00_couplers/auto_ds/inst/gen_downsizer.gen_simple_downsizer.axi_downsizer_inst/USE_WRITE.write_addr_inst/cmd_queue/inst/fifo_gen_inst/inst_fifo_gen/gconvfifo.rf/grf.rf/gntv_or_sync_fifo.gl0.rd/rpntr/gc0.count_reg[1]/C
                         clock pessimism              0.172    12.057    
                         clock uncertainty           -0.176    11.882    
    SLICE_X12Y76         FDCE (Recov_DFF_SLICEL_C_CLR)
                                                     -0.072    11.810    design_1_i/ps8_0_axi_periph/m00_couplers/auto_ds/inst/gen_downsizer.gen_simple_downsizer.axi_downsizer_inst/USE_WRITE.write_addr_inst/cmd_queue/inst/fifo_gen_inst/inst_fifo_gen/gconvfifo.rf/grf.rf/gntv_or_sync_fifo.gl0.rd/rpntr/gc0.count_reg[1]
  -------------------------------------------------------------------
                         required time                         11.810    
                         arrival time                          -3.213    
  -------------------------------------------------------------------
                         slack                                  8.597    

Slack (MET) :             8.597ns  (required time - arrival time)
  Source:                 design_1_i/ps8_0_axi_periph/m00_couplers/auto_ds/inst/gen_downsizer.gen_simple_downsizer.axi_downsizer_inst/USE_WRITE.write_addr_inst/cmd_queue/inst/fifo_gen_inst/inst_fifo_gen/gconvfifo.rf/grf.rf/rstblk/ngwrdrst.grst.g7serrst.gnsckt_wrst.rst_wr_reg2_inst/arststages_ff_reg[1]/C
                            (rising edge-triggered cell FDPE clocked by clk_pl_0  {rise@0.000ns fall@5.000ns period=10.000ns})
  Destination:            design_1_i/ps8_0_axi_periph/m00_couplers/auto_ds/inst/gen_downsizer.gen_simple_downsizer.axi_downsizer_inst/USE_WRITE.write_addr_inst/cmd_queue/inst/fifo_gen_inst/inst_fifo_gen/gconvfifo.rf/grf.rf/gntv_or_sync_fifo.gl0.rd/rpntr/gc0.count_reg[2]/CLR
                            (recovery check against rising-edge clock clk_pl_0  {rise@0.000ns fall@5.000ns period=10.000ns})
  Path Group:             **async_default**
  Path Type:              Recovery (Max at Slow Process Corner)
  Requirement:            10.000ns  (clk_pl_0 rise@10.000ns - clk_pl_0 rise@0.000ns)
  Data Path Delay:        1.042ns  (logic 0.275ns (26.392%)  route 0.767ns (73.608%))
  Logic Levels:           1  (LUT3=1)
  Clock Path Skew:        -0.114ns (DCD - SCD + CPR)
    Destination Clock Delay (DCD):    1.885ns = ( 11.885 - 10.000 ) 
    Source Clock Delay      (SCD):    2.171ns
    Clock Pessimism Removal (CPR):    0.172ns
  Clock Uncertainty:      0.176ns  ((TSJ^2 + DJ^2)^1/2) / 2 + PE
    Total System Jitter     (TSJ):    0.071ns
    Discrete Jitter          (DJ):    0.344ns
    Phase Error              (PE):    0.000ns
  Clock Net Delay (Source):      1.964ns (routing 0.814ns, distribution 1.150ns)
  Clock Net Delay (Destination): 1.718ns (routing 0.736ns, distribution 0.982ns)

    Location             Delay type                Incr(ns)  Path(ns)    Netlist Resource(s)
  -------------------------------------------------------------------    -------------------
                         (clock clk_pl_0 rise edge)
                                                      0.000     0.000 r  
    PS8_X0Y0             PS8                          0.000     0.000 r  design_1_i/zynq_ultra_ps_e_0/inst/PS8_i/PLCLK[0]
                         net (fo=1, routed)           0.178     0.178    design_1_i/zynq_ultra_ps_e_0/inst/pl_clk_unbuffered[0]
    BUFG_PS_X0Y67        BUFG_PS (Prop_BUFG_PS_I_O)
                                                      0.029     0.207 r  design_1_i/zynq_ultra_ps_e_0/inst/buffer_pl_clk_0.PL_CLK_0_BUFG/O
    X0Y1 (CLOCK_ROOT)    net (fo=2735, routed)        1.964     2.171    design_1_i/ps8_0_axi_periph/m00_couplers/auto_ds/inst/gen_downsizer.gen_simple_downsizer.axi_downsizer_inst/USE_WRITE.write_addr_inst/cmd_queue/inst/fifo_gen_inst/inst_fifo_gen/gconvfifo.rf/grf.rf/rstblk/ngwrdrst.grst.g7serrst.gnsckt_wrst.rst_wr_reg2_inst/dest_clk
    SLICE_X10Y77         FDPE                                         r  design_1_i/ps8_0_axi_periph/m00_couplers/auto_ds/inst/gen_downsizer.gen_simple_downsizer.axi_downsizer_inst/USE_WRITE.write_addr_inst/cmd_queue/inst/fifo_gen_inst/inst_fifo_gen/gconvfifo.rf/grf.rf/rstblk/ngwrdrst.grst.g7serrst.gnsckt_wrst.rst_wr_reg2_inst/arststages_ff_reg[1]/C
  -------------------------------------------------------------------    -------------------
    SLICE_X10Y77         FDPE (Prop_EFF2_SLICEL_C_Q)
                                                      0.099     2.270 f  design_1_i/ps8_0_axi_periph/m00_couplers/auto_ds/inst/gen_downsizer.gen_simple_downsizer.axi_downsizer_inst/USE_WRITE.write_addr_inst/cmd_queue/inst/fifo_gen_inst/inst_fifo_gen/gconvfifo.rf/grf.rf/rstblk/ngwrdrst.grst.g7serrst.gnsckt_wrst.rst_wr_reg2_inst/arststages_ff_reg[1]/Q
                         net (fo=3, routed)           0.183     2.453    design_1_i/ps8_0_axi_periph/m00_couplers/auto_ds/inst/gen_downsizer.gen_simple_downsizer.axi_downsizer_inst/USE_WRITE.write_addr_inst/cmd_queue/inst/fifo_gen_inst/inst_fifo_gen/gconvfifo.rf/grf.rf/rstblk/rst_wr_reg2
    SLICE_X11Y77         LUT3 (Prop_E6LUT_SLICEL_I2_O)
                                                      0.176     2.629 f  design_1_i/ps8_0_axi_periph/m00_couplers/auto_ds/inst/gen_downsizer.gen_simple_downsizer.axi_downsizer_inst/USE_WRITE.write_addr_inst/cmd_queue/inst/fifo_gen_inst/inst_fifo_gen/gconvfifo.rf/grf.rf/rstblk/gpregsm1.curr_fwft_state[1]_i_2/O
                         net (fo=32, routed)          0.584     3.213    design_1_i/ps8_0_axi_periph/m00_couplers/auto_ds/inst/gen_downsizer.gen_simple_downsizer.axi_downsizer_inst/USE_WRITE.write_addr_inst/cmd_queue/inst/fifo_gen_inst/inst_fifo_gen/gconvfifo.rf/grf.rf/gntv_or_sync_fifo.gl0.rd/rpntr/gc0.count_d1_reg[4]_1
    SLICE_X12Y76         FDCE                                         f  design_1_i/ps8_0_axi_periph/m00_couplers/auto_ds/inst/gen_downsizer.gen_simple_downsizer.axi_downsizer_inst/USE_WRITE.write_addr_inst/cmd_queue/inst/fifo_gen_inst/inst_fifo_gen/gconvfifo.rf/grf.rf/gntv_or_sync_fifo.gl0.rd/rpntr/gc0.count_reg[2]/CLR
  -------------------------------------------------------------------    -------------------

                         (clock clk_pl_0 rise edge)
                                                     10.000    10.000 r  
    PS8_X0Y0             PS8                          0.000    10.000 r  design_1_i/zynq_ultra_ps_e_0/inst/PS8_i/PLCLK[0]
                         net (fo=1, routed)           0.140    10.140    design_1_i/zynq_ultra_ps_e_0/inst/pl_clk_unbuffered[0]
    BUFG_PS_X0Y67        BUFG_PS (Prop_BUFG_PS_I_O)
                                                      0.027    10.167 r  design_1_i/zynq_ultra_ps_e_0/inst/buffer_pl_clk_0.PL_CLK_0_BUFG/O
    X0Y1 (CLOCK_ROOT)    net (fo=2735, routed)        1.718    11.885    design_1_i/ps8_0_axi_periph/m00_couplers/auto_ds/inst/gen_downsizer.gen_simple_downsizer.axi_downsizer_inst/USE_WRITE.write_addr_inst/cmd_queue/inst/fifo_gen_inst/inst_fifo_gen/gconvfifo.rf/grf.rf/gntv_or_sync_fifo.gl0.rd/rpntr/clk
    SLICE_X12Y76         FDCE                                         r  design_1_i/ps8_0_axi_periph/m00_couplers/auto_ds/inst/gen_downsizer.gen_simple_downsizer.axi_downsizer_inst/USE_WRITE.write_addr_inst/cmd_queue/inst/fifo_gen_inst/inst_fifo_gen/gconvfifo.rf/grf.rf/gntv_or_sync_fifo.gl0.rd/rpntr/gc0.count_reg[2]/C
                         clock pessimism              0.172    12.057    
                         clock uncertainty           -0.176    11.882    
    SLICE_X12Y76         FDCE (Recov_DFF2_SLICEL_C_CLR)
                                                     -0.072    11.810    design_1_i/ps8_0_axi_periph/m00_couplers/auto_ds/inst/gen_downsizer.gen_simple_downsizer.axi_downsizer_inst/USE_WRITE.write_addr_inst/cmd_queue/inst/fifo_gen_inst/inst_fifo_gen/gconvfifo.rf/grf.rf/gntv_or_sync_fifo.gl0.rd/rpntr/gc0.count_reg[2]
  -------------------------------------------------------------------
                         required time                         11.810    
                         arrival time                          -3.213    
  -------------------------------------------------------------------
                         slack                                  8.597    

Slack (MET) :             8.597ns  (required time - arrival time)
  Source:                 design_1_i/ps8_0_axi_periph/m00_couplers/auto_ds/inst/gen_downsizer.gen_simple_downsizer.axi_downsizer_inst/USE_WRITE.write_addr_inst/cmd_queue/inst/fifo_gen_inst/inst_fifo_gen/gconvfifo.rf/grf.rf/rstblk/ngwrdrst.grst.g7serrst.gnsckt_wrst.rst_wr_reg2_inst/arststages_ff_reg[1]/C
                            (rising edge-triggered cell FDPE clocked by clk_pl_0  {rise@0.000ns fall@5.000ns period=10.000ns})
  Destination:            design_1_i/ps8_0_axi_periph/m00_couplers/auto_ds/inst/gen_downsizer.gen_simple_downsizer.axi_downsizer_inst/USE_WRITE.write_addr_inst/cmd_queue/inst/fifo_gen_inst/inst_fifo_gen/gconvfifo.rf/grf.rf/gntv_or_sync_fifo.gl0.wr/wpntr/gcc0.gc0.count_d1_reg[3]/CLR
                            (recovery check against rising-edge clock clk_pl_0  {rise@0.000ns fall@5.000ns period=10.000ns})
  Path Group:             **async_default**
  Path Type:              Recovery (Max at Slow Process Corner)
  Requirement:            10.000ns  (clk_pl_0 rise@10.000ns - clk_pl_0 rise@0.000ns)
  Data Path Delay:        1.042ns  (logic 0.275ns (26.392%)  route 0.767ns (73.608%))
  Logic Levels:           1  (LUT3=1)
  Clock Path Skew:        -0.114ns (DCD - SCD + CPR)
    Destination Clock Delay (DCD):    1.885ns = ( 11.885 - 10.000 ) 
    Source Clock Delay      (SCD):    2.171ns
    Clock Pessimism Removal (CPR):    0.172ns
  Clock Uncertainty:      0.176ns  ((TSJ^2 + DJ^2)^1/2) / 2 + PE
    Total System Jitter     (TSJ):    0.071ns
    Discrete Jitter          (DJ):    0.344ns
    Phase Error              (PE):    0.000ns
  Clock Net Delay (Source):      1.964ns (routing 0.814ns, distribution 1.150ns)
  Clock Net Delay (Destination): 1.718ns (routing 0.736ns, distribution 0.982ns)

    Location             Delay type                Incr(ns)  Path(ns)    Netlist Resource(s)
  -------------------------------------------------------------------    -------------------
                         (clock clk_pl_0 rise edge)
                                                      0.000     0.000 r  
    PS8_X0Y0             PS8                          0.000     0.000 r  design_1_i/zynq_ultra_ps_e_0/inst/PS8_i/PLCLK[0]
                         net (fo=1, routed)           0.178     0.178    design_1_i/zynq_ultra_ps_e_0/inst/pl_clk_unbuffered[0]
    BUFG_PS_X0Y67        BUFG_PS (Prop_BUFG_PS_I_O)
                                                      0.029     0.207 r  design_1_i/zynq_ultra_ps_e_0/inst/buffer_pl_clk_0.PL_CLK_0_BUFG/O
    X0Y1 (CLOCK_ROOT)    net (fo=2735, routed)        1.964     2.171    design_1_i/ps8_0_axi_periph/m00_couplers/auto_ds/inst/gen_downsizer.gen_simple_downsizer.axi_downsizer_inst/USE_WRITE.write_addr_inst/cmd_queue/inst/fifo_gen_inst/inst_fifo_gen/gconvfifo.rf/grf.rf/rstblk/ngwrdrst.grst.g7serrst.gnsckt_wrst.rst_wr_reg2_inst/dest_clk
    SLICE_X10Y77         FDPE                                         r  design_1_i/ps8_0_axi_periph/m00_couplers/auto_ds/inst/gen_downsizer.gen_simple_downsizer.axi_downsizer_inst/USE_WRITE.write_addr_inst/cmd_queue/inst/fifo_gen_inst/inst_fifo_gen/gconvfifo.rf/grf.rf/rstblk/ngwrdrst.grst.g7serrst.gnsckt_wrst.rst_wr_reg2_inst/arststages_ff_reg[1]/C
  -------------------------------------------------------------------    -------------------
    SLICE_X10Y77         FDPE (Prop_EFF2_SLICEL_C_Q)
                                                      0.099     2.270 f  design_1_i/ps8_0_axi_periph/m00_couplers/auto_ds/inst/gen_downsizer.gen_simple_downsizer.axi_downsizer_inst/USE_WRITE.write_addr_inst/cmd_queue/inst/fifo_gen_inst/inst_fifo_gen/gconvfifo.rf/grf.rf/rstblk/ngwrdrst.grst.g7serrst.gnsckt_wrst.rst_wr_reg2_inst/arststages_ff_reg[1]/Q
                         net (fo=3, routed)           0.183     2.453    design_1_i/ps8_0_axi_periph/m00_couplers/auto_ds/inst/gen_downsizer.gen_simple_downsizer.axi_downsizer_inst/USE_WRITE.write_addr_inst/cmd_queue/inst/fifo_gen_inst/inst_fifo_gen/gconvfifo.rf/grf.rf/rstblk/rst_wr_reg2
    SLICE_X11Y77         LUT3 (Prop_E6LUT_SLICEL_I2_O)
                                                      0.176     2.629 f  design_1_i/ps8_0_axi_periph/m00_couplers/auto_ds/inst/gen_downsizer.gen_simple_downsizer.axi_downsizer_inst/USE_WRITE.write_addr_inst/cmd_queue/inst/fifo_gen_inst/inst_fifo_gen/gconvfifo.rf/grf.rf/rstblk/gpregsm1.curr_fwft_state[1]_i_2/O
                         net (fo=32, routed)          0.584     3.213    design_1_i/ps8_0_axi_periph/m00_couplers/auto_ds/inst/gen_downsizer.gen_simple_downsizer.axi_downsizer_inst/USE_WRITE.write_addr_inst/cmd_queue/inst/fifo_gen_inst/inst_fifo_gen/gconvfifo.rf/grf.rf/gntv_or_sync_fifo.gl0.wr/wpntr/AR[0]
    SLICE_X11Y76         FDCE                                         f  design_1_i/ps8_0_axi_periph/m00_couplers/auto_ds/inst/gen_downsizer.gen_simple_downsizer.axi_downsizer_inst/USE_WRITE.write_addr_inst/cmd_queue/inst/fifo_gen_inst/inst_fifo_gen/gconvfifo.rf/grf.rf/gntv_or_sync_fifo.gl0.wr/wpntr/gcc0.gc0.count_d1_reg[3]/CLR
  -------------------------------------------------------------------    -------------------

                         (clock clk_pl_0 rise edge)
                                                     10.000    10.000 r  
    PS8_X0Y0             PS8                          0.000    10.000 r  design_1_i/zynq_ultra_ps_e_0/inst/PS8_i/PLCLK[0]
                         net (fo=1, routed)           0.140    10.140    design_1_i/zynq_ultra_ps_e_0/inst/pl_clk_unbuffered[0]
    BUFG_PS_X0Y67        BUFG_PS (Prop_BUFG_PS_I_O)
                                                      0.027    10.167 r  design_1_i/zynq_ultra_ps_e_0/inst/buffer_pl_clk_0.PL_CLK_0_BUFG/O
    X0Y1 (CLOCK_ROOT)    net (fo=2735, routed)        1.718    11.885    design_1_i/ps8_0_axi_periph/m00_couplers/auto_ds/inst/gen_downsizer.gen_simple_downsizer.axi_downsizer_inst/USE_WRITE.write_addr_inst/cmd_queue/inst/fifo_gen_inst/inst_fifo_gen/gconvfifo.rf/grf.rf/gntv_or_sync_fifo.gl0.wr/wpntr/clk
    SLICE_X11Y76         FDCE                                         r  design_1_i/ps8_0_axi_periph/m00_couplers/auto_ds/inst/gen_downsizer.gen_simple_downsizer.axi_downsizer_inst/USE_WRITE.write_addr_inst/cmd_queue/inst/fifo_gen_inst/inst_fifo_gen/gconvfifo.rf/grf.rf/gntv_or_sync_fifo.gl0.wr/wpntr/gcc0.gc0.count_d1_reg[3]/C
                         clock pessimism              0.172    12.057    
                         clock uncertainty           -0.176    11.882    
    SLICE_X11Y76         FDCE (Recov_AFF_SLICEL_C_CLR)
                                                     -0.072    11.810    design_1_i/ps8_0_axi_periph/m00_couplers/auto_ds/inst/gen_downsizer.gen_simple_downsizer.axi_downsizer_inst/USE_WRITE.write_addr_inst/cmd_queue/inst/fifo_gen_inst/inst_fifo_gen/gconvfifo.rf/grf.rf/gntv_or_sync_fifo.gl0.wr/wpntr/gcc0.gc0.count_d1_reg[3]
  -------------------------------------------------------------------
                         required time                         11.810    
                         arrival time                          -3.213    
  -------------------------------------------------------------------
                         slack                                  8.597    

Slack (MET) :             8.597ns  (required time - arrival time)
  Source:                 design_1_i/ps8_0_axi_periph/m00_couplers/auto_ds/inst/gen_downsizer.gen_simple_downsizer.axi_downsizer_inst/USE_WRITE.write_addr_inst/cmd_queue/inst/fifo_gen_inst/inst_fifo_gen/gconvfifo.rf/grf.rf/rstblk/ngwrdrst.grst.g7serrst.gnsckt_wrst.rst_wr_reg2_inst/arststages_ff_reg[1]/C
                            (rising edge-triggered cell FDPE clocked by clk_pl_0  {rise@0.000ns fall@5.000ns period=10.000ns})
  Destination:            design_1_i/ps8_0_axi_periph/m00_couplers/auto_ds/inst/gen_downsizer.gen_simple_downsizer.axi_downsizer_inst/USE_WRITE.write_addr_inst/cmd_queue/inst/fifo_gen_inst/inst_fifo_gen/gconvfifo.rf/grf.rf/gntv_or_sync_fifo.gl0.wr/wpntr/gcc0.gc0.count_d1_reg[4]/CLR
                            (recovery check against rising-edge clock clk_pl_0  {rise@0.000ns fall@5.000ns period=10.000ns})
  Path Group:             **async_default**
  Path Type:              Recovery (Max at Slow Process Corner)
  Requirement:            10.000ns  (clk_pl_0 rise@10.000ns - clk_pl_0 rise@0.000ns)
  Data Path Delay:        1.042ns  (logic 0.275ns (26.392%)  route 0.767ns (73.608%))
  Logic Levels:           1  (LUT3=1)
  Clock Path Skew:        -0.114ns (DCD - SCD + CPR)
    Destination Clock Delay (DCD):    1.885ns = ( 11.885 - 10.000 ) 
    Source Clock Delay      (SCD):    2.171ns
    Clock Pessimism Removal (CPR):    0.172ns
  Clock Uncertainty:      0.176ns  ((TSJ^2 + DJ^2)^1/2) / 2 + PE
    Total System Jitter     (TSJ):    0.071ns
    Discrete Jitter          (DJ):    0.344ns
    Phase Error              (PE):    0.000ns
  Clock Net Delay (Source):      1.964ns (routing 0.814ns, distribution 1.150ns)
  Clock Net Delay (Destination): 1.718ns (routing 0.736ns, distribution 0.982ns)

    Location             Delay type                Incr(ns)  Path(ns)    Netlist Resource(s)
  -------------------------------------------------------------------    -------------------
                         (clock clk_pl_0 rise edge)
                                                      0.000     0.000 r  
    PS8_X0Y0             PS8                          0.000     0.000 r  design_1_i/zynq_ultra_ps_e_0/inst/PS8_i/PLCLK[0]
                         net (fo=1, routed)           0.178     0.178    design_1_i/zynq_ultra_ps_e_0/inst/pl_clk_unbuffered[0]
    BUFG_PS_X0Y67        BUFG_PS (Prop_BUFG_PS_I_O)
                                                      0.029     0.207 r  design_1_i/zynq_ultra_ps_e_0/inst/buffer_pl_clk_0.PL_CLK_0_BUFG/O
    X0Y1 (CLOCK_ROOT)    net (fo=2735, routed)        1.964     2.171    design_1_i/ps8_0_axi_periph/m00_couplers/auto_ds/inst/gen_downsizer.gen_simple_downsizer.axi_downsizer_inst/USE_WRITE.write_addr_inst/cmd_queue/inst/fifo_gen_inst/inst_fifo_gen/gconvfifo.rf/grf.rf/rstblk/ngwrdrst.grst.g7serrst.gnsckt_wrst.rst_wr_reg2_inst/dest_clk
    SLICE_X10Y77         FDPE                                         r  design_1_i/ps8_0_axi_periph/m00_couplers/auto_ds/inst/gen_downsizer.gen_simple_downsizer.axi_downsizer_inst/USE_WRITE.write_addr_inst/cmd_queue/inst/fifo_gen_inst/inst_fifo_gen/gconvfifo.rf/grf.rf/rstblk/ngwrdrst.grst.g7serrst.gnsckt_wrst.rst_wr_reg2_inst/arststages_ff_reg[1]/C
  -------------------------------------------------------------------    -------------------
    SLICE_X10Y77         FDPE (Prop_EFF2_SLICEL_C_Q)
                                                      0.099     2.270 f  design_1_i/ps8_0_axi_periph/m00_couplers/auto_ds/inst/gen_downsizer.gen_simple_downsizer.axi_downsizer_inst/USE_WRITE.write_addr_inst/cmd_queue/inst/fifo_gen_inst/inst_fifo_gen/gconvfifo.rf/grf.rf/rstblk/ngwrdrst.grst.g7serrst.gnsckt_wrst.rst_wr_reg2_inst/arststages_ff_reg[1]/Q
                         net (fo=3, routed)           0.183     2.453    design_1_i/ps8_0_axi_periph/m00_couplers/auto_ds/inst/gen_downsizer.gen_simple_downsizer.axi_downsizer_inst/USE_WRITE.write_addr_inst/cmd_queue/inst/fifo_gen_inst/inst_fifo_gen/gconvfifo.rf/grf.rf/rstblk/rst_wr_reg2
    SLICE_X11Y77         LUT3 (Prop_E6LUT_SLICEL_I2_O)
                                                      0.176     2.629 f  design_1_i/ps8_0_axi_periph/m00_couplers/auto_ds/inst/gen_downsizer.gen_simple_downsizer.axi_downsizer_inst/USE_WRITE.write_addr_inst/cmd_queue/inst/fifo_gen_inst/inst_fifo_gen/gconvfifo.rf/grf.rf/rstblk/gpregsm1.curr_fwft_state[1]_i_2/O
                         net (fo=32, routed)          0.584     3.213    design_1_i/ps8_0_axi_periph/m00_couplers/auto_ds/inst/gen_downsizer.gen_simple_downsizer.axi_downsizer_inst/USE_WRITE.write_addr_inst/cmd_queue/inst/fifo_gen_inst/inst_fifo_gen/gconvfifo.rf/grf.rf/gntv_or_sync_fifo.gl0.wr/wpntr/AR[0]
    SLICE_X11Y76         FDCE                                         f  design_1_i/ps8_0_axi_periph/m00_couplers/auto_ds/inst/gen_downsizer.gen_simple_downsizer.axi_downsizer_inst/USE_WRITE.write_addr_inst/cmd_queue/inst/fifo_gen_inst/inst_fifo_gen/gconvfifo.rf/grf.rf/gntv_or_sync_fifo.gl0.wr/wpntr/gcc0.gc0.count_d1_reg[4]/CLR
  -------------------------------------------------------------------    -------------------

                         (clock clk_pl_0 rise edge)
                                                     10.000    10.000 r  
    PS8_X0Y0             PS8                          0.000    10.000 r  design_1_i/zynq_ultra_ps_e_0/inst/PS8_i/PLCLK[0]
                         net (fo=1, routed)           0.140    10.140    design_1_i/zynq_ultra_ps_e_0/inst/pl_clk_unbuffered[0]
    BUFG_PS_X0Y67        BUFG_PS (Prop_BUFG_PS_I_O)
                                                      0.027    10.167 r  design_1_i/zynq_ultra_ps_e_0/inst/buffer_pl_clk_0.PL_CLK_0_BUFG/O
    X0Y1 (CLOCK_ROOT)    net (fo=2735, routed)        1.718    11.885    design_1_i/ps8_0_axi_periph/m00_couplers/auto_ds/inst/gen_downsizer.gen_simple_downsizer.axi_downsizer_inst/USE_WRITE.write_addr_inst/cmd_queue/inst/fifo_gen_inst/inst_fifo_gen/gconvfifo.rf/grf.rf/gntv_or_sync_fifo.gl0.wr/wpntr/clk
    SLICE_X11Y76         FDCE                                         r  design_1_i/ps8_0_axi_periph/m00_couplers/auto_ds/inst/gen_downsizer.gen_simple_downsizer.axi_downsizer_inst/USE_WRITE.write_addr_inst/cmd_queue/inst/fifo_gen_inst/inst_fifo_gen/gconvfifo.rf/grf.rf/gntv_or_sync_fifo.gl0.wr/wpntr/gcc0.gc0.count_d1_reg[4]/C
                         clock pessimism              0.172    12.057    
                         clock uncertainty           -0.176    11.882    
    SLICE_X11Y76         FDCE (Recov_AFF2_SLICEL_C_CLR)
                                                     -0.072    11.810    design_1_i/ps8_0_axi_periph/m00_couplers/auto_ds/inst/gen_downsizer.gen_simple_downsizer.axi_downsizer_inst/USE_WRITE.write_addr_inst/cmd_queue/inst/fifo_gen_inst/inst_fifo_gen/gconvfifo.rf/grf.rf/gntv_or_sync_fifo.gl0.wr/wpntr/gcc0.gc0.count_d1_reg[4]
  -------------------------------------------------------------------
                         required time                         11.810    
                         arrival time                          -3.213    
  -------------------------------------------------------------------
                         slack                                  8.597    

Slack (MET) :             8.597ns  (required time - arrival time)
  Source:                 design_1_i/ps8_0_axi_periph/m00_couplers/auto_ds/inst/gen_downsizer.gen_simple_downsizer.axi_downsizer_inst/USE_WRITE.write_addr_inst/cmd_queue/inst/fifo_gen_inst/inst_fifo_gen/gconvfifo.rf/grf.rf/rstblk/ngwrdrst.grst.g7serrst.gnsckt_wrst.rst_wr_reg2_inst/arststages_ff_reg[1]/C
                            (rising edge-triggered cell FDPE clocked by clk_pl_0  {rise@0.000ns fall@5.000ns period=10.000ns})
  Destination:            design_1_i/ps8_0_axi_periph/m00_couplers/auto_ds/inst/gen_downsizer.gen_simple_downsizer.axi_downsizer_inst/USE_WRITE.write_addr_inst/cmd_queue/inst/fifo_gen_inst/inst_fifo_gen/gconvfifo.rf/grf.rf/gntv_or_sync_fifo.gl0.wr/wpntr/gcc0.gc0.count_reg[3]/CLR
                            (recovery check against rising-edge clock clk_pl_0  {rise@0.000ns fall@5.000ns period=10.000ns})
  Path Group:             **async_default**
  Path Type:              Recovery (Max at Slow Process Corner)
  Requirement:            10.000ns  (clk_pl_0 rise@10.000ns - clk_pl_0 rise@0.000ns)
  Data Path Delay:        1.042ns  (logic 0.275ns (26.392%)  route 0.767ns (73.608%))
  Logic Levels:           1  (LUT3=1)
  Clock Path Skew:        -0.114ns (DCD - SCD + CPR)
    Destination Clock Delay (DCD):    1.885ns = ( 11.885 - 10.000 ) 
    Source Clock Delay      (SCD):    2.171ns
    Clock Pessimism Removal (CPR):    0.172ns
  Clock Uncertainty:      0.176ns  ((TSJ^2 + DJ^2)^1/2) / 2 + PE
    Total System Jitter     (TSJ):    0.071ns
    Discrete Jitter          (DJ):    0.344ns
    Phase Error              (PE):    0.000ns
  Clock Net Delay (Source):      1.964ns (routing 0.814ns, distribution 1.150ns)
  Clock Net Delay (Destination): 1.718ns (routing 0.736ns, distribution 0.982ns)

    Location             Delay type                Incr(ns)  Path(ns)    Netlist Resource(s)
  -------------------------------------------------------------------    -------------------
                         (clock clk_pl_0 rise edge)
                                                      0.000     0.000 r  
    PS8_X0Y0             PS8                          0.000     0.000 r  design_1_i/zynq_ultra_ps_e_0/inst/PS8_i/PLCLK[0]
                         net (fo=1, routed)           0.178     0.178    design_1_i/zynq_ultra_ps_e_0/inst/pl_clk_unbuffered[0]
    BUFG_PS_X0Y67        BUFG_PS (Prop_BUFG_PS_I_O)
                                                      0.029     0.207 r  design_1_i/zynq_ultra_ps_e_0/inst/buffer_pl_clk_0.PL_CLK_0_BUFG/O
    X0Y1 (CLOCK_ROOT)    net (fo=2735, routed)        1.964     2.171    design_1_i/ps8_0_axi_periph/m00_couplers/auto_ds/inst/gen_downsizer.gen_simple_downsizer.axi_downsizer_inst/USE_WRITE.write_addr_inst/cmd_queue/inst/fifo_gen_inst/inst_fifo_gen/gconvfifo.rf/grf.rf/rstblk/ngwrdrst.grst.g7serrst.gnsckt_wrst.rst_wr_reg2_inst/dest_clk
    SLICE_X10Y77         FDPE                                         r  design_1_i/ps8_0_axi_periph/m00_couplers/auto_ds/inst/gen_downsizer.gen_simple_downsizer.axi_downsizer_inst/USE_WRITE.write_addr_inst/cmd_queue/inst/fifo_gen_inst/inst_fifo_gen/gconvfifo.rf/grf.rf/rstblk/ngwrdrst.grst.g7serrst.gnsckt_wrst.rst_wr_reg2_inst/arststages_ff_reg[1]/C
  -------------------------------------------------------------------    -------------------
    SLICE_X10Y77         FDPE (Prop_EFF2_SLICEL_C_Q)
                                                      0.099     2.270 f  design_1_i/ps8_0_axi_periph/m00_couplers/auto_ds/inst/gen_downsizer.gen_simple_downsizer.axi_downsizer_inst/USE_WRITE.write_addr_inst/cmd_queue/inst/fifo_gen_inst/inst_fifo_gen/gconvfifo.rf/grf.rf/rstblk/ngwrdrst.grst.g7serrst.gnsckt_wrst.rst_wr_reg2_inst/arststages_ff_reg[1]/Q
                         net (fo=3, routed)           0.183     2.453    design_1_i/ps8_0_axi_periph/m00_couplers/auto_ds/inst/gen_downsizer.gen_simple_downsizer.axi_downsizer_inst/USE_WRITE.write_addr_inst/cmd_queue/inst/fifo_gen_inst/inst_fifo_gen/gconvfifo.rf/grf.rf/rstblk/rst_wr_reg2
    SLICE_X11Y77         LUT3 (Prop_E6LUT_SLICEL_I2_O)
                                                      0.176     2.629 f  design_1_i/ps8_0_axi_periph/m00_couplers/auto_ds/inst/gen_downsizer.gen_simple_downsizer.axi_downsizer_inst/USE_WRITE.write_addr_inst/cmd_queue/inst/fifo_gen_inst/inst_fifo_gen/gconvfifo.rf/grf.rf/rstblk/gpregsm1.curr_fwft_state[1]_i_2/O
                         net (fo=32, routed)          0.584     3.213    design_1_i/ps8_0_axi_periph/m00_couplers/auto_ds/inst/gen_downsizer.gen_simple_downsizer.axi_downsizer_inst/USE_WRITE.write_addr_inst/cmd_queue/inst/fifo_gen_inst/inst_fifo_gen/gconvfifo.rf/grf.rf/gntv_or_sync_fifo.gl0.wr/wpntr/AR[0]
    SLICE_X11Y76         FDCE                                         f  design_1_i/ps8_0_axi_periph/m00_couplers/auto_ds/inst/gen_downsizer.gen_simple_downsizer.axi_downsizer_inst/USE_WRITE.write_addr_inst/cmd_queue/inst/fifo_gen_inst/inst_fifo_gen/gconvfifo.rf/grf.rf/gntv_or_sync_fifo.gl0.wr/wpntr/gcc0.gc0.count_reg[3]/CLR
  -------------------------------------------------------------------    -------------------

                         (clock clk_pl_0 rise edge)
                                                     10.000    10.000 r  
    PS8_X0Y0             PS8                          0.000    10.000 r  design_1_i/zynq_ultra_ps_e_0/inst/PS8_i/PLCLK[0]
                         net (fo=1, routed)           0.140    10.140    design_1_i/zynq_ultra_ps_e_0/inst/pl_clk_unbuffered[0]
    BUFG_PS_X0Y67        BUFG_PS (Prop_BUFG_PS_I_O)
                                                      0.027    10.167 r  design_1_i/zynq_ultra_ps_e_0/inst/buffer_pl_clk_0.PL_CLK_0_BUFG/O
    X0Y1 (CLOCK_ROOT)    net (fo=2735, routed)        1.718    11.885    design_1_i/ps8_0_axi_periph/m00_couplers/auto_ds/inst/gen_downsizer.gen_simple_downsizer.axi_downsizer_inst/USE_WRITE.write_addr_inst/cmd_queue/inst/fifo_gen_inst/inst_fifo_gen/gconvfifo.rf/grf.rf/gntv_or_sync_fifo.gl0.wr/wpntr/clk
    SLICE_X11Y76         FDCE                                         r  design_1_i/ps8_0_axi_periph/m00_couplers/auto_ds/inst/gen_downsizer.gen_simple_downsizer.axi_downsizer_inst/USE_WRITE.write_addr_inst/cmd_queue/inst/fifo_gen_inst/inst_fifo_gen/gconvfifo.rf/grf.rf/gntv_or_sync_fifo.gl0.wr/wpntr/gcc0.gc0.count_reg[3]/C
                         clock pessimism              0.172    12.057    
                         clock uncertainty           -0.176    11.882    
    SLICE_X11Y76         FDCE (Recov_DFF_SLICEL_C_CLR)
                                                     -0.072    11.810    design_1_i/ps8_0_axi_periph/m00_couplers/auto_ds/inst/gen_downsizer.gen_simple_downsizer.axi_downsizer_inst/USE_WRITE.write_addr_inst/cmd_queue/inst/fifo_gen_inst/inst_fifo_gen/gconvfifo.rf/grf.rf/gntv_or_sync_fifo.gl0.wr/wpntr/gcc0.gc0.count_reg[3]
  -------------------------------------------------------------------
                         required time                         11.810    
                         arrival time                          -3.213    
  -------------------------------------------------------------------
                         slack                                  8.597    

Slack (MET) :             8.597ns  (required time - arrival time)
  Source:                 design_1_i/ps8_0_axi_periph/m00_couplers/auto_ds/inst/gen_downsizer.gen_simple_downsizer.axi_downsizer_inst/USE_WRITE.write_addr_inst/cmd_queue/inst/fifo_gen_inst/inst_fifo_gen/gconvfifo.rf/grf.rf/rstblk/ngwrdrst.grst.g7serrst.gnsckt_wrst.rst_wr_reg2_inst/arststages_ff_reg[1]/C
                            (rising edge-triggered cell FDPE clocked by clk_pl_0  {rise@0.000ns fall@5.000ns period=10.000ns})
  Destination:            design_1_i/ps8_0_axi_periph/m00_couplers/auto_ds/inst/gen_downsizer.gen_simple_downsizer.axi_downsizer_inst/USE_WRITE.write_addr_inst/cmd_queue/inst/fifo_gen_inst/inst_fifo_gen/gconvfifo.rf/grf.rf/gntv_or_sync_fifo.gl0.wr/wpntr/gcc0.gc0.count_reg[4]/CLR
                            (recovery check against rising-edge clock clk_pl_0  {rise@0.000ns fall@5.000ns period=10.000ns})
  Path Group:             **async_default**
  Path Type:              Recovery (Max at Slow Process Corner)
  Requirement:            10.000ns  (clk_pl_0 rise@10.000ns - clk_pl_0 rise@0.000ns)
  Data Path Delay:        1.042ns  (logic 0.275ns (26.392%)  route 0.767ns (73.608%))
  Logic Levels:           1  (LUT3=1)
  Clock Path Skew:        -0.114ns (DCD - SCD + CPR)
    Destination Clock Delay (DCD):    1.885ns = ( 11.885 - 10.000 ) 
    Source Clock Delay      (SCD):    2.171ns
    Clock Pessimism Removal (CPR):    0.172ns
  Clock Uncertainty:      0.176ns  ((TSJ^2 + DJ^2)^1/2) / 2 + PE
    Total System Jitter     (TSJ):    0.071ns
    Discrete Jitter          (DJ):    0.344ns
    Phase Error              (PE):    0.000ns
  Clock Net Delay (Source):      1.964ns (routing 0.814ns, distribution 1.150ns)
  Clock Net Delay (Destination): 1.718ns (routing 0.736ns, distribution 0.982ns)

    Location             Delay type                Incr(ns)  Path(ns)    Netlist Resource(s)
  -------------------------------------------------------------------    -------------------
                         (clock clk_pl_0 rise edge)
                                                      0.000     0.000 r  
    PS8_X0Y0             PS8                          0.000     0.000 r  design_1_i/zynq_ultra_ps_e_0/inst/PS8_i/PLCLK[0]
                         net (fo=1, routed)           0.178     0.178    design_1_i/zynq_ultra_ps_e_0/inst/pl_clk_unbuffered[0]
    BUFG_PS_X0Y67        BUFG_PS (Prop_BUFG_PS_I_O)
                                                      0.029     0.207 r  design_1_i/zynq_ultra_ps_e_0/inst/buffer_pl_clk_0.PL_CLK_0_BUFG/O
    X0Y1 (CLOCK_ROOT)    net (fo=2735, routed)        1.964     2.171    design_1_i/ps8_0_axi_periph/m00_couplers/auto_ds/inst/gen_downsizer.gen_simple_downsizer.axi_downsizer_inst/USE_WRITE.write_addr_inst/cmd_queue/inst/fifo_gen_inst/inst_fifo_gen/gconvfifo.rf/grf.rf/rstblk/ngwrdrst.grst.g7serrst.gnsckt_wrst.rst_wr_reg2_inst/dest_clk
    SLICE_X10Y77         FDPE                                         r  design_1_i/ps8_0_axi_periph/m00_couplers/auto_ds/inst/gen_downsizer.gen_simple_downsizer.axi_downsizer_inst/USE_WRITE.write_addr_inst/cmd_queue/inst/fifo_gen_inst/inst_fifo_gen/gconvfifo.rf/grf.rf/rstblk/ngwrdrst.grst.g7serrst.gnsckt_wrst.rst_wr_reg2_inst/arststages_ff_reg[1]/C
  -------------------------------------------------------------------    -------------------
    SLICE_X10Y77         FDPE (Prop_EFF2_SLICEL_C_Q)
                                                      0.099     2.270 f  design_1_i/ps8_0_axi_periph/m00_couplers/auto_ds/inst/gen_downsizer.gen_simple_downsizer.axi_downsizer_inst/USE_WRITE.write_addr_inst/cmd_queue/inst/fifo_gen_inst/inst_fifo_gen/gconvfifo.rf/grf.rf/rstblk/ngwrdrst.grst.g7serrst.gnsckt_wrst.rst_wr_reg2_inst/arststages_ff_reg[1]/Q
                         net (fo=3, routed)           0.183     2.453    design_1_i/ps8_0_axi_periph/m00_couplers/auto_ds/inst/gen_downsizer.gen_simple_downsizer.axi_downsizer_inst/USE_WRITE.write_addr_inst/cmd_queue/inst/fifo_gen_inst/inst_fifo_gen/gconvfifo.rf/grf.rf/rstblk/rst_wr_reg2
    SLICE_X11Y77         LUT3 (Prop_E6LUT_SLICEL_I2_O)
                                                      0.176     2.629 f  design_1_i/ps8_0_axi_periph/m00_couplers/auto_ds/inst/gen_downsizer.gen_simple_downsizer.axi_downsizer_inst/USE_WRITE.write_addr_inst/cmd_queue/inst/fifo_gen_inst/inst_fifo_gen/gconvfifo.rf/grf.rf/rstblk/gpregsm1.curr_fwft_state[1]_i_2/O
                         net (fo=32, routed)          0.584     3.213    design_1_i/ps8_0_axi_periph/m00_couplers/auto_ds/inst/gen_downsizer.gen_simple_downsizer.axi_downsizer_inst/USE_WRITE.write_addr_inst/cmd_queue/inst/fifo_gen_inst/inst_fifo_gen/gconvfifo.rf/grf.rf/gntv_or_sync_fifo.gl0.wr/wpntr/AR[0]
    SLICE_X11Y76         FDCE                                         f  design_1_i/ps8_0_axi_periph/m00_couplers/auto_ds/inst/gen_downsizer.gen_simple_downsizer.axi_downsizer_inst/USE_WRITE.write_addr_inst/cmd_queue/inst/fifo_gen_inst/inst_fifo_gen/gconvfifo.rf/grf.rf/gntv_or_sync_fifo.gl0.wr/wpntr/gcc0.gc0.count_reg[4]/CLR
  -------------------------------------------------------------------    -------------------

                         (clock clk_pl_0 rise edge)
                                                     10.000    10.000 r  
    PS8_X0Y0             PS8                          0.000    10.000 r  design_1_i/zynq_ultra_ps_e_0/inst/PS8_i/PLCLK[0]
                         net (fo=1, routed)           0.140    10.140    design_1_i/zynq_ultra_ps_e_0/inst/pl_clk_unbuffered[0]
    BUFG_PS_X0Y67        BUFG_PS (Prop_BUFG_PS_I_O)
                                                      0.027    10.167 r  design_1_i/zynq_ultra_ps_e_0/inst/buffer_pl_clk_0.PL_CLK_0_BUFG/O
    X0Y1 (CLOCK_ROOT)    net (fo=2735, routed)        1.718    11.885    design_1_i/ps8_0_axi_periph/m00_couplers/auto_ds/inst/gen_downsizer.gen_simple_downsizer.axi_downsizer_inst/USE_WRITE.write_addr_inst/cmd_queue/inst/fifo_gen_inst/inst_fifo_gen/gconvfifo.rf/grf.rf/gntv_or_sync_fifo.gl0.wr/wpntr/clk
    SLICE_X11Y76         FDCE                                         r  design_1_i/ps8_0_axi_periph/m00_couplers/auto_ds/inst/gen_downsizer.gen_simple_downsizer.axi_downsizer_inst/USE_WRITE.write_addr_inst/cmd_queue/inst/fifo_gen_inst/inst_fifo_gen/gconvfifo.rf/grf.rf/gntv_or_sync_fifo.gl0.wr/wpntr/gcc0.gc0.count_reg[4]/C
                         clock pessimism              0.172    12.057    
                         clock uncertainty           -0.176    11.882    
    SLICE_X11Y76         FDCE (Recov_DFF2_SLICEL_C_CLR)
                                                     -0.072    11.810    design_1_i/ps8_0_axi_periph/m00_couplers/auto_ds/inst/gen_downsizer.gen_simple_downsizer.axi_downsizer_inst/USE_WRITE.write_addr_inst/cmd_queue/inst/fifo_gen_inst/inst_fifo_gen/gconvfifo.rf/grf.rf/gntv_or_sync_fifo.gl0.wr/wpntr/gcc0.gc0.count_reg[4]
  -------------------------------------------------------------------
                         required time                         11.810    
                         arrival time                          -3.213    
  -------------------------------------------------------------------
                         slack                                  8.597    

Slack (MET) :             8.601ns  (required time - arrival time)
  Source:                 design_1_i/ps8_0_axi_periph/m00_couplers/auto_ds/inst/gen_downsizer.gen_simple_downsizer.axi_downsizer_inst/USE_WRITE.write_addr_inst/cmd_queue/inst/fifo_gen_inst/inst_fifo_gen/gconvfifo.rf/grf.rf/rstblk/ngwrdrst.grst.g7serrst.gnsckt_wrst.rst_wr_reg2_inst/arststages_ff_reg[1]/C
                            (rising edge-triggered cell FDPE clocked by clk_pl_0  {rise@0.000ns fall@5.000ns period=10.000ns})
  Destination:            design_1_i/ps8_0_axi_periph/m00_couplers/auto_ds/inst/gen_downsizer.gen_simple_downsizer.axi_downsizer_inst/USE_WRITE.write_addr_inst/cmd_queue/inst/fifo_gen_inst/inst_fifo_gen/gconvfifo.rf/grf.rf/gntv_or_sync_fifo.gl0.rd/gr1.gr1_int.rfwft/empty_fwft_fb_i_reg/PRE
                            (recovery check against rising-edge clock clk_pl_0  {rise@0.000ns fall@5.000ns period=10.000ns})
  Path Group:             **async_default**
  Path Type:              Recovery (Max at Slow Process Corner)
  Requirement:            10.000ns  (clk_pl_0 rise@10.000ns - clk_pl_0 rise@0.000ns)
  Data Path Delay:        1.042ns  (logic 0.275ns (26.392%)  route 0.767ns (73.608%))
  Logic Levels:           1  (LUT3=1)
  Clock Path Skew:        -0.110ns (DCD - SCD + CPR)
    Destination Clock Delay (DCD):    1.889ns = ( 11.889 - 10.000 ) 
    Source Clock Delay      (SCD):    2.171ns
    Clock Pessimism Removal (CPR):    0.172ns
  Clock Uncertainty:      0.176ns  ((TSJ^2 + DJ^2)^1/2) / 2 + PE
    Total System Jitter     (TSJ):    0.071ns
    Discrete Jitter          (DJ):    0.344ns
    Phase Error              (PE):    0.000ns
  Clock Net Delay (Source):      1.964ns (routing 0.814ns, distribution 1.150ns)
  Clock Net Delay (Destination): 1.722ns (routing 0.736ns, distribution 0.986ns)

    Location             Delay type                Incr(ns)  Path(ns)    Netlist Resource(s)
  -------------------------------------------------------------------    -------------------
                         (clock clk_pl_0 rise edge)
                                                      0.000     0.000 r  
    PS8_X0Y0             PS8                          0.000     0.000 r  design_1_i/zynq_ultra_ps_e_0/inst/PS8_i/PLCLK[0]
                         net (fo=1, routed)           0.178     0.178    design_1_i/zynq_ultra_ps_e_0/inst/pl_clk_unbuffered[0]
    BUFG_PS_X0Y67        BUFG_PS (Prop_BUFG_PS_I_O)
                                                      0.029     0.207 r  design_1_i/zynq_ultra_ps_e_0/inst/buffer_pl_clk_0.PL_CLK_0_BUFG/O
    X0Y1 (CLOCK_ROOT)    net (fo=2735, routed)        1.964     2.171    design_1_i/ps8_0_axi_periph/m00_couplers/auto_ds/inst/gen_downsizer.gen_simple_downsizer.axi_downsizer_inst/USE_WRITE.write_addr_inst/cmd_queue/inst/fifo_gen_inst/inst_fifo_gen/gconvfifo.rf/grf.rf/rstblk/ngwrdrst.grst.g7serrst.gnsckt_wrst.rst_wr_reg2_inst/dest_clk
    SLICE_X10Y77         FDPE                                         r  design_1_i/ps8_0_axi_periph/m00_couplers/auto_ds/inst/gen_downsizer.gen_simple_downsizer.axi_downsizer_inst/USE_WRITE.write_addr_inst/cmd_queue/inst/fifo_gen_inst/inst_fifo_gen/gconvfifo.rf/grf.rf/rstblk/ngwrdrst.grst.g7serrst.gnsckt_wrst.rst_wr_reg2_inst/arststages_ff_reg[1]/C
  -------------------------------------------------------------------    -------------------
    SLICE_X10Y77         FDPE (Prop_EFF2_SLICEL_C_Q)
                                                      0.099     2.270 f  design_1_i/ps8_0_axi_periph/m00_couplers/auto_ds/inst/gen_downsizer.gen_simple_downsizer.axi_downsizer_inst/USE_WRITE.write_addr_inst/cmd_queue/inst/fifo_gen_inst/inst_fifo_gen/gconvfifo.rf/grf.rf/rstblk/ngwrdrst.grst.g7serrst.gnsckt_wrst.rst_wr_reg2_inst/arststages_ff_reg[1]/Q
                         net (fo=3, routed)           0.183     2.453    design_1_i/ps8_0_axi_periph/m00_couplers/auto_ds/inst/gen_downsizer.gen_simple_downsizer.axi_downsizer_inst/USE_WRITE.write_addr_inst/cmd_queue/inst/fifo_gen_inst/inst_fifo_gen/gconvfifo.rf/grf.rf/rstblk/rst_wr_reg2
    SLICE_X11Y77         LUT3 (Prop_E6LUT_SLICEL_I2_O)
                                                      0.176     2.629 f  design_1_i/ps8_0_axi_periph/m00_couplers/auto_ds/inst/gen_downsizer.gen_simple_downsizer.axi_downsizer_inst/USE_WRITE.write_addr_inst/cmd_queue/inst/fifo_gen_inst/inst_fifo_gen/gconvfifo.rf/grf.rf/rstblk/gpregsm1.curr_fwft_state[1]_i_2/O
                         net (fo=32, routed)          0.584     3.213    design_1_i/ps8_0_axi_periph/m00_couplers/auto_ds/inst/gen_downsizer.gen_simple_downsizer.axi_downsizer_inst/USE_WRITE.write_addr_inst/cmd_queue/inst/fifo_gen_inst/inst_fifo_gen/gconvfifo.rf/grf.rf/gntv_or_sync_fifo.gl0.rd/gr1.gr1_int.rfwft/gpregsm1.user_valid_reg_0
    SLICE_X12Y76         FDPE                                         f  design_1_i/ps8_0_axi_periph/m00_couplers/auto_ds/inst/gen_downsizer.gen_simple_downsizer.axi_downsizer_inst/USE_WRITE.write_addr_inst/cmd_queue/inst/fifo_gen_inst/inst_fifo_gen/gconvfifo.rf/grf.rf/gntv_or_sync_fifo.gl0.rd/gr1.gr1_int.rfwft/empty_fwft_fb_i_reg/PRE
  -------------------------------------------------------------------    -------------------

                         (clock clk_pl_0 rise edge)
                                                     10.000    10.000 r  
    PS8_X0Y0             PS8                          0.000    10.000 r  design_1_i/zynq_ultra_ps_e_0/inst/PS8_i/PLCLK[0]
                         net (fo=1, routed)           0.140    10.140    design_1_i/zynq_ultra_ps_e_0/inst/pl_clk_unbuffered[0]
    BUFG_PS_X0Y67        BUFG_PS (Prop_BUFG_PS_I_O)
                                                      0.027    10.167 r  design_1_i/zynq_ultra_ps_e_0/inst/buffer_pl_clk_0.PL_CLK_0_BUFG/O
    X0Y1 (CLOCK_ROOT)    net (fo=2735, routed)        1.722    11.889    design_1_i/ps8_0_axi_periph/m00_couplers/auto_ds/inst/gen_downsizer.gen_simple_downsizer.axi_downsizer_inst/USE_WRITE.write_addr_inst/cmd_queue/inst/fifo_gen_inst/inst_fifo_gen/gconvfifo.rf/grf.rf/gntv_or_sync_fifo.gl0.rd/gr1.gr1_int.rfwft/clk
    SLICE_X12Y76         FDPE                                         r  design_1_i/ps8_0_axi_periph/m00_couplers/auto_ds/inst/gen_downsizer.gen_simple_downsizer.axi_downsizer_inst/USE_WRITE.write_addr_inst/cmd_queue/inst/fifo_gen_inst/inst_fifo_gen/gconvfifo.rf/grf.rf/gntv_or_sync_fifo.gl0.rd/gr1.gr1_int.rfwft/empty_fwft_fb_i_reg/C
                         clock pessimism              0.172    12.061    
                         clock uncertainty           -0.176    11.886    
    SLICE_X12Y76         FDPE (Recov_HFF2_SLICEL_C_PRE)
                                                     -0.072    11.814    design_1_i/ps8_0_axi_periph/m00_couplers/auto_ds/inst/gen_downsizer.gen_simple_downsizer.axi_downsizer_inst/USE_WRITE.write_addr_inst/cmd_queue/inst/fifo_gen_inst/inst_fifo_gen/gconvfifo.rf/grf.rf/gntv_or_sync_fifo.gl0.rd/gr1.gr1_int.rfwft/empty_fwft_fb_i_reg
  -------------------------------------------------------------------
                         required time                         11.814    
                         arrival time                          -3.213    
  -------------------------------------------------------------------
                         slack                                  8.601    

Slack (MET) :             8.601ns  (required time - arrival time)
  Source:                 design_1_i/ps8_0_axi_periph/m00_couplers/auto_ds/inst/gen_downsizer.gen_simple_downsizer.axi_downsizer_inst/USE_WRITE.write_addr_inst/cmd_queue/inst/fifo_gen_inst/inst_fifo_gen/gconvfifo.rf/grf.rf/rstblk/ngwrdrst.grst.g7serrst.gnsckt_wrst.rst_wr_reg2_inst/arststages_ff_reg[1]/C
                            (rising edge-triggered cell FDPE clocked by clk_pl_0  {rise@0.000ns fall@5.000ns period=10.000ns})
  Destination:            design_1_i/ps8_0_axi_periph/m00_couplers/auto_ds/inst/gen_downsizer.gen_simple_downsizer.axi_downsizer_inst/USE_WRITE.write_addr_inst/cmd_queue/inst/fifo_gen_inst/inst_fifo_gen/gconvfifo.rf/grf.rf/gntv_or_sync_fifo.gl0.rd/gr1.gr1_int.rfwft/empty_fwft_i_reg/PRE
                            (recovery check against rising-edge clock clk_pl_0  {rise@0.000ns fall@5.000ns period=10.000ns})
  Path Group:             **async_default**
  Path Type:              Recovery (Max at Slow Process Corner)
  Requirement:            10.000ns  (clk_pl_0 rise@10.000ns - clk_pl_0 rise@0.000ns)
  Data Path Delay:        1.042ns  (logic 0.275ns (26.392%)  route 0.767ns (73.608%))
  Logic Levels:           1  (LUT3=1)
  Clock Path Skew:        -0.110ns (DCD - SCD + CPR)
    Destination Clock Delay (DCD):    1.889ns = ( 11.889 - 10.000 ) 
    Source Clock Delay      (SCD):    2.171ns
    Clock Pessimism Removal (CPR):    0.172ns
  Clock Uncertainty:      0.176ns  ((TSJ^2 + DJ^2)^1/2) / 2 + PE
    Total System Jitter     (TSJ):    0.071ns
    Discrete Jitter          (DJ):    0.344ns
    Phase Error              (PE):    0.000ns
  Clock Net Delay (Source):      1.964ns (routing 0.814ns, distribution 1.150ns)
  Clock Net Delay (Destination): 1.722ns (routing 0.736ns, distribution 0.986ns)

    Location             Delay type                Incr(ns)  Path(ns)    Netlist Resource(s)
  -------------------------------------------------------------------    -------------------
                         (clock clk_pl_0 rise edge)
                                                      0.000     0.000 r  
    PS8_X0Y0             PS8                          0.000     0.000 r  design_1_i/zynq_ultra_ps_e_0/inst/PS8_i/PLCLK[0]
                         net (fo=1, routed)           0.178     0.178    design_1_i/zynq_ultra_ps_e_0/inst/pl_clk_unbuffered[0]
    BUFG_PS_X0Y67        BUFG_PS (Prop_BUFG_PS_I_O)
                                                      0.029     0.207 r  design_1_i/zynq_ultra_ps_e_0/inst/buffer_pl_clk_0.PL_CLK_0_BUFG/O
    X0Y1 (CLOCK_ROOT)    net (fo=2735, routed)        1.964     2.171    design_1_i/ps8_0_axi_periph/m00_couplers/auto_ds/inst/gen_downsizer.gen_simple_downsizer.axi_downsizer_inst/USE_WRITE.write_addr_inst/cmd_queue/inst/fifo_gen_inst/inst_fifo_gen/gconvfifo.rf/grf.rf/rstblk/ngwrdrst.grst.g7serrst.gnsckt_wrst.rst_wr_reg2_inst/dest_clk
    SLICE_X10Y77         FDPE                                         r  design_1_i/ps8_0_axi_periph/m00_couplers/auto_ds/inst/gen_downsizer.gen_simple_downsizer.axi_downsizer_inst/USE_WRITE.write_addr_inst/cmd_queue/inst/fifo_gen_inst/inst_fifo_gen/gconvfifo.rf/grf.rf/rstblk/ngwrdrst.grst.g7serrst.gnsckt_wrst.rst_wr_reg2_inst/arststages_ff_reg[1]/C
  -------------------------------------------------------------------    -------------------
    SLICE_X10Y77         FDPE (Prop_EFF2_SLICEL_C_Q)
                                                      0.099     2.270 f  design_1_i/ps8_0_axi_periph/m00_couplers/auto_ds/inst/gen_downsizer.gen_simple_downsizer.axi_downsizer_inst/USE_WRITE.write_addr_inst/cmd_queue/inst/fifo_gen_inst/inst_fifo_gen/gconvfifo.rf/grf.rf/rstblk/ngwrdrst.grst.g7serrst.gnsckt_wrst.rst_wr_reg2_inst/arststages_ff_reg[1]/Q
                         net (fo=3, routed)           0.183     2.453    design_1_i/ps8_0_axi_periph/m00_couplers/auto_ds/inst/gen_downsizer.gen_simple_downsizer.axi_downsizer_inst/USE_WRITE.write_addr_inst/cmd_queue/inst/fifo_gen_inst/inst_fifo_gen/gconvfifo.rf/grf.rf/rstblk/rst_wr_reg2
    SLICE_X11Y77         LUT3 (Prop_E6LUT_SLICEL_I2_O)
                                                      0.176     2.629 f  design_1_i/ps8_0_axi_periph/m00_couplers/auto_ds/inst/gen_downsizer.gen_simple_downsizer.axi_downsizer_inst/USE_WRITE.write_addr_inst/cmd_queue/inst/fifo_gen_inst/inst_fifo_gen/gconvfifo.rf/grf.rf/rstblk/gpregsm1.curr_fwft_state[1]_i_2/O
                         net (fo=32, routed)          0.584     3.213    design_1_i/ps8_0_axi_periph/m00_couplers/auto_ds/inst/gen_downsizer.gen_simple_downsizer.axi_downsizer_inst/USE_WRITE.write_addr_inst/cmd_queue/inst/fifo_gen_inst/inst_fifo_gen/gconvfifo.rf/grf.rf/gntv_or_sync_fifo.gl0.rd/gr1.gr1_int.rfwft/gpregsm1.user_valid_reg_0
    SLICE_X12Y76         FDPE                                         f  design_1_i/ps8_0_axi_periph/m00_couplers/auto_ds/inst/gen_downsizer.gen_simple_downsizer.axi_downsizer_inst/USE_WRITE.write_addr_inst/cmd_queue/inst/fifo_gen_inst/inst_fifo_gen/gconvfifo.rf/grf.rf/gntv_or_sync_fifo.gl0.rd/gr1.gr1_int.rfwft/empty_fwft_i_reg/PRE
  -------------------------------------------------------------------    -------------------

                         (clock clk_pl_0 rise edge)
                                                     10.000    10.000 r  
    PS8_X0Y0             PS8                          0.000    10.000 r  design_1_i/zynq_ultra_ps_e_0/inst/PS8_i/PLCLK[0]
                         net (fo=1, routed)           0.140    10.140    design_1_i/zynq_ultra_ps_e_0/inst/pl_clk_unbuffered[0]
    BUFG_PS_X0Y67        BUFG_PS (Prop_BUFG_PS_I_O)
                                                      0.027    10.167 r  design_1_i/zynq_ultra_ps_e_0/inst/buffer_pl_clk_0.PL_CLK_0_BUFG/O
    X0Y1 (CLOCK_ROOT)    net (fo=2735, routed)        1.722    11.889    design_1_i/ps8_0_axi_periph/m00_couplers/auto_ds/inst/gen_downsizer.gen_simple_downsizer.axi_downsizer_inst/USE_WRITE.write_addr_inst/cmd_queue/inst/fifo_gen_inst/inst_fifo_gen/gconvfifo.rf/grf.rf/gntv_or_sync_fifo.gl0.rd/gr1.gr1_int.rfwft/clk
    SLICE_X12Y76         FDPE                                         r  design_1_i/ps8_0_axi_periph/m00_couplers/auto_ds/inst/gen_downsizer.gen_simple_downsizer.axi_downsizer_inst/USE_WRITE.write_addr_inst/cmd_queue/inst/fifo_gen_inst/inst_fifo_gen/gconvfifo.rf/grf.rf/gntv_or_sync_fifo.gl0.rd/gr1.gr1_int.rfwft/empty_fwft_i_reg/C
                         clock pessimism              0.172    12.061    
                         clock uncertainty           -0.176    11.886    
    SLICE_X12Y76         FDPE (Recov_GFF2_SLICEL_C_PRE)
                                                     -0.072    11.814    design_1_i/ps8_0_axi_periph/m00_couplers/auto_ds/inst/gen_downsizer.gen_simple_downsizer.axi_downsizer_inst/USE_WRITE.write_addr_inst/cmd_queue/inst/fifo_gen_inst/inst_fifo_gen/gconvfifo.rf/grf.rf/gntv_or_sync_fifo.gl0.rd/gr1.gr1_int.rfwft/empty_fwft_i_reg
  -------------------------------------------------------------------
                         required time                         11.814    
                         arrival time                          -3.213    
  -------------------------------------------------------------------
                         slack                                  8.601    

Slack (MET) :             8.601ns  (required time - arrival time)
  Source:                 design_1_i/ps8_0_axi_periph/m00_couplers/auto_ds/inst/gen_downsizer.gen_simple_downsizer.axi_downsizer_inst/USE_WRITE.write_addr_inst/cmd_queue/inst/fifo_gen_inst/inst_fifo_gen/gconvfifo.rf/grf.rf/rstblk/ngwrdrst.grst.g7serrst.gnsckt_wrst.rst_wr_reg2_inst/arststages_ff_reg[1]/C
                            (rising edge-triggered cell FDPE clocked by clk_pl_0  {rise@0.000ns fall@5.000ns period=10.000ns})
  Destination:            design_1_i/ps8_0_axi_periph/m00_couplers/auto_ds/inst/gen_downsizer.gen_simple_downsizer.axi_downsizer_inst/USE_WRITE.write_addr_inst/cmd_queue/inst/fifo_gen_inst/inst_fifo_gen/gconvfifo.rf/grf.rf/gntv_or_sync_fifo.gl0.rd/rpntr/gc0.count_reg[0]/PRE
                            (recovery check against rising-edge clock clk_pl_0  {rise@0.000ns fall@5.000ns period=10.000ns})
  Path Group:             **async_default**
  Path Type:              Recovery (Max at Slow Process Corner)
  Requirement:            10.000ns  (clk_pl_0 rise@10.000ns - clk_pl_0 rise@0.000ns)
  Data Path Delay:        1.042ns  (logic 0.275ns (26.392%)  route 0.767ns (73.608%))
  Logic Levels:           1  (LUT3=1)
  Clock Path Skew:        -0.110ns (DCD - SCD + CPR)
    Destination Clock Delay (DCD):    1.889ns = ( 11.889 - 10.000 ) 
    Source Clock Delay      (SCD):    2.171ns
    Clock Pessimism Removal (CPR):    0.172ns
  Clock Uncertainty:      0.176ns  ((TSJ^2 + DJ^2)^1/2) / 2 + PE
    Total System Jitter     (TSJ):    0.071ns
    Discrete Jitter          (DJ):    0.344ns
    Phase Error              (PE):    0.000ns
  Clock Net Delay (Source):      1.964ns (routing 0.814ns, distribution 1.150ns)
  Clock Net Delay (Destination): 1.722ns (routing 0.736ns, distribution 0.986ns)

    Location             Delay type                Incr(ns)  Path(ns)    Netlist Resource(s)
  -------------------------------------------------------------------    -------------------
                         (clock clk_pl_0 rise edge)
                                                      0.000     0.000 r  
    PS8_X0Y0             PS8                          0.000     0.000 r  design_1_i/zynq_ultra_ps_e_0/inst/PS8_i/PLCLK[0]
                         net (fo=1, routed)           0.178     0.178    design_1_i/zynq_ultra_ps_e_0/inst/pl_clk_unbuffered[0]
    BUFG_PS_X0Y67        BUFG_PS (Prop_BUFG_PS_I_O)
                                                      0.029     0.207 r  design_1_i/zynq_ultra_ps_e_0/inst/buffer_pl_clk_0.PL_CLK_0_BUFG/O
    X0Y1 (CLOCK_ROOT)    net (fo=2735, routed)        1.964     2.171    design_1_i/ps8_0_axi_periph/m00_couplers/auto_ds/inst/gen_downsizer.gen_simple_downsizer.axi_downsizer_inst/USE_WRITE.write_addr_inst/cmd_queue/inst/fifo_gen_inst/inst_fifo_gen/gconvfifo.rf/grf.rf/rstblk/ngwrdrst.grst.g7serrst.gnsckt_wrst.rst_wr_reg2_inst/dest_clk
    SLICE_X10Y77         FDPE                                         r  design_1_i/ps8_0_axi_periph/m00_couplers/auto_ds/inst/gen_downsizer.gen_simple_downsizer.axi_downsizer_inst/USE_WRITE.write_addr_inst/cmd_queue/inst/fifo_gen_inst/inst_fifo_gen/gconvfifo.rf/grf.rf/rstblk/ngwrdrst.grst.g7serrst.gnsckt_wrst.rst_wr_reg2_inst/arststages_ff_reg[1]/C
  -------------------------------------------------------------------    -------------------
    SLICE_X10Y77         FDPE (Prop_EFF2_SLICEL_C_Q)
                                                      0.099     2.270 f  design_1_i/ps8_0_axi_periph/m00_couplers/auto_ds/inst/gen_downsizer.gen_simple_downsizer.axi_downsizer_inst/USE_WRITE.write_addr_inst/cmd_queue/inst/fifo_gen_inst/inst_fifo_gen/gconvfifo.rf/grf.rf/rstblk/ngwrdrst.grst.g7serrst.gnsckt_wrst.rst_wr_reg2_inst/arststages_ff_reg[1]/Q
                         net (fo=3, routed)           0.183     2.453    design_1_i/ps8_0_axi_periph/m00_couplers/auto_ds/inst/gen_downsizer.gen_simple_downsizer.axi_downsizer_inst/USE_WRITE.write_addr_inst/cmd_queue/inst/fifo_gen_inst/inst_fifo_gen/gconvfifo.rf/grf.rf/rstblk/rst_wr_reg2
    SLICE_X11Y77         LUT3 (Prop_E6LUT_SLICEL_I2_O)
                                                      0.176     2.629 f  design_1_i/ps8_0_axi_periph/m00_couplers/auto_ds/inst/gen_downsizer.gen_simple_downsizer.axi_downsizer_inst/USE_WRITE.write_addr_inst/cmd_queue/inst/fifo_gen_inst/inst_fifo_gen/gconvfifo.rf/grf.rf/rstblk/gpregsm1.curr_fwft_state[1]_i_2/O
                         net (fo=32, routed)          0.584     3.213    design_1_i/ps8_0_axi_periph/m00_couplers/auto_ds/inst/gen_downsizer.gen_simple_downsizer.axi_downsizer_inst/USE_WRITE.write_addr_inst/cmd_queue/inst/fifo_gen_inst/inst_fifo_gen/gconvfifo.rf/grf.rf/gntv_or_sync_fifo.gl0.rd/rpntr/gc0.count_d1_reg[4]_1
    SLICE_X12Y76         FDPE                                         f  design_1_i/ps8_0_axi_periph/m00_couplers/auto_ds/inst/gen_downsizer.gen_simple_downsizer.axi_downsizer_inst/USE_WRITE.write_addr_inst/cmd_queue/inst/fifo_gen_inst/inst_fifo_gen/gconvfifo.rf/grf.rf/gntv_or_sync_fifo.gl0.rd/rpntr/gc0.count_reg[0]/PRE
  -------------------------------------------------------------------    -------------------

                         (clock clk_pl_0 rise edge)
                                                     10.000    10.000 r  
    PS8_X0Y0             PS8                          0.000    10.000 r  design_1_i/zynq_ultra_ps_e_0/inst/PS8_i/PLCLK[0]
                         net (fo=1, routed)           0.140    10.140    design_1_i/zynq_ultra_ps_e_0/inst/pl_clk_unbuffered[0]
    BUFG_PS_X0Y67        BUFG_PS (Prop_BUFG_PS_I_O)
                                                      0.027    10.167 r  design_1_i/zynq_ultra_ps_e_0/inst/buffer_pl_clk_0.PL_CLK_0_BUFG/O
    X0Y1 (CLOCK_ROOT)    net (fo=2735, routed)        1.722    11.889    design_1_i/ps8_0_axi_periph/m00_couplers/auto_ds/inst/gen_downsizer.gen_simple_downsizer.axi_downsizer_inst/USE_WRITE.write_addr_inst/cmd_queue/inst/fifo_gen_inst/inst_fifo_gen/gconvfifo.rf/grf.rf/gntv_or_sync_fifo.gl0.rd/rpntr/clk
    SLICE_X12Y76         FDPE                                         r  design_1_i/ps8_0_axi_periph/m00_couplers/auto_ds/inst/gen_downsizer.gen_simple_downsizer.axi_downsizer_inst/USE_WRITE.write_addr_inst/cmd_queue/inst/fifo_gen_inst/inst_fifo_gen/gconvfifo.rf/grf.rf/gntv_or_sync_fifo.gl0.rd/rpntr/gc0.count_reg[0]/C
                         clock pessimism              0.172    12.061    
                         clock uncertainty           -0.176    11.886    
    SLICE_X12Y76         FDPE (Recov_HFF_SLICEL_C_PRE)
                                                     -0.072    11.814    design_1_i/ps8_0_axi_periph/m00_couplers/auto_ds/inst/gen_downsizer.gen_simple_downsizer.axi_downsizer_inst/USE_WRITE.write_addr_inst/cmd_queue/inst/fifo_gen_inst/inst_fifo_gen/gconvfifo.rf/grf.rf/gntv_or_sync_fifo.gl0.rd/rpntr/gc0.count_reg[0]
  -------------------------------------------------------------------
                         required time                         11.814    
                         arrival time                          -3.213    
  -------------------------------------------------------------------
                         slack                                  8.601    

Slack (MET) :             8.709ns  (required time - arrival time)
  Source:                 design_1_i/ps8_0_axi_periph/m00_couplers/auto_ds/inst/gen_downsizer.gen_simple_downsizer.axi_downsizer_inst/USE_WRITE.write_addr_inst/USE_B_CHANNEL.cmd_b_queue/inst/fifo_gen_inst/inst_fifo_gen/gconvfifo.rf/grf.rf/rstblk/ngwrdrst.grst.g7serrst.gnsckt_wrst.gcc_rst.sckt_wr_rst_cc_reg[1]/C
                            (rising edge-triggered cell FDRE clocked by clk_pl_0  {rise@0.000ns fall@5.000ns period=10.000ns})
  Destination:            design_1_i/ps8_0_axi_periph/m00_couplers/auto_ds/inst/gen_downsizer.gen_simple_downsizer.axi_downsizer_inst/USE_WRITE.write_addr_inst/USE_B_CHANNEL.cmd_b_queue/inst/fifo_gen_inst/inst_fifo_gen/gconvfifo.rf/grf.rf/gntv_or_sync_fifo.gl0.rd/rpntr/gc0.count_d1_reg[0]/CLR
                            (recovery check against rising-edge clock clk_pl_0  {rise@0.000ns fall@5.000ns period=10.000ns})
  Path Group:             **async_default**
  Path Type:              Recovery (Max at Slow Process Corner)
  Requirement:            10.000ns  (clk_pl_0 rise@10.000ns - clk_pl_0 rise@0.000ns)
  Data Path Delay:        0.998ns  (logic 0.274ns (27.455%)  route 0.724ns (72.545%))
  Logic Levels:           1  (LUT3=1)
  Clock Path Skew:        -0.045ns (DCD - SCD + CPR)
    Destination Clock Delay (DCD):    1.895ns = ( 11.895 - 10.000 ) 
    Source Clock Delay      (SCD):    2.176ns
    Clock Pessimism Removal (CPR):    0.236ns
  Clock Uncertainty:      0.176ns  ((TSJ^2 + DJ^2)^1/2) / 2 + PE
    Total System Jitter     (TSJ):    0.071ns
    Discrete Jitter          (DJ):    0.344ns
    Phase Error              (PE):    0.000ns
  Clock Net Delay (Source):      1.969ns (routing 0.814ns, distribution 1.155ns)
  Clock Net Delay (Destination): 1.728ns (routing 0.736ns, distribution 0.992ns)

    Location             Delay type                Incr(ns)  Path(ns)    Netlist Resource(s)
  -------------------------------------------------------------------    -------------------
                         (clock clk_pl_0 rise edge)
                                                      0.000     0.000 r  
    PS8_X0Y0             PS8                          0.000     0.000 r  design_1_i/zynq_ultra_ps_e_0/inst/PS8_i/PLCLK[0]
                         net (fo=1, routed)           0.178     0.178    design_1_i/zynq_ultra_ps_e_0/inst/pl_clk_unbuffered[0]
    BUFG_PS_X0Y67        BUFG_PS (Prop_BUFG_PS_I_O)
                                                      0.029     0.207 r  design_1_i/zynq_ultra_ps_e_0/inst/buffer_pl_clk_0.PL_CLK_0_BUFG/O
    X0Y1 (CLOCK_ROOT)    net (fo=2735, routed)        1.969     2.176    design_1_i/ps8_0_axi_periph/m00_couplers/auto_ds/inst/gen_downsizer.gen_simple_downsizer.axi_downsizer_inst/USE_WRITE.write_addr_inst/USE_B_CHANNEL.cmd_b_queue/inst/fifo_gen_inst/inst_fifo_gen/gconvfifo.rf/grf.rf/rstblk/clk
    SLICE_X10Y82         FDRE                                         r  design_1_i/ps8_0_axi_periph/m00_couplers/auto_ds/inst/gen_downsizer.gen_simple_downsizer.axi_downsizer_inst/USE_WRITE.write_addr_inst/USE_B_CHANNEL.cmd_b_queue/inst/fifo_gen_inst/inst_fifo_gen/gconvfifo.rf/grf.rf/rstblk/ngwrdrst.grst.g7serrst.gnsckt_wrst.gcc_rst.sckt_wr_rst_cc_reg[1]/C
  -------------------------------------------------------------------    -------------------
    SLICE_X10Y82         FDRE (Prop_GFF_SLICEL_C_Q)
                                                      0.097     2.273 f  design_1_i/ps8_0_axi_periph/m00_couplers/auto_ds/inst/gen_downsizer.gen_simple_downsizer.axi_downsizer_inst/USE_WRITE.write_addr_inst/USE_B_CHANNEL.cmd_b_queue/inst/fifo_gen_inst/inst_fifo_gen/gconvfifo.rf/grf.rf/rstblk/ngwrdrst.grst.g7serrst.gnsckt_wrst.gcc_rst.sckt_wr_rst_cc_reg[1]/Q
                         net (fo=2, routed)           0.136     2.409    design_1_i/ps8_0_axi_periph/m00_couplers/auto_ds/inst/gen_downsizer.gen_simple_downsizer.axi_downsizer_inst/USE_WRITE.write_addr_inst/USE_B_CHANNEL.cmd_b_queue/inst/fifo_gen_inst/inst_fifo_gen/gconvfifo.rf/grf.rf/rstblk/sckt_wr_rst_cc[1]
    SLICE_X10Y82         LUT3 (Prop_F6LUT_SLICEL_I0_O)
                                                      0.177     2.586 f  design_1_i/ps8_0_axi_periph/m00_couplers/auto_ds/inst/gen_downsizer.gen_simple_downsizer.axi_downsizer_inst/USE_WRITE.write_addr_inst/USE_B_CHANNEL.cmd_b_queue/inst/fifo_gen_inst/inst_fifo_gen/gconvfifo.rf/grf.rf/rstblk/gpregsm1.curr_fwft_state[1]_i_2/O
                         net (fo=32, routed)          0.588     3.174    design_1_i/ps8_0_axi_periph/m00_couplers/auto_ds/inst/gen_downsizer.gen_simple_downsizer.axi_downsizer_inst/USE_WRITE.write_addr_inst/USE_B_CHANNEL.cmd_b_queue/inst/fifo_gen_inst/inst_fifo_gen/gconvfifo.rf/grf.rf/gntv_or_sync_fifo.gl0.rd/rpntr/gc0.count_d1_reg[4]_1
    SLICE_X10Y81         FDCE                                         f  design_1_i/ps8_0_axi_periph/m00_couplers/auto_ds/inst/gen_downsizer.gen_simple_downsizer.axi_downsizer_inst/USE_WRITE.write_addr_inst/USE_B_CHANNEL.cmd_b_queue/inst/fifo_gen_inst/inst_fifo_gen/gconvfifo.rf/grf.rf/gntv_or_sync_fifo.gl0.rd/rpntr/gc0.count_d1_reg[0]/CLR
  -------------------------------------------------------------------    -------------------

                         (clock clk_pl_0 rise edge)
                                                     10.000    10.000 r  
    PS8_X0Y0             PS8                          0.000    10.000 r  design_1_i/zynq_ultra_ps_e_0/inst/PS8_i/PLCLK[0]
                         net (fo=1, routed)           0.140    10.140    design_1_i/zynq_ultra_ps_e_0/inst/pl_clk_unbuffered[0]
    BUFG_PS_X0Y67        BUFG_PS (Prop_BUFG_PS_I_O)
                                                      0.027    10.167 r  design_1_i/zynq_ultra_ps_e_0/inst/buffer_pl_clk_0.PL_CLK_0_BUFG/O
    X0Y1 (CLOCK_ROOT)    net (fo=2735, routed)        1.728    11.895    design_1_i/ps8_0_axi_periph/m00_couplers/auto_ds/inst/gen_downsizer.gen_simple_downsizer.axi_downsizer_inst/USE_WRITE.write_addr_inst/USE_B_CHANNEL.cmd_b_queue/inst/fifo_gen_inst/inst_fifo_gen/gconvfifo.rf/grf.rf/gntv_or_sync_fifo.gl0.rd/rpntr/clk
    SLICE_X10Y81         FDCE                                         r  design_1_i/ps8_0_axi_periph/m00_couplers/auto_ds/inst/gen_downsizer.gen_simple_downsizer.axi_downsizer_inst/USE_WRITE.write_addr_inst/USE_B_CHANNEL.cmd_b_queue/inst/fifo_gen_inst/inst_fifo_gen/gconvfifo.rf/grf.rf/gntv_or_sync_fifo.gl0.rd/rpntr/gc0.count_d1_reg[0]/C
                         clock pessimism              0.236    12.131    
                         clock uncertainty           -0.176    11.955    
    SLICE_X10Y81         FDCE (Recov_EFF_SLICEL_C_CLR)
                                                     -0.072    11.883    design_1_i/ps8_0_axi_periph/m00_couplers/auto_ds/inst/gen_downsizer.gen_simple_downsizer.axi_downsizer_inst/USE_WRITE.write_addr_inst/USE_B_CHANNEL.cmd_b_queue/inst/fifo_gen_inst/inst_fifo_gen/gconvfifo.rf/grf.rf/gntv_or_sync_fifo.gl0.rd/rpntr/gc0.count_d1_reg[0]
  -------------------------------------------------------------------
                         required time                         11.883    
                         arrival time                          -3.174    
  -------------------------------------------------------------------
                         slack                                  8.709    





Min Delay Paths
--------------------------------------------------------------------------------------
Slack (MET) :             0.180ns  (arrival time - required time)
  Source:                 design_1_i/ps8_0_axi_periph/m00_couplers/auto_ds/inst/gen_downsizer.gen_simple_downsizer.axi_downsizer_inst/USE_WRITE.write_addr_inst/USE_B_CHANNEL.cmd_b_queue/inst/fifo_gen_inst/inst_fifo_gen/gconvfifo.rf/grf.rf/rstblk/ngwrdrst.grst.g7serrst.gnsckt_wrst.gcc_rst.sckt_wr_rst_cc_reg[0]/C
                            (rising edge-triggered cell FDRE clocked by clk_pl_0  {rise@0.000ns fall@5.000ns period=10.000ns})
  Destination:            design_1_i/ps8_0_axi_periph/m00_couplers/auto_ds/inst/gen_downsizer.gen_simple_downsizer.axi_downsizer_inst/USE_WRITE.write_addr_inst/USE_B_CHANNEL.cmd_b_queue/inst/fifo_gen_inst/inst_fifo_gen/gconvfifo.rf/grf.rf/gntv_or_sync_fifo.gl0.rd/gr1.gr1_int.rfwft/empty_fwft_fb_i_reg/PRE
                            (removal check against rising-edge clock clk_pl_0  {rise@0.000ns fall@5.000ns period=10.000ns})
  Path Group:             **async_default**
  Path Type:              Removal (Min at Fast Process Corner)
  Requirement:            0.000ns  (clk_pl_0 rise@0.000ns - clk_pl_0 rise@0.000ns)
  Data Path Delay:        0.177ns  (logic 0.074ns (41.808%)  route 0.103ns (58.192%))
  Logic Levels:           1  (LUT3=1)
  Clock Path Skew:        0.017ns (DCD - SCD - CPR)
    Destination Clock Delay (DCD):    1.257ns
    Source Clock Delay      (SCD):    1.099ns
    Clock Pessimism Removal (CPR):    0.141ns
  Clock Net Delay (Source):      0.988ns (routing 0.410ns, distribution 0.578ns)
  Clock Net Delay (Destination): 1.119ns (routing 0.459ns, distribution 0.660ns)

    Location             Delay type                Incr(ns)  Path(ns)    Netlist Resource(s)
  -------------------------------------------------------------------    -------------------
                         (clock clk_pl_0 rise edge)
                                                      0.000     0.000 r  
    PS8_X0Y0             PS8                          0.000     0.000 r  design_1_i/zynq_ultra_ps_e_0/inst/PS8_i/PLCLK[0]
                         net (fo=1, routed)           0.094     0.094    design_1_i/zynq_ultra_ps_e_0/inst/pl_clk_unbuffered[0]
    BUFG_PS_X0Y67        BUFG_PS (Prop_BUFG_PS_I_O)
                                                      0.017     0.111 r  design_1_i/zynq_ultra_ps_e_0/inst/buffer_pl_clk_0.PL_CLK_0_BUFG/O
    X0Y1 (CLOCK_ROOT)    net (fo=2735, routed)        0.988     1.099    design_1_i/ps8_0_axi_periph/m00_couplers/auto_ds/inst/gen_downsizer.gen_simple_downsizer.axi_downsizer_inst/USE_WRITE.write_addr_inst/USE_B_CHANNEL.cmd_b_queue/inst/fifo_gen_inst/inst_fifo_gen/gconvfifo.rf/grf.rf/rstblk/clk
    SLICE_X10Y82         FDRE                                         r  design_1_i/ps8_0_axi_periph/m00_couplers/auto_ds/inst/gen_downsizer.gen_simple_downsizer.axi_downsizer_inst/USE_WRITE.write_addr_inst/USE_B_CHANNEL.cmd_b_queue/inst/fifo_gen_inst/inst_fifo_gen/gconvfifo.rf/grf.rf/rstblk/ngwrdrst.grst.g7serrst.gnsckt_wrst.gcc_rst.sckt_wr_rst_cc_reg[0]/C
  -------------------------------------------------------------------    -------------------
    SLICE_X10Y82         FDRE (Prop_HFF_SLICEL_C_Q)
                                                      0.039     1.138 f  design_1_i/ps8_0_axi_periph/m00_couplers/auto_ds/inst/gen_downsizer.gen_simple_downsizer.axi_downsizer_inst/USE_WRITE.write_addr_inst/USE_B_CHANNEL.cmd_b_queue/inst/fifo_gen_inst/inst_fifo_gen/gconvfifo.rf/grf.rf/rstblk/ngwrdrst.grst.g7serrst.gnsckt_wrst.gcc_rst.sckt_wr_rst_cc_reg[0]/Q
                         net (fo=3, routed)           0.029     1.167    design_1_i/ps8_0_axi_periph/m00_couplers/auto_ds/inst/gen_downsizer.gen_simple_downsizer.axi_downsizer_inst/USE_WRITE.write_addr_inst/USE_B_CHANNEL.cmd_b_queue/inst/fifo_gen_inst/inst_fifo_gen/gconvfifo.rf/grf.rf/rstblk/sckt_wr_rst_cc[0]
    SLICE_X10Y82         LUT3 (Prop_F6LUT_SLICEL_I1_O)
                                                      0.035     1.202 f  design_1_i/ps8_0_axi_periph/m00_couplers/auto_ds/inst/gen_downsizer.gen_simple_downsizer.axi_downsizer_inst/USE_WRITE.write_addr_inst/USE_B_CHANNEL.cmd_b_queue/inst/fifo_gen_inst/inst_fifo_gen/gconvfifo.rf/grf.rf/rstblk/gpregsm1.curr_fwft_state[1]_i_2/O
                         net (fo=32, routed)          0.074     1.276    design_1_i/ps8_0_axi_periph/m00_couplers/auto_ds/inst/gen_downsizer.gen_simple_downsizer.axi_downsizer_inst/USE_WRITE.write_addr_inst/USE_B_CHANNEL.cmd_b_queue/inst/fifo_gen_inst/inst_fifo_gen/gconvfifo.rf/grf.rf/gntv_or_sync_fifo.gl0.rd/gr1.gr1_int.rfwft/gpregsm1.user_valid_reg_0
    SLICE_X9Y82          FDPE                                         f  design_1_i/ps8_0_axi_periph/m00_couplers/auto_ds/inst/gen_downsizer.gen_simple_downsizer.axi_downsizer_inst/USE_WRITE.write_addr_inst/USE_B_CHANNEL.cmd_b_queue/inst/fifo_gen_inst/inst_fifo_gen/gconvfifo.rf/grf.rf/gntv_or_sync_fifo.gl0.rd/gr1.gr1_int.rfwft/empty_fwft_fb_i_reg/PRE
  -------------------------------------------------------------------    -------------------

                         (clock clk_pl_0 rise edge)
                                                      0.000     0.000 r  
    PS8_X0Y0             PS8                          0.000     0.000 r  design_1_i/zynq_ultra_ps_e_0/inst/PS8_i/PLCLK[0]
                         net (fo=1, routed)           0.120     0.120    design_1_i/zynq_ultra_ps_e_0/inst/pl_clk_unbuffered[0]
    BUFG_PS_X0Y67        BUFG_PS (Prop_BUFG_PS_I_O)
                                                      0.018     0.138 r  design_1_i/zynq_ultra_ps_e_0/inst/buffer_pl_clk_0.PL_CLK_0_BUFG/O
    X0Y1 (CLOCK_ROOT)    net (fo=2735, routed)        1.119     1.257    design_1_i/ps8_0_axi_periph/m00_couplers/auto_ds/inst/gen_downsizer.gen_simple_downsizer.axi_downsizer_inst/USE_WRITE.write_addr_inst/USE_B_CHANNEL.cmd_b_queue/inst/fifo_gen_inst/inst_fifo_gen/gconvfifo.rf/grf.rf/gntv_or_sync_fifo.gl0.rd/gr1.gr1_int.rfwft/clk
    SLICE_X9Y82          FDPE                                         r  design_1_i/ps8_0_axi_periph/m00_couplers/auto_ds/inst/gen_downsizer.gen_simple_downsizer.axi_downsizer_inst/USE_WRITE.write_addr_inst/USE_B_CHANNEL.cmd_b_queue/inst/fifo_gen_inst/inst_fifo_gen/gconvfifo.rf/grf.rf/gntv_or_sync_fifo.gl0.rd/gr1.gr1_int.rfwft/empty_fwft_fb_i_reg/C
                         clock pessimism             -0.141     1.116    
    SLICE_X9Y82          FDPE (Remov_EFF_SLICEM_C_PRE)
                                                     -0.020     1.096    design_1_i/ps8_0_axi_periph/m00_couplers/auto_ds/inst/gen_downsizer.gen_simple_downsizer.axi_downsizer_inst/USE_WRITE.write_addr_inst/USE_B_CHANNEL.cmd_b_queue/inst/fifo_gen_inst/inst_fifo_gen/gconvfifo.rf/grf.rf/gntv_or_sync_fifo.gl0.rd/gr1.gr1_int.rfwft/empty_fwft_fb_i_reg
  -------------------------------------------------------------------
                         required time                         -1.096    
                         arrival time                           1.276    
  -------------------------------------------------------------------
                         slack                                  0.180    

Slack (MET) :             0.180ns  (arrival time - required time)
  Source:                 design_1_i/ps8_0_axi_periph/m00_couplers/auto_ds/inst/gen_downsizer.gen_simple_downsizer.axi_downsizer_inst/USE_WRITE.write_addr_inst/USE_B_CHANNEL.cmd_b_queue/inst/fifo_gen_inst/inst_fifo_gen/gconvfifo.rf/grf.rf/rstblk/ngwrdrst.grst.g7serrst.gnsckt_wrst.gcc_rst.sckt_wr_rst_cc_reg[0]/C
                            (rising edge-triggered cell FDRE clocked by clk_pl_0  {rise@0.000ns fall@5.000ns period=10.000ns})
  Destination:            design_1_i/ps8_0_axi_periph/m00_couplers/auto_ds/inst/gen_downsizer.gen_simple_downsizer.axi_downsizer_inst/USE_WRITE.write_addr_inst/USE_B_CHANNEL.cmd_b_queue/inst/fifo_gen_inst/inst_fifo_gen/gconvfifo.rf/grf.rf/gntv_or_sync_fifo.gl0.rd/gr1.gr1_int.rfwft/empty_fwft_i_reg/PRE
                            (removal check against rising-edge clock clk_pl_0  {rise@0.000ns fall@5.000ns period=10.000ns})
  Path Group:             **async_default**
  Path Type:              Removal (Min at Fast Process Corner)
  Requirement:            0.000ns  (clk_pl_0 rise@0.000ns - clk_pl_0 rise@0.000ns)
  Data Path Delay:        0.177ns  (logic 0.074ns (41.808%)  route 0.103ns (58.192%))
  Logic Levels:           1  (LUT3=1)
  Clock Path Skew:        0.017ns (DCD - SCD - CPR)
    Destination Clock Delay (DCD):    1.257ns
    Source Clock Delay      (SCD):    1.099ns
    Clock Pessimism Removal (CPR):    0.141ns
  Clock Net Delay (Source):      0.988ns (routing 0.410ns, distribution 0.578ns)
  Clock Net Delay (Destination): 1.119ns (routing 0.459ns, distribution 0.660ns)

    Location             Delay type                Incr(ns)  Path(ns)    Netlist Resource(s)
  -------------------------------------------------------------------    -------------------
                         (clock clk_pl_0 rise edge)
                                                      0.000     0.000 r  
    PS8_X0Y0             PS8                          0.000     0.000 r  design_1_i/zynq_ultra_ps_e_0/inst/PS8_i/PLCLK[0]
                         net (fo=1, routed)           0.094     0.094    design_1_i/zynq_ultra_ps_e_0/inst/pl_clk_unbuffered[0]
    BUFG_PS_X0Y67        BUFG_PS (Prop_BUFG_PS_I_O)
                                                      0.017     0.111 r  design_1_i/zynq_ultra_ps_e_0/inst/buffer_pl_clk_0.PL_CLK_0_BUFG/O
    X0Y1 (CLOCK_ROOT)    net (fo=2735, routed)        0.988     1.099    design_1_i/ps8_0_axi_periph/m00_couplers/auto_ds/inst/gen_downsizer.gen_simple_downsizer.axi_downsizer_inst/USE_WRITE.write_addr_inst/USE_B_CHANNEL.cmd_b_queue/inst/fifo_gen_inst/inst_fifo_gen/gconvfifo.rf/grf.rf/rstblk/clk
    SLICE_X10Y82         FDRE                                         r  design_1_i/ps8_0_axi_periph/m00_couplers/auto_ds/inst/gen_downsizer.gen_simple_downsizer.axi_downsizer_inst/USE_WRITE.write_addr_inst/USE_B_CHANNEL.cmd_b_queue/inst/fifo_gen_inst/inst_fifo_gen/gconvfifo.rf/grf.rf/rstblk/ngwrdrst.grst.g7serrst.gnsckt_wrst.gcc_rst.sckt_wr_rst_cc_reg[0]/C
  -------------------------------------------------------------------    -------------------
    SLICE_X10Y82         FDRE (Prop_HFF_SLICEL_C_Q)
                                                      0.039     1.138 f  design_1_i/ps8_0_axi_periph/m00_couplers/auto_ds/inst/gen_downsizer.gen_simple_downsizer.axi_downsizer_inst/USE_WRITE.write_addr_inst/USE_B_CHANNEL.cmd_b_queue/inst/fifo_gen_inst/inst_fifo_gen/gconvfifo.rf/grf.rf/rstblk/ngwrdrst.grst.g7serrst.gnsckt_wrst.gcc_rst.sckt_wr_rst_cc_reg[0]/Q
                         net (fo=3, routed)           0.029     1.167    design_1_i/ps8_0_axi_periph/m00_couplers/auto_ds/inst/gen_downsizer.gen_simple_downsizer.axi_downsizer_inst/USE_WRITE.write_addr_inst/USE_B_CHANNEL.cmd_b_queue/inst/fifo_gen_inst/inst_fifo_gen/gconvfifo.rf/grf.rf/rstblk/sckt_wr_rst_cc[0]
    SLICE_X10Y82         LUT3 (Prop_F6LUT_SLICEL_I1_O)
                                                      0.035     1.202 f  design_1_i/ps8_0_axi_periph/m00_couplers/auto_ds/inst/gen_downsizer.gen_simple_downsizer.axi_downsizer_inst/USE_WRITE.write_addr_inst/USE_B_CHANNEL.cmd_b_queue/inst/fifo_gen_inst/inst_fifo_gen/gconvfifo.rf/grf.rf/rstblk/gpregsm1.curr_fwft_state[1]_i_2/O
                         net (fo=32, routed)          0.074     1.276    design_1_i/ps8_0_axi_periph/m00_couplers/auto_ds/inst/gen_downsizer.gen_simple_downsizer.axi_downsizer_inst/USE_WRITE.write_addr_inst/USE_B_CHANNEL.cmd_b_queue/inst/fifo_gen_inst/inst_fifo_gen/gconvfifo.rf/grf.rf/gntv_or_sync_fifo.gl0.rd/gr1.gr1_int.rfwft/gpregsm1.user_valid_reg_0
    SLICE_X9Y82          FDPE                                         f  design_1_i/ps8_0_axi_periph/m00_couplers/auto_ds/inst/gen_downsizer.gen_simple_downsizer.axi_downsizer_inst/USE_WRITE.write_addr_inst/USE_B_CHANNEL.cmd_b_queue/inst/fifo_gen_inst/inst_fifo_gen/gconvfifo.rf/grf.rf/gntv_or_sync_fifo.gl0.rd/gr1.gr1_int.rfwft/empty_fwft_i_reg/PRE
  -------------------------------------------------------------------    -------------------

                         (clock clk_pl_0 rise edge)
                                                      0.000     0.000 r  
    PS8_X0Y0             PS8                          0.000     0.000 r  design_1_i/zynq_ultra_ps_e_0/inst/PS8_i/PLCLK[0]
                         net (fo=1, routed)           0.120     0.120    design_1_i/zynq_ultra_ps_e_0/inst/pl_clk_unbuffered[0]
    BUFG_PS_X0Y67        BUFG_PS (Prop_BUFG_PS_I_O)
                                                      0.018     0.138 r  design_1_i/zynq_ultra_ps_e_0/inst/buffer_pl_clk_0.PL_CLK_0_BUFG/O
    X0Y1 (CLOCK_ROOT)    net (fo=2735, routed)        1.119     1.257    design_1_i/ps8_0_axi_periph/m00_couplers/auto_ds/inst/gen_downsizer.gen_simple_downsizer.axi_downsizer_inst/USE_WRITE.write_addr_inst/USE_B_CHANNEL.cmd_b_queue/inst/fifo_gen_inst/inst_fifo_gen/gconvfifo.rf/grf.rf/gntv_or_sync_fifo.gl0.rd/gr1.gr1_int.rfwft/clk
    SLICE_X9Y82          FDPE                                         r  design_1_i/ps8_0_axi_periph/m00_couplers/auto_ds/inst/gen_downsizer.gen_simple_downsizer.axi_downsizer_inst/USE_WRITE.write_addr_inst/USE_B_CHANNEL.cmd_b_queue/inst/fifo_gen_inst/inst_fifo_gen/gconvfifo.rf/grf.rf/gntv_or_sync_fifo.gl0.rd/gr1.gr1_int.rfwft/empty_fwft_i_reg/C
                         clock pessimism             -0.141     1.116    
    SLICE_X9Y82          FDPE (Remov_EFF2_SLICEM_C_PRE)
                                                     -0.020     1.096    design_1_i/ps8_0_axi_periph/m00_couplers/auto_ds/inst/gen_downsizer.gen_simple_downsizer.axi_downsizer_inst/USE_WRITE.write_addr_inst/USE_B_CHANNEL.cmd_b_queue/inst/fifo_gen_inst/inst_fifo_gen/gconvfifo.rf/grf.rf/gntv_or_sync_fifo.gl0.rd/gr1.gr1_int.rfwft/empty_fwft_i_reg
  -------------------------------------------------------------------
                         required time                         -1.096    
                         arrival time                           1.276    
  -------------------------------------------------------------------
                         slack                                  0.180    

Slack (MET) :             0.189ns  (arrival time - required time)
  Source:                 design_1_i/ps8_0_axi_periph/m00_couplers/auto_ds/inst/gen_downsizer.gen_simple_downsizer.axi_downsizer_inst/USE_READ.read_addr_inst/cmd_queue/inst/fifo_gen_inst/inst_fifo_gen/gconvfifo.rf/grf.rf/rstblk/ngwrdrst.grst.g7serrst.gnsckt_wrst.gcc_rst.sckt_wr_rst_cc_reg[0]/C
                            (rising edge-triggered cell FDRE clocked by clk_pl_0  {rise@0.000ns fall@5.000ns period=10.000ns})
  Destination:            design_1_i/ps8_0_axi_periph/m00_couplers/auto_ds/inst/gen_downsizer.gen_simple_downsizer.axi_downsizer_inst/USE_READ.read_addr_inst/cmd_queue/inst/fifo_gen_inst/inst_fifo_gen/gconvfifo.rf/grf.rf/gntv_or_sync_fifo.gl0.rd/rpntr/gc0.count_d1_reg[0]/CLR
                            (removal check against rising-edge clock clk_pl_0  {rise@0.000ns fall@5.000ns period=10.000ns})
  Path Group:             **async_default**
  Path Type:              Removal (Min at Fast Process Corner)
  Requirement:            0.000ns  (clk_pl_0 rise@0.000ns - clk_pl_0 rise@0.000ns)
  Data Path Delay:        0.191ns  (logic 0.061ns (31.937%)  route 0.130ns (68.063%))
  Logic Levels:           1  (LUT3=1)
  Clock Path Skew:        0.022ns (DCD - SCD - CPR)
    Destination Clock Delay (DCD):    1.262ns
    Source Clock Delay      (SCD):    1.106ns
    Clock Pessimism Removal (CPR):    0.134ns
  Clock Net Delay (Source):      0.995ns (routing 0.410ns, distribution 0.585ns)
  Clock Net Delay (Destination): 1.124ns (routing 0.459ns, distribution 0.665ns)

    Location             Delay type                Incr(ns)  Path(ns)    Netlist Resource(s)
  -------------------------------------------------------------------    -------------------
                         (clock clk_pl_0 rise edge)
                                                      0.000     0.000 r  
    PS8_X0Y0             PS8                          0.000     0.000 r  design_1_i/zynq_ultra_ps_e_0/inst/PS8_i/PLCLK[0]
                         net (fo=1, routed)           0.094     0.094    design_1_i/zynq_ultra_ps_e_0/inst/pl_clk_unbuffered[0]
    BUFG_PS_X0Y67        BUFG_PS (Prop_BUFG_PS_I_O)
                                                      0.017     0.111 r  design_1_i/zynq_ultra_ps_e_0/inst/buffer_pl_clk_0.PL_CLK_0_BUFG/O
    X0Y1 (CLOCK_ROOT)    net (fo=2735, routed)        0.995     1.106    design_1_i/ps8_0_axi_periph/m00_couplers/auto_ds/inst/gen_downsizer.gen_simple_downsizer.axi_downsizer_inst/USE_READ.read_addr_inst/cmd_queue/inst/fifo_gen_inst/inst_fifo_gen/gconvfifo.rf/grf.rf/rstblk/clk
    SLICE_X8Y63          FDRE                                         r  design_1_i/ps8_0_axi_periph/m00_couplers/auto_ds/inst/gen_downsizer.gen_simple_downsizer.axi_downsizer_inst/USE_READ.read_addr_inst/cmd_queue/inst/fifo_gen_inst/inst_fifo_gen/gconvfifo.rf/grf.rf/rstblk/ngwrdrst.grst.g7serrst.gnsckt_wrst.gcc_rst.sckt_wr_rst_cc_reg[0]/C
  -------------------------------------------------------------------    -------------------
    SLICE_X8Y63          FDRE (Prop_EFF_SLICEL_C_Q)
                                                      0.039     1.145 f  design_1_i/ps8_0_axi_periph/m00_couplers/auto_ds/inst/gen_downsizer.gen_simple_downsizer.axi_downsizer_inst/USE_READ.read_addr_inst/cmd_queue/inst/fifo_gen_inst/inst_fifo_gen/gconvfifo.rf/grf.rf/rstblk/ngwrdrst.grst.g7serrst.gnsckt_wrst.gcc_rst.sckt_wr_rst_cc_reg[0]/Q
                         net (fo=3, routed)           0.028     1.173    design_1_i/ps8_0_axi_periph/m00_couplers/auto_ds/inst/gen_downsizer.gen_simple_downsizer.axi_downsizer_inst/USE_READ.read_addr_inst/cmd_queue/inst/fifo_gen_inst/inst_fifo_gen/gconvfifo.rf/grf.rf/rstblk/sckt_wr_rst_cc[0]
    SLICE_X8Y63          LUT3 (Prop_F6LUT_SLICEL_I1_O)
                                                      0.022     1.195 f  design_1_i/ps8_0_axi_periph/m00_couplers/auto_ds/inst/gen_downsizer.gen_simple_downsizer.axi_downsizer_inst/USE_READ.read_addr_inst/cmd_queue/inst/fifo_gen_inst/inst_fifo_gen/gconvfifo.rf/grf.rf/rstblk/gpregsm1.curr_fwft_state[1]_i_2/O
                         net (fo=32, routed)          0.102     1.297    design_1_i/ps8_0_axi_periph/m00_couplers/auto_ds/inst/gen_downsizer.gen_simple_downsizer.axi_downsizer_inst/USE_READ.read_addr_inst/cmd_queue/inst/fifo_gen_inst/inst_fifo_gen/gconvfifo.rf/grf.rf/gntv_or_sync_fifo.gl0.rd/rpntr/gc0.count_d1_reg[4]_1
    SLICE_X8Y64          FDCE                                         f  design_1_i/ps8_0_axi_periph/m00_couplers/auto_ds/inst/gen_downsizer.gen_simple_downsizer.axi_downsizer_inst/USE_READ.read_addr_inst/cmd_queue/inst/fifo_gen_inst/inst_fifo_gen/gconvfifo.rf/grf.rf/gntv_or_sync_fifo.gl0.rd/rpntr/gc0.count_d1_reg[0]/CLR
  -------------------------------------------------------------------    -------------------

                         (clock clk_pl_0 rise edge)
                                                      0.000     0.000 r  
    PS8_X0Y0             PS8                          0.000     0.000 r  design_1_i/zynq_ultra_ps_e_0/inst/PS8_i/PLCLK[0]
                         net (fo=1, routed)           0.120     0.120    design_1_i/zynq_ultra_ps_e_0/inst/pl_clk_unbuffered[0]
    BUFG_PS_X0Y67        BUFG_PS (Prop_BUFG_PS_I_O)
                                                      0.018     0.138 r  design_1_i/zynq_ultra_ps_e_0/inst/buffer_pl_clk_0.PL_CLK_0_BUFG/O
    X0Y1 (CLOCK_ROOT)    net (fo=2735, routed)        1.124     1.262    design_1_i/ps8_0_axi_periph/m00_couplers/auto_ds/inst/gen_downsizer.gen_simple_downsizer.axi_downsizer_inst/USE_READ.read_addr_inst/cmd_queue/inst/fifo_gen_inst/inst_fifo_gen/gconvfifo.rf/grf.rf/gntv_or_sync_fifo.gl0.rd/rpntr/clk
    SLICE_X8Y64          FDCE                                         r  design_1_i/ps8_0_axi_periph/m00_couplers/auto_ds/inst/gen_downsizer.gen_simple_downsizer.axi_downsizer_inst/USE_READ.read_addr_inst/cmd_queue/inst/fifo_gen_inst/inst_fifo_gen/gconvfifo.rf/grf.rf/gntv_or_sync_fifo.gl0.rd/rpntr/gc0.count_d1_reg[0]/C
                         clock pessimism             -0.134     1.128    
    SLICE_X8Y64          FDCE (Remov_EFF_SLICEL_C_CLR)
                                                     -0.020     1.108    design_1_i/ps8_0_axi_periph/m00_couplers/auto_ds/inst/gen_downsizer.gen_simple_downsizer.axi_downsizer_inst/USE_READ.read_addr_inst/cmd_queue/inst/fifo_gen_inst/inst_fifo_gen/gconvfifo.rf/grf.rf/gntv_or_sync_fifo.gl0.rd/rpntr/gc0.count_d1_reg[0]
  -------------------------------------------------------------------
                         required time                         -1.108    
                         arrival time                           1.297    
  -------------------------------------------------------------------
                         slack                                  0.189    

Slack (MET) :             0.189ns  (arrival time - required time)
  Source:                 design_1_i/ps8_0_axi_periph/m00_couplers/auto_ds/inst/gen_downsizer.gen_simple_downsizer.axi_downsizer_inst/USE_READ.read_addr_inst/cmd_queue/inst/fifo_gen_inst/inst_fifo_gen/gconvfifo.rf/grf.rf/rstblk/ngwrdrst.grst.g7serrst.gnsckt_wrst.gcc_rst.sckt_wr_rst_cc_reg[0]/C
                            (rising edge-triggered cell FDRE clocked by clk_pl_0  {rise@0.000ns fall@5.000ns period=10.000ns})
  Destination:            design_1_i/ps8_0_axi_periph/m00_couplers/auto_ds/inst/gen_downsizer.gen_simple_downsizer.axi_downsizer_inst/USE_READ.read_addr_inst/cmd_queue/inst/fifo_gen_inst/inst_fifo_gen/gconvfifo.rf/grf.rf/gntv_or_sync_fifo.gl0.rd/rpntr/gc0.count_d1_reg[1]/CLR
                            (removal check against rising-edge clock clk_pl_0  {rise@0.000ns fall@5.000ns period=10.000ns})
  Path Group:             **async_default**
  Path Type:              Removal (Min at Fast Process Corner)
  Requirement:            0.000ns  (clk_pl_0 rise@0.000ns - clk_pl_0 rise@0.000ns)
  Data Path Delay:        0.191ns  (logic 0.061ns (31.937%)  route 0.130ns (68.063%))
  Logic Levels:           1  (LUT3=1)
  Clock Path Skew:        0.022ns (DCD - SCD - CPR)
    Destination Clock Delay (DCD):    1.262ns
    Source Clock Delay      (SCD):    1.106ns
    Clock Pessimism Removal (CPR):    0.134ns
  Clock Net Delay (Source):      0.995ns (routing 0.410ns, distribution 0.585ns)
  Clock Net Delay (Destination): 1.124ns (routing 0.459ns, distribution 0.665ns)

    Location             Delay type                Incr(ns)  Path(ns)    Netlist Resource(s)
  -------------------------------------------------------------------    -------------------
                         (clock clk_pl_0 rise edge)
                                                      0.000     0.000 r  
    PS8_X0Y0             PS8                          0.000     0.000 r  design_1_i/zynq_ultra_ps_e_0/inst/PS8_i/PLCLK[0]
                         net (fo=1, routed)           0.094     0.094    design_1_i/zynq_ultra_ps_e_0/inst/pl_clk_unbuffered[0]
    BUFG_PS_X0Y67        BUFG_PS (Prop_BUFG_PS_I_O)
                                                      0.017     0.111 r  design_1_i/zynq_ultra_ps_e_0/inst/buffer_pl_clk_0.PL_CLK_0_BUFG/O
    X0Y1 (CLOCK_ROOT)    net (fo=2735, routed)        0.995     1.106    design_1_i/ps8_0_axi_periph/m00_couplers/auto_ds/inst/gen_downsizer.gen_simple_downsizer.axi_downsizer_inst/USE_READ.read_addr_inst/cmd_queue/inst/fifo_gen_inst/inst_fifo_gen/gconvfifo.rf/grf.rf/rstblk/clk
    SLICE_X8Y63          FDRE                                         r  design_1_i/ps8_0_axi_periph/m00_couplers/auto_ds/inst/gen_downsizer.gen_simple_downsizer.axi_downsizer_inst/USE_READ.read_addr_inst/cmd_queue/inst/fifo_gen_inst/inst_fifo_gen/gconvfifo.rf/grf.rf/rstblk/ngwrdrst.grst.g7serrst.gnsckt_wrst.gcc_rst.sckt_wr_rst_cc_reg[0]/C
  -------------------------------------------------------------------    -------------------
    SLICE_X8Y63          FDRE (Prop_EFF_SLICEL_C_Q)
                                                      0.039     1.145 f  design_1_i/ps8_0_axi_periph/m00_couplers/auto_ds/inst/gen_downsizer.gen_simple_downsizer.axi_downsizer_inst/USE_READ.read_addr_inst/cmd_queue/inst/fifo_gen_inst/inst_fifo_gen/gconvfifo.rf/grf.rf/rstblk/ngwrdrst.grst.g7serrst.gnsckt_wrst.gcc_rst.sckt_wr_rst_cc_reg[0]/Q
                         net (fo=3, routed)           0.028     1.173    design_1_i/ps8_0_axi_periph/m00_couplers/auto_ds/inst/gen_downsizer.gen_simple_downsizer.axi_downsizer_inst/USE_READ.read_addr_inst/cmd_queue/inst/fifo_gen_inst/inst_fifo_gen/gconvfifo.rf/grf.rf/rstblk/sckt_wr_rst_cc[0]
    SLICE_X8Y63          LUT3 (Prop_F6LUT_SLICEL_I1_O)
                                                      0.022     1.195 f  design_1_i/ps8_0_axi_periph/m00_couplers/auto_ds/inst/gen_downsizer.gen_simple_downsizer.axi_downsizer_inst/USE_READ.read_addr_inst/cmd_queue/inst/fifo_gen_inst/inst_fifo_gen/gconvfifo.rf/grf.rf/rstblk/gpregsm1.curr_fwft_state[1]_i_2/O
                         net (fo=32, routed)          0.102     1.297    design_1_i/ps8_0_axi_periph/m00_couplers/auto_ds/inst/gen_downsizer.gen_simple_downsizer.axi_downsizer_inst/USE_READ.read_addr_inst/cmd_queue/inst/fifo_gen_inst/inst_fifo_gen/gconvfifo.rf/grf.rf/gntv_or_sync_fifo.gl0.rd/rpntr/gc0.count_d1_reg[4]_1
    SLICE_X8Y64          FDCE                                         f  design_1_i/ps8_0_axi_periph/m00_couplers/auto_ds/inst/gen_downsizer.gen_simple_downsizer.axi_downsizer_inst/USE_READ.read_addr_inst/cmd_queue/inst/fifo_gen_inst/inst_fifo_gen/gconvfifo.rf/grf.rf/gntv_or_sync_fifo.gl0.rd/rpntr/gc0.count_d1_reg[1]/CLR
  -------------------------------------------------------------------    -------------------

                         (clock clk_pl_0 rise edge)
                                                      0.000     0.000 r  
    PS8_X0Y0             PS8                          0.000     0.000 r  design_1_i/zynq_ultra_ps_e_0/inst/PS8_i/PLCLK[0]
                         net (fo=1, routed)           0.120     0.120    design_1_i/zynq_ultra_ps_e_0/inst/pl_clk_unbuffered[0]
    BUFG_PS_X0Y67        BUFG_PS (Prop_BUFG_PS_I_O)
                                                      0.018     0.138 r  design_1_i/zynq_ultra_ps_e_0/inst/buffer_pl_clk_0.PL_CLK_0_BUFG/O
    X0Y1 (CLOCK_ROOT)    net (fo=2735, routed)        1.124     1.262    design_1_i/ps8_0_axi_periph/m00_couplers/auto_ds/inst/gen_downsizer.gen_simple_downsizer.axi_downsizer_inst/USE_READ.read_addr_inst/cmd_queue/inst/fifo_gen_inst/inst_fifo_gen/gconvfifo.rf/grf.rf/gntv_or_sync_fifo.gl0.rd/rpntr/clk
    SLICE_X8Y64          FDCE                                         r  design_1_i/ps8_0_axi_periph/m00_couplers/auto_ds/inst/gen_downsizer.gen_simple_downsizer.axi_downsizer_inst/USE_READ.read_addr_inst/cmd_queue/inst/fifo_gen_inst/inst_fifo_gen/gconvfifo.rf/grf.rf/gntv_or_sync_fifo.gl0.rd/rpntr/gc0.count_d1_reg[1]/C
                         clock pessimism             -0.134     1.128    
    SLICE_X8Y64          FDCE (Remov_EFF2_SLICEL_C_CLR)
                                                     -0.020     1.108    design_1_i/ps8_0_axi_periph/m00_couplers/auto_ds/inst/gen_downsizer.gen_simple_downsizer.axi_downsizer_inst/USE_READ.read_addr_inst/cmd_queue/inst/fifo_gen_inst/inst_fifo_gen/gconvfifo.rf/grf.rf/gntv_or_sync_fifo.gl0.rd/rpntr/gc0.count_d1_reg[1]
  -------------------------------------------------------------------
                         required time                         -1.108    
                         arrival time                           1.297    
  -------------------------------------------------------------------
                         slack                                  0.189    

Slack (MET) :             0.189ns  (arrival time - required time)
  Source:                 design_1_i/ps8_0_axi_periph/m00_couplers/auto_ds/inst/gen_downsizer.gen_simple_downsizer.axi_downsizer_inst/USE_READ.read_addr_inst/cmd_queue/inst/fifo_gen_inst/inst_fifo_gen/gconvfifo.rf/grf.rf/rstblk/ngwrdrst.grst.g7serrst.gnsckt_wrst.gcc_rst.sckt_wr_rst_cc_reg[0]/C
                            (rising edge-triggered cell FDRE clocked by clk_pl_0  {rise@0.000ns fall@5.000ns period=10.000ns})
  Destination:            design_1_i/ps8_0_axi_periph/m00_couplers/auto_ds/inst/gen_downsizer.gen_simple_downsizer.axi_downsizer_inst/USE_READ.read_addr_inst/cmd_queue/inst/fifo_gen_inst/inst_fifo_gen/gconvfifo.rf/grf.rf/gntv_or_sync_fifo.gl0.rd/rpntr/gc0.count_d1_reg[3]/CLR
                            (removal check against rising-edge clock clk_pl_0  {rise@0.000ns fall@5.000ns period=10.000ns})
  Path Group:             **async_default**
  Path Type:              Removal (Min at Fast Process Corner)
  Requirement:            0.000ns  (clk_pl_0 rise@0.000ns - clk_pl_0 rise@0.000ns)
  Data Path Delay:        0.191ns  (logic 0.061ns (31.937%)  route 0.130ns (68.063%))
  Logic Levels:           1  (LUT3=1)
  Clock Path Skew:        0.022ns (DCD - SCD - CPR)
    Destination Clock Delay (DCD):    1.262ns
    Source Clock Delay      (SCD):    1.106ns
    Clock Pessimism Removal (CPR):    0.134ns
  Clock Net Delay (Source):      0.995ns (routing 0.410ns, distribution 0.585ns)
  Clock Net Delay (Destination): 1.124ns (routing 0.459ns, distribution 0.665ns)

    Location             Delay type                Incr(ns)  Path(ns)    Netlist Resource(s)
  -------------------------------------------------------------------    -------------------
                         (clock clk_pl_0 rise edge)
                                                      0.000     0.000 r  
    PS8_X0Y0             PS8                          0.000     0.000 r  design_1_i/zynq_ultra_ps_e_0/inst/PS8_i/PLCLK[0]
                         net (fo=1, routed)           0.094     0.094    design_1_i/zynq_ultra_ps_e_0/inst/pl_clk_unbuffered[0]
    BUFG_PS_X0Y67        BUFG_PS (Prop_BUFG_PS_I_O)
                                                      0.017     0.111 r  design_1_i/zynq_ultra_ps_e_0/inst/buffer_pl_clk_0.PL_CLK_0_BUFG/O
    X0Y1 (CLOCK_ROOT)    net (fo=2735, routed)        0.995     1.106    design_1_i/ps8_0_axi_periph/m00_couplers/auto_ds/inst/gen_downsizer.gen_simple_downsizer.axi_downsizer_inst/USE_READ.read_addr_inst/cmd_queue/inst/fifo_gen_inst/inst_fifo_gen/gconvfifo.rf/grf.rf/rstblk/clk
    SLICE_X8Y63          FDRE                                         r  design_1_i/ps8_0_axi_periph/m00_couplers/auto_ds/inst/gen_downsizer.gen_simple_downsizer.axi_downsizer_inst/USE_READ.read_addr_inst/cmd_queue/inst/fifo_gen_inst/inst_fifo_gen/gconvfifo.rf/grf.rf/rstblk/ngwrdrst.grst.g7serrst.gnsckt_wrst.gcc_rst.sckt_wr_rst_cc_reg[0]/C
  -------------------------------------------------------------------    -------------------
    SLICE_X8Y63          FDRE (Prop_EFF_SLICEL_C_Q)
                                                      0.039     1.145 f  design_1_i/ps8_0_axi_periph/m00_couplers/auto_ds/inst/gen_downsizer.gen_simple_downsizer.axi_downsizer_inst/USE_READ.read_addr_inst/cmd_queue/inst/fifo_gen_inst/inst_fifo_gen/gconvfifo.rf/grf.rf/rstblk/ngwrdrst.grst.g7serrst.gnsckt_wrst.gcc_rst.sckt_wr_rst_cc_reg[0]/Q
                         net (fo=3, routed)           0.028     1.173    design_1_i/ps8_0_axi_periph/m00_couplers/auto_ds/inst/gen_downsizer.gen_simple_downsizer.axi_downsizer_inst/USE_READ.read_addr_inst/cmd_queue/inst/fifo_gen_inst/inst_fifo_gen/gconvfifo.rf/grf.rf/rstblk/sckt_wr_rst_cc[0]
    SLICE_X8Y63          LUT3 (Prop_F6LUT_SLICEL_I1_O)
                                                      0.022     1.195 f  design_1_i/ps8_0_axi_periph/m00_couplers/auto_ds/inst/gen_downsizer.gen_simple_downsizer.axi_downsizer_inst/USE_READ.read_addr_inst/cmd_queue/inst/fifo_gen_inst/inst_fifo_gen/gconvfifo.rf/grf.rf/rstblk/gpregsm1.curr_fwft_state[1]_i_2/O
                         net (fo=32, routed)          0.102     1.297    design_1_i/ps8_0_axi_periph/m00_couplers/auto_ds/inst/gen_downsizer.gen_simple_downsizer.axi_downsizer_inst/USE_READ.read_addr_inst/cmd_queue/inst/fifo_gen_inst/inst_fifo_gen/gconvfifo.rf/grf.rf/gntv_or_sync_fifo.gl0.rd/rpntr/gc0.count_d1_reg[4]_1
    SLICE_X8Y64          FDCE                                         f  design_1_i/ps8_0_axi_periph/m00_couplers/auto_ds/inst/gen_downsizer.gen_simple_downsizer.axi_downsizer_inst/USE_READ.read_addr_inst/cmd_queue/inst/fifo_gen_inst/inst_fifo_gen/gconvfifo.rf/grf.rf/gntv_or_sync_fifo.gl0.rd/rpntr/gc0.count_d1_reg[3]/CLR
  -------------------------------------------------------------------    -------------------

                         (clock clk_pl_0 rise edge)
                                                      0.000     0.000 r  
    PS8_X0Y0             PS8                          0.000     0.000 r  design_1_i/zynq_ultra_ps_e_0/inst/PS8_i/PLCLK[0]
                         net (fo=1, routed)           0.120     0.120    design_1_i/zynq_ultra_ps_e_0/inst/pl_clk_unbuffered[0]
    BUFG_PS_X0Y67        BUFG_PS (Prop_BUFG_PS_I_O)
                                                      0.018     0.138 r  design_1_i/zynq_ultra_ps_e_0/inst/buffer_pl_clk_0.PL_CLK_0_BUFG/O
    X0Y1 (CLOCK_ROOT)    net (fo=2735, routed)        1.124     1.262    design_1_i/ps8_0_axi_periph/m00_couplers/auto_ds/inst/gen_downsizer.gen_simple_downsizer.axi_downsizer_inst/USE_READ.read_addr_inst/cmd_queue/inst/fifo_gen_inst/inst_fifo_gen/gconvfifo.rf/grf.rf/gntv_or_sync_fifo.gl0.rd/rpntr/clk
    SLICE_X8Y64          FDCE                                         r  design_1_i/ps8_0_axi_periph/m00_couplers/auto_ds/inst/gen_downsizer.gen_simple_downsizer.axi_downsizer_inst/USE_READ.read_addr_inst/cmd_queue/inst/fifo_gen_inst/inst_fifo_gen/gconvfifo.rf/grf.rf/gntv_or_sync_fifo.gl0.rd/rpntr/gc0.count_d1_reg[3]/C
                         clock pessimism             -0.134     1.128    
    SLICE_X8Y64          FDCE (Remov_FFF_SLICEL_C_CLR)
                                                     -0.020     1.108    design_1_i/ps8_0_axi_periph/m00_couplers/auto_ds/inst/gen_downsizer.gen_simple_downsizer.axi_downsizer_inst/USE_READ.read_addr_inst/cmd_queue/inst/fifo_gen_inst/inst_fifo_gen/gconvfifo.rf/grf.rf/gntv_or_sync_fifo.gl0.rd/rpntr/gc0.count_d1_reg[3]
  -------------------------------------------------------------------
                         required time                         -1.108    
                         arrival time                           1.297    
  -------------------------------------------------------------------
                         slack                                  0.189    

Slack (MET) :             0.189ns  (arrival time - required time)
  Source:                 design_1_i/ps8_0_axi_periph/m00_couplers/auto_ds/inst/gen_downsizer.gen_simple_downsizer.axi_downsizer_inst/USE_READ.read_addr_inst/cmd_queue/inst/fifo_gen_inst/inst_fifo_gen/gconvfifo.rf/grf.rf/rstblk/ngwrdrst.grst.g7serrst.gnsckt_wrst.gcc_rst.sckt_wr_rst_cc_reg[0]/C
                            (rising edge-triggered cell FDRE clocked by clk_pl_0  {rise@0.000ns fall@5.000ns period=10.000ns})
  Destination:            design_1_i/ps8_0_axi_periph/m00_couplers/auto_ds/inst/gen_downsizer.gen_simple_downsizer.axi_downsizer_inst/USE_READ.read_addr_inst/cmd_queue/inst/fifo_gen_inst/inst_fifo_gen/gconvfifo.rf/grf.rf/gntv_or_sync_fifo.gl0.rd/rpntr/gc0.count_d1_reg[4]/CLR
                            (removal check against rising-edge clock clk_pl_0  {rise@0.000ns fall@5.000ns period=10.000ns})
  Path Group:             **async_default**
  Path Type:              Removal (Min at Fast Process Corner)
  Requirement:            0.000ns  (clk_pl_0 rise@0.000ns - clk_pl_0 rise@0.000ns)
  Data Path Delay:        0.191ns  (logic 0.061ns (31.937%)  route 0.130ns (68.063%))
  Logic Levels:           1  (LUT3=1)
  Clock Path Skew:        0.022ns (DCD - SCD - CPR)
    Destination Clock Delay (DCD):    1.262ns
    Source Clock Delay      (SCD):    1.106ns
    Clock Pessimism Removal (CPR):    0.134ns
  Clock Net Delay (Source):      0.995ns (routing 0.410ns, distribution 0.585ns)
  Clock Net Delay (Destination): 1.124ns (routing 0.459ns, distribution 0.665ns)

    Location             Delay type                Incr(ns)  Path(ns)    Netlist Resource(s)
  -------------------------------------------------------------------    -------------------
                         (clock clk_pl_0 rise edge)
                                                      0.000     0.000 r  
    PS8_X0Y0             PS8                          0.000     0.000 r  design_1_i/zynq_ultra_ps_e_0/inst/PS8_i/PLCLK[0]
                         net (fo=1, routed)           0.094     0.094    design_1_i/zynq_ultra_ps_e_0/inst/pl_clk_unbuffered[0]
    BUFG_PS_X0Y67        BUFG_PS (Prop_BUFG_PS_I_O)
                                                      0.017     0.111 r  design_1_i/zynq_ultra_ps_e_0/inst/buffer_pl_clk_0.PL_CLK_0_BUFG/O
    X0Y1 (CLOCK_ROOT)    net (fo=2735, routed)        0.995     1.106    design_1_i/ps8_0_axi_periph/m00_couplers/auto_ds/inst/gen_downsizer.gen_simple_downsizer.axi_downsizer_inst/USE_READ.read_addr_inst/cmd_queue/inst/fifo_gen_inst/inst_fifo_gen/gconvfifo.rf/grf.rf/rstblk/clk
    SLICE_X8Y63          FDRE                                         r  design_1_i/ps8_0_axi_periph/m00_couplers/auto_ds/inst/gen_downsizer.gen_simple_downsizer.axi_downsizer_inst/USE_READ.read_addr_inst/cmd_queue/inst/fifo_gen_inst/inst_fifo_gen/gconvfifo.rf/grf.rf/rstblk/ngwrdrst.grst.g7serrst.gnsckt_wrst.gcc_rst.sckt_wr_rst_cc_reg[0]/C
  -------------------------------------------------------------------    -------------------
    SLICE_X8Y63          FDRE (Prop_EFF_SLICEL_C_Q)
                                                      0.039     1.145 f  design_1_i/ps8_0_axi_periph/m00_couplers/auto_ds/inst/gen_downsizer.gen_simple_downsizer.axi_downsizer_inst/USE_READ.read_addr_inst/cmd_queue/inst/fifo_gen_inst/inst_fifo_gen/gconvfifo.rf/grf.rf/rstblk/ngwrdrst.grst.g7serrst.gnsckt_wrst.gcc_rst.sckt_wr_rst_cc_reg[0]/Q
                         net (fo=3, routed)           0.028     1.173    design_1_i/ps8_0_axi_periph/m00_couplers/auto_ds/inst/gen_downsizer.gen_simple_downsizer.axi_downsizer_inst/USE_READ.read_addr_inst/cmd_queue/inst/fifo_gen_inst/inst_fifo_gen/gconvfifo.rf/grf.rf/rstblk/sckt_wr_rst_cc[0]
    SLICE_X8Y63          LUT3 (Prop_F6LUT_SLICEL_I1_O)
                                                      0.022     1.195 f  design_1_i/ps8_0_axi_periph/m00_couplers/auto_ds/inst/gen_downsizer.gen_simple_downsizer.axi_downsizer_inst/USE_READ.read_addr_inst/cmd_queue/inst/fifo_gen_inst/inst_fifo_gen/gconvfifo.rf/grf.rf/rstblk/gpregsm1.curr_fwft_state[1]_i_2/O
                         net (fo=32, routed)          0.102     1.297    design_1_i/ps8_0_axi_periph/m00_couplers/auto_ds/inst/gen_downsizer.gen_simple_downsizer.axi_downsizer_inst/USE_READ.read_addr_inst/cmd_queue/inst/fifo_gen_inst/inst_fifo_gen/gconvfifo.rf/grf.rf/gntv_or_sync_fifo.gl0.rd/rpntr/gc0.count_d1_reg[4]_1
    SLICE_X8Y64          FDCE                                         f  design_1_i/ps8_0_axi_periph/m00_couplers/auto_ds/inst/gen_downsizer.gen_simple_downsizer.axi_downsizer_inst/USE_READ.read_addr_inst/cmd_queue/inst/fifo_gen_inst/inst_fifo_gen/gconvfifo.rf/grf.rf/gntv_or_sync_fifo.gl0.rd/rpntr/gc0.count_d1_reg[4]/CLR
  -------------------------------------------------------------------    -------------------

                         (clock clk_pl_0 rise edge)
                                                      0.000     0.000 r  
    PS8_X0Y0             PS8                          0.000     0.000 r  design_1_i/zynq_ultra_ps_e_0/inst/PS8_i/PLCLK[0]
                         net (fo=1, routed)           0.120     0.120    design_1_i/zynq_ultra_ps_e_0/inst/pl_clk_unbuffered[0]
    BUFG_PS_X0Y67        BUFG_PS (Prop_BUFG_PS_I_O)
                                                      0.018     0.138 r  design_1_i/zynq_ultra_ps_e_0/inst/buffer_pl_clk_0.PL_CLK_0_BUFG/O
    X0Y1 (CLOCK_ROOT)    net (fo=2735, routed)        1.124     1.262    design_1_i/ps8_0_axi_periph/m00_couplers/auto_ds/inst/gen_downsizer.gen_simple_downsizer.axi_downsizer_inst/USE_READ.read_addr_inst/cmd_queue/inst/fifo_gen_inst/inst_fifo_gen/gconvfifo.rf/grf.rf/gntv_or_sync_fifo.gl0.rd/rpntr/clk
    SLICE_X8Y64          FDCE                                         r  design_1_i/ps8_0_axi_periph/m00_couplers/auto_ds/inst/gen_downsizer.gen_simple_downsizer.axi_downsizer_inst/USE_READ.read_addr_inst/cmd_queue/inst/fifo_gen_inst/inst_fifo_gen/gconvfifo.rf/grf.rf/gntv_or_sync_fifo.gl0.rd/rpntr/gc0.count_d1_reg[4]/C
                         clock pessimism             -0.134     1.128    
    SLICE_X8Y64          FDCE (Remov_FFF2_SLICEL_C_CLR)
                                                     -0.020     1.108    design_1_i/ps8_0_axi_periph/m00_couplers/auto_ds/inst/gen_downsizer.gen_simple_downsizer.axi_downsizer_inst/USE_READ.read_addr_inst/cmd_queue/inst/fifo_gen_inst/inst_fifo_gen/gconvfifo.rf/grf.rf/gntv_or_sync_fifo.gl0.rd/rpntr/gc0.count_d1_reg[4]
  -------------------------------------------------------------------
                         required time                         -1.108    
                         arrival time                           1.297    
  -------------------------------------------------------------------
                         slack                                  0.189    

Slack (MET) :             0.189ns  (arrival time - required time)
  Source:                 design_1_i/ps8_0_axi_periph/m00_couplers/auto_ds/inst/gen_downsizer.gen_simple_downsizer.axi_downsizer_inst/USE_READ.read_addr_inst/cmd_queue/inst/fifo_gen_inst/inst_fifo_gen/gconvfifo.rf/grf.rf/rstblk/ngwrdrst.grst.g7serrst.gnsckt_wrst.gcc_rst.sckt_wr_rst_cc_reg[0]/C
                            (rising edge-triggered cell FDRE clocked by clk_pl_0  {rise@0.000ns fall@5.000ns period=10.000ns})
  Destination:            design_1_i/ps8_0_axi_periph/m00_couplers/auto_ds/inst/gen_downsizer.gen_simple_downsizer.axi_downsizer_inst/USE_READ.read_addr_inst/cmd_queue/inst/fifo_gen_inst/inst_fifo_gen/gconvfifo.rf/grf.rf/gntv_or_sync_fifo.gl0.rd/rpntr/gc0.count_reg[1]/CLR
                            (removal check against rising-edge clock clk_pl_0  {rise@0.000ns fall@5.000ns period=10.000ns})
  Path Group:             **async_default**
  Path Type:              Removal (Min at Fast Process Corner)
  Requirement:            0.000ns  (clk_pl_0 rise@0.000ns - clk_pl_0 rise@0.000ns)
  Data Path Delay:        0.191ns  (logic 0.061ns (31.937%)  route 0.130ns (68.063%))
  Logic Levels:           1  (LUT3=1)
  Clock Path Skew:        0.022ns (DCD - SCD - CPR)
    Destination Clock Delay (DCD):    1.262ns
    Source Clock Delay      (SCD):    1.106ns
    Clock Pessimism Removal (CPR):    0.134ns
  Clock Net Delay (Source):      0.995ns (routing 0.410ns, distribution 0.585ns)
  Clock Net Delay (Destination): 1.124ns (routing 0.459ns, distribution 0.665ns)

    Location             Delay type                Incr(ns)  Path(ns)    Netlist Resource(s)
  -------------------------------------------------------------------    -------------------
                         (clock clk_pl_0 rise edge)
                                                      0.000     0.000 r  
    PS8_X0Y0             PS8                          0.000     0.000 r  design_1_i/zynq_ultra_ps_e_0/inst/PS8_i/PLCLK[0]
                         net (fo=1, routed)           0.094     0.094    design_1_i/zynq_ultra_ps_e_0/inst/pl_clk_unbuffered[0]
    BUFG_PS_X0Y67        BUFG_PS (Prop_BUFG_PS_I_O)
                                                      0.017     0.111 r  design_1_i/zynq_ultra_ps_e_0/inst/buffer_pl_clk_0.PL_CLK_0_BUFG/O
    X0Y1 (CLOCK_ROOT)    net (fo=2735, routed)        0.995     1.106    design_1_i/ps8_0_axi_periph/m00_couplers/auto_ds/inst/gen_downsizer.gen_simple_downsizer.axi_downsizer_inst/USE_READ.read_addr_inst/cmd_queue/inst/fifo_gen_inst/inst_fifo_gen/gconvfifo.rf/grf.rf/rstblk/clk
    SLICE_X8Y63          FDRE                                         r  design_1_i/ps8_0_axi_periph/m00_couplers/auto_ds/inst/gen_downsizer.gen_simple_downsizer.axi_downsizer_inst/USE_READ.read_addr_inst/cmd_queue/inst/fifo_gen_inst/inst_fifo_gen/gconvfifo.rf/grf.rf/rstblk/ngwrdrst.grst.g7serrst.gnsckt_wrst.gcc_rst.sckt_wr_rst_cc_reg[0]/C
  -------------------------------------------------------------------    -------------------
    SLICE_X8Y63          FDRE (Prop_EFF_SLICEL_C_Q)
                                                      0.039     1.145 f  design_1_i/ps8_0_axi_periph/m00_couplers/auto_ds/inst/gen_downsizer.gen_simple_downsizer.axi_downsizer_inst/USE_READ.read_addr_inst/cmd_queue/inst/fifo_gen_inst/inst_fifo_gen/gconvfifo.rf/grf.rf/rstblk/ngwrdrst.grst.g7serrst.gnsckt_wrst.gcc_rst.sckt_wr_rst_cc_reg[0]/Q
                         net (fo=3, routed)           0.028     1.173    design_1_i/ps8_0_axi_periph/m00_couplers/auto_ds/inst/gen_downsizer.gen_simple_downsizer.axi_downsizer_inst/USE_READ.read_addr_inst/cmd_queue/inst/fifo_gen_inst/inst_fifo_gen/gconvfifo.rf/grf.rf/rstblk/sckt_wr_rst_cc[0]
    SLICE_X8Y63          LUT3 (Prop_F6LUT_SLICEL_I1_O)
                                                      0.022     1.195 f  design_1_i/ps8_0_axi_periph/m00_couplers/auto_ds/inst/gen_downsizer.gen_simple_downsizer.axi_downsizer_inst/USE_READ.read_addr_inst/cmd_queue/inst/fifo_gen_inst/inst_fifo_gen/gconvfifo.rf/grf.rf/rstblk/gpregsm1.curr_fwft_state[1]_i_2/O
                         net (fo=32, routed)          0.102     1.297    design_1_i/ps8_0_axi_periph/m00_couplers/auto_ds/inst/gen_downsizer.gen_simple_downsizer.axi_downsizer_inst/USE_READ.read_addr_inst/cmd_queue/inst/fifo_gen_inst/inst_fifo_gen/gconvfifo.rf/grf.rf/gntv_or_sync_fifo.gl0.rd/rpntr/gc0.count_d1_reg[4]_1
    SLICE_X8Y64          FDCE                                         f  design_1_i/ps8_0_axi_periph/m00_couplers/auto_ds/inst/gen_downsizer.gen_simple_downsizer.axi_downsizer_inst/USE_READ.read_addr_inst/cmd_queue/inst/fifo_gen_inst/inst_fifo_gen/gconvfifo.rf/grf.rf/gntv_or_sync_fifo.gl0.rd/rpntr/gc0.count_reg[1]/CLR
  -------------------------------------------------------------------    -------------------

                         (clock clk_pl_0 rise edge)
                                                      0.000     0.000 r  
    PS8_X0Y0             PS8                          0.000     0.000 r  design_1_i/zynq_ultra_ps_e_0/inst/PS8_i/PLCLK[0]
                         net (fo=1, routed)           0.120     0.120    design_1_i/zynq_ultra_ps_e_0/inst/pl_clk_unbuffered[0]
    BUFG_PS_X0Y67        BUFG_PS (Prop_BUFG_PS_I_O)
                                                      0.018     0.138 r  design_1_i/zynq_ultra_ps_e_0/inst/buffer_pl_clk_0.PL_CLK_0_BUFG/O
    X0Y1 (CLOCK_ROOT)    net (fo=2735, routed)        1.124     1.262    design_1_i/ps8_0_axi_periph/m00_couplers/auto_ds/inst/gen_downsizer.gen_simple_downsizer.axi_downsizer_inst/USE_READ.read_addr_inst/cmd_queue/inst/fifo_gen_inst/inst_fifo_gen/gconvfifo.rf/grf.rf/gntv_or_sync_fifo.gl0.rd/rpntr/clk
    SLICE_X8Y64          FDCE                                         r  design_1_i/ps8_0_axi_periph/m00_couplers/auto_ds/inst/gen_downsizer.gen_simple_downsizer.axi_downsizer_inst/USE_READ.read_addr_inst/cmd_queue/inst/fifo_gen_inst/inst_fifo_gen/gconvfifo.rf/grf.rf/gntv_or_sync_fifo.gl0.rd/rpntr/gc0.count_reg[1]/C
                         clock pessimism             -0.134     1.128    
    SLICE_X8Y64          FDCE (Remov_HFF_SLICEL_C_CLR)
                                                     -0.020     1.108    design_1_i/ps8_0_axi_periph/m00_couplers/auto_ds/inst/gen_downsizer.gen_simple_downsizer.axi_downsizer_inst/USE_READ.read_addr_inst/cmd_queue/inst/fifo_gen_inst/inst_fifo_gen/gconvfifo.rf/grf.rf/gntv_or_sync_fifo.gl0.rd/rpntr/gc0.count_reg[1]
  -------------------------------------------------------------------
                         required time                         -1.108    
                         arrival time                           1.297    
  -------------------------------------------------------------------
                         slack                                  0.189    

Slack (MET) :             0.189ns  (arrival time - required time)
  Source:                 design_1_i/ps8_0_axi_periph/m00_couplers/auto_ds/inst/gen_downsizer.gen_simple_downsizer.axi_downsizer_inst/USE_READ.read_addr_inst/cmd_queue/inst/fifo_gen_inst/inst_fifo_gen/gconvfifo.rf/grf.rf/rstblk/ngwrdrst.grst.g7serrst.gnsckt_wrst.gcc_rst.sckt_wr_rst_cc_reg[0]/C
                            (rising edge-triggered cell FDRE clocked by clk_pl_0  {rise@0.000ns fall@5.000ns period=10.000ns})
  Destination:            design_1_i/ps8_0_axi_periph/m00_couplers/auto_ds/inst/gen_downsizer.gen_simple_downsizer.axi_downsizer_inst/USE_READ.read_addr_inst/cmd_queue/inst/fifo_gen_inst/inst_fifo_gen/gconvfifo.rf/grf.rf/gntv_or_sync_fifo.gl0.rd/rpntr/gc0.count_reg[2]/CLR
                            (removal check against rising-edge clock clk_pl_0  {rise@0.000ns fall@5.000ns period=10.000ns})
  Path Group:             **async_default**
  Path Type:              Removal (Min at Fast Process Corner)
  Requirement:            0.000ns  (clk_pl_0 rise@0.000ns - clk_pl_0 rise@0.000ns)
  Data Path Delay:        0.191ns  (logic 0.061ns (31.937%)  route 0.130ns (68.063%))
  Logic Levels:           1  (LUT3=1)
  Clock Path Skew:        0.022ns (DCD - SCD - CPR)
    Destination Clock Delay (DCD):    1.262ns
    Source Clock Delay      (SCD):    1.106ns
    Clock Pessimism Removal (CPR):    0.134ns
  Clock Net Delay (Source):      0.995ns (routing 0.410ns, distribution 0.585ns)
  Clock Net Delay (Destination): 1.124ns (routing 0.459ns, distribution 0.665ns)

    Location             Delay type                Incr(ns)  Path(ns)    Netlist Resource(s)
  -------------------------------------------------------------------    -------------------
                         (clock clk_pl_0 rise edge)
                                                      0.000     0.000 r  
    PS8_X0Y0             PS8                          0.000     0.000 r  design_1_i/zynq_ultra_ps_e_0/inst/PS8_i/PLCLK[0]
                         net (fo=1, routed)           0.094     0.094    design_1_i/zynq_ultra_ps_e_0/inst/pl_clk_unbuffered[0]
    BUFG_PS_X0Y67        BUFG_PS (Prop_BUFG_PS_I_O)
                                                      0.017     0.111 r  design_1_i/zynq_ultra_ps_e_0/inst/buffer_pl_clk_0.PL_CLK_0_BUFG/O
    X0Y1 (CLOCK_ROOT)    net (fo=2735, routed)        0.995     1.106    design_1_i/ps8_0_axi_periph/m00_couplers/auto_ds/inst/gen_downsizer.gen_simple_downsizer.axi_downsizer_inst/USE_READ.read_addr_inst/cmd_queue/inst/fifo_gen_inst/inst_fifo_gen/gconvfifo.rf/grf.rf/rstblk/clk
    SLICE_X8Y63          FDRE                                         r  design_1_i/ps8_0_axi_periph/m00_couplers/auto_ds/inst/gen_downsizer.gen_simple_downsizer.axi_downsizer_inst/USE_READ.read_addr_inst/cmd_queue/inst/fifo_gen_inst/inst_fifo_gen/gconvfifo.rf/grf.rf/rstblk/ngwrdrst.grst.g7serrst.gnsckt_wrst.gcc_rst.sckt_wr_rst_cc_reg[0]/C
  -------------------------------------------------------------------    -------------------
    SLICE_X8Y63          FDRE (Prop_EFF_SLICEL_C_Q)
                                                      0.039     1.145 f  design_1_i/ps8_0_axi_periph/m00_couplers/auto_ds/inst/gen_downsizer.gen_simple_downsizer.axi_downsizer_inst/USE_READ.read_addr_inst/cmd_queue/inst/fifo_gen_inst/inst_fifo_gen/gconvfifo.rf/grf.rf/rstblk/ngwrdrst.grst.g7serrst.gnsckt_wrst.gcc_rst.sckt_wr_rst_cc_reg[0]/Q
                         net (fo=3, routed)           0.028     1.173    design_1_i/ps8_0_axi_periph/m00_couplers/auto_ds/inst/gen_downsizer.gen_simple_downsizer.axi_downsizer_inst/USE_READ.read_addr_inst/cmd_queue/inst/fifo_gen_inst/inst_fifo_gen/gconvfifo.rf/grf.rf/rstblk/sckt_wr_rst_cc[0]
    SLICE_X8Y63          LUT3 (Prop_F6LUT_SLICEL_I1_O)
                                                      0.022     1.195 f  design_1_i/ps8_0_axi_periph/m00_couplers/auto_ds/inst/gen_downsizer.gen_simple_downsizer.axi_downsizer_inst/USE_READ.read_addr_inst/cmd_queue/inst/fifo_gen_inst/inst_fifo_gen/gconvfifo.rf/grf.rf/rstblk/gpregsm1.curr_fwft_state[1]_i_2/O
                         net (fo=32, routed)          0.102     1.297    design_1_i/ps8_0_axi_periph/m00_couplers/auto_ds/inst/gen_downsizer.gen_simple_downsizer.axi_downsizer_inst/USE_READ.read_addr_inst/cmd_queue/inst/fifo_gen_inst/inst_fifo_gen/gconvfifo.rf/grf.rf/gntv_or_sync_fifo.gl0.rd/rpntr/gc0.count_d1_reg[4]_1
    SLICE_X8Y64          FDCE                                         f  design_1_i/ps8_0_axi_periph/m00_couplers/auto_ds/inst/gen_downsizer.gen_simple_downsizer.axi_downsizer_inst/USE_READ.read_addr_inst/cmd_queue/inst/fifo_gen_inst/inst_fifo_gen/gconvfifo.rf/grf.rf/gntv_or_sync_fifo.gl0.rd/rpntr/gc0.count_reg[2]/CLR
  -------------------------------------------------------------------    -------------------

                         (clock clk_pl_0 rise edge)
                                                      0.000     0.000 r  
    PS8_X0Y0             PS8                          0.000     0.000 r  design_1_i/zynq_ultra_ps_e_0/inst/PS8_i/PLCLK[0]
                         net (fo=1, routed)           0.120     0.120    design_1_i/zynq_ultra_ps_e_0/inst/pl_clk_unbuffered[0]
    BUFG_PS_X0Y67        BUFG_PS (Prop_BUFG_PS_I_O)
                                                      0.018     0.138 r  design_1_i/zynq_ultra_ps_e_0/inst/buffer_pl_clk_0.PL_CLK_0_BUFG/O
    X0Y1 (CLOCK_ROOT)    net (fo=2735, routed)        1.124     1.262    design_1_i/ps8_0_axi_periph/m00_couplers/auto_ds/inst/gen_downsizer.gen_simple_downsizer.axi_downsizer_inst/USE_READ.read_addr_inst/cmd_queue/inst/fifo_gen_inst/inst_fifo_gen/gconvfifo.rf/grf.rf/gntv_or_sync_fifo.gl0.rd/rpntr/clk
    SLICE_X8Y64          FDCE                                         r  design_1_i/ps8_0_axi_periph/m00_couplers/auto_ds/inst/gen_downsizer.gen_simple_downsizer.axi_downsizer_inst/USE_READ.read_addr_inst/cmd_queue/inst/fifo_gen_inst/inst_fifo_gen/gconvfifo.rf/grf.rf/gntv_or_sync_fifo.gl0.rd/rpntr/gc0.count_reg[2]/C
                         clock pessimism             -0.134     1.128    
    SLICE_X8Y64          FDCE (Remov_HFF2_SLICEL_C_CLR)
                                                     -0.020     1.108    design_1_i/ps8_0_axi_periph/m00_couplers/auto_ds/inst/gen_downsizer.gen_simple_downsizer.axi_downsizer_inst/USE_READ.read_addr_inst/cmd_queue/inst/fifo_gen_inst/inst_fifo_gen/gconvfifo.rf/grf.rf/gntv_or_sync_fifo.gl0.rd/rpntr/gc0.count_reg[2]
  -------------------------------------------------------------------
                         required time                         -1.108    
                         arrival time                           1.297    
  -------------------------------------------------------------------
                         slack                                  0.189    

Slack (MET) :             0.189ns  (arrival time - required time)
  Source:                 design_1_i/ps8_0_axi_periph/m00_couplers/auto_ds/inst/gen_downsizer.gen_simple_downsizer.axi_downsizer_inst/USE_READ.read_addr_inst/cmd_queue/inst/fifo_gen_inst/inst_fifo_gen/gconvfifo.rf/grf.rf/rstblk/ngwrdrst.grst.g7serrst.gnsckt_wrst.gcc_rst.sckt_wr_rst_cc_reg[0]/C
                            (rising edge-triggered cell FDRE clocked by clk_pl_0  {rise@0.000ns fall@5.000ns period=10.000ns})
  Destination:            design_1_i/ps8_0_axi_periph/m00_couplers/auto_ds/inst/gen_downsizer.gen_simple_downsizer.axi_downsizer_inst/USE_READ.read_addr_inst/cmd_queue/inst/fifo_gen_inst/inst_fifo_gen/gconvfifo.rf/grf.rf/gntv_or_sync_fifo.gl0.rd/rpntr/gc0.count_reg[3]/CLR
                            (removal check against rising-edge clock clk_pl_0  {rise@0.000ns fall@5.000ns period=10.000ns})
  Path Group:             **async_default**
  Path Type:              Removal (Min at Fast Process Corner)
  Requirement:            0.000ns  (clk_pl_0 rise@0.000ns - clk_pl_0 rise@0.000ns)
  Data Path Delay:        0.191ns  (logic 0.061ns (31.937%)  route 0.130ns (68.063%))
  Logic Levels:           1  (LUT3=1)
  Clock Path Skew:        0.022ns (DCD - SCD - CPR)
    Destination Clock Delay (DCD):    1.262ns
    Source Clock Delay      (SCD):    1.106ns
    Clock Pessimism Removal (CPR):    0.134ns
  Clock Net Delay (Source):      0.995ns (routing 0.410ns, distribution 0.585ns)
  Clock Net Delay (Destination): 1.124ns (routing 0.459ns, distribution 0.665ns)

    Location             Delay type                Incr(ns)  Path(ns)    Netlist Resource(s)
  -------------------------------------------------------------------    -------------------
                         (clock clk_pl_0 rise edge)
                                                      0.000     0.000 r  
    PS8_X0Y0             PS8                          0.000     0.000 r  design_1_i/zynq_ultra_ps_e_0/inst/PS8_i/PLCLK[0]
                         net (fo=1, routed)           0.094     0.094    design_1_i/zynq_ultra_ps_e_0/inst/pl_clk_unbuffered[0]
    BUFG_PS_X0Y67        BUFG_PS (Prop_BUFG_PS_I_O)
                                                      0.017     0.111 r  design_1_i/zynq_ultra_ps_e_0/inst/buffer_pl_clk_0.PL_CLK_0_BUFG/O
    X0Y1 (CLOCK_ROOT)    net (fo=2735, routed)        0.995     1.106    design_1_i/ps8_0_axi_periph/m00_couplers/auto_ds/inst/gen_downsizer.gen_simple_downsizer.axi_downsizer_inst/USE_READ.read_addr_inst/cmd_queue/inst/fifo_gen_inst/inst_fifo_gen/gconvfifo.rf/grf.rf/rstblk/clk
    SLICE_X8Y63          FDRE                                         r  design_1_i/ps8_0_axi_periph/m00_couplers/auto_ds/inst/gen_downsizer.gen_simple_downsizer.axi_downsizer_inst/USE_READ.read_addr_inst/cmd_queue/inst/fifo_gen_inst/inst_fifo_gen/gconvfifo.rf/grf.rf/rstblk/ngwrdrst.grst.g7serrst.gnsckt_wrst.gcc_rst.sckt_wr_rst_cc_reg[0]/C
  -------------------------------------------------------------------    -------------------
    SLICE_X8Y63          FDRE (Prop_EFF_SLICEL_C_Q)
                                                      0.039     1.145 f  design_1_i/ps8_0_axi_periph/m00_couplers/auto_ds/inst/gen_downsizer.gen_simple_downsizer.axi_downsizer_inst/USE_READ.read_addr_inst/cmd_queue/inst/fifo_gen_inst/inst_fifo_gen/gconvfifo.rf/grf.rf/rstblk/ngwrdrst.grst.g7serrst.gnsckt_wrst.gcc_rst.sckt_wr_rst_cc_reg[0]/Q
                         net (fo=3, routed)           0.028     1.173    design_1_i/ps8_0_axi_periph/m00_couplers/auto_ds/inst/gen_downsizer.gen_simple_downsizer.axi_downsizer_inst/USE_READ.read_addr_inst/cmd_queue/inst/fifo_gen_inst/inst_fifo_gen/gconvfifo.rf/grf.rf/rstblk/sckt_wr_rst_cc[0]
    SLICE_X8Y63          LUT3 (Prop_F6LUT_SLICEL_I1_O)
                                                      0.022     1.195 f  design_1_i/ps8_0_axi_periph/m00_couplers/auto_ds/inst/gen_downsizer.gen_simple_downsizer.axi_downsizer_inst/USE_READ.read_addr_inst/cmd_queue/inst/fifo_gen_inst/inst_fifo_gen/gconvfifo.rf/grf.rf/rstblk/gpregsm1.curr_fwft_state[1]_i_2/O
                         net (fo=32, routed)          0.102     1.297    design_1_i/ps8_0_axi_periph/m00_couplers/auto_ds/inst/gen_downsizer.gen_simple_downsizer.axi_downsizer_inst/USE_READ.read_addr_inst/cmd_queue/inst/fifo_gen_inst/inst_fifo_gen/gconvfifo.rf/grf.rf/gntv_or_sync_fifo.gl0.rd/rpntr/gc0.count_d1_reg[4]_1
    SLICE_X8Y64          FDCE                                         f  design_1_i/ps8_0_axi_periph/m00_couplers/auto_ds/inst/gen_downsizer.gen_simple_downsizer.axi_downsizer_inst/USE_READ.read_addr_inst/cmd_queue/inst/fifo_gen_inst/inst_fifo_gen/gconvfifo.rf/grf.rf/gntv_or_sync_fifo.gl0.rd/rpntr/gc0.count_reg[3]/CLR
  -------------------------------------------------------------------    -------------------

                         (clock clk_pl_0 rise edge)
                                                      0.000     0.000 r  
    PS8_X0Y0             PS8                          0.000     0.000 r  design_1_i/zynq_ultra_ps_e_0/inst/PS8_i/PLCLK[0]
                         net (fo=1, routed)           0.120     0.120    design_1_i/zynq_ultra_ps_e_0/inst/pl_clk_unbuffered[0]
    BUFG_PS_X0Y67        BUFG_PS (Prop_BUFG_PS_I_O)
                                                      0.018     0.138 r  design_1_i/zynq_ultra_ps_e_0/inst/buffer_pl_clk_0.PL_CLK_0_BUFG/O
    X0Y1 (CLOCK_ROOT)    net (fo=2735, routed)        1.124     1.262    design_1_i/ps8_0_axi_periph/m00_couplers/auto_ds/inst/gen_downsizer.gen_simple_downsizer.axi_downsizer_inst/USE_READ.read_addr_inst/cmd_queue/inst/fifo_gen_inst/inst_fifo_gen/gconvfifo.rf/grf.rf/gntv_or_sync_fifo.gl0.rd/rpntr/clk
    SLICE_X8Y64          FDCE                                         r  design_1_i/ps8_0_axi_periph/m00_couplers/auto_ds/inst/gen_downsizer.gen_simple_downsizer.axi_downsizer_inst/USE_READ.read_addr_inst/cmd_queue/inst/fifo_gen_inst/inst_fifo_gen/gconvfifo.rf/grf.rf/gntv_or_sync_fifo.gl0.rd/rpntr/gc0.count_reg[3]/C
                         clock pessimism             -0.134     1.128    
    SLICE_X8Y64          FDCE (Remov_GFF_SLICEL_C_CLR)
                                                     -0.020     1.108    design_1_i/ps8_0_axi_periph/m00_couplers/auto_ds/inst/gen_downsizer.gen_simple_downsizer.axi_downsizer_inst/USE_READ.read_addr_inst/cmd_queue/inst/fifo_gen_inst/inst_fifo_gen/gconvfifo.rf/grf.rf/gntv_or_sync_fifo.gl0.rd/rpntr/gc0.count_reg[3]
  -------------------------------------------------------------------
                         required time                         -1.108    
                         arrival time                           1.297    
  -------------------------------------------------------------------
                         slack                                  0.189    

Slack (MET) :             0.189ns  (arrival time - required time)
  Source:                 design_1_i/ps8_0_axi_periph/m00_couplers/auto_ds/inst/gen_downsizer.gen_simple_downsizer.axi_downsizer_inst/USE_READ.read_addr_inst/cmd_queue/inst/fifo_gen_inst/inst_fifo_gen/gconvfifo.rf/grf.rf/rstblk/ngwrdrst.grst.g7serrst.gnsckt_wrst.gcc_rst.sckt_wr_rst_cc_reg[0]/C
                            (rising edge-triggered cell FDRE clocked by clk_pl_0  {rise@0.000ns fall@5.000ns period=10.000ns})
  Destination:            design_1_i/ps8_0_axi_periph/m00_couplers/auto_ds/inst/gen_downsizer.gen_simple_downsizer.axi_downsizer_inst/USE_READ.read_addr_inst/cmd_queue/inst/fifo_gen_inst/inst_fifo_gen/gconvfifo.rf/grf.rf/gntv_or_sync_fifo.gl0.rd/rpntr/gc0.count_reg[4]/CLR
                            (removal check against rising-edge clock clk_pl_0  {rise@0.000ns fall@5.000ns period=10.000ns})
  Path Group:             **async_default**
  Path Type:              Removal (Min at Fast Process Corner)
  Requirement:            0.000ns  (clk_pl_0 rise@0.000ns - clk_pl_0 rise@0.000ns)
  Data Path Delay:        0.191ns  (logic 0.061ns (31.937%)  route 0.130ns (68.063%))
  Logic Levels:           1  (LUT3=1)
  Clock Path Skew:        0.022ns (DCD - SCD - CPR)
    Destination Clock Delay (DCD):    1.262ns
    Source Clock Delay      (SCD):    1.106ns
    Clock Pessimism Removal (CPR):    0.134ns
  Clock Net Delay (Source):      0.995ns (routing 0.410ns, distribution 0.585ns)
  Clock Net Delay (Destination): 1.124ns (routing 0.459ns, distribution 0.665ns)

    Location             Delay type                Incr(ns)  Path(ns)    Netlist Resource(s)
  -------------------------------------------------------------------    -------------------
                         (clock clk_pl_0 rise edge)
                                                      0.000     0.000 r  
    PS8_X0Y0             PS8                          0.000     0.000 r  design_1_i/zynq_ultra_ps_e_0/inst/PS8_i/PLCLK[0]
                         net (fo=1, routed)           0.094     0.094    design_1_i/zynq_ultra_ps_e_0/inst/pl_clk_unbuffered[0]
    BUFG_PS_X0Y67        BUFG_PS (Prop_BUFG_PS_I_O)
                                                      0.017     0.111 r  design_1_i/zynq_ultra_ps_e_0/inst/buffer_pl_clk_0.PL_CLK_0_BUFG/O
    X0Y1 (CLOCK_ROOT)    net (fo=2735, routed)        0.995     1.106    design_1_i/ps8_0_axi_periph/m00_couplers/auto_ds/inst/gen_downsizer.gen_simple_downsizer.axi_downsizer_inst/USE_READ.read_addr_inst/cmd_queue/inst/fifo_gen_inst/inst_fifo_gen/gconvfifo.rf/grf.rf/rstblk/clk
    SLICE_X8Y63          FDRE                                         r  design_1_i/ps8_0_axi_periph/m00_couplers/auto_ds/inst/gen_downsizer.gen_simple_downsizer.axi_downsizer_inst/USE_READ.read_addr_inst/cmd_queue/inst/fifo_gen_inst/inst_fifo_gen/gconvfifo.rf/grf.rf/rstblk/ngwrdrst.grst.g7serrst.gnsckt_wrst.gcc_rst.sckt_wr_rst_cc_reg[0]/C
  -------------------------------------------------------------------    -------------------
    SLICE_X8Y63          FDRE (Prop_EFF_SLICEL_C_Q)
                                                      0.039     1.145 f  design_1_i/ps8_0_axi_periph/m00_couplers/auto_ds/inst/gen_downsizer.gen_simple_downsizer.axi_downsizer_inst/USE_READ.read_addr_inst/cmd_queue/inst/fifo_gen_inst/inst_fifo_gen/gconvfifo.rf/grf.rf/rstblk/ngwrdrst.grst.g7serrst.gnsckt_wrst.gcc_rst.sckt_wr_rst_cc_reg[0]/Q
                         net (fo=3, routed)           0.028     1.173    design_1_i/ps8_0_axi_periph/m00_couplers/auto_ds/inst/gen_downsizer.gen_simple_downsizer.axi_downsizer_inst/USE_READ.read_addr_inst/cmd_queue/inst/fifo_gen_inst/inst_fifo_gen/gconvfifo.rf/grf.rf/rstblk/sckt_wr_rst_cc[0]
    SLICE_X8Y63          LUT3 (Prop_F6LUT_SLICEL_I1_O)
                                                      0.022     1.195 f  design_1_i/ps8_0_axi_periph/m00_couplers/auto_ds/inst/gen_downsizer.gen_simple_downsizer.axi_downsizer_inst/USE_READ.read_addr_inst/cmd_queue/inst/fifo_gen_inst/inst_fifo_gen/gconvfifo.rf/grf.rf/rstblk/gpregsm1.curr_fwft_state[1]_i_2/O
                         net (fo=32, routed)          0.102     1.297    design_1_i/ps8_0_axi_periph/m00_couplers/auto_ds/inst/gen_downsizer.gen_simple_downsizer.axi_downsizer_inst/USE_READ.read_addr_inst/cmd_queue/inst/fifo_gen_inst/inst_fifo_gen/gconvfifo.rf/grf.rf/gntv_or_sync_fifo.gl0.rd/rpntr/gc0.count_d1_reg[4]_1
    SLICE_X8Y64          FDCE                                         f  design_1_i/ps8_0_axi_periph/m00_couplers/auto_ds/inst/gen_downsizer.gen_simple_downsizer.axi_downsizer_inst/USE_READ.read_addr_inst/cmd_queue/inst/fifo_gen_inst/inst_fifo_gen/gconvfifo.rf/grf.rf/gntv_or_sync_fifo.gl0.rd/rpntr/gc0.count_reg[4]/CLR
  -------------------------------------------------------------------    -------------------

                         (clock clk_pl_0 rise edge)
                                                      0.000     0.000 r  
    PS8_X0Y0             PS8                          0.000     0.000 r  design_1_i/zynq_ultra_ps_e_0/inst/PS8_i/PLCLK[0]
                         net (fo=1, routed)           0.120     0.120    design_1_i/zynq_ultra_ps_e_0/inst/pl_clk_unbuffered[0]
    BUFG_PS_X0Y67        BUFG_PS (Prop_BUFG_PS_I_O)
                                                      0.018     0.138 r  design_1_i/zynq_ultra_ps_e_0/inst/buffer_pl_clk_0.PL_CLK_0_BUFG/O
    X0Y1 (CLOCK_ROOT)    net (fo=2735, routed)        1.124     1.262    design_1_i/ps8_0_axi_periph/m00_couplers/auto_ds/inst/gen_downsizer.gen_simple_downsizer.axi_downsizer_inst/USE_READ.read_addr_inst/cmd_queue/inst/fifo_gen_inst/inst_fifo_gen/gconvfifo.rf/grf.rf/gntv_or_sync_fifo.gl0.rd/rpntr/clk
    SLICE_X8Y64          FDCE                                         r  design_1_i/ps8_0_axi_periph/m00_couplers/auto_ds/inst/gen_downsizer.gen_simple_downsizer.axi_downsizer_inst/USE_READ.read_addr_inst/cmd_queue/inst/fifo_gen_inst/inst_fifo_gen/gconvfifo.rf/grf.rf/gntv_or_sync_fifo.gl0.rd/rpntr/gc0.count_reg[4]/C
                         clock pessimism             -0.134     1.128    
    SLICE_X8Y64          FDCE (Remov_GFF2_SLICEL_C_CLR)
                                                     -0.020     1.108    design_1_i/ps8_0_axi_periph/m00_couplers/auto_ds/inst/gen_downsizer.gen_simple_downsizer.axi_downsizer_inst/USE_READ.read_addr_inst/cmd_queue/inst/fifo_gen_inst/inst_fifo_gen/gconvfifo.rf/grf.rf/gntv_or_sync_fifo.gl0.rd/rpntr/gc0.count_reg[4]
  -------------------------------------------------------------------
                         required time                         -1.108    
                         arrival time                           1.297    
  -------------------------------------------------------------------
                         slack                                  0.189    





