Copyright 1986-2020 Xilinx, Inc. All Rights Reserved.
------------------------------------------------------------------------------------------------------------------------------------------
| Tool Version : Vivado v.2020.2 (win64) Build 3064766 Wed Nov 18 09:12:45 MST 2020
| Date         : Mon Aug 24 12:16:07 2026
| Host         : DESKTOP-DLOB77A running 64-bit major release  (build 9200)
| Command      : report_drc -file design_1_wrapper_drc_routed.rpt -pb design_1_wrapper_drc_routed.pb -rpx design_1_wrapper_drc_routed.rpx
| Design       : design_1_wrapper
| Device       : xczu3eg-sbva484-1-e
| Speed File   : -1
| Design State : Fully Routed
------------------------------------------------------------------------------------------------------------------------------------------

Report DRC

Table of Contents
-----------------
1. REPORT SUMMARY
2. REPORT DETAILS

1. REPORT SUMMARY
-----------------
            Netlist: netlist
          Floorplan: design_1
      Design limits: <entire design considered>
           Ruledeck: default
             Max violations: <unlimited>
             Violations found: 275
+-----------+----------+---------------------------------------------------------------------+------------+
| Rule      | Severity | Description                                                         | Violations |
+-----------+----------+---------------------------------------------------------------------+------------+
| RTSTAT-10 | Warning  | No routable loads                                                   | 1          |
| AVAL-155  | Advisory | enum_AMULTSEL_BMULTSEL_enum_DREG_ADREG_0_connects_CED_CEAD_RSTD_GND | 274        |
+-----------+----------+---------------------------------------------------------------------+------------+

2. REPORT DETAILS
-----------------
RTSTAT-10#1 Warning
No routable loads  
33 net(s) have no routable loads. The problem bus(es) and/or net(s) are design_1_i/ps8_0_axi_periph/m00_couplers/auto_ds/inst/gen_downsizer.gen_simple_downsizer.axi_downsizer_inst/USE_READ.read_addr_inst/cmd_queue/inst/fifo_gen_inst/inst_fifo_gen/gconvfifo.rf/grf.rf/gntv_or_sync_fifo.gl0.rd/gr1.gr1_int.rfwft/aempty_fwft_i,
design_1_i/ps8_0_axi_periph/m00_couplers/auto_ds/inst/gen_downsizer.gen_simple_downsizer.axi_downsizer_inst/USE_READ.read_addr_inst/cmd_queue/inst/fifo_gen_inst/inst_fifo_gen/gconvfifo.rf/grf.rf/gntv_or_sync_fifo.gl0.rd/grss.rsts/ram_empty_i,
design_1_i/ps8_0_axi_periph/m00_couplers/auto_ds/inst/gen_downsizer.gen_simple_downsizer.axi_downsizer_inst/USE_READ.read_addr_inst/cmd_queue/inst/fifo_gen_inst/inst_fifo_gen/gconvfifo.rf/grf.rf/gntv_or_sync_fifo.gl0.wr/gwss.wsts/ram_afull_fb,
design_1_i/ps8_0_axi_periph/m00_couplers/auto_ds/inst/gen_downsizer.gen_simple_downsizer.axi_downsizer_inst/USE_READ.read_addr_inst/cmd_queue/inst/fifo_gen_inst/inst_fifo_gen/gconvfifo.rf/grf.rf/gntv_or_sync_fifo.gl0.wr/gwss.wsts/ram_afull_i,
design_1_i/ps8_0_axi_periph/m00_couplers/auto_ds/inst/gen_downsizer.gen_simple_downsizer.axi_downsizer_inst/USE_READ.read_addr_inst/cmd_queue/inst/fifo_gen_inst/inst_fifo_gen/gconvfifo.rf/grf.rf/rstblk/rd_rst_reg[2:0],
design_1_i/ps8_0_axi_periph/m00_couplers/auto_ds/inst/gen_downsizer.gen_simple_downsizer.axi_downsizer_inst/USE_WRITE.write_addr_inst/USE_B_CHANNEL.cmd_b_queue/inst/fifo_gen_inst/inst_fifo_gen/gconvfifo.rf/grf.rf/gntv_or_sync_fifo.gl0.rd/gr1.gr1_int.rfwft/aempty_fwft_i,
design_1_i/ps8_0_axi_periph/m00_couplers/auto_ds/inst/gen_downsizer.gen_simple_downsizer.axi_downsizer_inst/USE_WRITE.write_addr_inst/USE_B_CHANNEL.cmd_b_queue/inst/fifo_gen_inst/inst_fifo_gen/gconvfifo.rf/grf.rf/gntv_or_sync_fifo.gl0.rd/grss.rsts/ram_empty_i,
design_1_i/ps8_0_axi_periph/m00_couplers/auto_ds/inst/gen_downsizer.gen_simple_downsizer.axi_downsizer_inst/USE_WRITE.write_addr_inst/USE_B_CHANNEL.cmd_b_queue/inst/fifo_gen_inst/inst_fifo_gen/gconvfifo.rf/grf.rf/gntv_or_sync_fifo.gl0.wr/gwss.wsts/ram_afull_fb,
design_1_i/ps8_0_axi_periph/m00_couplers/auto_ds/inst/gen_downsizer.gen_simple_downsizer.axi_downsizer_inst/USE_WRITE.write_addr_inst/USE_B_CHANNEL.cmd_b_queue/inst/fifo_gen_inst/inst_fifo_gen/gconvfifo.rf/grf.rf/gntv_or_sync_fifo.gl0.wr/gwss.wsts/ram_afull_i,
design_1_i/ps8_0_axi_periph/m00_couplers/auto_ds/inst/gen_downsizer.gen_simple_downsizer.axi_downsizer_inst/USE_WRITE.write_addr_inst/USE_B_CHANNEL.cmd_b_queue/inst/fifo_gen_inst/inst_fifo_gen/gconvfifo.rf/grf.rf/rstblk/rd_rst_reg[2:0],
design_1_i/ps8_0_axi_periph/m00_couplers/auto_ds/inst/gen_downsizer.gen_simple_downsizer.axi_downsizer_inst/USE_WRITE.write_addr_inst/cmd_queue/inst/fifo_gen_inst/inst_fifo_gen/gconvfifo.rf/grf.rf/gntv_or_sync_fifo.gl0.rd/gr1.gr1_int.rfwft/aempty_fwft_i,
design_1_i/ps8_0_axi_periph/m00_couplers/auto_ds/inst/gen_downsizer.gen_simple_downsizer.axi_downsizer_inst/USE_WRITE.write_addr_inst/cmd_queue/inst/fifo_gen_inst/inst_fifo_gen/gconvfifo.rf/grf.rf/gntv_or_sync_fifo.gl0.rd/grss.rsts/ram_empty_i,
design_1_i/ps8_0_axi_periph/m00_couplers/auto_ds/inst/gen_downsizer.gen_simple_downsizer.axi_downsizer_inst/USE_WRITE.write_addr_inst/cmd_queue/inst/fifo_gen_inst/inst_fifo_gen/gconvfifo.rf/grf.rf/gntv_or_sync_fifo.gl0.wr/gwss.wsts/ram_afull_fb,
design_1_i/ps8_0_axi_periph/m00_couplers/auto_ds/inst/gen_downsizer.gen_simple_downsizer.axi_downsizer_inst/USE_WRITE.write_addr_inst/cmd_queue/inst/fifo_gen_inst/inst_fifo_gen/gconvfifo.rf/grf.rf/gntv_or_sync_fifo.gl0.wr/gwss.wsts/ram_afull_i,
design_1_i/ps8_0_axi_periph/m00_couplers/auto_ds/inst/gen_downsizer.gen_simple_downsizer.axi_downsizer_inst/USE_WRITE.write_addr_inst/cmd_queue/inst/fifo_gen_inst/inst_fifo_gen/gconvfifo.rf/grf.rf/rstblk/rd_rst_reg[2:0]
 (the first 15 of 21 listed).
Related violations: <none>

AVAL-155#1 Advisory
enum_AMULTSEL_BMULTSEL_enum_DREG_ADREG_0_connects_CED_CEAD_RSTD_GND  
design_1_i/mobilenetV2_0/inst/depthwise/depth_mac_even/mac_bot1/U0/i_synth/i_synth_option.i_synth_model/opt_8series.i_uniwrap/i_primitive: DSP48E2 is not using the D port (AMULTSEL = A and BMULTSEL = B). For improved power characteristics, set DREG and ADREG to '1', tie CED, CEAD, and RSTD to logic '0'.
Related violations: <none>

AVAL-155#2 Advisory
enum_AMULTSEL_BMULTSEL_enum_DREG_ADREG_0_connects_CED_CEAD_RSTD_GND  
design_1_i/mobilenetV2_0/inst/depthwise/depth_mac_even/mac_bot2/U0/i_synth/i_synth_option.i_synth_model/opt_8series.i_uniwrap/i_primitive: DSP48E2 is not using the D port (AMULTSEL = A and BMULTSEL = B). For improved power characteristics, set DREG and ADREG to '1', tie CED, CEAD, and RSTD to logic '0'.
Related violations: <none>

AVAL-155#3 Advisory
enum_AMULTSEL_BMULTSEL_enum_DREG_ADREG_0_connects_CED_CEAD_RSTD_GND  
design_1_i/mobilenetV2_0/inst/depthwise/depth_mac_even/mac_bot3/U0/i_synth/i_synth_option.i_synth_model/opt_8series.i_uniwrap/i_primitive: DSP48E2 is not using the D port (AMULTSEL = A and BMULTSEL = B). For improved power characteristics, set DREG and ADREG to '1', tie CED, CEAD, and RSTD to logic '0'.
Related violations: <none>

AVAL-155#4 Advisory
enum_AMULTSEL_BMULTSEL_enum_DREG_ADREG_0_connects_CED_CEAD_RSTD_GND  
design_1_i/mobilenetV2_0/inst/depthwise/depth_mac_even/mac_mid1/U0/i_synth/i_synth_option.i_synth_model/opt_8series.i_uniwrap/i_primitive: DSP48E2 is not using the D port (AMULTSEL = A and BMULTSEL = B). For improved power characteristics, set DREG and ADREG to '1', tie CED, CEAD, and RSTD to logic '0'.
Related violations: <none>

AVAL-155#5 Advisory
enum_AMULTSEL_BMULTSEL_enum_DREG_ADREG_0_connects_CED_CEAD_RSTD_GND  
design_1_i/mobilenetV2_0/inst/depthwise/depth_mac_even/mac_mid2/U0/i_synth/i_synth_option.i_synth_model/opt_8series.i_uniwrap/i_primitive: DSP48E2 is not using the D port (AMULTSEL = A and BMULTSEL = B). For improved power characteristics, set DREG and ADREG to '1', tie CED, CEAD, and RSTD to logic '0'.
Related violations: <none>

AVAL-155#6 Advisory
enum_AMULTSEL_BMULTSEL_enum_DREG_ADREG_0_connects_CED_CEAD_RSTD_GND  
design_1_i/mobilenetV2_0/inst/depthwise/depth_mac_even/mac_mid3/U0/i_synth/i_synth_option.i_synth_model/opt_8series.i_uniwrap/i_primitive: DSP48E2 is not using the D port (AMULTSEL = A and BMULTSEL = B). For improved power characteristics, set DREG and ADREG to '1', tie CED, CEAD, and RSTD to logic '0'.
Related violations: <none>

AVAL-155#7 Advisory
enum_AMULTSEL_BMULTSEL_enum_DREG_ADREG_0_connects_CED_CEAD_RSTD_GND  
design_1_i/mobilenetV2_0/inst/depthwise/depth_mac_even/mac_top1/U0/i_synth/i_synth_option.i_synth_model/opt_8series.i_uniwrap/i_primitive: DSP48E2 is not using the D port (AMULTSEL = A and BMULTSEL = B). For improved power characteristics, set DREG and ADREG to '1', tie CED, CEAD, and RSTD to logic '0'.
Related violations: <none>

AVAL-155#8 Advisory
enum_AMULTSEL_BMULTSEL_enum_DREG_ADREG_0_connects_CED_CEAD_RSTD_GND  
design_1_i/mobilenetV2_0/inst/depthwise/depth_mac_even/mac_top2/U0/i_synth/i_synth_option.i_synth_model/opt_8series.i_uniwrap/i_primitive: DSP48E2 is not using the D port (AMULTSEL = A and BMULTSEL = B). For improved power characteristics, set DREG and ADREG to '1', tie CED, CEAD, and RSTD to logic '0'.
Related violations: <none>

AVAL-155#9 Advisory
enum_AMULTSEL_BMULTSEL_enum_DREG_ADREG_0_connects_CED_CEAD_RSTD_GND  
design_1_i/mobilenetV2_0/inst/depthwise/depth_mac_even/mac_top3/U0/i_synth/i_synth_option.i_synth_model/opt_8series.i_uniwrap/i_primitive: DSP48E2 is not using the D port (AMULTSEL = A and BMULTSEL = B). For improved power characteristics, set DREG and ADREG to '1', tie CED, CEAD, and RSTD to logic '0'.
Related violations: <none>

AVAL-155#10 Advisory
enum_AMULTSEL_BMULTSEL_enum_DREG_ADREG_0_connects_CED_CEAD_RSTD_GND  
design_1_i/mobilenetV2_0/inst/depthwise/depth_mac_odd/mac_bot1/U0/i_synth/i_synth_option.i_synth_model/opt_8series.i_uniwrap/i_primitive: DSP48E2 is not using the D port (AMULTSEL = A and BMULTSEL = B). For improved power characteristics, set DREG and ADREG to '1', tie CED, CEAD, and RSTD to logic '0'.
Related violations: <none>

AVAL-155#11 Advisory
enum_AMULTSEL_BMULTSEL_enum_DREG_ADREG_0_connects_CED_CEAD_RSTD_GND  
design_1_i/mobilenetV2_0/inst/depthwise/depth_mac_odd/mac_bot2/U0/i_synth/i_synth_option.i_synth_model/opt_8series.i_uniwrap/i_primitive: DSP48E2 is not using the D port (AMULTSEL = A and BMULTSEL = B). For improved power characteristics, set DREG and ADREG to '1', tie CED, CEAD, and RSTD to logic '0'.
Related violations: <none>

AVAL-155#12 Advisory
enum_AMULTSEL_BMULTSEL_enum_DREG_ADREG_0_connects_CED_CEAD_RSTD_GND  
design_1_i/mobilenetV2_0/inst/depthwise/depth_mac_odd/mac_bot3/U0/i_synth/i_synth_option.i_synth_model/opt_8series.i_uniwrap/i_primitive: DSP48E2 is not using the D port (AMULTSEL = A and BMULTSEL = B). For improved power characteristics, set DREG and ADREG to '1', tie CED, CEAD, and RSTD to logic '0'.
Related violations: <none>

AVAL-155#13 Advisory
enum_AMULTSEL_BMULTSEL_enum_DREG_ADREG_0_connects_CED_CEAD_RSTD_GND  
design_1_i/mobilenetV2_0/inst/depthwise/depth_mac_odd/mac_mid1/U0/i_synth/i_synth_option.i_synth_model/opt_8series.i_uniwrap/i_primitive: DSP48E2 is not using the D port (AMULTSEL = A and BMULTSEL = B). For improved power characteristics, set DREG and ADREG to '1', tie CED, CEAD, and RSTD to logic '0'.
Related violations: <none>

AVAL-155#14 Advisory
enum_AMULTSEL_BMULTSEL_enum_DREG_ADREG_0_connects_CED_CEAD_RSTD_GND  
design_1_i/mobilenetV2_0/inst/depthwise/depth_mac_odd/mac_mid2/U0/i_synth/i_synth_option.i_synth_model/opt_8series.i_uniwrap/i_primitive: DSP48E2 is not using the D port (AMULTSEL = A and BMULTSEL = B). For improved power characteristics, set DREG and ADREG to '1', tie CED, CEAD, and RSTD to logic '0'.
Related violations: <none>

AVAL-155#15 Advisory
enum_AMULTSEL_BMULTSEL_enum_DREG_ADREG_0_connects_CED_CEAD_RSTD_GND  
design_1_i/mobilenetV2_0/inst/depthwise/depth_mac_odd/mac_mid3/U0/i_synth/i_synth_option.i_synth_model/opt_8series.i_uniwrap/i_primitive: DSP48E2 is not using the D port (AMULTSEL = A and BMULTSEL = B). For improved power characteristics, set DREG and ADREG to '1', tie CED, CEAD, and RSTD to logic '0'.
Related violations: <none>

AVAL-155#16 Advisory
enum_AMULTSEL_BMULTSEL_enum_DREG_ADREG_0_connects_CED_CEAD_RSTD_GND  
design_1_i/mobilenetV2_0/inst/depthwise/depth_mac_odd/mac_top1/U0/i_synth/i_synth_option.i_synth_model/opt_8series.i_uniwrap/i_primitive: DSP48E2 is not using the D port (AMULTSEL = A and BMULTSEL = B). For improved power characteristics, set DREG and ADREG to '1', tie CED, CEAD, and RSTD to logic '0'.
Related violations: <none>

AVAL-155#17 Advisory
enum_AMULTSEL_BMULTSEL_enum_DREG_ADREG_0_connects_CED_CEAD_RSTD_GND  
design_1_i/mobilenetV2_0/inst/depthwise/depth_mac_odd/mac_top2/U0/i_synth/i_synth_option.i_synth_model/opt_8series.i_uniwrap/i_primitive: DSP48E2 is not using the D port (AMULTSEL = A and BMULTSEL = B). For improved power characteristics, set DREG and ADREG to '1', tie CED, CEAD, and RSTD to logic '0'.
Related violations: <none>

AVAL-155#18 Advisory
enum_AMULTSEL_BMULTSEL_enum_DREG_ADREG_0_connects_CED_CEAD_RSTD_GND  
design_1_i/mobilenetV2_0/inst/depthwise/depth_mac_odd/mac_top3/U0/i_synth/i_synth_option.i_synth_model/opt_8series.i_uniwrap/i_primitive: DSP48E2 is not using the D port (AMULTSEL = A and BMULTSEL = B). For improved power characteristics, set DREG and ADREG to '1', tie CED, CEAD, and RSTD to logic '0'.
Related violations: <none>

AVAL-155#19 Advisory
enum_AMULTSEL_BMULTSEL_enum_DREG_ADREG_0_connects_CED_CEAD_RSTD_GND  
design_1_i/mobilenetV2_0/inst/pad/pad_even/genblk2[0].genblk1[1].u_middle/U0/i_synth/i_synth_option.i_synth_model/opt_8series.i_uniwrap/i_primitive: DSP48E2 is not using the D port (AMULTSEL = A and BMULTSEL = B). For improved power characteristics, set DREG and ADREG to '1', tie CED, CEAD, and RSTD to logic '0'.
Related violations: <none>

AVAL-155#20 Advisory
enum_AMULTSEL_BMULTSEL_enum_DREG_ADREG_0_connects_CED_CEAD_RSTD_GND  
design_1_i/mobilenetV2_0/inst/pad/pad_even/genblk2[0].genblk1[2].u_middle/U0/i_synth/i_synth_option.i_synth_model/opt_8series.i_uniwrap/i_primitive: DSP48E2 is not using the D port (AMULTSEL = A and BMULTSEL = B). For improved power characteristics, set DREG and ADREG to '1', tie CED, CEAD, and RSTD to logic '0'.
Related violations: <none>

AVAL-155#21 Advisory
enum_AMULTSEL_BMULTSEL_enum_DREG_ADREG_0_connects_CED_CEAD_RSTD_GND  
design_1_i/mobilenetV2_0/inst/pad/pad_even/genblk2[0].genblk1[3].u_middle/U0/i_synth/i_synth_option.i_synth_model/opt_8series.i_uniwrap/i_primitive: DSP48E2 is not using the D port (AMULTSEL = A and BMULTSEL = B). For improved power characteristics, set DREG and ADREG to '1', tie CED, CEAD, and RSTD to logic '0'.
Related violations: <none>

AVAL-155#22 Advisory
enum_AMULTSEL_BMULTSEL_enum_DREG_ADREG_0_connects_CED_CEAD_RSTD_GND  
design_1_i/mobilenetV2_0/inst/pad/pad_even/genblk2[0].genblk1[4].u_middle/U0/i_synth/i_synth_option.i_synth_model/opt_8series.i_uniwrap/i_primitive: DSP48E2 is not using the D port (AMULTSEL = A and BMULTSEL = B). For improved power characteristics, set DREG and ADREG to '1', tie CED, CEAD, and RSTD to logic '0'.
Related violations: <none>

AVAL-155#23 Advisory
enum_AMULTSEL_BMULTSEL_enum_DREG_ADREG_0_connects_CED_CEAD_RSTD_GND  
design_1_i/mobilenetV2_0/inst/pad/pad_even/genblk2[0].genblk1[5].u_middle/U0/i_synth/i_synth_option.i_synth_model/opt_8series.i_uniwrap/i_primitive: DSP48E2 is not using the D port (AMULTSEL = A and BMULTSEL = B). For improved power characteristics, set DREG and ADREG to '1', tie CED, CEAD, and RSTD to logic '0'.
Related violations: <none>

AVAL-155#24 Advisory
enum_AMULTSEL_BMULTSEL_enum_DREG_ADREG_0_connects_CED_CEAD_RSTD_GND  
design_1_i/mobilenetV2_0/inst/pad/pad_even/genblk2[0].genblk1[6].u_middle/U0/i_synth/i_synth_option.i_synth_model/opt_8series.i_uniwrap/i_primitive: DSP48E2 is not using the D port (AMULTSEL = A and BMULTSEL = B). For improved power characteristics, set DREG and ADREG to '1', tie CED, CEAD, and RSTD to logic '0'.
Related violations: <none>

AVAL-155#25 Advisory
enum_AMULTSEL_BMULTSEL_enum_DREG_ADREG_0_connects_CED_CEAD_RSTD_GND  
design_1_i/mobilenetV2_0/inst/pad/pad_even/genblk2[0].u_first/U0/i_synth/i_synth_option.i_synth_model/opt_8series.i_uniwrap/i_primitive: DSP48E2 is not using the D port (AMULTSEL = A and BMULTSEL = B). For improved power characteristics, set DREG and ADREG to '1', tie CED, CEAD, and RSTD to logic '0'.
Related violations: <none>

AVAL-155#26 Advisory
enum_AMULTSEL_BMULTSEL_enum_DREG_ADREG_0_connects_CED_CEAD_RSTD_GND  
design_1_i/mobilenetV2_0/inst/pad/pad_even/genblk2[0].u_last/U0/i_synth/i_synth_option.i_synth_model/opt_8series.i_uniwrap/i_primitive: DSP48E2 is not using the D port (AMULTSEL = A and BMULTSEL = B). For improved power characteristics, set DREG and ADREG to '1', tie CED, CEAD, and RSTD to logic '0'.
Related violations: <none>

AVAL-155#27 Advisory
enum_AMULTSEL_BMULTSEL_enum_DREG_ADREG_0_connects_CED_CEAD_RSTD_GND  
design_1_i/mobilenetV2_0/inst/pad/pad_even/genblk2[1].genblk1[1].u_middle/U0/i_synth/i_synth_option.i_synth_model/opt_8series.i_uniwrap/i_primitive: DSP48E2 is not using the D port (AMULTSEL = A and BMULTSEL = B). For improved power characteristics, set DREG and ADREG to '1', tie CED, CEAD, and RSTD to logic '0'.
Related violations: <none>

AVAL-155#28 Advisory
enum_AMULTSEL_BMULTSEL_enum_DREG_ADREG_0_connects_CED_CEAD_RSTD_GND  
design_1_i/mobilenetV2_0/inst/pad/pad_even/genblk2[1].genblk1[2].u_middle/U0/i_synth/i_synth_option.i_synth_model/opt_8series.i_uniwrap/i_primitive: DSP48E2 is not using the D port (AMULTSEL = A and BMULTSEL = B). For improved power characteristics, set DREG and ADREG to '1', tie CED, CEAD, and RSTD to logic '0'.
Related violations: <none>

AVAL-155#29 Advisory
enum_AMULTSEL_BMULTSEL_enum_DREG_ADREG_0_connects_CED_CEAD_RSTD_GND  
design_1_i/mobilenetV2_0/inst/pad/pad_even/genblk2[1].genblk1[3].u_middle/U0/i_synth/i_synth_option.i_synth_model/opt_8series.i_uniwrap/i_primitive: DSP48E2 is not using the D port (AMULTSEL = A and BMULTSEL = B). For improved power characteristics, set DREG and ADREG to '1', tie CED, CEAD, and RSTD to logic '0'.
Related violations: <none>

AVAL-155#30 Advisory
enum_AMULTSEL_BMULTSEL_enum_DREG_ADREG_0_connects_CED_CEAD_RSTD_GND  
design_1_i/mobilenetV2_0/inst/pad/pad_even/genblk2[1].genblk1[4].u_middle/U0/i_synth/i_synth_option.i_synth_model/opt_8series.i_uniwrap/i_primitive: DSP48E2 is not using the D port (AMULTSEL = A and BMULTSEL = B). For improved power characteristics, set DREG and ADREG to '1', tie CED, CEAD, and RSTD to logic '0'.
Related violations: <none>

AVAL-155#31 Advisory
enum_AMULTSEL_BMULTSEL_enum_DREG_ADREG_0_connects_CED_CEAD_RSTD_GND  
design_1_i/mobilenetV2_0/inst/pad/pad_even/genblk2[1].genblk1[5].u_middle/U0/i_synth/i_synth_option.i_synth_model/opt_8series.i_uniwrap/i_primitive: DSP48E2 is not using the D port (AMULTSEL = A and BMULTSEL = B). For improved power characteristics, set DREG and ADREG to '1', tie CED, CEAD, and RSTD to logic '0'.
Related violations: <none>

AVAL-155#32 Advisory
enum_AMULTSEL_BMULTSEL_enum_DREG_ADREG_0_connects_CED_CEAD_RSTD_GND  
design_1_i/mobilenetV2_0/inst/pad/pad_even/genblk2[1].genblk1[6].u_middle/U0/i_synth/i_synth_option.i_synth_model/opt_8series.i_uniwrap/i_primitive: DSP48E2 is not using the D port (AMULTSEL = A and BMULTSEL = B). For improved power characteristics, set DREG and ADREG to '1', tie CED, CEAD, and RSTD to logic '0'.
Related violations: <none>

AVAL-155#33 Advisory
enum_AMULTSEL_BMULTSEL_enum_DREG_ADREG_0_connects_CED_CEAD_RSTD_GND  
design_1_i/mobilenetV2_0/inst/pad/pad_even/genblk2[1].u_first/U0/i_synth/i_synth_option.i_synth_model/opt_8series.i_uniwrap/i_primitive: DSP48E2 is not using the D port (AMULTSEL = A and BMULTSEL = B). For improved power characteristics, set DREG and ADREG to '1', tie CED, CEAD, and RSTD to logic '0'.
Related violations: <none>

AVAL-155#34 Advisory
enum_AMULTSEL_BMULTSEL_enum_DREG_ADREG_0_connects_CED_CEAD_RSTD_GND  
design_1_i/mobilenetV2_0/inst/pad/pad_even/genblk2[1].u_last/U0/i_synth/i_synth_option.i_synth_model/opt_8series.i_uniwrap/i_primitive: DSP48E2 is not using the D port (AMULTSEL = A and BMULTSEL = B). For improved power characteristics, set DREG and ADREG to '1', tie CED, CEAD, and RSTD to logic '0'.
Related violations: <none>

AVAL-155#35 Advisory
enum_AMULTSEL_BMULTSEL_enum_DREG_ADREG_0_connects_CED_CEAD_RSTD_GND  
design_1_i/mobilenetV2_0/inst/pad/pad_even/genblk2[2].genblk1[1].u_middle/U0/i_synth/i_synth_option.i_synth_model/opt_8series.i_uniwrap/i_primitive: DSP48E2 is not using the D port (AMULTSEL = A and BMULTSEL = B). For improved power characteristics, set DREG and ADREG to '1', tie CED, CEAD, and RSTD to logic '0'.
Related violations: <none>

AVAL-155#36 Advisory
enum_AMULTSEL_BMULTSEL_enum_DREG_ADREG_0_connects_CED_CEAD_RSTD_GND  
design_1_i/mobilenetV2_0/inst/pad/pad_even/genblk2[2].genblk1[2].u_middle/U0/i_synth/i_synth_option.i_synth_model/opt_8series.i_uniwrap/i_primitive: DSP48E2 is not using the D port (AMULTSEL = A and BMULTSEL = B). For improved power characteristics, set DREG and ADREG to '1', tie CED, CEAD, and RSTD to logic '0'.
Related violations: <none>

AVAL-155#37 Advisory
enum_AMULTSEL_BMULTSEL_enum_DREG_ADREG_0_connects_CED_CEAD_RSTD_GND  
design_1_i/mobilenetV2_0/inst/pad/pad_even/genblk2[2].genblk1[3].u_middle/U0/i_synth/i_synth_option.i_synth_model/opt_8series.i_uniwrap/i_primitive: DSP48E2 is not using the D port (AMULTSEL = A and BMULTSEL = B). For improved power characteristics, set DREG and ADREG to '1', tie CED, CEAD, and RSTD to logic '0'.
Related violations: <none>

AVAL-155#38 Advisory
enum_AMULTSEL_BMULTSEL_enum_DREG_ADREG_0_connects_CED_CEAD_RSTD_GND  
design_1_i/mobilenetV2_0/inst/pad/pad_even/genblk2[2].genblk1[4].u_middle/U0/i_synth/i_synth_option.i_synth_model/opt_8series.i_uniwrap/i_primitive: DSP48E2 is not using the D port (AMULTSEL = A and BMULTSEL = B). For improved power characteristics, set DREG and ADREG to '1', tie CED, CEAD, and RSTD to logic '0'.
Related violations: <none>

AVAL-155#39 Advisory
enum_AMULTSEL_BMULTSEL_enum_DREG_ADREG_0_connects_CED_CEAD_RSTD_GND  
design_1_i/mobilenetV2_0/inst/pad/pad_even/genblk2[2].genblk1[5].u_middle/U0/i_synth/i_synth_option.i_synth_model/opt_8series.i_uniwrap/i_primitive: DSP48E2 is not using the D port (AMULTSEL = A and BMULTSEL = B). For improved power characteristics, set DREG and ADREG to '1', tie CED, CEAD, and RSTD to logic '0'.
Related violations: <none>

AVAL-155#40 Advisory
enum_AMULTSEL_BMULTSEL_enum_DREG_ADREG_0_connects_CED_CEAD_RSTD_GND  
design_1_i/mobilenetV2_0/inst/pad/pad_even/genblk2[2].genblk1[6].u_middle/U0/i_synth/i_synth_option.i_synth_model/opt_8series.i_uniwrap/i_primitive: DSP48E2 is not using the D port (AMULTSEL = A and BMULTSEL = B). For improved power characteristics, set DREG and ADREG to '1', tie CED, CEAD, and RSTD to logic '0'.
Related violations: <none>

AVAL-155#41 Advisory
enum_AMULTSEL_BMULTSEL_enum_DREG_ADREG_0_connects_CED_CEAD_RSTD_GND  
design_1_i/mobilenetV2_0/inst/pad/pad_even/genblk2[2].u_first/U0/i_synth/i_synth_option.i_synth_model/opt_8series.i_uniwrap/i_primitive: DSP48E2 is not using the D port (AMULTSEL = A and BMULTSEL = B). For improved power characteristics, set DREG and ADREG to '1', tie CED, CEAD, and RSTD to logic '0'.
Related violations: <none>

AVAL-155#42 Advisory
enum_AMULTSEL_BMULTSEL_enum_DREG_ADREG_0_connects_CED_CEAD_RSTD_GND  
design_1_i/mobilenetV2_0/inst/pad/pad_even/genblk2[2].u_last/U0/i_synth/i_synth_option.i_synth_model/opt_8series.i_uniwrap/i_primitive: DSP48E2 is not using the D port (AMULTSEL = A and BMULTSEL = B). For improved power characteristics, set DREG and ADREG to '1', tie CED, CEAD, and RSTD to logic '0'.
Related violations: <none>

AVAL-155#43 Advisory
enum_AMULTSEL_BMULTSEL_enum_DREG_ADREG_0_connects_CED_CEAD_RSTD_GND  
design_1_i/mobilenetV2_0/inst/pad/pad_even/genblk2[3].genblk1[1].u_middle/U0/i_synth/i_synth_option.i_synth_model/opt_8series.i_uniwrap/i_primitive: DSP48E2 is not using the D port (AMULTSEL = A and BMULTSEL = B). For improved power characteristics, set DREG and ADREG to '1', tie CED, CEAD, and RSTD to logic '0'.
Related violations: <none>

AVAL-155#44 Advisory
enum_AMULTSEL_BMULTSEL_enum_DREG_ADREG_0_connects_CED_CEAD_RSTD_GND  
design_1_i/mobilenetV2_0/inst/pad/pad_even/genblk2[3].genblk1[2].u_middle/U0/i_synth/i_synth_option.i_synth_model/opt_8series.i_uniwrap/i_primitive: DSP48E2 is not using the D port (AMULTSEL = A and BMULTSEL = B). For improved power characteristics, set DREG and ADREG to '1', tie CED, CEAD, and RSTD to logic '0'.
Related violations: <none>

AVAL-155#45 Advisory
enum_AMULTSEL_BMULTSEL_enum_DREG_ADREG_0_connects_CED_CEAD_RSTD_GND  
design_1_i/mobilenetV2_0/inst/pad/pad_even/genblk2[3].genblk1[3].u_middle/U0/i_synth/i_synth_option.i_synth_model/opt_8series.i_uniwrap/i_primitive: DSP48E2 is not using the D port (AMULTSEL = A and BMULTSEL = B). For improved power characteristics, set DREG and ADREG to '1', tie CED, CEAD, and RSTD to logic '0'.
Related violations: <none>

AVAL-155#46 Advisory
enum_AMULTSEL_BMULTSEL_enum_DREG_ADREG_0_connects_CED_CEAD_RSTD_GND  
design_1_i/mobilenetV2_0/inst/pad/pad_even/genblk2[3].genblk1[4].u_middle/U0/i_synth/i_synth_option.i_synth_model/opt_8series.i_uniwrap/i_primitive: DSP48E2 is not using the D port (AMULTSEL = A and BMULTSEL = B). For improved power characteristics, set DREG and ADREG to '1', tie CED, CEAD, and RSTD to logic '0'.
Related violations: <none>

AVAL-155#47 Advisory
enum_AMULTSEL_BMULTSEL_enum_DREG_ADREG_0_connects_CED_CEAD_RSTD_GND  
design_1_i/mobilenetV2_0/inst/pad/pad_even/genblk2[3].genblk1[5].u_middle/U0/i_synth/i_synth_option.i_synth_model/opt_8series.i_uniwrap/i_primitive: DSP48E2 is not using the D port (AMULTSEL = A and BMULTSEL = B). For improved power characteristics, set DREG and ADREG to '1', tie CED, CEAD, and RSTD to logic '0'.
Related violations: <none>

AVAL-155#48 Advisory
enum_AMULTSEL_BMULTSEL_enum_DREG_ADREG_0_connects_CED_CEAD_RSTD_GND  
design_1_i/mobilenetV2_0/inst/pad/pad_even/genblk2[3].genblk1[6].u_middle/U0/i_synth/i_synth_option.i_synth_model/opt_8series.i_uniwrap/i_primitive: DSP48E2 is not using the D port (AMULTSEL = A and BMULTSEL = B). For improved power characteristics, set DREG and ADREG to '1', tie CED, CEAD, and RSTD to logic '0'.
Related violations: <none>

AVAL-155#49 Advisory
enum_AMULTSEL_BMULTSEL_enum_DREG_ADREG_0_connects_CED_CEAD_RSTD_GND  
design_1_i/mobilenetV2_0/inst/pad/pad_even/genblk2[3].u_first/U0/i_synth/i_synth_option.i_synth_model/opt_8series.i_uniwrap/i_primitive: DSP48E2 is not using the D port (AMULTSEL = A and BMULTSEL = B). For improved power characteristics, set DREG and ADREG to '1', tie CED, CEAD, and RSTD to logic '0'.
Related violations: <none>

AVAL-155#50 Advisory
enum_AMULTSEL_BMULTSEL_enum_DREG_ADREG_0_connects_CED_CEAD_RSTD_GND  
design_1_i/mobilenetV2_0/inst/pad/pad_even/genblk2[3].u_last/U0/i_synth/i_synth_option.i_synth_model/opt_8series.i_uniwrap/i_primitive: DSP48E2 is not using the D port (AMULTSEL = A and BMULTSEL = B). For improved power characteristics, set DREG and ADREG to '1', tie CED, CEAD, and RSTD to logic '0'.
Related violations: <none>

AVAL-155#51 Advisory
enum_AMULTSEL_BMULTSEL_enum_DREG_ADREG_0_connects_CED_CEAD_RSTD_GND  
design_1_i/mobilenetV2_0/inst/pad/pad_even/genblk2[4].genblk1[1].u_middle/U0/i_synth/i_synth_option.i_synth_model/opt_8series.i_uniwrap/i_primitive: DSP48E2 is not using the D port (AMULTSEL = A and BMULTSEL = B). For improved power characteristics, set DREG and ADREG to '1', tie CED, CEAD, and RSTD to logic '0'.
Related violations: <none>

AVAL-155#52 Advisory
enum_AMULTSEL_BMULTSEL_enum_DREG_ADREG_0_connects_CED_CEAD_RSTD_GND  
design_1_i/mobilenetV2_0/inst/pad/pad_even/genblk2[4].genblk1[2].u_middle/U0/i_synth/i_synth_option.i_synth_model/opt_8series.i_uniwrap/i_primitive: DSP48E2 is not using the D port (AMULTSEL = A and BMULTSEL = B). For improved power characteristics, set DREG and ADREG to '1', tie CED, CEAD, and RSTD to logic '0'.
Related violations: <none>

AVAL-155#53 Advisory
enum_AMULTSEL_BMULTSEL_enum_DREG_ADREG_0_connects_CED_CEAD_RSTD_GND  
design_1_i/mobilenetV2_0/inst/pad/pad_even/genblk2[4].genblk1[3].u_middle/U0/i_synth/i_synth_option.i_synth_model/opt_8series.i_uniwrap/i_primitive: DSP48E2 is not using the D port (AMULTSEL = A and BMULTSEL = B). For improved power characteristics, set DREG and ADREG to '1', tie CED, CEAD, and RSTD to logic '0'.
Related violations: <none>

AVAL-155#54 Advisory
enum_AMULTSEL_BMULTSEL_enum_DREG_ADREG_0_connects_CED_CEAD_RSTD_GND  
design_1_i/mobilenetV2_0/inst/pad/pad_even/genblk2[4].genblk1[4].u_middle/U0/i_synth/i_synth_option.i_synth_model/opt_8series.i_uniwrap/i_primitive: DSP48E2 is not using the D port (AMULTSEL = A and BMULTSEL = B). For improved power characteristics, set DREG and ADREG to '1', tie CED, CEAD, and RSTD to logic '0'.
Related violations: <none>

AVAL-155#55 Advisory
enum_AMULTSEL_BMULTSEL_enum_DREG_ADREG_0_connects_CED_CEAD_RSTD_GND  
design_1_i/mobilenetV2_0/inst/pad/pad_even/genblk2[4].genblk1[5].u_middle/U0/i_synth/i_synth_option.i_synth_model/opt_8series.i_uniwrap/i_primitive: DSP48E2 is not using the D port (AMULTSEL = A and BMULTSEL = B). For improved power characteristics, set DREG and ADREG to '1', tie CED, CEAD, and RSTD to logic '0'.
Related violations: <none>

AVAL-155#56 Advisory
enum_AMULTSEL_BMULTSEL_enum_DREG_ADREG_0_connects_CED_CEAD_RSTD_GND  
design_1_i/mobilenetV2_0/inst/pad/pad_even/genblk2[4].genblk1[6].u_middle/U0/i_synth/i_synth_option.i_synth_model/opt_8series.i_uniwrap/i_primitive: DSP48E2 is not using the D port (AMULTSEL = A and BMULTSEL = B). For improved power characteristics, set DREG and ADREG to '1', tie CED, CEAD, and RSTD to logic '0'.
Related violations: <none>

AVAL-155#57 Advisory
enum_AMULTSEL_BMULTSEL_enum_DREG_ADREG_0_connects_CED_CEAD_RSTD_GND  
design_1_i/mobilenetV2_0/inst/pad/pad_even/genblk2[4].u_first/U0/i_synth/i_synth_option.i_synth_model/opt_8series.i_uniwrap/i_primitive: DSP48E2 is not using the D port (AMULTSEL = A and BMULTSEL = B). For improved power characteristics, set DREG and ADREG to '1', tie CED, CEAD, and RSTD to logic '0'.
Related violations: <none>

AVAL-155#58 Advisory
enum_AMULTSEL_BMULTSEL_enum_DREG_ADREG_0_connects_CED_CEAD_RSTD_GND  
design_1_i/mobilenetV2_0/inst/pad/pad_even/genblk2[4].u_last/U0/i_synth/i_synth_option.i_synth_model/opt_8series.i_uniwrap/i_primitive: DSP48E2 is not using the D port (AMULTSEL = A and BMULTSEL = B). For improved power characteristics, set DREG and ADREG to '1', tie CED, CEAD, and RSTD to logic '0'.
Related violations: <none>

AVAL-155#59 Advisory
enum_AMULTSEL_BMULTSEL_enum_DREG_ADREG_0_connects_CED_CEAD_RSTD_GND  
design_1_i/mobilenetV2_0/inst/pad/pad_even/genblk2[5].genblk1[1].u_middle/U0/i_synth/i_synth_option.i_synth_model/opt_8series.i_uniwrap/i_primitive: DSP48E2 is not using the D port (AMULTSEL = A and BMULTSEL = B). For improved power characteristics, set DREG and ADREG to '1', tie CED, CEAD, and RSTD to logic '0'.
Related violations: <none>

AVAL-155#60 Advisory
enum_AMULTSEL_BMULTSEL_enum_DREG_ADREG_0_connects_CED_CEAD_RSTD_GND  
design_1_i/mobilenetV2_0/inst/pad/pad_even/genblk2[5].genblk1[2].u_middle/U0/i_synth/i_synth_option.i_synth_model/opt_8series.i_uniwrap/i_primitive: DSP48E2 is not using the D port (AMULTSEL = A and BMULTSEL = B). For improved power characteristics, set DREG and ADREG to '1', tie CED, CEAD, and RSTD to logic '0'.
Related violations: <none>

AVAL-155#61 Advisory
enum_AMULTSEL_BMULTSEL_enum_DREG_ADREG_0_connects_CED_CEAD_RSTD_GND  
design_1_i/mobilenetV2_0/inst/pad/pad_even/genblk2[5].genblk1[3].u_middle/U0/i_synth/i_synth_option.i_synth_model/opt_8series.i_uniwrap/i_primitive: DSP48E2 is not using the D port (AMULTSEL = A and BMULTSEL = B). For improved power characteristics, set DREG and ADREG to '1', tie CED, CEAD, and RSTD to logic '0'.
Related violations: <none>

AVAL-155#62 Advisory
enum_AMULTSEL_BMULTSEL_enum_DREG_ADREG_0_connects_CED_CEAD_RSTD_GND  
design_1_i/mobilenetV2_0/inst/pad/pad_even/genblk2[5].genblk1[4].u_middle/U0/i_synth/i_synth_option.i_synth_model/opt_8series.i_uniwrap/i_primitive: DSP48E2 is not using the D port (AMULTSEL = A and BMULTSEL = B). For improved power characteristics, set DREG and ADREG to '1', tie CED, CEAD, and RSTD to logic '0'.
Related violations: <none>

AVAL-155#63 Advisory
enum_AMULTSEL_BMULTSEL_enum_DREG_ADREG_0_connects_CED_CEAD_RSTD_GND  
design_1_i/mobilenetV2_0/inst/pad/pad_even/genblk2[5].genblk1[5].u_middle/U0/i_synth/i_synth_option.i_synth_model/opt_8series.i_uniwrap/i_primitive: DSP48E2 is not using the D port (AMULTSEL = A and BMULTSEL = B). For improved power characteristics, set DREG and ADREG to '1', tie CED, CEAD, and RSTD to logic '0'.
Related violations: <none>

AVAL-155#64 Advisory
enum_AMULTSEL_BMULTSEL_enum_DREG_ADREG_0_connects_CED_CEAD_RSTD_GND  
design_1_i/mobilenetV2_0/inst/pad/pad_even/genblk2[5].genblk1[6].u_middle/U0/i_synth/i_synth_option.i_synth_model/opt_8series.i_uniwrap/i_primitive: DSP48E2 is not using the D port (AMULTSEL = A and BMULTSEL = B). For improved power characteristics, set DREG and ADREG to '1', tie CED, CEAD, and RSTD to logic '0'.
Related violations: <none>

AVAL-155#65 Advisory
enum_AMULTSEL_BMULTSEL_enum_DREG_ADREG_0_connects_CED_CEAD_RSTD_GND  
design_1_i/mobilenetV2_0/inst/pad/pad_even/genblk2[5].u_first/U0/i_synth/i_synth_option.i_synth_model/opt_8series.i_uniwrap/i_primitive: DSP48E2 is not using the D port (AMULTSEL = A and BMULTSEL = B). For improved power characteristics, set DREG and ADREG to '1', tie CED, CEAD, and RSTD to logic '0'.
Related violations: <none>

AVAL-155#66 Advisory
enum_AMULTSEL_BMULTSEL_enum_DREG_ADREG_0_connects_CED_CEAD_RSTD_GND  
design_1_i/mobilenetV2_0/inst/pad/pad_even/genblk2[5].u_last/U0/i_synth/i_synth_option.i_synth_model/opt_8series.i_uniwrap/i_primitive: DSP48E2 is not using the D port (AMULTSEL = A and BMULTSEL = B). For improved power characteristics, set DREG and ADREG to '1', tie CED, CEAD, and RSTD to logic '0'.
Related violations: <none>

AVAL-155#67 Advisory
enum_AMULTSEL_BMULTSEL_enum_DREG_ADREG_0_connects_CED_CEAD_RSTD_GND  
design_1_i/mobilenetV2_0/inst/pad/pad_even/genblk2[6].genblk1[1].u_middle/U0/i_synth/i_synth_option.i_synth_model/opt_8series.i_uniwrap/i_primitive: DSP48E2 is not using the D port (AMULTSEL = A and BMULTSEL = B). For improved power characteristics, set DREG and ADREG to '1', tie CED, CEAD, and RSTD to logic '0'.
Related violations: <none>

AVAL-155#68 Advisory
enum_AMULTSEL_BMULTSEL_enum_DREG_ADREG_0_connects_CED_CEAD_RSTD_GND  
design_1_i/mobilenetV2_0/inst/pad/pad_even/genblk2[6].genblk1[2].u_middle/U0/i_synth/i_synth_option.i_synth_model/opt_8series.i_uniwrap/i_primitive: DSP48E2 is not using the D port (AMULTSEL = A and BMULTSEL = B). For improved power characteristics, set DREG and ADREG to '1', tie CED, CEAD, and RSTD to logic '0'.
Related violations: <none>

AVAL-155#69 Advisory
enum_AMULTSEL_BMULTSEL_enum_DREG_ADREG_0_connects_CED_CEAD_RSTD_GND  
design_1_i/mobilenetV2_0/inst/pad/pad_even/genblk2[6].genblk1[3].u_middle/U0/i_synth/i_synth_option.i_synth_model/opt_8series.i_uniwrap/i_primitive: DSP48E2 is not using the D port (AMULTSEL = A and BMULTSEL = B). For improved power characteristics, set DREG and ADREG to '1', tie CED, CEAD, and RSTD to logic '0'.
Related violations: <none>

AVAL-155#70 Advisory
enum_AMULTSEL_BMULTSEL_enum_DREG_ADREG_0_connects_CED_CEAD_RSTD_GND  
design_1_i/mobilenetV2_0/inst/pad/pad_even/genblk2[6].genblk1[4].u_middle/U0/i_synth/i_synth_option.i_synth_model/opt_8series.i_uniwrap/i_primitive: DSP48E2 is not using the D port (AMULTSEL = A and BMULTSEL = B). For improved power characteristics, set DREG and ADREG to '1', tie CED, CEAD, and RSTD to logic '0'.
Related violations: <none>

AVAL-155#71 Advisory
enum_AMULTSEL_BMULTSEL_enum_DREG_ADREG_0_connects_CED_CEAD_RSTD_GND  
design_1_i/mobilenetV2_0/inst/pad/pad_even/genblk2[6].genblk1[5].u_middle/U0/i_synth/i_synth_option.i_synth_model/opt_8series.i_uniwrap/i_primitive: DSP48E2 is not using the D port (AMULTSEL = A and BMULTSEL = B). For improved power characteristics, set DREG and ADREG to '1', tie CED, CEAD, and RSTD to logic '0'.
Related violations: <none>

AVAL-155#72 Advisory
enum_AMULTSEL_BMULTSEL_enum_DREG_ADREG_0_connects_CED_CEAD_RSTD_GND  
design_1_i/mobilenetV2_0/inst/pad/pad_even/genblk2[6].genblk1[6].u_middle/U0/i_synth/i_synth_option.i_synth_model/opt_8series.i_uniwrap/i_primitive: DSP48E2 is not using the D port (AMULTSEL = A and BMULTSEL = B). For improved power characteristics, set DREG and ADREG to '1', tie CED, CEAD, and RSTD to logic '0'.
Related violations: <none>

AVAL-155#73 Advisory
enum_AMULTSEL_BMULTSEL_enum_DREG_ADREG_0_connects_CED_CEAD_RSTD_GND  
design_1_i/mobilenetV2_0/inst/pad/pad_even/genblk2[6].u_first/U0/i_synth/i_synth_option.i_synth_model/opt_8series.i_uniwrap/i_primitive: DSP48E2 is not using the D port (AMULTSEL = A and BMULTSEL = B). For improved power characteristics, set DREG and ADREG to '1', tie CED, CEAD, and RSTD to logic '0'.
Related violations: <none>

AVAL-155#74 Advisory
enum_AMULTSEL_BMULTSEL_enum_DREG_ADREG_0_connects_CED_CEAD_RSTD_GND  
design_1_i/mobilenetV2_0/inst/pad/pad_even/genblk2[6].u_last/U0/i_synth/i_synth_option.i_synth_model/opt_8series.i_uniwrap/i_primitive: DSP48E2 is not using the D port (AMULTSEL = A and BMULTSEL = B). For improved power characteristics, set DREG and ADREG to '1', tie CED, CEAD, and RSTD to logic '0'.
Related violations: <none>

AVAL-155#75 Advisory
enum_AMULTSEL_BMULTSEL_enum_DREG_ADREG_0_connects_CED_CEAD_RSTD_GND  
design_1_i/mobilenetV2_0/inst/pad/pad_even/genblk2[7].genblk1[1].u_middle/U0/i_synth/i_synth_option.i_synth_model/opt_8series.i_uniwrap/i_primitive: DSP48E2 is not using the D port (AMULTSEL = A and BMULTSEL = B). For improved power characteristics, set DREG and ADREG to '1', tie CED, CEAD, and RSTD to logic '0'.
Related violations: <none>

AVAL-155#76 Advisory
enum_AMULTSEL_BMULTSEL_enum_DREG_ADREG_0_connects_CED_CEAD_RSTD_GND  
design_1_i/mobilenetV2_0/inst/pad/pad_even/genblk2[7].genblk1[2].u_middle/U0/i_synth/i_synth_option.i_synth_model/opt_8series.i_uniwrap/i_primitive: DSP48E2 is not using the D port (AMULTSEL = A and BMULTSEL = B). For improved power characteristics, set DREG and ADREG to '1', tie CED, CEAD, and RSTD to logic '0'.
Related violations: <none>

AVAL-155#77 Advisory
enum_AMULTSEL_BMULTSEL_enum_DREG_ADREG_0_connects_CED_CEAD_RSTD_GND  
design_1_i/mobilenetV2_0/inst/pad/pad_even/genblk2[7].genblk1[3].u_middle/U0/i_synth/i_synth_option.i_synth_model/opt_8series.i_uniwrap/i_primitive: DSP48E2 is not using the D port (AMULTSEL = A and BMULTSEL = B). For improved power characteristics, set DREG and ADREG to '1', tie CED, CEAD, and RSTD to logic '0'.
Related violations: <none>

AVAL-155#78 Advisory
enum_AMULTSEL_BMULTSEL_enum_DREG_ADREG_0_connects_CED_CEAD_RSTD_GND  
design_1_i/mobilenetV2_0/inst/pad/pad_even/genblk2[7].genblk1[4].u_middle/U0/i_synth/i_synth_option.i_synth_model/opt_8series.i_uniwrap/i_primitive: DSP48E2 is not using the D port (AMULTSEL = A and BMULTSEL = B). For improved power characteristics, set DREG and ADREG to '1', tie CED, CEAD, and RSTD to logic '0'.
Related violations: <none>

AVAL-155#79 Advisory
enum_AMULTSEL_BMULTSEL_enum_DREG_ADREG_0_connects_CED_CEAD_RSTD_GND  
design_1_i/mobilenetV2_0/inst/pad/pad_even/genblk2[7].genblk1[5].u_middle/U0/i_synth/i_synth_option.i_synth_model/opt_8series.i_uniwrap/i_primitive: DSP48E2 is not using the D port (AMULTSEL = A and BMULTSEL = B). For improved power characteristics, set DREG and ADREG to '1', tie CED, CEAD, and RSTD to logic '0'.
Related violations: <none>

AVAL-155#80 Advisory
enum_AMULTSEL_BMULTSEL_enum_DREG_ADREG_0_connects_CED_CEAD_RSTD_GND  
design_1_i/mobilenetV2_0/inst/pad/pad_even/genblk2[7].genblk1[6].u_middle/U0/i_synth/i_synth_option.i_synth_model/opt_8series.i_uniwrap/i_primitive: DSP48E2 is not using the D port (AMULTSEL = A and BMULTSEL = B). For improved power characteristics, set DREG and ADREG to '1', tie CED, CEAD, and RSTD to logic '0'.
Related violations: <none>

AVAL-155#81 Advisory
enum_AMULTSEL_BMULTSEL_enum_DREG_ADREG_0_connects_CED_CEAD_RSTD_GND  
design_1_i/mobilenetV2_0/inst/pad/pad_even/genblk2[7].u_first/U0/i_synth/i_synth_option.i_synth_model/opt_8series.i_uniwrap/i_primitive: DSP48E2 is not using the D port (AMULTSEL = A and BMULTSEL = B). For improved power characteristics, set DREG and ADREG to '1', tie CED, CEAD, and RSTD to logic '0'.
Related violations: <none>

AVAL-155#82 Advisory
enum_AMULTSEL_BMULTSEL_enum_DREG_ADREG_0_connects_CED_CEAD_RSTD_GND  
design_1_i/mobilenetV2_0/inst/pad/pad_even/genblk2[7].u_last/U0/i_synth/i_synth_option.i_synth_model/opt_8series.i_uniwrap/i_primitive: DSP48E2 is not using the D port (AMULTSEL = A and BMULTSEL = B). For improved power characteristics, set DREG and ADREG to '1', tie CED, CEAD, and RSTD to logic '0'.
Related violations: <none>

AVAL-155#83 Advisory
enum_AMULTSEL_BMULTSEL_enum_DREG_ADREG_0_connects_CED_CEAD_RSTD_GND  
design_1_i/mobilenetV2_0/inst/pad/pad_odd/genblk2[0].genblk1[1].u_middle/U0/i_synth/i_synth_option.i_synth_model/opt_8series.i_uniwrap/i_primitive: DSP48E2 is not using the D port (AMULTSEL = A and BMULTSEL = B). For improved power characteristics, set DREG and ADREG to '1', tie CED, CEAD, and RSTD to logic '0'.
Related violations: <none>

AVAL-155#84 Advisory
enum_AMULTSEL_BMULTSEL_enum_DREG_ADREG_0_connects_CED_CEAD_RSTD_GND  
design_1_i/mobilenetV2_0/inst/pad/pad_odd/genblk2[0].genblk1[2].u_middle/U0/i_synth/i_synth_option.i_synth_model/opt_8series.i_uniwrap/i_primitive: DSP48E2 is not using the D port (AMULTSEL = A and BMULTSEL = B). For improved power characteristics, set DREG and ADREG to '1', tie CED, CEAD, and RSTD to logic '0'.
Related violations: <none>

AVAL-155#85 Advisory
enum_AMULTSEL_BMULTSEL_enum_DREG_ADREG_0_connects_CED_CEAD_RSTD_GND  
design_1_i/mobilenetV2_0/inst/pad/pad_odd/genblk2[0].genblk1[3].u_middle/U0/i_synth/i_synth_option.i_synth_model/opt_8series.i_uniwrap/i_primitive: DSP48E2 is not using the D port (AMULTSEL = A and BMULTSEL = B). For improved power characteristics, set DREG and ADREG to '1', tie CED, CEAD, and RSTD to logic '0'.
Related violations: <none>

AVAL-155#86 Advisory
enum_AMULTSEL_BMULTSEL_enum_DREG_ADREG_0_connects_CED_CEAD_RSTD_GND  
design_1_i/mobilenetV2_0/inst/pad/pad_odd/genblk2[0].genblk1[4].u_middle/U0/i_synth/i_synth_option.i_synth_model/opt_8series.i_uniwrap/i_primitive: DSP48E2 is not using the D port (AMULTSEL = A and BMULTSEL = B). For improved power characteristics, set DREG and ADREG to '1', tie CED, CEAD, and RSTD to logic '0'.
Related violations: <none>

AVAL-155#87 Advisory
enum_AMULTSEL_BMULTSEL_enum_DREG_ADREG_0_connects_CED_CEAD_RSTD_GND  
design_1_i/mobilenetV2_0/inst/pad/pad_odd/genblk2[0].genblk1[5].u_middle/U0/i_synth/i_synth_option.i_synth_model/opt_8series.i_uniwrap/i_primitive: DSP48E2 is not using the D port (AMULTSEL = A and BMULTSEL = B). For improved power characteristics, set DREG and ADREG to '1', tie CED, CEAD, and RSTD to logic '0'.
Related violations: <none>

AVAL-155#88 Advisory
enum_AMULTSEL_BMULTSEL_enum_DREG_ADREG_0_connects_CED_CEAD_RSTD_GND  
design_1_i/mobilenetV2_0/inst/pad/pad_odd/genblk2[0].genblk1[6].u_middle/U0/i_synth/i_synth_option.i_synth_model/opt_8series.i_uniwrap/i_primitive: DSP48E2 is not using the D port (AMULTSEL = A and BMULTSEL = B). For improved power characteristics, set DREG and ADREG to '1', tie CED, CEAD, and RSTD to logic '0'.
Related violations: <none>

AVAL-155#89 Advisory
enum_AMULTSEL_BMULTSEL_enum_DREG_ADREG_0_connects_CED_CEAD_RSTD_GND  
design_1_i/mobilenetV2_0/inst/pad/pad_odd/genblk2[0].u_first/U0/i_synth/i_synth_option.i_synth_model/opt_8series.i_uniwrap/i_primitive: DSP48E2 is not using the D port (AMULTSEL = A and BMULTSEL = B). For improved power characteristics, set DREG and ADREG to '1', tie CED, CEAD, and RSTD to logic '0'.
Related violations: <none>

AVAL-155#90 Advisory
enum_AMULTSEL_BMULTSEL_enum_DREG_ADREG_0_connects_CED_CEAD_RSTD_GND  
design_1_i/mobilenetV2_0/inst/pad/pad_odd/genblk2[0].u_last/U0/i_synth/i_synth_option.i_synth_model/opt_8series.i_uniwrap/i_primitive: DSP48E2 is not using the D port (AMULTSEL = A and BMULTSEL = B). For improved power characteristics, set DREG and ADREG to '1', tie CED, CEAD, and RSTD to logic '0'.
Related violations: <none>

AVAL-155#91 Advisory
enum_AMULTSEL_BMULTSEL_enum_DREG_ADREG_0_connects_CED_CEAD_RSTD_GND  
design_1_i/mobilenetV2_0/inst/pad/pad_odd/genblk2[1].genblk1[1].u_middle/U0/i_synth/i_synth_option.i_synth_model/opt_8series.i_uniwrap/i_primitive: DSP48E2 is not using the D port (AMULTSEL = A and BMULTSEL = B). For improved power characteristics, set DREG and ADREG to '1', tie CED, CEAD, and RSTD to logic '0'.
Related violations: <none>

AVAL-155#92 Advisory
enum_AMULTSEL_BMULTSEL_enum_DREG_ADREG_0_connects_CED_CEAD_RSTD_GND  
design_1_i/mobilenetV2_0/inst/pad/pad_odd/genblk2[1].genblk1[2].u_middle/U0/i_synth/i_synth_option.i_synth_model/opt_8series.i_uniwrap/i_primitive: DSP48E2 is not using the D port (AMULTSEL = A and BMULTSEL = B). For improved power characteristics, set DREG and ADREG to '1', tie CED, CEAD, and RSTD to logic '0'.
Related violations: <none>

AVAL-155#93 Advisory
enum_AMULTSEL_BMULTSEL_enum_DREG_ADREG_0_connects_CED_CEAD_RSTD_GND  
design_1_i/mobilenetV2_0/inst/pad/pad_odd/genblk2[1].genblk1[3].u_middle/U0/i_synth/i_synth_option.i_synth_model/opt_8series.i_uniwrap/i_primitive: DSP48E2 is not using the D port (AMULTSEL = A and BMULTSEL = B). For improved power characteristics, set DREG and ADREG to '1', tie CED, CEAD, and RSTD to logic '0'.
Related violations: <none>

AVAL-155#94 Advisory
enum_AMULTSEL_BMULTSEL_enum_DREG_ADREG_0_connects_CED_CEAD_RSTD_GND  
design_1_i/mobilenetV2_0/inst/pad/pad_odd/genblk2[1].genblk1[4].u_middle/U0/i_synth/i_synth_option.i_synth_model/opt_8series.i_uniwrap/i_primitive: DSP48E2 is not using the D port (AMULTSEL = A and BMULTSEL = B). For improved power characteristics, set DREG and ADREG to '1', tie CED, CEAD, and RSTD to logic '0'.
Related violations: <none>

AVAL-155#95 Advisory
enum_AMULTSEL_BMULTSEL_enum_DREG_ADREG_0_connects_CED_CEAD_RSTD_GND  
design_1_i/mobilenetV2_0/inst/pad/pad_odd/genblk2[1].genblk1[5].u_middle/U0/i_synth/i_synth_option.i_synth_model/opt_8series.i_uniwrap/i_primitive: DSP48E2 is not using the D port (AMULTSEL = A and BMULTSEL = B). For improved power characteristics, set DREG and ADREG to '1', tie CED, CEAD, and RSTD to logic '0'.
Related violations: <none>

AVAL-155#96 Advisory
enum_AMULTSEL_BMULTSEL_enum_DREG_ADREG_0_connects_CED_CEAD_RSTD_GND  
design_1_i/mobilenetV2_0/inst/pad/pad_odd/genblk2[1].genblk1[6].u_middle/U0/i_synth/i_synth_option.i_synth_model/opt_8series.i_uniwrap/i_primitive: DSP48E2 is not using the D port (AMULTSEL = A and BMULTSEL = B). For improved power characteristics, set DREG and ADREG to '1', tie CED, CEAD, and RSTD to logic '0'.
Related violations: <none>

AVAL-155#97 Advisory
enum_AMULTSEL_BMULTSEL_enum_DREG_ADREG_0_connects_CED_CEAD_RSTD_GND  
design_1_i/mobilenetV2_0/inst/pad/pad_odd/genblk2[1].u_first/U0/i_synth/i_synth_option.i_synth_model/opt_8series.i_uniwrap/i_primitive: DSP48E2 is not using the D port (AMULTSEL = A and BMULTSEL = B). For improved power characteristics, set DREG and ADREG to '1', tie CED, CEAD, and RSTD to logic '0'.
Related violations: <none>

AVAL-155#98 Advisory
enum_AMULTSEL_BMULTSEL_enum_DREG_ADREG_0_connects_CED_CEAD_RSTD_GND  
design_1_i/mobilenetV2_0/inst/pad/pad_odd/genblk2[1].u_last/U0/i_synth/i_synth_option.i_synth_model/opt_8series.i_uniwrap/i_primitive: DSP48E2 is not using the D port (AMULTSEL = A and BMULTSEL = B). For improved power characteristics, set DREG and ADREG to '1', tie CED, CEAD, and RSTD to logic '0'.
Related violations: <none>

AVAL-155#99 Advisory
enum_AMULTSEL_BMULTSEL_enum_DREG_ADREG_0_connects_CED_CEAD_RSTD_GND  
design_1_i/mobilenetV2_0/inst/pad/pad_odd/genblk2[2].genblk1[1].u_middle/U0/i_synth/i_synth_option.i_synth_model/opt_8series.i_uniwrap/i_primitive: DSP48E2 is not using the D port (AMULTSEL = A and BMULTSEL = B). For improved power characteristics, set DREG and ADREG to '1', tie CED, CEAD, and RSTD to logic '0'.
Related violations: <none>

AVAL-155#100 Advisory
enum_AMULTSEL_BMULTSEL_enum_DREG_ADREG_0_connects_CED_CEAD_RSTD_GND  
design_1_i/mobilenetV2_0/inst/pad/pad_odd/genblk2[2].genblk1[2].u_middle/U0/i_synth/i_synth_option.i_synth_model/opt_8series.i_uniwrap/i_primitive: DSP48E2 is not using the D port (AMULTSEL = A and BMULTSEL = B). For improved power characteristics, set DREG and ADREG to '1', tie CED, CEAD, and RSTD to logic '0'.
Related violations: <none>

AVAL-155#101 Advisory
enum_AMULTSEL_BMULTSEL_enum_DREG_ADREG_0_connects_CED_CEAD_RSTD_GND  
design_1_i/mobilenetV2_0/inst/pad/pad_odd/genblk2[2].genblk1[3].u_middle/U0/i_synth/i_synth_option.i_synth_model/opt_8series.i_uniwrap/i_primitive: DSP48E2 is not using the D port (AMULTSEL = A and BMULTSEL = B). For improved power characteristics, set DREG and ADREG to '1', tie CED, CEAD, and RSTD to logic '0'.
Related violations: <none>

AVAL-155#102 Advisory
enum_AMULTSEL_BMULTSEL_enum_DREG_ADREG_0_connects_CED_CEAD_RSTD_GND  
design_1_i/mobilenetV2_0/inst/pad/pad_odd/genblk2[2].genblk1[4].u_middle/U0/i_synth/i_synth_option.i_synth_model/opt_8series.i_uniwrap/i_primitive: DSP48E2 is not using the D port (AMULTSEL = A and BMULTSEL = B). For improved power characteristics, set DREG and ADREG to '1', tie CED, CEAD, and RSTD to logic '0'.
Related violations: <none>

AVAL-155#103 Advisory
enum_AMULTSEL_BMULTSEL_enum_DREG_ADREG_0_connects_CED_CEAD_RSTD_GND  
design_1_i/mobilenetV2_0/inst/pad/pad_odd/genblk2[2].genblk1[5].u_middle/U0/i_synth/i_synth_option.i_synth_model/opt_8series.i_uniwrap/i_primitive: DSP48E2 is not using the D port (AMULTSEL = A and BMULTSEL = B). For improved power characteristics, set DREG and ADREG to '1', tie CED, CEAD, and RSTD to logic '0'.
Related violations: <none>

AVAL-155#104 Advisory
enum_AMULTSEL_BMULTSEL_enum_DREG_ADREG_0_connects_CED_CEAD_RSTD_GND  
design_1_i/mobilenetV2_0/inst/pad/pad_odd/genblk2[2].genblk1[6].u_middle/U0/i_synth/i_synth_option.i_synth_model/opt_8series.i_uniwrap/i_primitive: DSP48E2 is not using the D port (AMULTSEL = A and BMULTSEL = B). For improved power characteristics, set DREG and ADREG to '1', tie CED, CEAD, and RSTD to logic '0'.
Related violations: <none>

AVAL-155#105 Advisory
enum_AMULTSEL_BMULTSEL_enum_DREG_ADREG_0_connects_CED_CEAD_RSTD_GND  
design_1_i/mobilenetV2_0/inst/pad/pad_odd/genblk2[2].u_first/U0/i_synth/i_synth_option.i_synth_model/opt_8series.i_uniwrap/i_primitive: DSP48E2 is not using the D port (AMULTSEL = A and BMULTSEL = B). For improved power characteristics, set DREG and ADREG to '1', tie CED, CEAD, and RSTD to logic '0'.
Related violations: <none>

AVAL-155#106 Advisory
enum_AMULTSEL_BMULTSEL_enum_DREG_ADREG_0_connects_CED_CEAD_RSTD_GND  
design_1_i/mobilenetV2_0/inst/pad/pad_odd/genblk2[2].u_last/U0/i_synth/i_synth_option.i_synth_model/opt_8series.i_uniwrap/i_primitive: DSP48E2 is not using the D port (AMULTSEL = A and BMULTSEL = B). For improved power characteristics, set DREG and ADREG to '1', tie CED, CEAD, and RSTD to logic '0'.
Related violations: <none>

AVAL-155#107 Advisory
enum_AMULTSEL_BMULTSEL_enum_DREG_ADREG_0_connects_CED_CEAD_RSTD_GND  
design_1_i/mobilenetV2_0/inst/pad/pad_odd/genblk2[3].genblk1[1].u_middle/U0/i_synth/i_synth_option.i_synth_model/opt_8series.i_uniwrap/i_primitive: DSP48E2 is not using the D port (AMULTSEL = A and BMULTSEL = B). For improved power characteristics, set DREG and ADREG to '1', tie CED, CEAD, and RSTD to logic '0'.
Related violations: <none>

AVAL-155#108 Advisory
enum_AMULTSEL_BMULTSEL_enum_DREG_ADREG_0_connects_CED_CEAD_RSTD_GND  
design_1_i/mobilenetV2_0/inst/pad/pad_odd/genblk2[3].genblk1[2].u_middle/U0/i_synth/i_synth_option.i_synth_model/opt_8series.i_uniwrap/i_primitive: DSP48E2 is not using the D port (AMULTSEL = A and BMULTSEL = B). For improved power characteristics, set DREG and ADREG to '1', tie CED, CEAD, and RSTD to logic '0'.
Related violations: <none>

AVAL-155#109 Advisory
enum_AMULTSEL_BMULTSEL_enum_DREG_ADREG_0_connects_CED_CEAD_RSTD_GND  
design_1_i/mobilenetV2_0/inst/pad/pad_odd/genblk2[3].genblk1[3].u_middle/U0/i_synth/i_synth_option.i_synth_model/opt_8series.i_uniwrap/i_primitive: DSP48E2 is not using the D port (AMULTSEL = A and BMULTSEL = B). For improved power characteristics, set DREG and ADREG to '1', tie CED, CEAD, and RSTD to logic '0'.
Related violations: <none>

AVAL-155#110 Advisory
enum_AMULTSEL_BMULTSEL_enum_DREG_ADREG_0_connects_CED_CEAD_RSTD_GND  
design_1_i/mobilenetV2_0/inst/pad/pad_odd/genblk2[3].genblk1[4].u_middle/U0/i_synth/i_synth_option.i_synth_model/opt_8series.i_uniwrap/i_primitive: DSP48E2 is not using the D port (AMULTSEL = A and BMULTSEL = B). For improved power characteristics, set DREG and ADREG to '1', tie CED, CEAD, and RSTD to logic '0'.
Related violations: <none>

AVAL-155#111 Advisory
enum_AMULTSEL_BMULTSEL_enum_DREG_ADREG_0_connects_CED_CEAD_RSTD_GND  
design_1_i/mobilenetV2_0/inst/pad/pad_odd/genblk2[3].genblk1[5].u_middle/U0/i_synth/i_synth_option.i_synth_model/opt_8series.i_uniwrap/i_primitive: DSP48E2 is not using the D port (AMULTSEL = A and BMULTSEL = B). For improved power characteristics, set DREG and ADREG to '1', tie CED, CEAD, and RSTD to logic '0'.
Related violations: <none>

AVAL-155#112 Advisory
enum_AMULTSEL_BMULTSEL_enum_DREG_ADREG_0_connects_CED_CEAD_RSTD_GND  
design_1_i/mobilenetV2_0/inst/pad/pad_odd/genblk2[3].genblk1[6].u_middle/U0/i_synth/i_synth_option.i_synth_model/opt_8series.i_uniwrap/i_primitive: DSP48E2 is not using the D port (AMULTSEL = A and BMULTSEL = B). For improved power characteristics, set DREG and ADREG to '1', tie CED, CEAD, and RSTD to logic '0'.
Related violations: <none>

AVAL-155#113 Advisory
enum_AMULTSEL_BMULTSEL_enum_DREG_ADREG_0_connects_CED_CEAD_RSTD_GND  
design_1_i/mobilenetV2_0/inst/pad/pad_odd/genblk2[3].u_first/U0/i_synth/i_synth_option.i_synth_model/opt_8series.i_uniwrap/i_primitive: DSP48E2 is not using the D port (AMULTSEL = A and BMULTSEL = B). For improved power characteristics, set DREG and ADREG to '1', tie CED, CEAD, and RSTD to logic '0'.
Related violations: <none>

AVAL-155#114 Advisory
enum_AMULTSEL_BMULTSEL_enum_DREG_ADREG_0_connects_CED_CEAD_RSTD_GND  
design_1_i/mobilenetV2_0/inst/pad/pad_odd/genblk2[3].u_last/U0/i_synth/i_synth_option.i_synth_model/opt_8series.i_uniwrap/i_primitive: DSP48E2 is not using the D port (AMULTSEL = A and BMULTSEL = B). For improved power characteristics, set DREG and ADREG to '1', tie CED, CEAD, and RSTD to logic '0'.
Related violations: <none>

AVAL-155#115 Advisory
enum_AMULTSEL_BMULTSEL_enum_DREG_ADREG_0_connects_CED_CEAD_RSTD_GND  
design_1_i/mobilenetV2_0/inst/pad/pad_odd/genblk2[4].genblk1[1].u_middle/U0/i_synth/i_synth_option.i_synth_model/opt_8series.i_uniwrap/i_primitive: DSP48E2 is not using the D port (AMULTSEL = A and BMULTSEL = B). For improved power characteristics, set DREG and ADREG to '1', tie CED, CEAD, and RSTD to logic '0'.
Related violations: <none>

AVAL-155#116 Advisory
enum_AMULTSEL_BMULTSEL_enum_DREG_ADREG_0_connects_CED_CEAD_RSTD_GND  
design_1_i/mobilenetV2_0/inst/pad/pad_odd/genblk2[4].genblk1[2].u_middle/U0/i_synth/i_synth_option.i_synth_model/opt_8series.i_uniwrap/i_primitive: DSP48E2 is not using the D port (AMULTSEL = A and BMULTSEL = B). For improved power characteristics, set DREG and ADREG to '1', tie CED, CEAD, and RSTD to logic '0'.
Related violations: <none>

AVAL-155#117 Advisory
enum_AMULTSEL_BMULTSEL_enum_DREG_ADREG_0_connects_CED_CEAD_RSTD_GND  
design_1_i/mobilenetV2_0/inst/pad/pad_odd/genblk2[4].genblk1[3].u_middle/U0/i_synth/i_synth_option.i_synth_model/opt_8series.i_uniwrap/i_primitive: DSP48E2 is not using the D port (AMULTSEL = A and BMULTSEL = B). For improved power characteristics, set DREG and ADREG to '1', tie CED, CEAD, and RSTD to logic '0'.
Related violations: <none>

AVAL-155#118 Advisory
enum_AMULTSEL_BMULTSEL_enum_DREG_ADREG_0_connects_CED_CEAD_RSTD_GND  
design_1_i/mobilenetV2_0/inst/pad/pad_odd/genblk2[4].genblk1[4].u_middle/U0/i_synth/i_synth_option.i_synth_model/opt_8series.i_uniwrap/i_primitive: DSP48E2 is not using the D port (AMULTSEL = A and BMULTSEL = B). For improved power characteristics, set DREG and ADREG to '1', tie CED, CEAD, and RSTD to logic '0'.
Related violations: <none>

AVAL-155#119 Advisory
enum_AMULTSEL_BMULTSEL_enum_DREG_ADREG_0_connects_CED_CEAD_RSTD_GND  
design_1_i/mobilenetV2_0/inst/pad/pad_odd/genblk2[4].genblk1[5].u_middle/U0/i_synth/i_synth_option.i_synth_model/opt_8series.i_uniwrap/i_primitive: DSP48E2 is not using the D port (AMULTSEL = A and BMULTSEL = B). For improved power characteristics, set DREG and ADREG to '1', tie CED, CEAD, and RSTD to logic '0'.
Related violations: <none>

AVAL-155#120 Advisory
enum_AMULTSEL_BMULTSEL_enum_DREG_ADREG_0_connects_CED_CEAD_RSTD_GND  
design_1_i/mobilenetV2_0/inst/pad/pad_odd/genblk2[4].genblk1[6].u_middle/U0/i_synth/i_synth_option.i_synth_model/opt_8series.i_uniwrap/i_primitive: DSP48E2 is not using the D port (AMULTSEL = A and BMULTSEL = B). For improved power characteristics, set DREG and ADREG to '1', tie CED, CEAD, and RSTD to logic '0'.
Related violations: <none>

AVAL-155#121 Advisory
enum_AMULTSEL_BMULTSEL_enum_DREG_ADREG_0_connects_CED_CEAD_RSTD_GND  
design_1_i/mobilenetV2_0/inst/pad/pad_odd/genblk2[4].u_first/U0/i_synth/i_synth_option.i_synth_model/opt_8series.i_uniwrap/i_primitive: DSP48E2 is not using the D port (AMULTSEL = A and BMULTSEL = B). For improved power characteristics, set DREG and ADREG to '1', tie CED, CEAD, and RSTD to logic '0'.
Related violations: <none>

AVAL-155#122 Advisory
enum_AMULTSEL_BMULTSEL_enum_DREG_ADREG_0_connects_CED_CEAD_RSTD_GND  
design_1_i/mobilenetV2_0/inst/pad/pad_odd/genblk2[4].u_last/U0/i_synth/i_synth_option.i_synth_model/opt_8series.i_uniwrap/i_primitive: DSP48E2 is not using the D port (AMULTSEL = A and BMULTSEL = B). For improved power characteristics, set DREG and ADREG to '1', tie CED, CEAD, and RSTD to logic '0'.
Related violations: <none>

AVAL-155#123 Advisory
enum_AMULTSEL_BMULTSEL_enum_DREG_ADREG_0_connects_CED_CEAD_RSTD_GND  
design_1_i/mobilenetV2_0/inst/pad/pad_odd/genblk2[5].genblk1[1].u_middle/U0/i_synth/i_synth_option.i_synth_model/opt_8series.i_uniwrap/i_primitive: DSP48E2 is not using the D port (AMULTSEL = A and BMULTSEL = B). For improved power characteristics, set DREG and ADREG to '1', tie CED, CEAD, and RSTD to logic '0'.
Related violations: <none>

AVAL-155#124 Advisory
enum_AMULTSEL_BMULTSEL_enum_DREG_ADREG_0_connects_CED_CEAD_RSTD_GND  
design_1_i/mobilenetV2_0/inst/pad/pad_odd/genblk2[5].genblk1[2].u_middle/U0/i_synth/i_synth_option.i_synth_model/opt_8series.i_uniwrap/i_primitive: DSP48E2 is not using the D port (AMULTSEL = A and BMULTSEL = B). For improved power characteristics, set DREG and ADREG to '1', tie CED, CEAD, and RSTD to logic '0'.
Related violations: <none>

AVAL-155#125 Advisory
enum_AMULTSEL_BMULTSEL_enum_DREG_ADREG_0_connects_CED_CEAD_RSTD_GND  
design_1_i/mobilenetV2_0/inst/pad/pad_odd/genblk2[5].genblk1[3].u_middle/U0/i_synth/i_synth_option.i_synth_model/opt_8series.i_uniwrap/i_primitive: DSP48E2 is not using the D port (AMULTSEL = A and BMULTSEL = B). For improved power characteristics, set DREG and ADREG to '1', tie CED, CEAD, and RSTD to logic '0'.
Related violations: <none>

AVAL-155#126 Advisory
enum_AMULTSEL_BMULTSEL_enum_DREG_ADREG_0_connects_CED_CEAD_RSTD_GND  
design_1_i/mobilenetV2_0/inst/pad/pad_odd/genblk2[5].genblk1[4].u_middle/U0/i_synth/i_synth_option.i_synth_model/opt_8series.i_uniwrap/i_primitive: DSP48E2 is not using the D port (AMULTSEL = A and BMULTSEL = B). For improved power characteristics, set DREG and ADREG to '1', tie CED, CEAD, and RSTD to logic '0'.
Related violations: <none>

AVAL-155#127 Advisory
enum_AMULTSEL_BMULTSEL_enum_DREG_ADREG_0_connects_CED_CEAD_RSTD_GND  
design_1_i/mobilenetV2_0/inst/pad/pad_odd/genblk2[5].genblk1[5].u_middle/U0/i_synth/i_synth_option.i_synth_model/opt_8series.i_uniwrap/i_primitive: DSP48E2 is not using the D port (AMULTSEL = A and BMULTSEL = B). For improved power characteristics, set DREG and ADREG to '1', tie CED, CEAD, and RSTD to logic '0'.
Related violations: <none>

AVAL-155#128 Advisory
enum_AMULTSEL_BMULTSEL_enum_DREG_ADREG_0_connects_CED_CEAD_RSTD_GND  
design_1_i/mobilenetV2_0/inst/pad/pad_odd/genblk2[5].genblk1[6].u_middle/U0/i_synth/i_synth_option.i_synth_model/opt_8series.i_uniwrap/i_primitive: DSP48E2 is not using the D port (AMULTSEL = A and BMULTSEL = B). For improved power characteristics, set DREG and ADREG to '1', tie CED, CEAD, and RSTD to logic '0'.
Related violations: <none>

AVAL-155#129 Advisory
enum_AMULTSEL_BMULTSEL_enum_DREG_ADREG_0_connects_CED_CEAD_RSTD_GND  
design_1_i/mobilenetV2_0/inst/pad/pad_odd/genblk2[5].u_first/U0/i_synth/i_synth_option.i_synth_model/opt_8series.i_uniwrap/i_primitive: DSP48E2 is not using the D port (AMULTSEL = A and BMULTSEL = B). For improved power characteristics, set DREG and ADREG to '1', tie CED, CEAD, and RSTD to logic '0'.
Related violations: <none>

AVAL-155#130 Advisory
enum_AMULTSEL_BMULTSEL_enum_DREG_ADREG_0_connects_CED_CEAD_RSTD_GND  
design_1_i/mobilenetV2_0/inst/pad/pad_odd/genblk2[5].u_last/U0/i_synth/i_synth_option.i_synth_model/opt_8series.i_uniwrap/i_primitive: DSP48E2 is not using the D port (AMULTSEL = A and BMULTSEL = B). For improved power characteristics, set DREG and ADREG to '1', tie CED, CEAD, and RSTD to logic '0'.
Related violations: <none>

AVAL-155#131 Advisory
enum_AMULTSEL_BMULTSEL_enum_DREG_ADREG_0_connects_CED_CEAD_RSTD_GND  
design_1_i/mobilenetV2_0/inst/pad/pad_odd/genblk2[6].genblk1[1].u_middle/U0/i_synth/i_synth_option.i_synth_model/opt_8series.i_uniwrap/i_primitive: DSP48E2 is not using the D port (AMULTSEL = A and BMULTSEL = B). For improved power characteristics, set DREG and ADREG to '1', tie CED, CEAD, and RSTD to logic '0'.
Related violations: <none>

AVAL-155#132 Advisory
enum_AMULTSEL_BMULTSEL_enum_DREG_ADREG_0_connects_CED_CEAD_RSTD_GND  
design_1_i/mobilenetV2_0/inst/pad/pad_odd/genblk2[6].genblk1[2].u_middle/U0/i_synth/i_synth_option.i_synth_model/opt_8series.i_uniwrap/i_primitive: DSP48E2 is not using the D port (AMULTSEL = A and BMULTSEL = B). For improved power characteristics, set DREG and ADREG to '1', tie CED, CEAD, and RSTD to logic '0'.
Related violations: <none>

AVAL-155#133 Advisory
enum_AMULTSEL_BMULTSEL_enum_DREG_ADREG_0_connects_CED_CEAD_RSTD_GND  
design_1_i/mobilenetV2_0/inst/pad/pad_odd/genblk2[6].genblk1[3].u_middle/U0/i_synth/i_synth_option.i_synth_model/opt_8series.i_uniwrap/i_primitive: DSP48E2 is not using the D port (AMULTSEL = A and BMULTSEL = B). For improved power characteristics, set DREG and ADREG to '1', tie CED, CEAD, and RSTD to logic '0'.
Related violations: <none>

AVAL-155#134 Advisory
enum_AMULTSEL_BMULTSEL_enum_DREG_ADREG_0_connects_CED_CEAD_RSTD_GND  
design_1_i/mobilenetV2_0/inst/pad/pad_odd/genblk2[6].genblk1[4].u_middle/U0/i_synth/i_synth_option.i_synth_model/opt_8series.i_uniwrap/i_primitive: DSP48E2 is not using the D port (AMULTSEL = A and BMULTSEL = B). For improved power characteristics, set DREG and ADREG to '1', tie CED, CEAD, and RSTD to logic '0'.
Related violations: <none>

AVAL-155#135 Advisory
enum_AMULTSEL_BMULTSEL_enum_DREG_ADREG_0_connects_CED_CEAD_RSTD_GND  
design_1_i/mobilenetV2_0/inst/pad/pad_odd/genblk2[6].genblk1[5].u_middle/U0/i_synth/i_synth_option.i_synth_model/opt_8series.i_uniwrap/i_primitive: DSP48E2 is not using the D port (AMULTSEL = A and BMULTSEL = B). For improved power characteristics, set DREG and ADREG to '1', tie CED, CEAD, and RSTD to logic '0'.
Related violations: <none>

AVAL-155#136 Advisory
enum_AMULTSEL_BMULTSEL_enum_DREG_ADREG_0_connects_CED_CEAD_RSTD_GND  
design_1_i/mobilenetV2_0/inst/pad/pad_odd/genblk2[6].genblk1[6].u_middle/U0/i_synth/i_synth_option.i_synth_model/opt_8series.i_uniwrap/i_primitive: DSP48E2 is not using the D port (AMULTSEL = A and BMULTSEL = B). For improved power characteristics, set DREG and ADREG to '1', tie CED, CEAD, and RSTD to logic '0'.
Related violations: <none>

AVAL-155#137 Advisory
enum_AMULTSEL_BMULTSEL_enum_DREG_ADREG_0_connects_CED_CEAD_RSTD_GND  
design_1_i/mobilenetV2_0/inst/pad/pad_odd/genblk2[6].u_first/U0/i_synth/i_synth_option.i_synth_model/opt_8series.i_uniwrap/i_primitive: DSP48E2 is not using the D port (AMULTSEL = A and BMULTSEL = B). For improved power characteristics, set DREG and ADREG to '1', tie CED, CEAD, and RSTD to logic '0'.
Related violations: <none>

AVAL-155#138 Advisory
enum_AMULTSEL_BMULTSEL_enum_DREG_ADREG_0_connects_CED_CEAD_RSTD_GND  
design_1_i/mobilenetV2_0/inst/pad/pad_odd/genblk2[6].u_last/U0/i_synth/i_synth_option.i_synth_model/opt_8series.i_uniwrap/i_primitive: DSP48E2 is not using the D port (AMULTSEL = A and BMULTSEL = B). For improved power characteristics, set DREG and ADREG to '1', tie CED, CEAD, and RSTD to logic '0'.
Related violations: <none>

AVAL-155#139 Advisory
enum_AMULTSEL_BMULTSEL_enum_DREG_ADREG_0_connects_CED_CEAD_RSTD_GND  
design_1_i/mobilenetV2_0/inst/pad/pad_odd/genblk2[7].genblk1[1].u_middle/U0/i_synth/i_synth_option.i_synth_model/opt_8series.i_uniwrap/i_primitive: DSP48E2 is not using the D port (AMULTSEL = A and BMULTSEL = B). For improved power characteristics, set DREG and ADREG to '1', tie CED, CEAD, and RSTD to logic '0'.
Related violations: <none>

AVAL-155#140 Advisory
enum_AMULTSEL_BMULTSEL_enum_DREG_ADREG_0_connects_CED_CEAD_RSTD_GND  
design_1_i/mobilenetV2_0/inst/pad/pad_odd/genblk2[7].genblk1[2].u_middle/U0/i_synth/i_synth_option.i_synth_model/opt_8series.i_uniwrap/i_primitive: DSP48E2 is not using the D port (AMULTSEL = A and BMULTSEL = B). For improved power characteristics, set DREG and ADREG to '1', tie CED, CEAD, and RSTD to logic '0'.
Related violations: <none>

AVAL-155#141 Advisory
enum_AMULTSEL_BMULTSEL_enum_DREG_ADREG_0_connects_CED_CEAD_RSTD_GND  
design_1_i/mobilenetV2_0/inst/pad/pad_odd/genblk2[7].genblk1[3].u_middle/U0/i_synth/i_synth_option.i_synth_model/opt_8series.i_uniwrap/i_primitive: DSP48E2 is not using the D port (AMULTSEL = A and BMULTSEL = B). For improved power characteristics, set DREG and ADREG to '1', tie CED, CEAD, and RSTD to logic '0'.
Related violations: <none>

AVAL-155#142 Advisory
enum_AMULTSEL_BMULTSEL_enum_DREG_ADREG_0_connects_CED_CEAD_RSTD_GND  
design_1_i/mobilenetV2_0/inst/pad/pad_odd/genblk2[7].genblk1[4].u_middle/U0/i_synth/i_synth_option.i_synth_model/opt_8series.i_uniwrap/i_primitive: DSP48E2 is not using the D port (AMULTSEL = A and BMULTSEL = B). For improved power characteristics, set DREG and ADREG to '1', tie CED, CEAD, and RSTD to logic '0'.
Related violations: <none>

AVAL-155#143 Advisory
enum_AMULTSEL_BMULTSEL_enum_DREG_ADREG_0_connects_CED_CEAD_RSTD_GND  
design_1_i/mobilenetV2_0/inst/pad/pad_odd/genblk2[7].genblk1[5].u_middle/U0/i_synth/i_synth_option.i_synth_model/opt_8series.i_uniwrap/i_primitive: DSP48E2 is not using the D port (AMULTSEL = A and BMULTSEL = B). For improved power characteristics, set DREG and ADREG to '1', tie CED, CEAD, and RSTD to logic '0'.
Related violations: <none>

AVAL-155#144 Advisory
enum_AMULTSEL_BMULTSEL_enum_DREG_ADREG_0_connects_CED_CEAD_RSTD_GND  
design_1_i/mobilenetV2_0/inst/pad/pad_odd/genblk2[7].genblk1[6].u_middle/U0/i_synth/i_synth_option.i_synth_model/opt_8series.i_uniwrap/i_primitive: DSP48E2 is not using the D port (AMULTSEL = A and BMULTSEL = B). For improved power characteristics, set DREG and ADREG to '1', tie CED, CEAD, and RSTD to logic '0'.
Related violations: <none>

AVAL-155#145 Advisory
enum_AMULTSEL_BMULTSEL_enum_DREG_ADREG_0_connects_CED_CEAD_RSTD_GND  
design_1_i/mobilenetV2_0/inst/pad/pad_odd/genblk2[7].u_first/U0/i_synth/i_synth_option.i_synth_model/opt_8series.i_uniwrap/i_primitive: DSP48E2 is not using the D port (AMULTSEL = A and BMULTSEL = B). For improved power characteristics, set DREG and ADREG to '1', tie CED, CEAD, and RSTD to logic '0'.
Related violations: <none>

AVAL-155#146 Advisory
enum_AMULTSEL_BMULTSEL_enum_DREG_ADREG_0_connects_CED_CEAD_RSTD_GND  
design_1_i/mobilenetV2_0/inst/pad/pad_odd/genblk2[7].u_last/U0/i_synth/i_synth_option.i_synth_model/opt_8series.i_uniwrap/i_primitive: DSP48E2 is not using the D port (AMULTSEL = A and BMULTSEL = B). For improved power characteristics, set DREG and ADREG to '1', tie CED, CEAD, and RSTD to logic '0'.
Related violations: <none>

AVAL-155#147 Advisory
enum_AMULTSEL_BMULTSEL_enum_DREG_ADREG_0_connects_CED_CEAD_RSTD_GND  
design_1_i/mobilenetV2_0/inst/u_pointwise_before_depth/u_core_even/g_dsp_group[0].g_middle[1].u_middle/U0/i_synth/i_synth_option.i_synth_model/opt_8series.i_uniwrap/i_primitive: DSP48E2 is not using the D port (AMULTSEL = A and BMULTSEL = B). For improved power characteristics, set DREG and ADREG to '1', tie CED, CEAD, and RSTD to logic '0'.
Related violations: <none>

AVAL-155#148 Advisory
enum_AMULTSEL_BMULTSEL_enum_DREG_ADREG_0_connects_CED_CEAD_RSTD_GND  
design_1_i/mobilenetV2_0/inst/u_pointwise_before_depth/u_core_even/g_dsp_group[0].g_middle[2].u_middle/U0/i_synth/i_synth_option.i_synth_model/opt_8series.i_uniwrap/i_primitive: DSP48E2 is not using the D port (AMULTSEL = A and BMULTSEL = B). For improved power characteristics, set DREG and ADREG to '1', tie CED, CEAD, and RSTD to logic '0'.
Related violations: <none>

AVAL-155#149 Advisory
enum_AMULTSEL_BMULTSEL_enum_DREG_ADREG_0_connects_CED_CEAD_RSTD_GND  
design_1_i/mobilenetV2_0/inst/u_pointwise_before_depth/u_core_even/g_dsp_group[0].g_middle[3].u_middle/U0/i_synth/i_synth_option.i_synth_model/opt_8series.i_uniwrap/i_primitive: DSP48E2 is not using the D port (AMULTSEL = A and BMULTSEL = B). For improved power characteristics, set DREG and ADREG to '1', tie CED, CEAD, and RSTD to logic '0'.
Related violations: <none>

AVAL-155#150 Advisory
enum_AMULTSEL_BMULTSEL_enum_DREG_ADREG_0_connects_CED_CEAD_RSTD_GND  
design_1_i/mobilenetV2_0/inst/u_pointwise_before_depth/u_core_even/g_dsp_group[0].g_middle[4].u_middle/U0/i_synth/i_synth_option.i_synth_model/opt_8series.i_uniwrap/i_primitive: DSP48E2 is not using the D port (AMULTSEL = A and BMULTSEL = B). For improved power characteristics, set DREG and ADREG to '1', tie CED, CEAD, and RSTD to logic '0'.
Related violations: <none>

AVAL-155#151 Advisory
enum_AMULTSEL_BMULTSEL_enum_DREG_ADREG_0_connects_CED_CEAD_RSTD_GND  
design_1_i/mobilenetV2_0/inst/u_pointwise_before_depth/u_core_even/g_dsp_group[0].g_middle[5].u_middle/U0/i_synth/i_synth_option.i_synth_model/opt_8series.i_uniwrap/i_primitive: DSP48E2 is not using the D port (AMULTSEL = A and BMULTSEL = B). For improved power characteristics, set DREG and ADREG to '1', tie CED, CEAD, and RSTD to logic '0'.
Related violations: <none>

AVAL-155#152 Advisory
enum_AMULTSEL_BMULTSEL_enum_DREG_ADREG_0_connects_CED_CEAD_RSTD_GND  
design_1_i/mobilenetV2_0/inst/u_pointwise_before_depth/u_core_even/g_dsp_group[0].g_middle[6].u_middle/U0/i_synth/i_synth_option.i_synth_model/opt_8series.i_uniwrap/i_primitive: DSP48E2 is not using the D port (AMULTSEL = A and BMULTSEL = B). For improved power characteristics, set DREG and ADREG to '1', tie CED, CEAD, and RSTD to logic '0'.
Related violations: <none>

AVAL-155#153 Advisory
enum_AMULTSEL_BMULTSEL_enum_DREG_ADREG_0_connects_CED_CEAD_RSTD_GND  
design_1_i/mobilenetV2_0/inst/u_pointwise_before_depth/u_core_even/g_dsp_group[0].u_first/U0/i_synth/i_synth_option.i_synth_model/opt_8series.i_uniwrap/i_primitive: DSP48E2 is not using the D port (AMULTSEL = A and BMULTSEL = B). For improved power characteristics, set DREG and ADREG to '1', tie CED, CEAD, and RSTD to logic '0'.
Related violations: <none>

AVAL-155#154 Advisory
enum_AMULTSEL_BMULTSEL_enum_DREG_ADREG_0_connects_CED_CEAD_RSTD_GND  
design_1_i/mobilenetV2_0/inst/u_pointwise_before_depth/u_core_even/g_dsp_group[0].u_last/U0/i_synth/i_synth_option.i_synth_model/opt_8series.i_uniwrap/i_primitive: DSP48E2 is not using the D port (AMULTSEL = A and BMULTSEL = B). For improved power characteristics, set DREG and ADREG to '1', tie CED, CEAD, and RSTD to logic '0'.
Related violations: <none>

AVAL-155#155 Advisory
enum_AMULTSEL_BMULTSEL_enum_DREG_ADREG_0_connects_CED_CEAD_RSTD_GND  
design_1_i/mobilenetV2_0/inst/u_pointwise_before_depth/u_core_even/g_dsp_group[1].g_middle[1].u_middle/U0/i_synth/i_synth_option.i_synth_model/opt_8series.i_uniwrap/i_primitive: DSP48E2 is not using the D port (AMULTSEL = A and BMULTSEL = B). For improved power characteristics, set DREG and ADREG to '1', tie CED, CEAD, and RSTD to logic '0'.
Related violations: <none>

AVAL-155#156 Advisory
enum_AMULTSEL_BMULTSEL_enum_DREG_ADREG_0_connects_CED_CEAD_RSTD_GND  
design_1_i/mobilenetV2_0/inst/u_pointwise_before_depth/u_core_even/g_dsp_group[1].g_middle[2].u_middle/U0/i_synth/i_synth_option.i_synth_model/opt_8series.i_uniwrap/i_primitive: DSP48E2 is not using the D port (AMULTSEL = A and BMULTSEL = B). For improved power characteristics, set DREG and ADREG to '1', tie CED, CEAD, and RSTD to logic '0'.
Related violations: <none>

AVAL-155#157 Advisory
enum_AMULTSEL_BMULTSEL_enum_DREG_ADREG_0_connects_CED_CEAD_RSTD_GND  
design_1_i/mobilenetV2_0/inst/u_pointwise_before_depth/u_core_even/g_dsp_group[1].g_middle[3].u_middle/U0/i_synth/i_synth_option.i_synth_model/opt_8series.i_uniwrap/i_primitive: DSP48E2 is not using the D port (AMULTSEL = A and BMULTSEL = B). For improved power characteristics, set DREG and ADREG to '1', tie CED, CEAD, and RSTD to logic '0'.
Related violations: <none>

AVAL-155#158 Advisory
enum_AMULTSEL_BMULTSEL_enum_DREG_ADREG_0_connects_CED_CEAD_RSTD_GND  
design_1_i/mobilenetV2_0/inst/u_pointwise_before_depth/u_core_even/g_dsp_group[1].g_middle[4].u_middle/U0/i_synth/i_synth_option.i_synth_model/opt_8series.i_uniwrap/i_primitive: DSP48E2 is not using the D port (AMULTSEL = A and BMULTSEL = B). For improved power characteristics, set DREG and ADREG to '1', tie CED, CEAD, and RSTD to logic '0'.
Related violations: <none>

AVAL-155#159 Advisory
enum_AMULTSEL_BMULTSEL_enum_DREG_ADREG_0_connects_CED_CEAD_RSTD_GND  
design_1_i/mobilenetV2_0/inst/u_pointwise_before_depth/u_core_even/g_dsp_group[1].g_middle[5].u_middle/U0/i_synth/i_synth_option.i_synth_model/opt_8series.i_uniwrap/i_primitive: DSP48E2 is not using the D port (AMULTSEL = A and BMULTSEL = B). For improved power characteristics, set DREG and ADREG to '1', tie CED, CEAD, and RSTD to logic '0'.
Related violations: <none>

AVAL-155#160 Advisory
enum_AMULTSEL_BMULTSEL_enum_DREG_ADREG_0_connects_CED_CEAD_RSTD_GND  
design_1_i/mobilenetV2_0/inst/u_pointwise_before_depth/u_core_even/g_dsp_group[1].g_middle[6].u_middle/U0/i_synth/i_synth_option.i_synth_model/opt_8series.i_uniwrap/i_primitive: DSP48E2 is not using the D port (AMULTSEL = A and BMULTSEL = B). For improved power characteristics, set DREG and ADREG to '1', tie CED, CEAD, and RSTD to logic '0'.
Related violations: <none>

AVAL-155#161 Advisory
enum_AMULTSEL_BMULTSEL_enum_DREG_ADREG_0_connects_CED_CEAD_RSTD_GND  
design_1_i/mobilenetV2_0/inst/u_pointwise_before_depth/u_core_even/g_dsp_group[1].u_first/U0/i_synth/i_synth_option.i_synth_model/opt_8series.i_uniwrap/i_primitive: DSP48E2 is not using the D port (AMULTSEL = A and BMULTSEL = B). For improved power characteristics, set DREG and ADREG to '1', tie CED, CEAD, and RSTD to logic '0'.
Related violations: <none>

AVAL-155#162 Advisory
enum_AMULTSEL_BMULTSEL_enum_DREG_ADREG_0_connects_CED_CEAD_RSTD_GND  
design_1_i/mobilenetV2_0/inst/u_pointwise_before_depth/u_core_even/g_dsp_group[1].u_last/U0/i_synth/i_synth_option.i_synth_model/opt_8series.i_uniwrap/i_primitive: DSP48E2 is not using the D port (AMULTSEL = A and BMULTSEL = B). For improved power characteristics, set DREG and ADREG to '1', tie CED, CEAD, and RSTD to logic '0'.
Related violations: <none>

AVAL-155#163 Advisory
enum_AMULTSEL_BMULTSEL_enum_DREG_ADREG_0_connects_CED_CEAD_RSTD_GND  
design_1_i/mobilenetV2_0/inst/u_pointwise_before_depth/u_core_even/g_dsp_group[2].g_middle[1].u_middle/U0/i_synth/i_synth_option.i_synth_model/opt_8series.i_uniwrap/i_primitive: DSP48E2 is not using the D port (AMULTSEL = A and BMULTSEL = B). For improved power characteristics, set DREG and ADREG to '1', tie CED, CEAD, and RSTD to logic '0'.
Related violations: <none>

AVAL-155#164 Advisory
enum_AMULTSEL_BMULTSEL_enum_DREG_ADREG_0_connects_CED_CEAD_RSTD_GND  
design_1_i/mobilenetV2_0/inst/u_pointwise_before_depth/u_core_even/g_dsp_group[2].g_middle[2].u_middle/U0/i_synth/i_synth_option.i_synth_model/opt_8series.i_uniwrap/i_primitive: DSP48E2 is not using the D port (AMULTSEL = A and BMULTSEL = B). For improved power characteristics, set DREG and ADREG to '1', tie CED, CEAD, and RSTD to logic '0'.
Related violations: <none>

AVAL-155#165 Advisory
enum_AMULTSEL_BMULTSEL_enum_DREG_ADREG_0_connects_CED_CEAD_RSTD_GND  
design_1_i/mobilenetV2_0/inst/u_pointwise_before_depth/u_core_even/g_dsp_group[2].g_middle[3].u_middle/U0/i_synth/i_synth_option.i_synth_model/opt_8series.i_uniwrap/i_primitive: DSP48E2 is not using the D port (AMULTSEL = A and BMULTSEL = B). For improved power characteristics, set DREG and ADREG to '1', tie CED, CEAD, and RSTD to logic '0'.
Related violations: <none>

AVAL-155#166 Advisory
enum_AMULTSEL_BMULTSEL_enum_DREG_ADREG_0_connects_CED_CEAD_RSTD_GND  
design_1_i/mobilenetV2_0/inst/u_pointwise_before_depth/u_core_even/g_dsp_group[2].g_middle[4].u_middle/U0/i_synth/i_synth_option.i_synth_model/opt_8series.i_uniwrap/i_primitive: DSP48E2 is not using the D port (AMULTSEL = A and BMULTSEL = B). For improved power characteristics, set DREG and ADREG to '1', tie CED, CEAD, and RSTD to logic '0'.
Related violations: <none>

AVAL-155#167 Advisory
enum_AMULTSEL_BMULTSEL_enum_DREG_ADREG_0_connects_CED_CEAD_RSTD_GND  
design_1_i/mobilenetV2_0/inst/u_pointwise_before_depth/u_core_even/g_dsp_group[2].g_middle[5].u_middle/U0/i_synth/i_synth_option.i_synth_model/opt_8series.i_uniwrap/i_primitive: DSP48E2 is not using the D port (AMULTSEL = A and BMULTSEL = B). For improved power characteristics, set DREG and ADREG to '1', tie CED, CEAD, and RSTD to logic '0'.
Related violations: <none>

AVAL-155#168 Advisory
enum_AMULTSEL_BMULTSEL_enum_DREG_ADREG_0_connects_CED_CEAD_RSTD_GND  
design_1_i/mobilenetV2_0/inst/u_pointwise_before_depth/u_core_even/g_dsp_group[2].g_middle[6].u_middle/U0/i_synth/i_synth_option.i_synth_model/opt_8series.i_uniwrap/i_primitive: DSP48E2 is not using the D port (AMULTSEL = A and BMULTSEL = B). For improved power characteristics, set DREG and ADREG to '1', tie CED, CEAD, and RSTD to logic '0'.
Related violations: <none>

AVAL-155#169 Advisory
enum_AMULTSEL_BMULTSEL_enum_DREG_ADREG_0_connects_CED_CEAD_RSTD_GND  
design_1_i/mobilenetV2_0/inst/u_pointwise_before_depth/u_core_even/g_dsp_group[2].u_first/U0/i_synth/i_synth_option.i_synth_model/opt_8series.i_uniwrap/i_primitive: DSP48E2 is not using the D port (AMULTSEL = A and BMULTSEL = B). For improved power characteristics, set DREG and ADREG to '1', tie CED, CEAD, and RSTD to logic '0'.
Related violations: <none>

AVAL-155#170 Advisory
enum_AMULTSEL_BMULTSEL_enum_DREG_ADREG_0_connects_CED_CEAD_RSTD_GND  
design_1_i/mobilenetV2_0/inst/u_pointwise_before_depth/u_core_even/g_dsp_group[2].u_last/U0/i_synth/i_synth_option.i_synth_model/opt_8series.i_uniwrap/i_primitive: DSP48E2 is not using the D port (AMULTSEL = A and BMULTSEL = B). For improved power characteristics, set DREG and ADREG to '1', tie CED, CEAD, and RSTD to logic '0'.
Related violations: <none>

AVAL-155#171 Advisory
enum_AMULTSEL_BMULTSEL_enum_DREG_ADREG_0_connects_CED_CEAD_RSTD_GND  
design_1_i/mobilenetV2_0/inst/u_pointwise_before_depth/u_core_even/g_dsp_group[3].g_middle[1].u_middle/U0/i_synth/i_synth_option.i_synth_model/opt_8series.i_uniwrap/i_primitive: DSP48E2 is not using the D port (AMULTSEL = A and BMULTSEL = B). For improved power characteristics, set DREG and ADREG to '1', tie CED, CEAD, and RSTD to logic '0'.
Related violations: <none>

AVAL-155#172 Advisory
enum_AMULTSEL_BMULTSEL_enum_DREG_ADREG_0_connects_CED_CEAD_RSTD_GND  
design_1_i/mobilenetV2_0/inst/u_pointwise_before_depth/u_core_even/g_dsp_group[3].g_middle[2].u_middle/U0/i_synth/i_synth_option.i_synth_model/opt_8series.i_uniwrap/i_primitive: DSP48E2 is not using the D port (AMULTSEL = A and BMULTSEL = B). For improved power characteristics, set DREG and ADREG to '1', tie CED, CEAD, and RSTD to logic '0'.
Related violations: <none>

AVAL-155#173 Advisory
enum_AMULTSEL_BMULTSEL_enum_DREG_ADREG_0_connects_CED_CEAD_RSTD_GND  
design_1_i/mobilenetV2_0/inst/u_pointwise_before_depth/u_core_even/g_dsp_group[3].g_middle[3].u_middle/U0/i_synth/i_synth_option.i_synth_model/opt_8series.i_uniwrap/i_primitive: DSP48E2 is not using the D port (AMULTSEL = A and BMULTSEL = B). For improved power characteristics, set DREG and ADREG to '1', tie CED, CEAD, and RSTD to logic '0'.
Related violations: <none>

AVAL-155#174 Advisory
enum_AMULTSEL_BMULTSEL_enum_DREG_ADREG_0_connects_CED_CEAD_RSTD_GND  
design_1_i/mobilenetV2_0/inst/u_pointwise_before_depth/u_core_even/g_dsp_group[3].g_middle[4].u_middle/U0/i_synth/i_synth_option.i_synth_model/opt_8series.i_uniwrap/i_primitive: DSP48E2 is not using the D port (AMULTSEL = A and BMULTSEL = B). For improved power characteristics, set DREG and ADREG to '1', tie CED, CEAD, and RSTD to logic '0'.
Related violations: <none>

AVAL-155#175 Advisory
enum_AMULTSEL_BMULTSEL_enum_DREG_ADREG_0_connects_CED_CEAD_RSTD_GND  
design_1_i/mobilenetV2_0/inst/u_pointwise_before_depth/u_core_even/g_dsp_group[3].g_middle[5].u_middle/U0/i_synth/i_synth_option.i_synth_model/opt_8series.i_uniwrap/i_primitive: DSP48E2 is not using the D port (AMULTSEL = A and BMULTSEL = B). For improved power characteristics, set DREG and ADREG to '1', tie CED, CEAD, and RSTD to logic '0'.
Related violations: <none>

AVAL-155#176 Advisory
enum_AMULTSEL_BMULTSEL_enum_DREG_ADREG_0_connects_CED_CEAD_RSTD_GND  
design_1_i/mobilenetV2_0/inst/u_pointwise_before_depth/u_core_even/g_dsp_group[3].g_middle[6].u_middle/U0/i_synth/i_synth_option.i_synth_model/opt_8series.i_uniwrap/i_primitive: DSP48E2 is not using the D port (AMULTSEL = A and BMULTSEL = B). For improved power characteristics, set DREG and ADREG to '1', tie CED, CEAD, and RSTD to logic '0'.
Related violations: <none>

AVAL-155#177 Advisory
enum_AMULTSEL_BMULTSEL_enum_DREG_ADREG_0_connects_CED_CEAD_RSTD_GND  
design_1_i/mobilenetV2_0/inst/u_pointwise_before_depth/u_core_even/g_dsp_group[3].u_first/U0/i_synth/i_synth_option.i_synth_model/opt_8series.i_uniwrap/i_primitive: DSP48E2 is not using the D port (AMULTSEL = A and BMULTSEL = B). For improved power characteristics, set DREG and ADREG to '1', tie CED, CEAD, and RSTD to logic '0'.
Related violations: <none>

AVAL-155#178 Advisory
enum_AMULTSEL_BMULTSEL_enum_DREG_ADREG_0_connects_CED_CEAD_RSTD_GND  
design_1_i/mobilenetV2_0/inst/u_pointwise_before_depth/u_core_even/g_dsp_group[3].u_last/U0/i_synth/i_synth_option.i_synth_model/opt_8series.i_uniwrap/i_primitive: DSP48E2 is not using the D port (AMULTSEL = A and BMULTSEL = B). For improved power characteristics, set DREG and ADREG to '1', tie CED, CEAD, and RSTD to logic '0'.
Related violations: <none>

AVAL-155#179 Advisory
enum_AMULTSEL_BMULTSEL_enum_DREG_ADREG_0_connects_CED_CEAD_RSTD_GND  
design_1_i/mobilenetV2_0/inst/u_pointwise_before_depth/u_core_even/g_dsp_group[4].g_middle[1].u_middle/U0/i_synth/i_synth_option.i_synth_model/opt_8series.i_uniwrap/i_primitive: DSP48E2 is not using the D port (AMULTSEL = A and BMULTSEL = B). For improved power characteristics, set DREG and ADREG to '1', tie CED, CEAD, and RSTD to logic '0'.
Related violations: <none>

AVAL-155#180 Advisory
enum_AMULTSEL_BMULTSEL_enum_DREG_ADREG_0_connects_CED_CEAD_RSTD_GND  
design_1_i/mobilenetV2_0/inst/u_pointwise_before_depth/u_core_even/g_dsp_group[4].g_middle[2].u_middle/U0/i_synth/i_synth_option.i_synth_model/opt_8series.i_uniwrap/i_primitive: DSP48E2 is not using the D port (AMULTSEL = A and BMULTSEL = B). For improved power characteristics, set DREG and ADREG to '1', tie CED, CEAD, and RSTD to logic '0'.
Related violations: <none>

AVAL-155#181 Advisory
enum_AMULTSEL_BMULTSEL_enum_DREG_ADREG_0_connects_CED_CEAD_RSTD_GND  
design_1_i/mobilenetV2_0/inst/u_pointwise_before_depth/u_core_even/g_dsp_group[4].g_middle[3].u_middle/U0/i_synth/i_synth_option.i_synth_model/opt_8series.i_uniwrap/i_primitive: DSP48E2 is not using the D port (AMULTSEL = A and BMULTSEL = B). For improved power characteristics, set DREG and ADREG to '1', tie CED, CEAD, and RSTD to logic '0'.
Related violations: <none>

AVAL-155#182 Advisory
enum_AMULTSEL_BMULTSEL_enum_DREG_ADREG_0_connects_CED_CEAD_RSTD_GND  
design_1_i/mobilenetV2_0/inst/u_pointwise_before_depth/u_core_even/g_dsp_group[4].g_middle[4].u_middle/U0/i_synth/i_synth_option.i_synth_model/opt_8series.i_uniwrap/i_primitive: DSP48E2 is not using the D port (AMULTSEL = A and BMULTSEL = B). For improved power characteristics, set DREG and ADREG to '1', tie CED, CEAD, and RSTD to logic '0'.
Related violations: <none>

AVAL-155#183 Advisory
enum_AMULTSEL_BMULTSEL_enum_DREG_ADREG_0_connects_CED_CEAD_RSTD_GND  
design_1_i/mobilenetV2_0/inst/u_pointwise_before_depth/u_core_even/g_dsp_group[4].g_middle[5].u_middle/U0/i_synth/i_synth_option.i_synth_model/opt_8series.i_uniwrap/i_primitive: DSP48E2 is not using the D port (AMULTSEL = A and BMULTSEL = B). For improved power characteristics, set DREG and ADREG to '1', tie CED, CEAD, and RSTD to logic '0'.
Related violations: <none>

AVAL-155#184 Advisory
enum_AMULTSEL_BMULTSEL_enum_DREG_ADREG_0_connects_CED_CEAD_RSTD_GND  
design_1_i/mobilenetV2_0/inst/u_pointwise_before_depth/u_core_even/g_dsp_group[4].g_middle[6].u_middle/U0/i_synth/i_synth_option.i_synth_model/opt_8series.i_uniwrap/i_primitive: DSP48E2 is not using the D port (AMULTSEL = A and BMULTSEL = B). For improved power characteristics, set DREG and ADREG to '1', tie CED, CEAD, and RSTD to logic '0'.
Related violations: <none>

AVAL-155#185 Advisory
enum_AMULTSEL_BMULTSEL_enum_DREG_ADREG_0_connects_CED_CEAD_RSTD_GND  
design_1_i/mobilenetV2_0/inst/u_pointwise_before_depth/u_core_even/g_dsp_group[4].u_first/U0/i_synth/i_synth_option.i_synth_model/opt_8series.i_uniwrap/i_primitive: DSP48E2 is not using the D port (AMULTSEL = A and BMULTSEL = B). For improved power characteristics, set DREG and ADREG to '1', tie CED, CEAD, and RSTD to logic '0'.
Related violations: <none>

AVAL-155#186 Advisory
enum_AMULTSEL_BMULTSEL_enum_DREG_ADREG_0_connects_CED_CEAD_RSTD_GND  
design_1_i/mobilenetV2_0/inst/u_pointwise_before_depth/u_core_even/g_dsp_group[4].u_last/U0/i_synth/i_synth_option.i_synth_model/opt_8series.i_uniwrap/i_primitive: DSP48E2 is not using the D port (AMULTSEL = A and BMULTSEL = B). For improved power characteristics, set DREG and ADREG to '1', tie CED, CEAD, and RSTD to logic '0'.
Related violations: <none>

AVAL-155#187 Advisory
enum_AMULTSEL_BMULTSEL_enum_DREG_ADREG_0_connects_CED_CEAD_RSTD_GND  
design_1_i/mobilenetV2_0/inst/u_pointwise_before_depth/u_core_even/g_dsp_group[5].g_middle[1].u_middle/U0/i_synth/i_synth_option.i_synth_model/opt_8series.i_uniwrap/i_primitive: DSP48E2 is not using the D port (AMULTSEL = A and BMULTSEL = B). For improved power characteristics, set DREG and ADREG to '1', tie CED, CEAD, and RSTD to logic '0'.
Related violations: <none>

AVAL-155#188 Advisory
enum_AMULTSEL_BMULTSEL_enum_DREG_ADREG_0_connects_CED_CEAD_RSTD_GND  
design_1_i/mobilenetV2_0/inst/u_pointwise_before_depth/u_core_even/g_dsp_group[5].g_middle[2].u_middle/U0/i_synth/i_synth_option.i_synth_model/opt_8series.i_uniwrap/i_primitive: DSP48E2 is not using the D port (AMULTSEL = A and BMULTSEL = B). For improved power characteristics, set DREG and ADREG to '1', tie CED, CEAD, and RSTD to logic '0'.
Related violations: <none>

AVAL-155#189 Advisory
enum_AMULTSEL_BMULTSEL_enum_DREG_ADREG_0_connects_CED_CEAD_RSTD_GND  
design_1_i/mobilenetV2_0/inst/u_pointwise_before_depth/u_core_even/g_dsp_group[5].g_middle[3].u_middle/U0/i_synth/i_synth_option.i_synth_model/opt_8series.i_uniwrap/i_primitive: DSP48E2 is not using the D port (AMULTSEL = A and BMULTSEL = B). For improved power characteristics, set DREG and ADREG to '1', tie CED, CEAD, and RSTD to logic '0'.
Related violations: <none>

AVAL-155#190 Advisory
enum_AMULTSEL_BMULTSEL_enum_DREG_ADREG_0_connects_CED_CEAD_RSTD_GND  
design_1_i/mobilenetV2_0/inst/u_pointwise_before_depth/u_core_even/g_dsp_group[5].g_middle[4].u_middle/U0/i_synth/i_synth_option.i_synth_model/opt_8series.i_uniwrap/i_primitive: DSP48E2 is not using the D port (AMULTSEL = A and BMULTSEL = B). For improved power characteristics, set DREG and ADREG to '1', tie CED, CEAD, and RSTD to logic '0'.
Related violations: <none>

AVAL-155#191 Advisory
enum_AMULTSEL_BMULTSEL_enum_DREG_ADREG_0_connects_CED_CEAD_RSTD_GND  
design_1_i/mobilenetV2_0/inst/u_pointwise_before_depth/u_core_even/g_dsp_group[5].g_middle[5].u_middle/U0/i_synth/i_synth_option.i_synth_model/opt_8series.i_uniwrap/i_primitive: DSP48E2 is not using the D port (AMULTSEL = A and BMULTSEL = B). For improved power characteristics, set DREG and ADREG to '1', tie CED, CEAD, and RSTD to logic '0'.
Related violations: <none>

AVAL-155#192 Advisory
enum_AMULTSEL_BMULTSEL_enum_DREG_ADREG_0_connects_CED_CEAD_RSTD_GND  
design_1_i/mobilenetV2_0/inst/u_pointwise_before_depth/u_core_even/g_dsp_group[5].g_middle[6].u_middle/U0/i_synth/i_synth_option.i_synth_model/opt_8series.i_uniwrap/i_primitive: DSP48E2 is not using the D port (AMULTSEL = A and BMULTSEL = B). For improved power characteristics, set DREG and ADREG to '1', tie CED, CEAD, and RSTD to logic '0'.
Related violations: <none>

AVAL-155#193 Advisory
enum_AMULTSEL_BMULTSEL_enum_DREG_ADREG_0_connects_CED_CEAD_RSTD_GND  
design_1_i/mobilenetV2_0/inst/u_pointwise_before_depth/u_core_even/g_dsp_group[5].u_first/U0/i_synth/i_synth_option.i_synth_model/opt_8series.i_uniwrap/i_primitive: DSP48E2 is not using the D port (AMULTSEL = A and BMULTSEL = B). For improved power characteristics, set DREG and ADREG to '1', tie CED, CEAD, and RSTD to logic '0'.
Related violations: <none>

AVAL-155#194 Advisory
enum_AMULTSEL_BMULTSEL_enum_DREG_ADREG_0_connects_CED_CEAD_RSTD_GND  
design_1_i/mobilenetV2_0/inst/u_pointwise_before_depth/u_core_even/g_dsp_group[5].u_last/U0/i_synth/i_synth_option.i_synth_model/opt_8series.i_uniwrap/i_primitive: DSP48E2 is not using the D port (AMULTSEL = A and BMULTSEL = B). For improved power characteristics, set DREG and ADREG to '1', tie CED, CEAD, and RSTD to logic '0'.
Related violations: <none>

AVAL-155#195 Advisory
enum_AMULTSEL_BMULTSEL_enum_DREG_ADREG_0_connects_CED_CEAD_RSTD_GND  
design_1_i/mobilenetV2_0/inst/u_pointwise_before_depth/u_core_even/g_dsp_group[6].g_middle[1].u_middle/U0/i_synth/i_synth_option.i_synth_model/opt_8series.i_uniwrap/i_primitive: DSP48E2 is not using the D port (AMULTSEL = A and BMULTSEL = B). For improved power characteristics, set DREG and ADREG to '1', tie CED, CEAD, and RSTD to logic '0'.
Related violations: <none>

AVAL-155#196 Advisory
enum_AMULTSEL_BMULTSEL_enum_DREG_ADREG_0_connects_CED_CEAD_RSTD_GND  
design_1_i/mobilenetV2_0/inst/u_pointwise_before_depth/u_core_even/g_dsp_group[6].g_middle[2].u_middle/U0/i_synth/i_synth_option.i_synth_model/opt_8series.i_uniwrap/i_primitive: DSP48E2 is not using the D port (AMULTSEL = A and BMULTSEL = B). For improved power characteristics, set DREG and ADREG to '1', tie CED, CEAD, and RSTD to logic '0'.
Related violations: <none>

AVAL-155#197 Advisory
enum_AMULTSEL_BMULTSEL_enum_DREG_ADREG_0_connects_CED_CEAD_RSTD_GND  
design_1_i/mobilenetV2_0/inst/u_pointwise_before_depth/u_core_even/g_dsp_group[6].g_middle[3].u_middle/U0/i_synth/i_synth_option.i_synth_model/opt_8series.i_uniwrap/i_primitive: DSP48E2 is not using the D port (AMULTSEL = A and BMULTSEL = B). For improved power characteristics, set DREG and ADREG to '1', tie CED, CEAD, and RSTD to logic '0'.
Related violations: <none>

AVAL-155#198 Advisory
enum_AMULTSEL_BMULTSEL_enum_DREG_ADREG_0_connects_CED_CEAD_RSTD_GND  
design_1_i/mobilenetV2_0/inst/u_pointwise_before_depth/u_core_even/g_dsp_group[6].g_middle[4].u_middle/U0/i_synth/i_synth_option.i_synth_model/opt_8series.i_uniwrap/i_primitive: DSP48E2 is not using the D port (AMULTSEL = A and BMULTSEL = B). For improved power characteristics, set DREG and ADREG to '1', tie CED, CEAD, and RSTD to logic '0'.
Related violations: <none>

AVAL-155#199 Advisory
enum_AMULTSEL_BMULTSEL_enum_DREG_ADREG_0_connects_CED_CEAD_RSTD_GND  
design_1_i/mobilenetV2_0/inst/u_pointwise_before_depth/u_core_even/g_dsp_group[6].g_middle[5].u_middle/U0/i_synth/i_synth_option.i_synth_model/opt_8series.i_uniwrap/i_primitive: DSP48E2 is not using the D port (AMULTSEL = A and BMULTSEL = B). For improved power characteristics, set DREG and ADREG to '1', tie CED, CEAD, and RSTD to logic '0'.
Related violations: <none>

AVAL-155#200 Advisory
enum_AMULTSEL_BMULTSEL_enum_DREG_ADREG_0_connects_CED_CEAD_RSTD_GND  
design_1_i/mobilenetV2_0/inst/u_pointwise_before_depth/u_core_even/g_dsp_group[6].g_middle[6].u_middle/U0/i_synth/i_synth_option.i_synth_model/opt_8series.i_uniwrap/i_primitive: DSP48E2 is not using the D port (AMULTSEL = A and BMULTSEL = B). For improved power characteristics, set DREG and ADREG to '1', tie CED, CEAD, and RSTD to logic '0'.
Related violations: <none>

AVAL-155#201 Advisory
enum_AMULTSEL_BMULTSEL_enum_DREG_ADREG_0_connects_CED_CEAD_RSTD_GND  
design_1_i/mobilenetV2_0/inst/u_pointwise_before_depth/u_core_even/g_dsp_group[6].u_first/U0/i_synth/i_synth_option.i_synth_model/opt_8series.i_uniwrap/i_primitive: DSP48E2 is not using the D port (AMULTSEL = A and BMULTSEL = B). For improved power characteristics, set DREG and ADREG to '1', tie CED, CEAD, and RSTD to logic '0'.
Related violations: <none>

AVAL-155#202 Advisory
enum_AMULTSEL_BMULTSEL_enum_DREG_ADREG_0_connects_CED_CEAD_RSTD_GND  
design_1_i/mobilenetV2_0/inst/u_pointwise_before_depth/u_core_even/g_dsp_group[6].u_last/U0/i_synth/i_synth_option.i_synth_model/opt_8series.i_uniwrap/i_primitive: DSP48E2 is not using the D port (AMULTSEL = A and BMULTSEL = B). For improved power characteristics, set DREG and ADREG to '1', tie CED, CEAD, and RSTD to logic '0'.
Related violations: <none>

AVAL-155#203 Advisory
enum_AMULTSEL_BMULTSEL_enum_DREG_ADREG_0_connects_CED_CEAD_RSTD_GND  
design_1_i/mobilenetV2_0/inst/u_pointwise_before_depth/u_core_even/g_dsp_group[7].g_middle[1].u_middle/U0/i_synth/i_synth_option.i_synth_model/opt_8series.i_uniwrap/i_primitive: DSP48E2 is not using the D port (AMULTSEL = A and BMULTSEL = B). For improved power characteristics, set DREG and ADREG to '1', tie CED, CEAD, and RSTD to logic '0'.
Related violations: <none>

AVAL-155#204 Advisory
enum_AMULTSEL_BMULTSEL_enum_DREG_ADREG_0_connects_CED_CEAD_RSTD_GND  
design_1_i/mobilenetV2_0/inst/u_pointwise_before_depth/u_core_even/g_dsp_group[7].g_middle[2].u_middle/U0/i_synth/i_synth_option.i_synth_model/opt_8series.i_uniwrap/i_primitive: DSP48E2 is not using the D port (AMULTSEL = A and BMULTSEL = B). For improved power characteristics, set DREG and ADREG to '1', tie CED, CEAD, and RSTD to logic '0'.
Related violations: <none>

AVAL-155#205 Advisory
enum_AMULTSEL_BMULTSEL_enum_DREG_ADREG_0_connects_CED_CEAD_RSTD_GND  
design_1_i/mobilenetV2_0/inst/u_pointwise_before_depth/u_core_even/g_dsp_group[7].g_middle[3].u_middle/U0/i_synth/i_synth_option.i_synth_model/opt_8series.i_uniwrap/i_primitive: DSP48E2 is not using the D port (AMULTSEL = A and BMULTSEL = B). For improved power characteristics, set DREG and ADREG to '1', tie CED, CEAD, and RSTD to logic '0'.
Related violations: <none>

AVAL-155#206 Advisory
enum_AMULTSEL_BMULTSEL_enum_DREG_ADREG_0_connects_CED_CEAD_RSTD_GND  
design_1_i/mobilenetV2_0/inst/u_pointwise_before_depth/u_core_even/g_dsp_group[7].g_middle[4].u_middle/U0/i_synth/i_synth_option.i_synth_model/opt_8series.i_uniwrap/i_primitive: DSP48E2 is not using the D port (AMULTSEL = A and BMULTSEL = B). For improved power characteristics, set DREG and ADREG to '1', tie CED, CEAD, and RSTD to logic '0'.
Related violations: <none>

AVAL-155#207 Advisory
enum_AMULTSEL_BMULTSEL_enum_DREG_ADREG_0_connects_CED_CEAD_RSTD_GND  
design_1_i/mobilenetV2_0/inst/u_pointwise_before_depth/u_core_even/g_dsp_group[7].g_middle[5].u_middle/U0/i_synth/i_synth_option.i_synth_model/opt_8series.i_uniwrap/i_primitive: DSP48E2 is not using the D port (AMULTSEL = A and BMULTSEL = B). For improved power characteristics, set DREG and ADREG to '1', tie CED, CEAD, and RSTD to logic '0'.
Related violations: <none>

AVAL-155#208 Advisory
enum_AMULTSEL_BMULTSEL_enum_DREG_ADREG_0_connects_CED_CEAD_RSTD_GND  
design_1_i/mobilenetV2_0/inst/u_pointwise_before_depth/u_core_even/g_dsp_group[7].g_middle[6].u_middle/U0/i_synth/i_synth_option.i_synth_model/opt_8series.i_uniwrap/i_primitive: DSP48E2 is not using the D port (AMULTSEL = A and BMULTSEL = B). For improved power characteristics, set DREG and ADREG to '1', tie CED, CEAD, and RSTD to logic '0'.
Related violations: <none>

AVAL-155#209 Advisory
enum_AMULTSEL_BMULTSEL_enum_DREG_ADREG_0_connects_CED_CEAD_RSTD_GND  
design_1_i/mobilenetV2_0/inst/u_pointwise_before_depth/u_core_even/g_dsp_group[7].u_first/U0/i_synth/i_synth_option.i_synth_model/opt_8series.i_uniwrap/i_primitive: DSP48E2 is not using the D port (AMULTSEL = A and BMULTSEL = B). For improved power characteristics, set DREG and ADREG to '1', tie CED, CEAD, and RSTD to logic '0'.
Related violations: <none>

AVAL-155#210 Advisory
enum_AMULTSEL_BMULTSEL_enum_DREG_ADREG_0_connects_CED_CEAD_RSTD_GND  
design_1_i/mobilenetV2_0/inst/u_pointwise_before_depth/u_core_even/g_dsp_group[7].u_last/U0/i_synth/i_synth_option.i_synth_model/opt_8series.i_uniwrap/i_primitive: DSP48E2 is not using the D port (AMULTSEL = A and BMULTSEL = B). For improved power characteristics, set DREG and ADREG to '1', tie CED, CEAD, and RSTD to logic '0'.
Related violations: <none>

AVAL-155#211 Advisory
enum_AMULTSEL_BMULTSEL_enum_DREG_ADREG_0_connects_CED_CEAD_RSTD_GND  
design_1_i/mobilenetV2_0/inst/u_pointwise_before_depth/u_core_odd/g_dsp_group[0].g_middle[1].u_middle/U0/i_synth/i_synth_option.i_synth_model/opt_8series.i_uniwrap/i_primitive: DSP48E2 is not using the D port (AMULTSEL = A and BMULTSEL = B). For improved power characteristics, set DREG and ADREG to '1', tie CED, CEAD, and RSTD to logic '0'.
Related violations: <none>

AVAL-155#212 Advisory
enum_AMULTSEL_BMULTSEL_enum_DREG_ADREG_0_connects_CED_CEAD_RSTD_GND  
design_1_i/mobilenetV2_0/inst/u_pointwise_before_depth/u_core_odd/g_dsp_group[0].g_middle[2].u_middle/U0/i_synth/i_synth_option.i_synth_model/opt_8series.i_uniwrap/i_primitive: DSP48E2 is not using the D port (AMULTSEL = A and BMULTSEL = B). For improved power characteristics, set DREG and ADREG to '1', tie CED, CEAD, and RSTD to logic '0'.
Related violations: <none>

AVAL-155#213 Advisory
enum_AMULTSEL_BMULTSEL_enum_DREG_ADREG_0_connects_CED_CEAD_RSTD_GND  
design_1_i/mobilenetV2_0/inst/u_pointwise_before_depth/u_core_odd/g_dsp_group[0].g_middle[3].u_middle/U0/i_synth/i_synth_option.i_synth_model/opt_8series.i_uniwrap/i_primitive: DSP48E2 is not using the D port (AMULTSEL = A and BMULTSEL = B). For improved power characteristics, set DREG and ADREG to '1', tie CED, CEAD, and RSTD to logic '0'.
Related violations: <none>

AVAL-155#214 Advisory
enum_AMULTSEL_BMULTSEL_enum_DREG_ADREG_0_connects_CED_CEAD_RSTD_GND  
design_1_i/mobilenetV2_0/inst/u_pointwise_before_depth/u_core_odd/g_dsp_group[0].g_middle[4].u_middle/U0/i_synth/i_synth_option.i_synth_model/opt_8series.i_uniwrap/i_primitive: DSP48E2 is not using the D port (AMULTSEL = A and BMULTSEL = B). For improved power characteristics, set DREG and ADREG to '1', tie CED, CEAD, and RSTD to logic '0'.
Related violations: <none>

AVAL-155#215 Advisory
enum_AMULTSEL_BMULTSEL_enum_DREG_ADREG_0_connects_CED_CEAD_RSTD_GND  
design_1_i/mobilenetV2_0/inst/u_pointwise_before_depth/u_core_odd/g_dsp_group[0].g_middle[5].u_middle/U0/i_synth/i_synth_option.i_synth_model/opt_8series.i_uniwrap/i_primitive: DSP48E2 is not using the D port (AMULTSEL = A and BMULTSEL = B). For improved power characteristics, set DREG and ADREG to '1', tie CED, CEAD, and RSTD to logic '0'.
Related violations: <none>

AVAL-155#216 Advisory
enum_AMULTSEL_BMULTSEL_enum_DREG_ADREG_0_connects_CED_CEAD_RSTD_GND  
design_1_i/mobilenetV2_0/inst/u_pointwise_before_depth/u_core_odd/g_dsp_group[0].g_middle[6].u_middle/U0/i_synth/i_synth_option.i_synth_model/opt_8series.i_uniwrap/i_primitive: DSP48E2 is not using the D port (AMULTSEL = A and BMULTSEL = B). For improved power characteristics, set DREG and ADREG to '1', tie CED, CEAD, and RSTD to logic '0'.
Related violations: <none>

AVAL-155#217 Advisory
enum_AMULTSEL_BMULTSEL_enum_DREG_ADREG_0_connects_CED_CEAD_RSTD_GND  
design_1_i/mobilenetV2_0/inst/u_pointwise_before_depth/u_core_odd/g_dsp_group[0].u_first/U0/i_synth/i_synth_option.i_synth_model/opt_8series.i_uniwrap/i_primitive: DSP48E2 is not using the D port (AMULTSEL = A and BMULTSEL = B). For improved power characteristics, set DREG and ADREG to '1', tie CED, CEAD, and RSTD to logic '0'.
Related violations: <none>

AVAL-155#218 Advisory
enum_AMULTSEL_BMULTSEL_enum_DREG_ADREG_0_connects_CED_CEAD_RSTD_GND  
design_1_i/mobilenetV2_0/inst/u_pointwise_before_depth/u_core_odd/g_dsp_group[0].u_last/U0/i_synth/i_synth_option.i_synth_model/opt_8series.i_uniwrap/i_primitive: DSP48E2 is not using the D port (AMULTSEL = A and BMULTSEL = B). For improved power characteristics, set DREG and ADREG to '1', tie CED, CEAD, and RSTD to logic '0'.
Related violations: <none>

AVAL-155#219 Advisory
enum_AMULTSEL_BMULTSEL_enum_DREG_ADREG_0_connects_CED_CEAD_RSTD_GND  
design_1_i/mobilenetV2_0/inst/u_pointwise_before_depth/u_core_odd/g_dsp_group[1].g_middle[1].u_middle/U0/i_synth/i_synth_option.i_synth_model/opt_8series.i_uniwrap/i_primitive: DSP48E2 is not using the D port (AMULTSEL = A and BMULTSEL = B). For improved power characteristics, set DREG and ADREG to '1', tie CED, CEAD, and RSTD to logic '0'.
Related violations: <none>

AVAL-155#220 Advisory
enum_AMULTSEL_BMULTSEL_enum_DREG_ADREG_0_connects_CED_CEAD_RSTD_GND  
design_1_i/mobilenetV2_0/inst/u_pointwise_before_depth/u_core_odd/g_dsp_group[1].g_middle[2].u_middle/U0/i_synth/i_synth_option.i_synth_model/opt_8series.i_uniwrap/i_primitive: DSP48E2 is not using the D port (AMULTSEL = A and BMULTSEL = B). For improved power characteristics, set DREG and ADREG to '1', tie CED, CEAD, and RSTD to logic '0'.
Related violations: <none>

AVAL-155#221 Advisory
enum_AMULTSEL_BMULTSEL_enum_DREG_ADREG_0_connects_CED_CEAD_RSTD_GND  
design_1_i/mobilenetV2_0/inst/u_pointwise_before_depth/u_core_odd/g_dsp_group[1].g_middle[3].u_middle/U0/i_synth/i_synth_option.i_synth_model/opt_8series.i_uniwrap/i_primitive: DSP48E2 is not using the D port (AMULTSEL = A and BMULTSEL = B). For improved power characteristics, set DREG and ADREG to '1', tie CED, CEAD, and RSTD to logic '0'.
Related violations: <none>

AVAL-155#222 Advisory
enum_AMULTSEL_BMULTSEL_enum_DREG_ADREG_0_connects_CED_CEAD_RSTD_GND  
design_1_i/mobilenetV2_0/inst/u_pointwise_before_depth/u_core_odd/g_dsp_group[1].g_middle[4].u_middle/U0/i_synth/i_synth_option.i_synth_model/opt_8series.i_uniwrap/i_primitive: DSP48E2 is not using the D port (AMULTSEL = A and BMULTSEL = B). For improved power characteristics, set DREG and ADREG to '1', tie CED, CEAD, and RSTD to logic '0'.
Related violations: <none>

AVAL-155#223 Advisory
enum_AMULTSEL_BMULTSEL_enum_DREG_ADREG_0_connects_CED_CEAD_RSTD_GND  
design_1_i/mobilenetV2_0/inst/u_pointwise_before_depth/u_core_odd/g_dsp_group[1].g_middle[5].u_middle/U0/i_synth/i_synth_option.i_synth_model/opt_8series.i_uniwrap/i_primitive: DSP48E2 is not using the D port (AMULTSEL = A and BMULTSEL = B). For improved power characteristics, set DREG and ADREG to '1', tie CED, CEAD, and RSTD to logic '0'.
Related violations: <none>

AVAL-155#224 Advisory
enum_AMULTSEL_BMULTSEL_enum_DREG_ADREG_0_connects_CED_CEAD_RSTD_GND  
design_1_i/mobilenetV2_0/inst/u_pointwise_before_depth/u_core_odd/g_dsp_group[1].g_middle[6].u_middle/U0/i_synth/i_synth_option.i_synth_model/opt_8series.i_uniwrap/i_primitive: DSP48E2 is not using the D port (AMULTSEL = A and BMULTSEL = B). For improved power characteristics, set DREG and ADREG to '1', tie CED, CEAD, and RSTD to logic '0'.
Related violations: <none>

AVAL-155#225 Advisory
enum_AMULTSEL_BMULTSEL_enum_DREG_ADREG_0_connects_CED_CEAD_RSTD_GND  
design_1_i/mobilenetV2_0/inst/u_pointwise_before_depth/u_core_odd/g_dsp_group[1].u_first/U0/i_synth/i_synth_option.i_synth_model/opt_8series.i_uniwrap/i_primitive: DSP48E2 is not using the D port (AMULTSEL = A and BMULTSEL = B). For improved power characteristics, set DREG and ADREG to '1', tie CED, CEAD, and RSTD to logic '0'.
Related violations: <none>

AVAL-155#226 Advisory
enum_AMULTSEL_BMULTSEL_enum_DREG_ADREG_0_connects_CED_CEAD_RSTD_GND  
design_1_i/mobilenetV2_0/inst/u_pointwise_before_depth/u_core_odd/g_dsp_group[1].u_last/U0/i_synth/i_synth_option.i_synth_model/opt_8series.i_uniwrap/i_primitive: DSP48E2 is not using the D port (AMULTSEL = A and BMULTSEL = B). For improved power characteristics, set DREG and ADREG to '1', tie CED, CEAD, and RSTD to logic '0'.
Related violations: <none>

AVAL-155#227 Advisory
enum_AMULTSEL_BMULTSEL_enum_DREG_ADREG_0_connects_CED_CEAD_RSTD_GND  
design_1_i/mobilenetV2_0/inst/u_pointwise_before_depth/u_core_odd/g_dsp_group[2].g_middle[1].u_middle/U0/i_synth/i_synth_option.i_synth_model/opt_8series.i_uniwrap/i_primitive: DSP48E2 is not using the D port (AMULTSEL = A and BMULTSEL = B). For improved power characteristics, set DREG and ADREG to '1', tie CED, CEAD, and RSTD to logic '0'.
Related violations: <none>

AVAL-155#228 Advisory
enum_AMULTSEL_BMULTSEL_enum_DREG_ADREG_0_connects_CED_CEAD_RSTD_GND  
design_1_i/mobilenetV2_0/inst/u_pointwise_before_depth/u_core_odd/g_dsp_group[2].g_middle[2].u_middle/U0/i_synth/i_synth_option.i_synth_model/opt_8series.i_uniwrap/i_primitive: DSP48E2 is not using the D port (AMULTSEL = A and BMULTSEL = B). For improved power characteristics, set DREG and ADREG to '1', tie CED, CEAD, and RSTD to logic '0'.
Related violations: <none>

AVAL-155#229 Advisory
enum_AMULTSEL_BMULTSEL_enum_DREG_ADREG_0_connects_CED_CEAD_RSTD_GND  
design_1_i/mobilenetV2_0/inst/u_pointwise_before_depth/u_core_odd/g_dsp_group[2].g_middle[3].u_middle/U0/i_synth/i_synth_option.i_synth_model/opt_8series.i_uniwrap/i_primitive: DSP48E2 is not using the D port (AMULTSEL = A and BMULTSEL = B). For improved power characteristics, set DREG and ADREG to '1', tie CED, CEAD, and RSTD to logic '0'.
Related violations: <none>

AVAL-155#230 Advisory
enum_AMULTSEL_BMULTSEL_enum_DREG_ADREG_0_connects_CED_CEAD_RSTD_GND  
design_1_i/mobilenetV2_0/inst/u_pointwise_before_depth/u_core_odd/g_dsp_group[2].g_middle[4].u_middle/U0/i_synth/i_synth_option.i_synth_model/opt_8series.i_uniwrap/i_primitive: DSP48E2 is not using the D port (AMULTSEL = A and BMULTSEL = B). For improved power characteristics, set DREG and ADREG to '1', tie CED, CEAD, and RSTD to logic '0'.
Related violations: <none>

AVAL-155#231 Advisory
enum_AMULTSEL_BMULTSEL_enum_DREG_ADREG_0_connects_CED_CEAD_RSTD_GND  
design_1_i/mobilenetV2_0/inst/u_pointwise_before_depth/u_core_odd/g_dsp_group[2].g_middle[5].u_middle/U0/i_synth/i_synth_option.i_synth_model/opt_8series.i_uniwrap/i_primitive: DSP48E2 is not using the D port (AMULTSEL = A and BMULTSEL = B). For improved power characteristics, set DREG and ADREG to '1', tie CED, CEAD, and RSTD to logic '0'.
Related violations: <none>

AVAL-155#232 Advisory
enum_AMULTSEL_BMULTSEL_enum_DREG_ADREG_0_connects_CED_CEAD_RSTD_GND  
design_1_i/mobilenetV2_0/inst/u_pointwise_before_depth/u_core_odd/g_dsp_group[2].g_middle[6].u_middle/U0/i_synth/i_synth_option.i_synth_model/opt_8series.i_uniwrap/i_primitive: DSP48E2 is not using the D port (AMULTSEL = A and BMULTSEL = B). For improved power characteristics, set DREG and ADREG to '1', tie CED, CEAD, and RSTD to logic '0'.
Related violations: <none>

AVAL-155#233 Advisory
enum_AMULTSEL_BMULTSEL_enum_DREG_ADREG_0_connects_CED_CEAD_RSTD_GND  
design_1_i/mobilenetV2_0/inst/u_pointwise_before_depth/u_core_odd/g_dsp_group[2].u_first/U0/i_synth/i_synth_option.i_synth_model/opt_8series.i_uniwrap/i_primitive: DSP48E2 is not using the D port (AMULTSEL = A and BMULTSEL = B). For improved power characteristics, set DREG and ADREG to '1', tie CED, CEAD, and RSTD to logic '0'.
Related violations: <none>

AVAL-155#234 Advisory
enum_AMULTSEL_BMULTSEL_enum_DREG_ADREG_0_connects_CED_CEAD_RSTD_GND  
design_1_i/mobilenetV2_0/inst/u_pointwise_before_depth/u_core_odd/g_dsp_group[2].u_last/U0/i_synth/i_synth_option.i_synth_model/opt_8series.i_uniwrap/i_primitive: DSP48E2 is not using the D port (AMULTSEL = A and BMULTSEL = B). For improved power characteristics, set DREG and ADREG to '1', tie CED, CEAD, and RSTD to logic '0'.
Related violations: <none>

AVAL-155#235 Advisory
enum_AMULTSEL_BMULTSEL_enum_DREG_ADREG_0_connects_CED_CEAD_RSTD_GND  
design_1_i/mobilenetV2_0/inst/u_pointwise_before_depth/u_core_odd/g_dsp_group[3].g_middle[1].u_middle/U0/i_synth/i_synth_option.i_synth_model/opt_8series.i_uniwrap/i_primitive: DSP48E2 is not using the D port (AMULTSEL = A and BMULTSEL = B). For improved power characteristics, set DREG and ADREG to '1', tie CED, CEAD, and RSTD to logic '0'.
Related violations: <none>

AVAL-155#236 Advisory
enum_AMULTSEL_BMULTSEL_enum_DREG_ADREG_0_connects_CED_CEAD_RSTD_GND  
design_1_i/mobilenetV2_0/inst/u_pointwise_before_depth/u_core_odd/g_dsp_group[3].g_middle[2].u_middle/U0/i_synth/i_synth_option.i_synth_model/opt_8series.i_uniwrap/i_primitive: DSP48E2 is not using the D port (AMULTSEL = A and BMULTSEL = B). For improved power characteristics, set DREG and ADREG to '1', tie CED, CEAD, and RSTD to logic '0'.
Related violations: <none>

AVAL-155#237 Advisory
enum_AMULTSEL_BMULTSEL_enum_DREG_ADREG_0_connects_CED_CEAD_RSTD_GND  
design_1_i/mobilenetV2_0/inst/u_pointwise_before_depth/u_core_odd/g_dsp_group[3].g_middle[3].u_middle/U0/i_synth/i_synth_option.i_synth_model/opt_8series.i_uniwrap/i_primitive: DSP48E2 is not using the D port (AMULTSEL = A and BMULTSEL = B). For improved power characteristics, set DREG and ADREG to '1', tie CED, CEAD, and RSTD to logic '0'.
Related violations: <none>

AVAL-155#238 Advisory
enum_AMULTSEL_BMULTSEL_enum_DREG_ADREG_0_connects_CED_CEAD_RSTD_GND  
design_1_i/mobilenetV2_0/inst/u_pointwise_before_depth/u_core_odd/g_dsp_group[3].g_middle[4].u_middle/U0/i_synth/i_synth_option.i_synth_model/opt_8series.i_uniwrap/i_primitive: DSP48E2 is not using the D port (AMULTSEL = A and BMULTSEL = B). For improved power characteristics, set DREG and ADREG to '1', tie CED, CEAD, and RSTD to logic '0'.
Related violations: <none>

AVAL-155#239 Advisory
enum_AMULTSEL_BMULTSEL_enum_DREG_ADREG_0_connects_CED_CEAD_RSTD_GND  
design_1_i/mobilenetV2_0/inst/u_pointwise_before_depth/u_core_odd/g_dsp_group[3].g_middle[5].u_middle/U0/i_synth/i_synth_option.i_synth_model/opt_8series.i_uniwrap/i_primitive: DSP48E2 is not using the D port (AMULTSEL = A and BMULTSEL = B). For improved power characteristics, set DREG and ADREG to '1', tie CED, CEAD, and RSTD to logic '0'.
Related violations: <none>

AVAL-155#240 Advisory
enum_AMULTSEL_BMULTSEL_enum_DREG_ADREG_0_connects_CED_CEAD_RSTD_GND  
design_1_i/mobilenetV2_0/inst/u_pointwise_before_depth/u_core_odd/g_dsp_group[3].g_middle[6].u_middle/U0/i_synth/i_synth_option.i_synth_model/opt_8series.i_uniwrap/i_primitive: DSP48E2 is not using the D port (AMULTSEL = A and BMULTSEL = B). For improved power characteristics, set DREG and ADREG to '1', tie CED, CEAD, and RSTD to logic '0'.
Related violations: <none>

AVAL-155#241 Advisory
enum_AMULTSEL_BMULTSEL_enum_DREG_ADREG_0_connects_CED_CEAD_RSTD_GND  
design_1_i/mobilenetV2_0/inst/u_pointwise_before_depth/u_core_odd/g_dsp_group[3].u_first/U0/i_synth/i_synth_option.i_synth_model/opt_8series.i_uniwrap/i_primitive: DSP48E2 is not using the D port (AMULTSEL = A and BMULTSEL = B). For improved power characteristics, set DREG and ADREG to '1', tie CED, CEAD, and RSTD to logic '0'.
Related violations: <none>

AVAL-155#242 Advisory
enum_AMULTSEL_BMULTSEL_enum_DREG_ADREG_0_connects_CED_CEAD_RSTD_GND  
design_1_i/mobilenetV2_0/inst/u_pointwise_before_depth/u_core_odd/g_dsp_group[3].u_last/U0/i_synth/i_synth_option.i_synth_model/opt_8series.i_uniwrap/i_primitive: DSP48E2 is not using the D port (AMULTSEL = A and BMULTSEL = B). For improved power characteristics, set DREG and ADREG to '1', tie CED, CEAD, and RSTD to logic '0'.
Related violations: <none>

AVAL-155#243 Advisory
enum_AMULTSEL_BMULTSEL_enum_DREG_ADREG_0_connects_CED_CEAD_RSTD_GND  
design_1_i/mobilenetV2_0/inst/u_pointwise_before_depth/u_core_odd/g_dsp_group[4].g_middle[1].u_middle/U0/i_synth/i_synth_option.i_synth_model/opt_8series.i_uniwrap/i_primitive: DSP48E2 is not using the D port (AMULTSEL = A and BMULTSEL = B). For improved power characteristics, set DREG and ADREG to '1', tie CED, CEAD, and RSTD to logic '0'.
Related violations: <none>

AVAL-155#244 Advisory
enum_AMULTSEL_BMULTSEL_enum_DREG_ADREG_0_connects_CED_CEAD_RSTD_GND  
design_1_i/mobilenetV2_0/inst/u_pointwise_before_depth/u_core_odd/g_dsp_group[4].g_middle[2].u_middle/U0/i_synth/i_synth_option.i_synth_model/opt_8series.i_uniwrap/i_primitive: DSP48E2 is not using the D port (AMULTSEL = A and BMULTSEL = B). For improved power characteristics, set DREG and ADREG to '1', tie CED, CEAD, and RSTD to logic '0'.
Related violations: <none>

AVAL-155#245 Advisory
enum_AMULTSEL_BMULTSEL_enum_DREG_ADREG_0_connects_CED_CEAD_RSTD_GND  
design_1_i/mobilenetV2_0/inst/u_pointwise_before_depth/u_core_odd/g_dsp_group[4].g_middle[3].u_middle/U0/i_synth/i_synth_option.i_synth_model/opt_8series.i_uniwrap/i_primitive: DSP48E2 is not using the D port (AMULTSEL = A and BMULTSEL = B). For improved power characteristics, set DREG and ADREG to '1', tie CED, CEAD, and RSTD to logic '0'.
Related violations: <none>

AVAL-155#246 Advisory
enum_AMULTSEL_BMULTSEL_enum_DREG_ADREG_0_connects_CED_CEAD_RSTD_GND  
design_1_i/mobilenetV2_0/inst/u_pointwise_before_depth/u_core_odd/g_dsp_group[4].g_middle[4].u_middle/U0/i_synth/i_synth_option.i_synth_model/opt_8series.i_uniwrap/i_primitive: DSP48E2 is not using the D port (AMULTSEL = A and BMULTSEL = B). For improved power characteristics, set DREG and ADREG to '1', tie CED, CEAD, and RSTD to logic '0'.
Related violations: <none>

AVAL-155#247 Advisory
enum_AMULTSEL_BMULTSEL_enum_DREG_ADREG_0_connects_CED_CEAD_RSTD_GND  
design_1_i/mobilenetV2_0/inst/u_pointwise_before_depth/u_core_odd/g_dsp_group[4].g_middle[5].u_middle/U0/i_synth/i_synth_option.i_synth_model/opt_8series.i_uniwrap/i_primitive: DSP48E2 is not using the D port (AMULTSEL = A and BMULTSEL = B). For improved power characteristics, set DREG and ADREG to '1', tie CED, CEAD, and RSTD to logic '0'.
Related violations: <none>

AVAL-155#248 Advisory
enum_AMULTSEL_BMULTSEL_enum_DREG_ADREG_0_connects_CED_CEAD_RSTD_GND  
design_1_i/mobilenetV2_0/inst/u_pointwise_before_depth/u_core_odd/g_dsp_group[4].g_middle[6].u_middle/U0/i_synth/i_synth_option.i_synth_model/opt_8series.i_uniwrap/i_primitive: DSP48E2 is not using the D port (AMULTSEL = A and BMULTSEL = B). For improved power characteristics, set DREG and ADREG to '1', tie CED, CEAD, and RSTD to logic '0'.
Related violations: <none>

AVAL-155#249 Advisory
enum_AMULTSEL_BMULTSEL_enum_DREG_ADREG_0_connects_CED_CEAD_RSTD_GND  
design_1_i/mobilenetV2_0/inst/u_pointwise_before_depth/u_core_odd/g_dsp_group[4].u_first/U0/i_synth/i_synth_option.i_synth_model/opt_8series.i_uniwrap/i_primitive: DSP48E2 is not using the D port (AMULTSEL = A and BMULTSEL = B). For improved power characteristics, set DREG and ADREG to '1', tie CED, CEAD, and RSTD to logic '0'.
Related violations: <none>

AVAL-155#250 Advisory
enum_AMULTSEL_BMULTSEL_enum_DREG_ADREG_0_connects_CED_CEAD_RSTD_GND  
design_1_i/mobilenetV2_0/inst/u_pointwise_before_depth/u_core_odd/g_dsp_group[4].u_last/U0/i_synth/i_synth_option.i_synth_model/opt_8series.i_uniwrap/i_primitive: DSP48E2 is not using the D port (AMULTSEL = A and BMULTSEL = B). For improved power characteristics, set DREG and ADREG to '1', tie CED, CEAD, and RSTD to logic '0'.
Related violations: <none>

AVAL-155#251 Advisory
enum_AMULTSEL_BMULTSEL_enum_DREG_ADREG_0_connects_CED_CEAD_RSTD_GND  
design_1_i/mobilenetV2_0/inst/u_pointwise_before_depth/u_core_odd/g_dsp_group[5].g_middle[1].u_middle/U0/i_synth/i_synth_option.i_synth_model/opt_8series.i_uniwrap/i_primitive: DSP48E2 is not using the D port (AMULTSEL = A and BMULTSEL = B). For improved power characteristics, set DREG and ADREG to '1', tie CED, CEAD, and RSTD to logic '0'.
Related violations: <none>

AVAL-155#252 Advisory
enum_AMULTSEL_BMULTSEL_enum_DREG_ADREG_0_connects_CED_CEAD_RSTD_GND  
design_1_i/mobilenetV2_0/inst/u_pointwise_before_depth/u_core_odd/g_dsp_group[5].g_middle[2].u_middle/U0/i_synth/i_synth_option.i_synth_model/opt_8series.i_uniwrap/i_primitive: DSP48E2 is not using the D port (AMULTSEL = A and BMULTSEL = B). For improved power characteristics, set DREG and ADREG to '1', tie CED, CEAD, and RSTD to logic '0'.
Related violations: <none>

AVAL-155#253 Advisory
enum_AMULTSEL_BMULTSEL_enum_DREG_ADREG_0_connects_CED_CEAD_RSTD_GND  
design_1_i/mobilenetV2_0/inst/u_pointwise_before_depth/u_core_odd/g_dsp_group[5].g_middle[3].u_middle/U0/i_synth/i_synth_option.i_synth_model/opt_8series.i_uniwrap/i_primitive: DSP48E2 is not using the D port (AMULTSEL = A and BMULTSEL = B). For improved power characteristics, set DREG and ADREG to '1', tie CED, CEAD, and RSTD to logic '0'.
Related violations: <none>

AVAL-155#254 Advisory
enum_AMULTSEL_BMULTSEL_enum_DREG_ADREG_0_connects_CED_CEAD_RSTD_GND  
design_1_i/mobilenetV2_0/inst/u_pointwise_before_depth/u_core_odd/g_dsp_group[5].g_middle[4].u_middle/U0/i_synth/i_synth_option.i_synth_model/opt_8series.i_uniwrap/i_primitive: DSP48E2 is not using the D port (AMULTSEL = A and BMULTSEL = B). For improved power characteristics, set DREG and ADREG to '1', tie CED, CEAD, and RSTD to logic '0'.
Related violations: <none>

AVAL-155#255 Advisory
enum_AMULTSEL_BMULTSEL_enum_DREG_ADREG_0_connects_CED_CEAD_RSTD_GND  
design_1_i/mobilenetV2_0/inst/u_pointwise_before_depth/u_core_odd/g_dsp_group[5].g_middle[5].u_middle/U0/i_synth/i_synth_option.i_synth_model/opt_8series.i_uniwrap/i_primitive: DSP48E2 is not using the D port (AMULTSEL = A and BMULTSEL = B). For improved power characteristics, set DREG and ADREG to '1', tie CED, CEAD, and RSTD to logic '0'.
Related violations: <none>

AVAL-155#256 Advisory
enum_AMULTSEL_BMULTSEL_enum_DREG_ADREG_0_connects_CED_CEAD_RSTD_GND  
design_1_i/mobilenetV2_0/inst/u_pointwise_before_depth/u_core_odd/g_dsp_group[5].g_middle[6].u_middle/U0/i_synth/i_synth_option.i_synth_model/opt_8series.i_uniwrap/i_primitive: DSP48E2 is not using the D port (AMULTSEL = A and BMULTSEL = B). For improved power characteristics, set DREG and ADREG to '1', tie CED, CEAD, and RSTD to logic '0'.
Related violations: <none>

AVAL-155#257 Advisory
enum_AMULTSEL_BMULTSEL_enum_DREG_ADREG_0_connects_CED_CEAD_RSTD_GND  
design_1_i/mobilenetV2_0/inst/u_pointwise_before_depth/u_core_odd/g_dsp_group[5].u_first/U0/i_synth/i_synth_option.i_synth_model/opt_8series.i_uniwrap/i_primitive: DSP48E2 is not using the D port (AMULTSEL = A and BMULTSEL = B). For improved power characteristics, set DREG and ADREG to '1', tie CED, CEAD, and RSTD to logic '0'.
Related violations: <none>

AVAL-155#258 Advisory
enum_AMULTSEL_BMULTSEL_enum_DREG_ADREG_0_connects_CED_CEAD_RSTD_GND  
design_1_i/mobilenetV2_0/inst/u_pointwise_before_depth/u_core_odd/g_dsp_group[5].u_last/U0/i_synth/i_synth_option.i_synth_model/opt_8series.i_uniwrap/i_primitive: DSP48E2 is not using the D port (AMULTSEL = A and BMULTSEL = B). For improved power characteristics, set DREG and ADREG to '1', tie CED, CEAD, and RSTD to logic '0'.
Related violations: <none>

AVAL-155#259 Advisory
enum_AMULTSEL_BMULTSEL_enum_DREG_ADREG_0_connects_CED_CEAD_RSTD_GND  
design_1_i/mobilenetV2_0/inst/u_pointwise_before_depth/u_core_odd/g_dsp_group[6].g_middle[1].u_middle/U0/i_synth/i_synth_option.i_synth_model/opt_8series.i_uniwrap/i_primitive: DSP48E2 is not using the D port (AMULTSEL = A and BMULTSEL = B). For improved power characteristics, set DREG and ADREG to '1', tie CED, CEAD, and RSTD to logic '0'.
Related violations: <none>

AVAL-155#260 Advisory
enum_AMULTSEL_BMULTSEL_enum_DREG_ADREG_0_connects_CED_CEAD_RSTD_GND  
design_1_i/mobilenetV2_0/inst/u_pointwise_before_depth/u_core_odd/g_dsp_group[6].g_middle[2].u_middle/U0/i_synth/i_synth_option.i_synth_model/opt_8series.i_uniwrap/i_primitive: DSP48E2 is not using the D port (AMULTSEL = A and BMULTSEL = B). For improved power characteristics, set DREG and ADREG to '1', tie CED, CEAD, and RSTD to logic '0'.
Related violations: <none>

AVAL-155#261 Advisory
enum_AMULTSEL_BMULTSEL_enum_DREG_ADREG_0_connects_CED_CEAD_RSTD_GND  
design_1_i/mobilenetV2_0/inst/u_pointwise_before_depth/u_core_odd/g_dsp_group[6].g_middle[3].u_middle/U0/i_synth/i_synth_option.i_synth_model/opt_8series.i_uniwrap/i_primitive: DSP48E2 is not using the D port (AMULTSEL = A and BMULTSEL = B). For improved power characteristics, set DREG and ADREG to '1', tie CED, CEAD, and RSTD to logic '0'.
Related violations: <none>

AVAL-155#262 Advisory
enum_AMULTSEL_BMULTSEL_enum_DREG_ADREG_0_connects_CED_CEAD_RSTD_GND  
design_1_i/mobilenetV2_0/inst/u_pointwise_before_depth/u_core_odd/g_dsp_group[6].g_middle[4].u_middle/U0/i_synth/i_synth_option.i_synth_model/opt_8series.i_uniwrap/i_primitive: DSP48E2 is not using the D port (AMULTSEL = A and BMULTSEL = B). For improved power characteristics, set DREG and ADREG to '1', tie CED, CEAD, and RSTD to logic '0'.
Related violations: <none>

AVAL-155#263 Advisory
enum_AMULTSEL_BMULTSEL_enum_DREG_ADREG_0_connects_CED_CEAD_RSTD_GND  
design_1_i/mobilenetV2_0/inst/u_pointwise_before_depth/u_core_odd/g_dsp_group[6].g_middle[5].u_middle/U0/i_synth/i_synth_option.i_synth_model/opt_8series.i_uniwrap/i_primitive: DSP48E2 is not using the D port (AMULTSEL = A and BMULTSEL = B). For improved power characteristics, set DREG and ADREG to '1', tie CED, CEAD, and RSTD to logic '0'.
Related violations: <none>

AVAL-155#264 Advisory
enum_AMULTSEL_BMULTSEL_enum_DREG_ADREG_0_connects_CED_CEAD_RSTD_GND  
design_1_i/mobilenetV2_0/inst/u_pointwise_before_depth/u_core_odd/g_dsp_group[6].g_middle[6].u_middle/U0/i_synth/i_synth_option.i_synth_model/opt_8series.i_uniwrap/i_primitive: DSP48E2 is not using the D port (AMULTSEL = A and BMULTSEL = B). For improved power characteristics, set DREG and ADREG to '1', tie CED, CEAD, and RSTD to logic '0'.
Related violations: <none>

AVAL-155#265 Advisory
enum_AMULTSEL_BMULTSEL_enum_DREG_ADREG_0_connects_CED_CEAD_RSTD_GND  
design_1_i/mobilenetV2_0/inst/u_pointwise_before_depth/u_core_odd/g_dsp_group[6].u_first/U0/i_synth/i_synth_option.i_synth_model/opt_8series.i_uniwrap/i_primitive: DSP48E2 is not using the D port (AMULTSEL = A and BMULTSEL = B). For improved power characteristics, set DREG and ADREG to '1', tie CED, CEAD, and RSTD to logic '0'.
Related violations: <none>

AVAL-155#266 Advisory
enum_AMULTSEL_BMULTSEL_enum_DREG_ADREG_0_connects_CED_CEAD_RSTD_GND  
design_1_i/mobilenetV2_0/inst/u_pointwise_before_depth/u_core_odd/g_dsp_group[6].u_last/U0/i_synth/i_synth_option.i_synth_model/opt_8series.i_uniwrap/i_primitive: DSP48E2 is not using the D port (AMULTSEL = A and BMULTSEL = B). For improved power characteristics, set DREG and ADREG to '1', tie CED, CEAD, and RSTD to logic '0'.
Related violations: <none>

AVAL-155#267 Advisory
enum_AMULTSEL_BMULTSEL_enum_DREG_ADREG_0_connects_CED_CEAD_RSTD_GND  
design_1_i/mobilenetV2_0/inst/u_pointwise_before_depth/u_core_odd/g_dsp_group[7].g_middle[1].u_middle/U0/i_synth/i_synth_option.i_synth_model/opt_8series.i_uniwrap/i_primitive: DSP48E2 is not using the D port (AMULTSEL = A and BMULTSEL = B). For improved power characteristics, set DREG and ADREG to '1', tie CED, CEAD, and RSTD to logic '0'.
Related violations: <none>

AVAL-155#268 Advisory
enum_AMULTSEL_BMULTSEL_enum_DREG_ADREG_0_connects_CED_CEAD_RSTD_GND  
design_1_i/mobilenetV2_0/inst/u_pointwise_before_depth/u_core_odd/g_dsp_group[7].g_middle[2].u_middle/U0/i_synth/i_synth_option.i_synth_model/opt_8series.i_uniwrap/i_primitive: DSP48E2 is not using the D port (AMULTSEL = A and BMULTSEL = B). For improved power characteristics, set DREG and ADREG to '1', tie CED, CEAD, and RSTD to logic '0'.
Related violations: <none>

AVAL-155#269 Advisory
enum_AMULTSEL_BMULTSEL_enum_DREG_ADREG_0_connects_CED_CEAD_RSTD_GND  
design_1_i/mobilenetV2_0/inst/u_pointwise_before_depth/u_core_odd/g_dsp_group[7].g_middle[3].u_middle/U0/i_synth/i_synth_option.i_synth_model/opt_8series.i_uniwrap/i_primitive: DSP48E2 is not using the D port (AMULTSEL = A and BMULTSEL = B). For improved power characteristics, set DREG and ADREG to '1', tie CED, CEAD, and RSTD to logic '0'.
Related violations: <none>

AVAL-155#270 Advisory
enum_AMULTSEL_BMULTSEL_enum_DREG_ADREG_0_connects_CED_CEAD_RSTD_GND  
design_1_i/mobilenetV2_0/inst/u_pointwise_before_depth/u_core_odd/g_dsp_group[7].g_middle[4].u_middle/U0/i_synth/i_synth_option.i_synth_model/opt_8series.i_uniwrap/i_primitive: DSP48E2 is not using the D port (AMULTSEL = A and BMULTSEL = B). For improved power characteristics, set DREG and ADREG to '1', tie CED, CEAD, and RSTD to logic '0'.
Related violations: <none>

AVAL-155#271 Advisory
enum_AMULTSEL_BMULTSEL_enum_DREG_ADREG_0_connects_CED_CEAD_RSTD_GND  
design_1_i/mobilenetV2_0/inst/u_pointwise_before_depth/u_core_odd/g_dsp_group[7].g_middle[5].u_middle/U0/i_synth/i_synth_option.i_synth_model/opt_8series.i_uniwrap/i_primitive: DSP48E2 is not using the D port (AMULTSEL = A and BMULTSEL = B). For improved power characteristics, set DREG and ADREG to '1', tie CED, CEAD, and RSTD to logic '0'.
Related violations: <none>

AVAL-155#272 Advisory
enum_AMULTSEL_BMULTSEL_enum_DREG_ADREG_0_connects_CED_CEAD_RSTD_GND  
design_1_i/mobilenetV2_0/inst/u_pointwise_before_depth/u_core_odd/g_dsp_group[7].g_middle[6].u_middle/U0/i_synth/i_synth_option.i_synth_model/opt_8series.i_uniwrap/i_primitive: DSP48E2 is not using the D port (AMULTSEL = A and BMULTSEL = B). For improved power characteristics, set DREG and ADREG to '1', tie CED, CEAD, and RSTD to logic '0'.
Related violations: <none>

AVAL-155#273 Advisory
enum_AMULTSEL_BMULTSEL_enum_DREG_ADREG_0_connects_CED_CEAD_RSTD_GND  
design_1_i/mobilenetV2_0/inst/u_pointwise_before_depth/u_core_odd/g_dsp_group[7].u_first/U0/i_synth/i_synth_option.i_synth_model/opt_8series.i_uniwrap/i_primitive: DSP48E2 is not using the D port (AMULTSEL = A and BMULTSEL = B). For improved power characteristics, set DREG and ADREG to '1', tie CED, CEAD, and RSTD to logic '0'.
Related violations: <none>

AVAL-155#274 Advisory
enum_AMULTSEL_BMULTSEL_enum_DREG_ADREG_0_connects_CED_CEAD_RSTD_GND  
design_1_i/mobilenetV2_0/inst/u_pointwise_before_depth/u_core_odd/g_dsp_group[7].u_last/U0/i_synth/i_synth_option.i_synth_model/opt_8series.i_uniwrap/i_primitive: DSP48E2 is not using the D port (AMULTSEL = A and BMULTSEL = B). For improved power characteristics, set DREG and ADREG to '1', tie CED, CEAD, and RSTD to logic '0'.
Related violations: <none>


