memory_initialization_radix=16;
memory_initialization_vector=
0204,
00c5,
0290,
0343,
016c,
01cd,
0349,
0243,
01f4,
01ab,
0124,
014f,
00ac,
0253,
01ea,
0248,
030b,
046d,
0206,
01e8,
02a0,
0372,
0206,
0207,
01f7,
0102,
014b,
0283,
0242,
032e,
00c6,
0299,
03f6,
04fb,
0160,
0175,
01ed,
01c0,
01fb,
012a,
0156,
029e,
024b,
0332,
028c,
01a0,
032d,
04fb,
01ec,
01d8,
01f0,
0158,
011b,
0204,
017f,
0232,
0405,
03ac,
0308,
01f2,
0228,
0443,
0459,
01e1,
02b8,
0209,
017c,
0206,
02c8,
030a,
049b,
02df,
01a0,
01a2,
0222,
02e0,
0374,
0415,
026c,
025f,
024f,
0221,
029d,
029c,
03c5,
0205,
0161,
014a,
012b,
01c2,
01eb,
03c8,
0333,
0191,
01ec,
0182,
0208,
0255,
04d7,
00e7,
00e4,
0146,
017b,
01ed,
01e2,
02b5,
0418,
02ab,
0174,
01fc,
01d6,
02b3,
0469,
025a,
0213,
01c7,
0257,
0197,
01e6,
01e6,
0567,
041a,
01bb,
01f6,
020a,
02cb,
0337,
0373,
0320,
0326,
0222,
0164,
0183,
0140,
0294,
02e0,
03b8,
0299,
0278,
02ee,
02ec,
02fb,
0402,
0283,
025e,
0229,
01d6,
0181,
01c7,
019b,
01e7,
0234,
02b7,
041c,
0266,
02c5,
0476,
0269,
02db,
0200,
0164,
01ba,
0170,
01ba,
020f,
01a4,
0169,
03e0,
0299,
01a2,
0310,
02aa,
02ae,
02ba,
01f2,
016c,
0173,
0272,
0274,
0207,
01fb,
03e7,
030a,
023b,
0284,
0263,
02d4,
0346,
037d,
02a6,
0352,
02d4,
0305,
02c2,
0265,
03fb,
012e,
00b7,
0000,
00c1,
0018,
01c9,
01e5,
02fe,
023e,
014c,
00e5,
00fa,
00b3,
0000,
01b8,
01b8,
0210,
00f0,
01f0,
01c9,
0211,
0175,
01e9,
00c8,
0171,
00ad,
0190,
016e,
0211,
0382,
0189,
00ed,
0390,
03ec,
011c,
00b5,
00eb,
00f7,
012e,
00b3,
017b,
016a,
0219,
03bd,
026c,
01f9,
0330,
022d,
01b3,
00bb,
0099,
0025,
0171,
007a,
0140,
002f,
01d2,
0257,
0259,
0252,
015a,
015e,
022b,
00c7,
014c,
017f,
01c2,
018f,
014b,
021e,
038e,
023b,
0179,
0151,
0190,
0185,
00f3,
01e5,
0030,
005f,
006b,
0164,
0296,
01b2,
030b,
01b4,
00a2,
00c3,
0096,
0124,
00ba,
0000,
0187,
00c8,
006d,
008a,
00d2,
011b,
01e8,
0000,
0000,
0000,
0006,
014f,
011f,
00c9,
015c,
0168,
003f,
00d9,
0163,
00e2,
0000,
0023,
00e7,
003e,
0027,
0062,
00c3,
0131,
0194,
01d4,
007f,
00a3,
00ed,
0128,
01f0,
0158,
01cf,
0021,
0075,
0005,
00dd,
00b0,
0131,
014c,
0141,
013a,
008e,
01ca,
014b,
033a,
0483,
0287,
00e9,
009d,
01b0,
00e0,
00a1,
016a,
0040,
00ea,
020f,
0378,
014f,
0376,
030d,
00e0,
0000,
0070,
002b,
004d,
00c6,
01c3,
0046,
0000,
0064,
02bb,
0112,
00dc,
004d,
00e2,
008e,
006f,
00f4,
0089,
0020,
0060,
002a,
0000,
0032,
0020,
00ea,
0081,
0039,
0072,
00b7,
0047,
0000,
007e,
0051,
0094,
0100,
0102,
005f,
0114,
0156,
029f,
0097,
0279,
025b,
0155,
015c,
009a,
02bd,
02e6,
02fc,
02ef,
03d7,
0360,
0283,
020c,
0170,
0222,
011b,
0317,
033f,
01a8,
0333,
0404,
0413,
0403,
03c3,
039e,
023e,
0235,
0233,
0152,
0000,
02a2,
0410,
03c7,
03ba,
035d,
039d,
03ad,
038c,
038b,
036a,
003d,
00a3,
0154,
01b1,
02f8,
0452,
0354,
0353,
035a,
030b,
02b3,
039c,
038e,
0195,
0074,
0000,
02a5,
0366,
0275,
0312,
02d7,
0286,
02c1,
02fa,
0337,
0254,
00a5,
029e,
01df,
02ce,
0437,
0365,
02bf,
0307,
023d,
0268,
02bc,
02f9,
0332,
029b,
017b,
0363,
02bd,
0387,
03a3,
03f3,
03f1,
0361,
029a,
0272,
03a4,
02fb,
0352,
0280,
0272,
010e,
0153,
031e,
035c,
03a5,
03e3,
0327,
0292,
024a,
0293,
0299,
02ae,
0308,
025d,
014a,
0260,
025c,
02b4,
0247,
02df,
033b,
02e6,
0309,
02ca,
0321,
02e1,
02cc,
025f,
0129,
0223,
01ba,
033d,
0166,
01fa,
030a,
02e9,
02e0,
031f,
039c,
031a,
03f2,
0320,
00c1,
0227,
00f9,
02c6,
025d,
01f5,
03c6,
03eb,
03ab,
0379,
033f,
0274,
01e2,
02a1,
015f,
0273,
00f0,
0282,
021a,
019f,
02a2,
024e,
02d8,
028a,
033f,
0240,
024a,
00dd,
0249,
02ab,
0260,
025a,
0177,
01ca,
0140,
01ae,
03e8,
0221,
0283,
0300,
0273,
02c1,
0153,
0286,
02a6,
0264,
01c9,
01aa,
028f,
02b3,
026b,
0217,
027d,
023a,
01e4,
014f,
0151,
00a1,
0463,
04d9,
0245,
033f,
044e,
02e9,
039c,
0152,
01b4,
02bb,
0164,
029e,
0058,
02f6,
0408,
04d4,
03c7,
03e3,
03b7,
0337,
03e4,
023c,
01f4,
0244,
0292,
01f0,
0218,
041b,
0234,
01b0,
036c,
04a9,
0195,
01f9,
021b,
0285,
01aa,
0312,
01f7,
0284,
026b,
0504,
01b8,
0234,
02a4,
0398,
02ce,
01cd,
023b,
02d2,
022b,
02b9,
0151,
0293,
043d,
044d,
0324,
01e3,
0058,
01ce,
0469,
02cd,
0379,
0268,
0229,
01cb,
0239,
02cc,
039e,
0248,
01c5,
00e4,
005e,
007f,
03b1,
03e4,
017c,
0162,
012f,
01f8,
0202,
02a2,
03ae,
0214,
00ee,
006e,
005b,
00ca,
00d6,
0425,
03fc,
0104,
00d7,
00e2,
0159,
01c9,
0327,
010b,
00a3,
009c,
0192,
01b2,
00c5,
01aa,
0513,
028e,
00d5,
0143,
01fe,
01a5,
0330,
0213,
0139,
0103,
017f,
00cb,
0081,
00f5,
036d,
042c,
0153,
012f,
012c,
0194,
0253,
02d3,
0220,
011c,
013d,
0027,
00a8,
0054,
010a,
0399,
02fa,
02c8,
0285,
02c0,
01ca,
0219,
0336,
00e3,
0247,
01fe,
01c1,
0170,
00f3,
015a,
0213,
0154,
017f,
03d7,
0205,
02d1,
04a9,
0119,
0210,
0103,
0062,
00f1,
0111,
022d,
014f,
00a2,
0079,
03be,
0262,
01f4,
026c,
01f6,
02bf,
02e4,
0373,
0171,
0167,
01c8,
0276,
01f2,
0273,
0360,
034d,
02c7,
0258,
0321,
026d,
0285,
02e7,
027c,
02cd,
02ef,
01f6,
02ab,
02d8,
030b,
0356,
0387,
027e,
0215,
0270,
034e,
029c,
01b7,
0287,
02e9,
035f,
02b2,
03cf,
02c1,
03c6,
0262,
0222,
0121,
0166,
0262,
0341,
0393,
0201,
02b7,
0343,
02fa,
0389,
03c3,
02d5,
008b,
00eb,
011f,
024f,
01cd,
03b6,
03c9,
02fa,
0243,
0319,
02ae,
0350,
03b4,
0347,
02fc,
0156,
00d0,
0160,
015d,
0370,
02e6,
0377,
0227,
0220,
0299,
02b7,
0267,
00f8,
018d,
01ca,
00b6,
017d,
0130,
019f,
0279,
0297,
02fc,
02e9,
0364,
0306,
03e2,
015f,
019f,
0138,
016a,
017f,
0181,
00d4,
01ad,
02e3,
0326,
033d,
033c,
0346,
0308,
013c,
0160,
016b,
018a,
0149,
00f8,
01d9,
01ca,
02b7,
03ed,
038a,
0366,
0446,
032d,
0136,
018e,
0202,
0158,
0089,
00dd,
0139,
01ef,
0221,
03c7,
03f0,
0302,
0335,
03fa,
01e8,
007f,
0080,
00dd,
00f9,
0100,
00de,
0179,
01b5,
02a9,
0391,
0354,
03d5,
03cf,
033f,
014b,
0018,
012c,
0186,
00e7,
00dc,
012e,
0216,
014e,
023c,
01f6,
0208,
0306,
03ef,
031c,
00f0,
00b3,
00cb,
0082,
007a,
0050,
00f8,
010b,
0132,
020f,
01a0,
0149,
0272,
0235,
0238,
0158,
0170,
00db,
0031,
001f,
010a,
0097,
00a7,
016b,
01f7,
005d,
034d,
0278,
0231,
02b2,
02db,
0150,
0024,
01a7,
0143,
00af,
0000,
00b0,
0105,
0129,
0349,
02cc,
0302,
0346,
02f8,
03dc,
030c,
0321,
0269,
02a1,
0368,
037b,
0439,
03f8,
029c,
02c4,
0000,
0000,
0120,
01b1,
0000,
008e,
007e,
012e,
012c,
0053,
0136,
00b7,
0192,
01b8,
0000,
0000,
029d,
0000,
0000,
0000,
0000,
0000,
001f,
0000,
010a,
018c,
0106,
0139,
029d,
0000,
00a9,
0000,
0052,
0000,
00f6,
0000,
00a6,
005a,
02bd,
013a,
0155,
0000,
01db,
00bd,
0000,
0000,
0000,
009e,
0125,
0000,
0099,
00d4,
0377,
02c6,
0139,
0000,
0326,
0130,
002c,
0000,
0000,
018d,
00a4,
0238,
0221,
00f0,
0244,
036f,
02f3,
0190,
0283,
00ea,
0120,
0000,
0000,
00c0,
02c6,
023b,
01f3,
00a9,
0076,
0000,
01a3,
0265,
01c5,
0193,
015b,
0065,
0000,
0000,
0000,
0113,
0195,
0079,
00c1,
00b1,
0000,
0229,
0090,
021e,
01fb,
00aa,
0000,
0000,
0000,
0037,
00e5,
0083,
006a,
0000,
0000,
0000,
00eb,
0279,
008b,
0099,
0024,
0000,
0000,
0000,
019b,
0108,
0095,
00cd,
0000,
0000,
0000,
0000,
0000,
00e7,
0143,
011f,
0000,
0000,
0000,
0100,
027d,
00e8,
0001,
00a0,
0000,
0000,
0000,
0387,
01f3,
0019,
0091,
0000,
0000,
00be,
00eb,
0106,
0000,
00fd,
0000,
00f4,
0000,
0144,
01d4,
0000,
0000,
009c,
0000,
004f,
008c,
0000,
0000,
0193,
01b6,
0235,
0000,
01a1,
0000,
0000,
017d,
023a,
01fd,
006e,
0107,
000e,
0000,
0088,
00d3,
0000,
00c6,
00fa,
0000,
0088,
0098,
0172,
00dd,
015a,
0037,
0000,
0358,
041f,
04b4,
01df,
01f2,
021a,
0266,
04ce,
02dd,
007e,
02f9,
0151,
0266,
03c9,
049a,
041d,
070d,
03bf,
0205,
016f,
0228,
02f6,
0143,
0224,
02ba,
01f7,
0399,
05d6,
016c,
03b0,
038e,
0375,
0731,
024f,
01ec,
02ae,
00a0,
0123,
01e5,
0305,
032a,
0305,
01b4,
0701,
03e4,
0383,
041d,
01d9,
01f3,
0168,
0303,
01aa,
0353,
0554,
064c,
05bc,
02ef,
0657,
058f,
0335,
02a4,
028d,
0242,
0280,
01fd,
03a2,
032b,
0319,
0331,
0112,
023f,
03e6,
03ca,
0287,
0387,
021b,
02bf,
012c,
0043,
00be,
0107,
00a7,
0019,
0000,
0104,
03c5,
039c,
02a0,
0280,
02b5,
027c,
010c,
0000,
0000,
0000,
0000,
0000,
0000,
02a5,
0362,
031f,
02ee,
02e0,
02b3,
029b,
0239,
0000,
0000,
0000,
0029,
006b,
0000,
0197,
0310,
032f,
02e7,
02f8,
024c,
02ad,
01f3,
01a1,
0000,
0000,
001d,
007e,
0000,
0000,
012b,
02bd,
0333,
02f4,
025e,
0282,
0284,
0253,
0107,
0038,
00e0,
000c,
0000,
0000,
0000,
0354,
02e5,
021a,
0248,
02ea,
02bc,
022a,
0243,
029d,
031e,
02c3,
0000,
0000,
00ac,
04ab,
033b,
02d5,
02b4,
026c,
02a1,
0285,
0366,
0358,
036c,
033f,
015c,
0016,
0000,
01a9,
00a8,
00fc,
02e3,
0331,
037d,
040a,
0366,
037f,
02f7,
019b,
013b,
0000,
0000,
0000,
0000,
0000,
0000,
011a,
00e5,
00ec,
0053,
0000,
0000,
0000,
0000,
0000,
0000,
0000,
0000,
0298,
0324,
037c,
0122,
0108,
0179,
02c1,
0293,
035c,
0195,
008d,
0000,
0000,
0000,
0000,
00d0,
04a5,
04b4,
01ca,
0338,
02bf,
01ea,
02d1,
027e,
0271,
0000,
0000,
0000,
0000,
0000,
02ea,
0349,
028f,
0175,
034f,
0369,
044a,
045a,
0378,
0022,
0000,
0000,
0000,
0000,
027f,
0166,
028d,
029f,
03f0,
0334,
020c,
03fe,
0000,
0026,
0000,
0000,
0000,
0000,
0000,
02a0,
03a6,
0405,
031b,
04df,
03c6,
02f2,
0000,
0000,
003c,
0000,
00a1,
0000,
0000,
0000,
015f,
0299,
024c,
0274,
02e7,
025b,
0205,
0063,
0000,
0000,
0000,
0000,
0000,
0000,
0045,
01e9,
0181,
00e9,
00b9,
026e,
0100,
00ab,
000a,
00a4,
0227,
00a6,
0000,
0000,
0000,
0091,
0129,
00a6,
021b,
0199,
0326,
01f2,
006c,
0047,
0000,
0000,
0000,
0000,
0000,
0000,
0167,
0189,
01b3,
0122,
02eb,
0226,
0000,
00bb,
0000,
0000,
0000,
0000,
0000,
006d,
0035,
0018,
0018,
01a4,
015b,
00e7,
0000,
0000,
0000,
00bd,
0000,
0000,
0000,
0000,
0000,
0000,
0000,
0000,
013f,
01cb,
01f3,
0000,
0066,
0000,
0000,
0000,
0000,
0000,
0000,
0000,
0000,
0000,
0123,
009c,
00e8,
0112,
01ce,
0000,
004d,
0000,
000f,
0000,
0000,
01aa,
0041,
0106,
040f,
0356,
0334,
0299,
01d7,
03b3,
041b,
0373,
030f,
02db,
02be,
03cd,
043f,
048c,
0246,
00ee,
0201,
0219,
020a,
03e9,
024e,
0344,
02b8,
005d,
009d,
0098,
00ae,
0108,
0165,
0003,
0056,
0165,
022b,
025c,
021c,
0199,
0290,
00e1,
007c,
0161,
0143,
0090,
0149,
0000,
0062,
00e7,
0000,
00d9,
0109,
0085,
016d,
013f,
00a0,
0128,
01d1,
019e,
0106,
0216,
0171,
0200,
0058,
0000,
0052,
002c,
019b,
0155,
00d5,
019a,
027c,
01a7,
0000,
0186,
0346,
00fe,
004d,
0042,
000d,
0206,
02c4,
01eb,
01a6,
0141,
01b9,
0371,
0000,
0089,
00b3,
0000,
0072,
006d,
0000,
00bd,
01c5,
020f,
01b9,
0138,
012e,
0202,
0000,
00ad,
0083,
0000,
0000,
0059,
0000,
000a,
0232,
00f6,
00cd,
00a7,
016d,
00de,
0000,
008e,
0000,
0032,
004b,
0052,
0040,
00e0,
005f,
00fe,
015f,
0169,
0147,
0143,
0103,
0000,
00c5,
0011,
00dd,
0000,
007d,
00ab,
0000,
005f,
015c,
0065,
00f1,
01a7,
01b2,
0000,
0057,
00df,
01a9,
00dc,
013b,
0135,
0043,
000d,
0000,
0000,
0000,
00ed,
01d7,
01d8,
024c,
01a6,
0172,
0196,
00e9,
0135,
013a,
0051,
0016,
00c9,
0055,
0082,
02e2,
02a8,
029f,
00a0,
008a,
0000,
0000,
0134,
011a,
00b6,
0107,
009b,
004f,
01d8,
0186,
0150,
0064,
014e,
01b9,
0095,
02ee,
009a,
0037,
0000,
0172,
0000,
00aa,
00c3,
0291,
00bf,
0173,
00e6,
0205,
02b4,
0143,
017e,
00e6,
016c,
0119,
012d,
0188,
0207,
0000,
0000,
0000,
0000,
011c,
0116,
0000,
0000,
0173,
0014,
0000,
0000,
0000,
0000,
0000,
0000,
0000,
0000,
0000,
0000,
0000,
0000,
0000,
0000,
0000,
0000,
0000,
0000,
0000,
0000,
0000,
0000,
0000,
0000,
0000,
0000,
0000,
0000,
0000,
0000,
0000,
0000,
0000,
0000,
0000,
0053,
0000,
0000,
0000,
0000,
0000,
0000,
0000,
0000,
0000,
0000,
0000,
0000,
0000,
0000,
0000,
0000,
0000,
0000,
0000,
0000,
0000,
0000,
0000,
0000,
0000,
0000,
0000,
0000,
0000,
0000,
0000,
0000,
0000,
0000,
0000,
0000,
0000,
0072,
0000,
0000,
0000,
0000,
0000,
0000,
0000,
0000,
0000,
0089,
0000,
0000,
0000,
0000,
0000,
005c,
0000,
0000,
0000,
0000,
0000,
0000,
0000,
019e,
0000,
0000,
0003,
0000,
0000,
0000,
0000,
0000,
0000,
0000,
0000,
0000,
0000,
0000,
0000,
0000,
0000,
0000,
0093,
0000,
0000,
0000,
0000,
0000,
0000,
0000,
0000,
0000,
0000,
0000,
0000,
0000,
00ec,
0000,
0000,
0000,
0000,
0000,
0000,
008d,
0000,
001e,
0000,
0000,
0000,
0000,
0299,
0090,
0000,
0000,
0000,
0000,
0000,
0000,
0000,
0000,
0000,
0000,
0000,
0000,
0000,
0113,
0000,
0000,
006b,
0000,
0000,
0000,
0000,
0000,
0000,
0000,
0000,
0000,
0028,
0000,
0275,
0100,
0224,
018a,
0000,
0000,
0000,
0000,
0000,
0000,
0000,
0000,
0197,
0117,
0228,
0311,
04ad,
04c7,
066a,
03b9,
0473,
04bf,
0483,
0562,
0486,
0333,
0208,
01c1,
01f5,
01d9,
03da,
04af,
0599,
052c,
053c,
04e3,
0400,
03a6,
03df,
0449,
050c,
01ba,
0118,
00eb,
0278,
0448,
04ed,
0534,
0615,
057c,
06b4,
05b5,
060f,
061e,
055f,
046c,
00fb,
01c3,
0176,
012f,
04cd,
04da,
03f5,
04ba,
05e8,
0599,
0483,
04b5,
02d4,
0263,
0293,
01b9,
00fa,
0000,
02cc,
0427,
0390,
0472,
05bf,
0681,
0603,
0700,
027d,
00da,
0235,
00aa,
0125,
0000,
0009,
04f5,
05bc,
0571,
05cb,
057c,
0634,
06da,
0415,
0052,
0162,
0057,
004c,
0062,
0000,
0220,
0582,
042a,
04e7,
04bd,
04f8,
0649,
0340,
0119,
0106,
0134,
0131,
0008,
0067,
00b2,
042d,
065c,
056e,
0505,
05ca,
06a4,
0599,
0242,
0161,
011c,
00b6,
0007,
0078,
008e,
01ef,
05c4,
0668,
0677,
064f,
05e0,
065c,
05fe,
0227,
00bf,
00a8,
009e,
0090,
00d1,
007b,
02be,
04fa,
02eb,
0318,
0605,
0685,
0607,
02d0,
0103,
00cf,
00f4,
0025,
00b8,
00a9,
0073,
00f0,
0022,
0000,
042f,
0596,
04d2,
0332,
029b,
01e1,
006f,
00ef,
00e4,
00fe,
00d6,
00b3,
003c,
00a7,
0173,
0612,
0591,
0523,
0607,
05b4,
02d8,
03a4,
014f,
0116,
01fb,
0398,
043e,
0323,
03eb,
07f8,
07a7,
07c2,
0780,
0789,
06f3,
0754,
0642,
0734,
077f,
082a,
0752,
0761,
07ed,
00ff,
00c9,
02e6,
02b2,
018f,
01a9,
035e,
024c,
01cf,
01b8,
0208,
01cd,
015d,
013a,
01ca,
0298,
0353,
03df,
0236,
02a9,
02f6,
02b3,
023a,
01c3,
026b,
0232,
026f,
01af,
0240,
02b9,
0194,
028d,
024a,
0398,
0229,
0264,
0224,
0214,
01df,
02cb,
0243,
0262,
02db,
0400,
0164,
0288,
02e5,
0312,
0271,
028a,
0273,
021b,
0279,
0292,
015c,
020d,
033d,
0358,
0218,
033d,
0278,
02f2,
035c,
026c,
0314,
025b,
026c,
028c,
0228,
0195,
0264,
01fd,
0200,
0282,
024d,
028b,
0328,
0335,
017a,
01c6,
015f,
0263,
01f9,
02a8,
02cf,
01f3,
01da,
0212,
0217,
027e,
01cb,
03c7,
02f1,
018a,
01e2,
01e6,
0271,
0261,
0354,
01dc,
026f,
0200,
022a,
0269,
024e,
025b,
0409,
023b,
01d2,
0221,
026a,
025d,
03ba,
026a,
0272,
0251,
02aa,
0251,
0250,
01ff,
0343,
0364,
017a,
01dd,
01c4,
0222,
024f,
0346,
0373,
02d6,
029b,
01db,
01ce,
0191,
026e,
02b3,
02a4,
0288,
013f,
01ef,
01ff,
0309,
04e1,
033d,
03ad,
01aa,
01af,
0193,
019c,
01f7,
02f9,
0260,
0166,
01e0,
01e4,
02ca,
0520,
02d9,
02c8,
0242,
021b,
01d4,
01e9,
02a9,
0211,
01bb,
0192,
01ff,
0210,
01e3,
02a1,
01cc,
026e,
02df,
0340,
0314,
01ed,
01dd,
0220,
0231,
01f5,
0236,
01b0,
01eb,
00f9,
016a,
01a2,
01a9,
01f4,
01db,
0198,
0157,
014e,
0118,
014d,
018c,
0025,
0000,
0000,
002c,
0000,
0011,
014a,
00f5,
0000,
0000,
0000,
006d,
0000,
0000,
0035,
0000,
0012,
0000,
0000,
0083,
0178,
0000,
0015,
005b,
0000,
009d,
0023,
001f,
00a7,
0000,
0000,
0045,
000e,
005d,
0083,
0088,
01ee,
018b,
01b2,
0113,
01f7,
020f,
011d,
0000,
0000,
00af,
0248,
00a5,
0000,
009a,
00f8,
00b8,
01e4,
02f6,
0330,
014e,
004f,
0183,
00cf,
0299,
04e1,
01e7,
0000,
00f0,
00dc,
010b,
01e4,
026c,
03c7,
0328,
000b,
03bb,
03cf,
03c9,
0524,
03db,
00ef,
0223,
036f,
03a2,
03dd,
02f2,
0427,
0371,
013b,
03c1,
047a,
0381,
03e3,
03ff,
03da,
0237,
0240,
0372,
03a7,
034a,
03a4,
03a5,
00f4,
0243,
0338,
031b,
034d,
0392,
048c,
03a1,
024b,
02a4,
0356,
03d9,
032f,
0301,
023e,
025f,
0304,
030c,
0331,
0322,
0429,
03f6,
02f1,
02ba,
0358,
030e,
02fb,
03bc,
0246,
01b3,
035a,
02d8,
02a5,
0319,
0483,
0487,
035e,
02f0,
0311,
0326,
0252,
02c2,
025a,
01a9,
02f0,
02c7,
01f5,
033d,
03d4,
037b,
03ce,
042d,
03d2,
03c1,
0300,
01dd,
0207,
01fb,
0278,
0102,
003f,
00b5,
018c,
0279,
037f,
02af,
0298,
0280,
0249,
0137,
02ea,
0249,
00f3,
00e9,
0143,
00a0,
016e,
0161,
0293,
0187,
00e8,
00be,
003f,
00f8,
03b7,
022c,
0210,
0239,
033f,
031f,
0281,
0269,
00aa,
01ba,
02fe,
0309,
0301,
0336,
011c,
0000,
03a3,
0000,
018c,
00df,
0212,
02ca,
0122,
02cd,
033a,
028f,
00f2,
007c,
01eb,
028e,
0068,
0000,
005b,
00d5,
013c,
0158,
0000,
0000,
0060,
007a,
01d9,
010e,
02de,
0275,
0089,
0000,
0000,
0185,
0096,
0209,
00b5,
00cc,
0108,
007b,
01bb,
017a,
0383,
0480,
0005,
0000,
008e,
01df,
0091,
00b7,
01b3,
00a1,
02af,
0119,
00b8,
00a4,
022d,
0000,
0000,
01bf,
0168,
0000,
0000,
0106,
0000,
007f,
019f,
0218,
0145,
0000,
0230,
0000,
0000,
00b9,
0158,
0000,
0000,
0110,
0000,
0092,
0000,
01ef,
00c3,
02b5,
0251,
0055,
0000,
003a,
00b3,
005e,
0000,
0000,
0000,
0074,
0050,
00bf,
00dc,
02ca,
015f,
0055,
0068,
0000,
005c,
0103,
00ef,
0000,
0000,
005d,
0036,
0014,
012a,
024a,
0000,
0000,
0000,
00dc,
01bb,
0107,
00fd,
0016,
0000,
0147,
0047,
0097,
0069,
02a6,
00e7,
0046,
002c,
0062,
0000,
0089,
0023,
0000,
0000,
0000,
0000,
0000,
0000,
0079,
0176,
02c5,
0142,
0083,
0000,
0000,
0067,
0017,
0000,
004e,
0000,
0000,
0000,
00d0,
013e,
023a,
028c,
00e0,
0000,
0000,
0027,
0000,
0000,
0102,
0000,
0000,
0000,
0168,
0141,
0000,
0000,
0000,
0000,
007d,
0195,
00f0,
009a,
0000,
0000,
0000,
006f,
0050,
00bf,
0072,
0000,
0000,
000c,
0000,
0000,
0000,
0000,
0000,
0000,
0000,
0000,
0000,
0000,
01aa,
02b0,
0000,
0000,
00e5,
0000,
01ac,
005f,
0000,
0000,
0000,
00d7,
0000,
01e2,
00f7,
0174,
025e,
025f,
0000,
0000,
0000,
0000,
0000,
00fe,
0000,
0044,
0158,
0000,
0000,
0000,
02d0,
006c,
0072,
006f,
0000,
0000,
0000,
0000,
005e,
0000,
0000,
0000,
0063,
01c5,
0053,
0000,
0000,
0000,
0000,
0000,
0000,
0000,
0000,
0000,
0000,
0000,
0137,
0000,
0000,
0032,
00dc,
0000,
0000,
0000,
00af,
0000,
0000,
0000,
0000,
0000,
0000,
0000,
0000,
0067,
0174,
0000,
007d,
0000,
0000,
0000,
0000,
0000,
0000,
0000,
0000,
0000,
001f,
0000,
0000,
00ce,
01bd,
008d,
0000,
0000,
0000,
0000,
0000,
0000,
017e,
0000,
0000,
0000,
0000,
0000,
024c,
0000,
0000,
0000,
0000,
0000,
0000,
0000,
0108,
0014,
0000,
0000,
0000,
0027,
0228,
0000,
0000,
0000,
0000,
0000,
0000,
0000,
0000,
0044,
0009,
010e,
0141,
0169,
01e0,
01cb,
0000,
0000,
0000,
0000,
0000,
0000,
0000,
009a,
0258,
0000,
0000,
0000,
0000,
01b4,
019b,
0000,
0163,
0000,
0000,
0000,
00c2,
018d,
0079,
0000,
0000,
01d3,
009c,
00fd,
0000,
0000,
00de,
01d0,
0000,
0000,
0000,
0000,
0000,
0000,
0000,
0000,
0000,
0000,
0000,
0000,
0000,
0000,
0000,
0000,
0000,
0000,
0000,
0000,
0000,
0000,
0000,
0000,
0000,
0000,
0000,
0000,
0000,
0230,
01f4,
0335,
02ad,
01a0,
029c,
0158,
01a0,
02d3,
017f,
034b,
026e,
022e,
037a,
00c2,
0168,
0000,
0000,
02cd,
03c8,
00c7,
0000,
0000,
0096,
00dd,
00e4,
022f,
024d,
01d7,
0552,
041a,
0275,
047f,
0154,
0000,
00d4,
0167,
01be,
0231,
02e1,
037c,
0265,
0158,
02d4,
01dc,
0143,
0234,
019b,
010c,
01fe,
02c5,
028a,
02a3,
039e,
034f,
0208,
0222,
03f9,
046e,
027a,
0000,
0000,
02b2,
00ae,
0000,
01f9,
026b,
01d8,
0392,
0313,
04d6,
024f,
01be,
0000,
0000,
003f,
017d,
03d4,
0362,
0335,
02f9,
01b3,
0016,
0000,
0346,
02fc,
00c9,
0000,
0000,
002e,
016c,
0000,
0010,
0151,
0176,
014c,
00e9,
0028,
01f8,
0052,
0000,
0000,
00ca,
0000,
0000,
0000,
01ec,
01a5,
009d,
004f,
00e8,
00a7,
0000,
0170,
0000,
0112,
0000,
0000,
0000,
0000,
003a,
0121,
00cd,
0114,
006c,
0049,
0005,
0141,
02ca,
0000,
0000,
0000,
007d,
00bd,
0000,
0010,
0147,
0138,
0171,
0111,
0074,
0038,
0000,
0000,
001e,
02bd,
027c,
0230,
011e,
0097,
00eb,
01ec,
0397,
03d5,
0094,
009c,
0000,
0000,
0000,
009c,
0094,
0011,
007e,
0000,
0000,
00c0,
0273,
02f6,
00fa,
01a8,
0064,
016a,
00a3,
01de,
009f,
0000,
0158,
029b,
02a7,
01b4,
01d2,
02bb,
0011,
01bf,
02a8,
0180,
013a,
00b6,
0074,
0000,
018e,
01f9,
01a1,
01c8,
015d,
0000,
035e,
024c,
04fc,
017d,
01ba,
0188,
02e8,
0314,
0291,
0627,
05cc,
04fe,
0333,
0410,
03be,
0497,
0388,
0085,
0266,
019a,
0243,
02ba,
015c,
039f,
030d,
03a6,
0425,
02f0,
04a7,
034b,
015e,
01b2,
007b,
00de,
031a,
04f2,
02b3,
02d3,
0408,
027c,
0359,
0343,
03d8,
047f,
0365,
04c1,
03af,
0312,
03be,
039b,
0393,
0254,
0551,
023b,
025d,
0201,
0383,
0182,
01e2,
04f6,
0560,
0289,
01a2,
02e7,
02d6,
0422,
02c3,
023d,
0350,
0094,
0000,
0000,
014a,
0310,
043f,
0370,
006b,
0000,
0303,
02c1,
01ac,
033c,
02d1,
03b5,
0029,
0000,
012a,
0308,
0305,
022c,
0133,
00a1,
00f9,
034b,
0272,
0347,
0143,
01ef,
0109,
0114,
0229,
02f8,
02bf,
01d3,
02c4,
0167,
0120,
0049,
0387,
01da,
0215,
0296,
00d8,
0000,
01fa,
0197,
03a9,
032c,
0401,
02b2,
0000,
00bb,
0306,
0219,
01e7,
0247,
020c,
007e,
00f8,
02b3,
035a,
0423,
03ff,
0420,
01c1,
0399,
0452,
012e,
0000,
0269,
0335,
0305,
01c1,
0313,
0113,
0070,
0213,
0337,
0261,
0378,
053a,
0240,
0000,
0000,
02f6,
0291,
0269,
0745,
0000,
0191,
052b,
0482,
035e,
02cf,
0258,
04c2,
02ce,
0343,
02d6,
01ad,
0320,
04d9,
0058,
016f,
0287,
04b8,
069b,
0580,
043c,
04bf,
03da,
0465,
0337,
009d,
0070,
00df,
0140,
026d,
00fe,
0290,
030e,
0384,
0322,
01c8,
00d6,
00f7,
0109,
01f5,
0000,
0000,
0000,
0000,
0000,
006b,
0000,
0000,
0038,
0000,
0000,
0000,
01d8,
0000,
0000,
0000,
0000,
0000,
0000,
0000,
0000,
0000,
0023,
0000,
0000,
003b,
0000,
0000,
0000,
0000,
0000,
0000,
0098,
0000,
0000,
0000,
0000,
0000,
0000,
0000,
0000,
0000,
0000,
0000,
0000,
0000,
0000,
0103,
0000,
0000,
0000,
0000,
0000,
0000,
0000,
0000,
0000,
0000,
0193,
0000,
0000,
0000,
0000,
0000,
0000,
0000,
0000,
0000,
0000,
0000,
002d,
00b1,
00c0,
00a6,
0000,
0000,
0000,
0000,
0000,
0000,
0000,
0000,
0000,
0000,
00f4,
0120,
0195,
0139,
0065,
0000,
0000,
0000,
0088,
007d,
0000,
0000,
00c0,
022e,
01a3,
0064,
0037,
0000,
01cf,
0011,
0000,
0000,
0000,
0000,
0000,
0000,
0000,
0000,
017f,
003f,
00a8,
0181,
0156,
00a0,
0000,
0000,
0000,
0000,
0000,
0000,
0000,
0000,
0000,
0000,
013e,
0234,
00eb,
003c,
0082,
0000,
0000,
0000,
0000,
0000,
0000,
0000,
0000,
0000,
0000,
0000,
0000,
0000,
0000,
0000,
0000,
00bc,
0000,
0000,
0000,
0000,
0000,
0109,
0194,
0160,
0000,
0071,
005f,
0000,
008f,
013d,
0095,
0000,
0000,
0000,
0000,
0000,
0000,
0000,
0000,
0000,
0000,
0000,
0000,
0000,
0000,
0000,
0000,
0000,
0000,
0000,
0000,
0000,
0000,
0000,
0000,
0000,
0000,
0000,
0000,
0000,
0095,
0000,
00c0,
00ba,
00a8,
00a7,
0232,
012a,
0000,
0000,
008e,
004d,
0027,
0030,
007f,
0000,
0228,
01d1,
00e4,
0148,
01ee,
007f,
0000,
0087,
007a,
018a,
008a,
0000,
0000,
0000,
00b2,
025f,
0110,
0000,
0000,
0082,
0000,
0096,
00a1,
00f5,
004f,
0111,
0000,
0206,
01c5,
0259,
016a,
000f,
0000,
003b,
0000,
0057,
00ca,
0195,
00b3,
01e9,
000f,
035d,
0319,
02ee,
0359,
02d6,
0000,
008d,
00c9,
00a3,
014f,
01a3,
0184,
01e2,
01ac,
02dc,
032d,
029c,
0363,
03ea,
00aa,
01ec,
019f,
020f,
019d,
01ad,
019f,
01b5,
0352,
043a,
0398,
0398,
02f8,
03a8,
02fe,
024e,
00d1,
0163,
01d4,
0167,
01c3,
0204,
03ef,
04db,
03cd,
03c6,
0372,
038c,
03eb,
038b,
0179,
01ea,
01dc,
0171,
0196,
021e,
03cf,
03da,
04d2,
0416,
0501,
03c2,
044b,
0447,
0223,
0199,
019f,
0127,
019a,
0220,
00a7,
01a1,
03b0,
03ce,
047d,
04f7,
040f,
0432,
02e8,
0245,
02a7,
02f3,
01b7,
00ae,
0289,
0122,
02d1,
036e,
046c,
0542,
03d6,
03c8,
03cf,
02f2,
0356,
0384,
035e,
0144,
00bf,
0069,
0347,
037e,
03dc,
03d0,
02df,
04b6,
0414,
0396,
040c,
0433,
0342,
030f,
00f7,
00d2,
0232,
00ec,
01bb,
0300,
04a8,
0456,
027b,
02e8,
0389,
02fc,
024e,
0197,
011e,
00dd,
0118,
0050,
016c,
0174,
01a0,
018a,
004a,
0086,
0041,
0014,
0099,
0130,
01f7,
01f8,
0011,
01eb,
03a4,
02eb,
02e9,
01d3,
019a,
0330,
03ad,
02cd,
026a,
024a,
01c4,
0051,
0000,
0000,
0193,
02f4,
0429,
030a,
01b9,
0270,
01a1,
033f,
0247,
0169,
016f,
0000,
0051,
0000,
0000,
012b,
0345,
0284,
0288,
02b6,
0262,
01c8,
0183,
01f5,
0239,
00bc,
007d,
0052,
0000,
0000,
01f9,
0309,
0242,
02eb,
021b,
02a4,
0235,
022c,
0000,
0000,
004a,
0000,
0000,
0000,
0062,
01b1,
00f1,
0156,
0250,
0303,
0278,
027d,
0234,
0138,
0011,
006e,
0094,
0000,
0000,
00c2,
01ea,
0267,
025e,
0266,
02b1,
0253,
026f,
01db,
015d,
00ef,
0105,
0135,
0000,
0000,
0235,
0285,
0210,
021b,
02a9,
0383,
022f,
0360,
0235,
024b,
01a8,
00ce,
013b,
0089,
0000,
037f,
025d,
02d5,
02ac,
03ed,
02fc,
0343,
02e6,
0315,
01fb,
0190,
0178,
00de,
0000,
0139,
0168,
01bc,
01d3,
02dc,
0395,
0379,
022d,
026c,
0256,
01fd,
003f,
0002,
005d,
0000,
0000,
0000,
0000,
00ea,
038f,
03a4,
01fa,
0171,
0311,
0280,
0144,
013f,
0149,
0090,
0000,
0000,
0000,
0046,
02f3,
0267,
01a9,
02ca,
0421,
02fb,
0232,
0220,
020e,
0208,
02ae,
0270,
01eb,
009a,
0294,
0212,
023e,
0230,
02d6,
0306,
0331,
022b,
0124,
01c3,
028a,
02b3,
01dc,
01df,
00cd,
0205,
0296,
0197,
02ed,
02db,
024e,
015d,
0179,
013c,
01ce,
00eb,
0178,
01cf,
01fd,
00fd,
0139,
011b,
008c,
0287,
021c,
027b,
011e,
0115,
0033,
00cf,
007c,
0026,
0171,
0175,
023b,
017c,
02cc,
00c3,
0187,
0270,
0230,
00a2,
0108,
0091,
0174,
00c4,
00d5,
0068,
0000,
00d2,
02c3,
01f9,
00c3,
00cb,
01b1,
0155,
006d,
014c,
02f8,
0198,
004f,
00b2,
000a,
0035,
0106,
0040,
0044,
003f,
00d4,
0027,
00d5,
0118,
020f,
026c,
0243,
026a,
02a4,
016e,
0159,
0098,
00cb,
01b2,
035c,
01e8,
021b,
0110,
02b2,
0459,
0000,
0000,
0122,
0216,
016f,
00c4,
01a4,
0210,
01e5,
01f2,
00f5,
009c,
01af,
0079,
00b3,
006c,
0144,
022d,
0137,
00ba,
00b3,
0155,
01f3,
00e1,
00f1,
0029,
011d,
0077,
0162,
00eb,
0278,
0265,
01a7,
01a6,
011d,
0000,
0192,
0075,
0102,
00ef,
0016,
0090,
0194,
0308,
02eb,
0127,
0101,
0147,
0184,
003c,
01a7,
025e,
01c8,
017c,
0132,
00a8,
0146,
0174,
01e1,
035b,
02dd,
0212,
01f6,
012f,
00bd,
0259,
02ba,
02e7,
0407,
0291,
013f,
0161,
0352,
0241,
02c4,
0384,
0349,
01d1,
00e7,
00b2,
0269,
0152,
0162,
0196,
0138,
0201,
0436,
02bb,
02c9,
02fa,
01c2,
01cb,
0133,
01eb,
023b,
01f8,
0079,
002d,
011d,
01a6,
02c8,
017e,
012c,
041b,
03b5,
035e,
03b1,
02f6,
0337,
0367,
0498,
0384,
02b6,
0192,
0059,
004c,
00d8,
025e,
01c4,
0492,
02da,
01a0,
0297,
01d7,
0239,
0253,
0058,
0239,
0000,
01b3,
01c6,
0358,
0000,
0000,
0000,
0000,
0000,
0000,
0208,
01a0,
0035,
0000,
0000,
009a,
00ad,
0000,
0011,
0000,
017f,
01a7,
0000,
010a,
0070,
0000,
0036,
0000,
0088,
00c7,
0000,
0000,
00b9,
0000,
0034,
01a0,
008f,
0063,
0041,
0000,
0000,
0000,
01ec,
0000,
0000,
0109,
00b1,
0000,
0000,
0230,
0000,
0000,
0203,
0128,
0000,
0000,
00e1,
0000,
0000,
018b,
0049,
00fc,
0157,
0000,
0000,
00bc,
0029,
02c7,
0000,
022b,
0146,
0000,
0000,
000c,
01bc,
00dd,
00a6,
0210,
0371,
00e4,
0036,
0095,
0000,
01e5,
0163,
0000,
0000,
0000,
012d,
0435,
0384,
01ec,
018b,
0115,
0200,
0000,
0000,
0301,
015c,
00e5,
0000,
0000,
0000,
021a,
01c7,
01f9,
013a,
0160,
0042,
0000,
0223,
0452,
0027,
0019,
0000,
0000,
0000,
016c,
0134,
0154,
0210,
013c,
01be,
00a2,
0071,
02a5,
0182,
0258,
00db,
0000,
0016,
00af,
006d,
0303,
0120,
0000,
051a,
022a,
0000,
0000,
0000,
01c1,
0082,
0150,
0181,
00c6,
0169,
0104,
0000,
0035,
02dd,
02c3,
00f8,
0000,
0000,
0000,
02fc,
008b,
0000,
00be,
01d0,
0000,
005b,
012c,
009e,
01d2,
0000,
0098,
0000,
0000,
0261,
0028,
00b6,
0000,
0000,
0000,
004a,
0032,
0112,
01bc,
00c8,
0203,
025f,
02ec,
01ab,
020f,
029e,
01e7,
0031,
003f,
00d3,
01cc,
0334,
0366,
021c,
025d,
0249,
03eb,
042e,
0265,
0392,
021e,
0450,
03ee,
04a7,
04d7,
0455,
04f1,
00b8,
033f,
0145,
0282,
03ba,
0419,
04a4,
03e2,
0494,
0535,
03f8,
03b3,
031f,
03a9,
04b4,
04df,
01b9,
0000,
033a,
048f,
043f,
04a7,
040b,
046e,
055d,
04f6,
055e,
064e,
05c1,
04d4,
0228,
011d,
02b2,
0482,
0639,
04bd,
04cc,
04ed,
049e,
0499,
042e,
059a,
04b5,
02d8,
03b8,
01f6,
01ed,
014b,
05a4,
0469,
0381,
03b6,
045f,
0422,
042f,
0310,
03b1,
0089,
02a4,
029a,
026e,
0049,
0322,
03dd,
040f,
049a,
0429,
047b,
04b0,
0471,
0339,
0226,
0221,
01f8,
01e1,
01a8,
0000,
01aa,
052a,
0433,
0455,
048d,
0462,
04ff,
02e7,
011f,
021d,
0293,
03ca,
02fa,
01a6,
0000,
035a,
0420,
0409,
045e,
0533,
0550,
045d,
02d1,
0231,
0293,
0342,
02a4,
01d0,
0089,
01d1,
047f,
052d,
04b2,
0526,
059e,
05f2,
0513,
01b5,
027a,
01fb,
012e,
0131,
0131,
000d,
030e,
0484,
0335,
04d5,
0567,
04fe,
04a3,
01af,
01f0,
01e2,
02b1,
02dd,
021e,
00ca,
01b6,
0194,
0055,
00a4,
0522,
0464,
0530,
01e5,
023c,
02e2,
025f,
0257,
01c7,
00a4,
021c,
01a6,
0191,
0000,
026a,
059d,
05b3,
05a2,
05cf,
05aa,
03e4,
03b3,
0249,
029d,
0269,
0357,
046a,
03a9,
0390,
05f4,
06cf,
06f7,
06a1,
06b1,
05f8,
06ee,
0541,
0577,
0703,
0649,
0732,
058d,
065e,
003f,
0000,
033d,
0085,
016b,
017b,
006e,
022c,
0299,
00ba,
0000,
0000,
0000,
002b,
0146,
016e,
03e6,
0090,
021e,
0000,
0000,
0107,
00f4,
0000,
0000,
0000,
0045,
005a,
0267,
02bd,
0000,
0000,
05f1,
02b9,
0000,
0006,
0038,
0000,
0000,
011d,
01c2,
00d6,
02a4,
070e,
0000,
0000,
017e,
0290,
0173,
0047,
006f,
0037,
001d,
002d,
013e,
024f,
022e,
0026,
02ef,
008c,
0000,
0000,
015c,
029c,
0385,
01c1,
00dd,
0035,
02dd,
0436,
0000,
0000,
0187,
0148,
0000,
0000,
0017,
004f,
011c,
0219,
0107,
00cf,
0190,
0310,
0000,
0000,
0012,
0000,
0000,
0075,
0000,
0006,
0177,
0000,
0000,
0000,
01ca,
01e1,
0000,
0000,
0000,
0000,
018f,
01e6,
0053,
0000,
0014,
0035,
0000,
0000,
015f,
005a,
00f1,
0000,
00ae,
00c4,
0165,
0000,
0000,
0000,
0000,
00da,
020c,
00aa,
00ac,
0119,
0103,
016b,
01bb,
0120,
0000,
0000,
001a,
0000,
0000,
00fa,
021c,
0029,
00a1,
00b9,
0000,
0196,
0429,
008d,
0183,
0353,
01d8,
0000,
0000,
0000,
003c,
0000,
0000,
0135,
0000,
0170,
01eb,
0000,
020a,
01c8,
0000,
0000,
0000,
0287,
000f,
0000,
0000,
0007,
0000,
0183,
02e8,
0272,
031f,
01c6,
02b5,
0000,
0000,
003d,
0071,
005e,
007c,
0147,
0036,
02b5,
011b,
0255,
01f0,
0000,
017e,
0070,
007f,
009a,
015a,
0275,
01b7,
0179,
00d9,
0000,
0000,
0035,
0000,
0000,
0000,
0054,
00c7,
007e,
0000,
0000,
0000,
005f,
006b,
006a,
00a0,
00c9,
0000,
0000,
003c,
0000,
0000,
0000,
0000,
0000,
0000,
007c,
0029,
0000,
0000,
000e,
0000,
0000,
0000,
0000,
0000,
0000,
0000,
0048,
0000,
0000,
0029,
0000,
0000,
0037,
0015,
00aa,
0000,
000f,
0000,
0028,
0018,
0000,
0000,
0045,
008e,
0031,
0000,
01a5,
004d,
001e,
0017,
00d3,
0119,
0062,
000d,
0024,
001a,
0000,
00a9,
00d5,
0075,
00fa,
005f,
00bf,
004c,
0000,
0000,
0000,
0000,
0000,
0000,
0000,
0139,
0047,
0048,
009a,
0073,
00f1,
013b,
00a6,
0000,
0000,
0000,
0000,
0000,
0000,
00a0,
0000,
0000,
0000,
0185,
01ef,
005c,
0042,
005f,
0000,
0000,
0000,
0000,
0000,
0119,
011b,
0079,
0091,
0159,
00c4,
00ed,
0076,
0135,
0000,
0000,
0000,
0000,
0000,
0000,
0000,
00a9,
008f,
00e8,
00c9,
00be,
0093,
0091,
00b5,
0050,
0080,
0060,
0000,
0000,
0000,
0000,
0000,
0048,
0021,
0038,
006b,
0096,
0000,
0141,
005b,
00a1,
0051,
0000,
0000,
00c8,
0084,
00f4,
00bc,
0000,
0037,
0037,
004d,
00e3,
0000,
002f,
014f,
0000,
0000,
0000,
0066,
0057,
00a6,
0098,
004e,
00d3,
0118,
00b8,
0066,
0135,
0096,
0000,
0000,
0000,
0000,
0000,
0000,
0000,
0000,
0000,
0000,
0000,
0000,
0000,
0000,
0000,
0006,
0000,
0248,
00dd,
0188,
021e,
0000,
00ae,
0009,
0000,
0000,
0000,
002f,
0000,
0000,
0000,
0048,
0000,
0125,
01f0,
0070,
0000,
0000,
0000,
0000,
005d,
0011,
002d,
0191,
0183,
0000,
0000,
01da,
0084,
00be,
006e,
0074,
0000,
0000,
0000,
00db,
0097,
0088,
004d,
013b,
0121,
0112,
0121,
0000,
0000,
00ba,
0000,
0000,
0007,
0000,
0000,
0000,
0031,
00d0,
0102,
014a,
026d,
0000,
0010,
004a,
0057,
0169,
0000,
0000,
0569,
026b,
0000,
00ed,
00e5,
019b,
0139,
02a7,
0000,
0001,
0120,
0199,
0056,
0000,
0485,
0219,
00f4,
0001,
0000,
0161,
00df,
0000,
006b,
00cc,
0061,
008c,
0162,
00a5,
0181,
0072,
0000,
0000,
0000,
00cf,
00b4,
0163,
01ae,
0315,
0065,
018f,
00f8,
014c,
0127,
00ca,
0000,
0104,
0000,
0009,
00aa,
0164,
034f,
0322,
0059,
0044,
008d,
019f,
01bd,
0200,
0265,
0103,
008b,
0000,
0000,
0035,
016d,
0000,
0000,
0000,
019a,
014b,
00a2,
01d9,
01a0,
019b,
0195,
013b,
015f,
006b,
0114,
0008,
0000,
0000,
021a,
0357,
0123,
00e0,
001e,
0000,
00f9,
004d,
0000,
0030,
00c8,
008c,
0000,
0000,
0094,
024f,
0172,
0080,
0000,
0000,
0075,
0102,
0000,
005c,
0000,
0000,
0000,
0000,
0000,
0000,
0000,
00a3,
006b,
00ef,
003d,
0000,
004c,
0000,
0000,
0000,
0000,
0000,
0000,
0000,
00b6,
0000,
0057,
0203,
0000,
0000,
0000,
0000,
0055,
0009,
005a,
0000,
0000,
019a,
0210,
0000,
0000,
0292,
0000,
00e4,
0000,
0000,
0000,
0204,
00ea,
0000,
0000,
0000,
00b2,
0000,
0000,
031a,
0000,
0000,
0000,
0000,
0000,
0131,
0035,
0000,
0000,
0000,
0000,
0000,
0000,
0072,
0000,
042d,
0000,
0000,
0000,
015a,
0000,
0000,
0000,
0000,
0000,
0248,
0000,
0097,
0000,
0180,
0087,
0000,
0000,
0000,
0000,
0000,
0000,
0000,
0000,
0000,
0000,
0000,
0000,
0129,
04e7,
00a8,
0000,
0000,
0098,
0000,
0000,
0000,
0000,
0000,
0000,
0000,
0000,
000d,
0305,
047a,
005e,
0000,
0000,
0000,
0000,
0000,
0000,
0000,
0000,
0000,
0000,
0000,
0000,
0000,
038a,
0000,
0000,
0000,
0000,
0000,
046c,
01bf,
0000,
0000,
0000,
0000,
0000,
00b7,
0161,
00b0,
0000,
0000,
0000,
0000,
0000,
0189,
02a1,
00b9,
0000,
0000,
0000,
000f,
00d7,
05b0,
0201,
0000,
0000,
0000,
0000,
0000,
0000,
0000,
0000,
0000,
0000,
00e0,
008f,
0192,
024c,
00c3,
01d9,
0000,
0000,
0000,
0000,
0000,
0049,
0000,
0000,
00eb,
0082,
0000,
00e0,
01b4,
01c9,
02ed,
0000,
0000,
0000,
0000,
0238,
0000,
0000,
0001,
0000,
0000,
0000,
0100,
0114,
00d6,
0000,
0000,
0000,
0000,
0000,
0000,
0000,
0000,
0000,
0000,
0000,
0000,
0000,
0000,
001d,
0000,
02bd,
00a5,
0000,
0000,
003c,
0000,
0000,
0000,
0000,
0000,
003c,
0000,
000c,
00d7,
058c,
0483,
00f7,
0104,
0000,
0000,
0073,
0000,
0000,
00fc,
007a,
0000,
0000,
0437,
06c1,
0743,
050f,
01aa,
0000,
0000,
0055,
0055,
0000,
0000,
0000,
0000,
0000,
02e9,
05f2,
0574,
064c,
03b3,
0000,
0000,
0098,
0000,
0055,
0000,
0000,
0000,
03c9,
05a6,
03cb,
0598,
069d,
074f,
016b,
0008,
0158,
0076,
0000,
0040,
0000,
0000,
037e,
0507,
0562,
0675,
065c,
074f,
061c,
018d,
0019,
0061,
002b,
0077,
0000,
0000,
0416,
0530,
0535,
05c8,
05e4,
05e3,
0872,
0726,
0094,
0099,
0092,
008e,
0042,
0000,
0407,
0443,
0593,
0553,
050f,
05c7,
0676,
0805,
043a,
0000,
005f,
013e,
005a,
0021,
0185,
039e,
0423,
03f1,
0530,
05f0,
0661,
074e,
07ad,
013e,
002a,
0046,
0000,
0017,
0000,
0010,
038f,
051e,
0599,
057c,
060e,
06cb,
0798,
0669,
0439,
060d,
0460,
014e,
0000,
0000,
0309,
0367,
0488,
0597,
05f1,
066d,
071d,
06e8,
0774,
06d9,
07b6,
03aa,
0000,
0000,
025c,
0265,
0171,
037c,
04b4,
05b9,
0591,
061f,
057a,
0590,
0676,
052f,
0079,
0021,
006a,
0000,
0000,
0256,
025d,
0462,
0625,
05ee,
03bd,
0247,
0441,
0527,
0036,
0000,
0000,
0000,
0000,
0075,
000c,
0118,
010f,
0000,
0000,
0000,
0000,
0000,
017d,
0170,
038a,
0270,
042f,
0317,
039a,
02db,
0327,
032e,
02b4,
02d2,
02a3,
02d4,
0000,
0267,
01cd,
0210,
03e6,
0288,
0320,
04b7,
0391,
031e,
026c,
0169,
020e,
0318,
0422,
02b7,
02d8,
020e,
02ce,
02ad,
037b,
0369,
046e,
0381,
045c,
049f,
05b0,
0581,
052b,
036b,
0349,
04de,
02d3,
024f,
041c,
035b,
0461,
0421,
03fe,
0568,
04cf,
054b,
02d3,
0305,
03ce,
02c5,
030b,
0188,
04b1,
0452,
047b,
04ea,
0562,
0537,
0535,
04bd,
0000,
0000,
0200,
01ad,
0352,
00a7,
02ec,
05ab,
05ed,
05d1,
0550,
04d2,
04c9,
05ed,
0000,
00e0,
0207,
01d0,
0173,
0137,
00c1,
02b9,
05a4,
049e,
04fc,
04e2,
0513,
05e4,
0173,
00d3,
0201,
02e9,
0338,
01f1,
01c6,
00db,
02cc,
050e,
0600,
0580,
054a,
058d,
057b,
0240,
0175,
0278,
0327,
0276,
01ec,
0110,
0114,
04da,
0577,
05c7,
0639,
0682,
0741,
0579,
0231,
0304,
02da,
0168,
013c,
028b,
00e7,
02e7,
0275,
02cb,
02a0,
0539,
0684,
04ad,
024f,
01c2,
0138,
0218,
0253,
02c8,
0108,
01b8,
0280,
01f3,
0000,
019e,
067a,
0586,
03b0,
01c3,
01af,
012c,
02df,
020d,
007f,
0181,
00c1,
012b,
007f,
0000,
0643,
06c2,
0649,
055e,
062f,
03b9,
03c7,
02e5,
0318,
02dd,
0250,
0352,
02e4,
02f1,
07df,
074e,
0842,
0672,
06f3,
0782,
076d,
0665,
072b,
0744,
069b,
06f0,
05a5,
06f2,
02e1,
02bc,
021e,
0179,
022b,
02e5,
0166,
020c,
02ff,
022e,
01a7,
00f6,
0149,
0257,
0287,
01e8,
016d,
00ec,
00ef,
01bc,
01e1,
0294,
0282,
018c,
0196,
0000,
00eb,
0209,
02be,
02c5,
0181,
03b0,
0419,
02ce,
02af,
022e,
0295,
0237,
023c,
0289,
0306,
0260,
01ff,
029c,
03b0,
02a6,
035b,
0293,
023e,
030a,
02e2,
0291,
0206,
032c,
02e6,
01b5,
01b5,
0287,
0389,
0273,
028d,
031a,
0289,
0179,
0158,
01e6,
01f2,
032d,
034e,
044f,
0000,
01b3,
01d2,
012e,
022a,
02c1,
0315,
034a,
037c,
03b2,
0450,
0325,
0484,
03b6,
0000,
0056,
0109,
013d,
00f7,
01a8,
034b,
0322,
04ec,
0325,
03b5,
0345,
0438,
02be,
0294,
00c6,
0236,
0144,
0097,
00a0,
02c8,
02b5,
030a,
03f5,
038b,
0393,
0301,
0397,
0450,
017b,
0297,
009d,
01a3,
0264,
029e,
02bf,
0298,
0380,
0407,
0414,
04bb,
03db,
0509,
0400,
0329,
0233,
03c5,
021d,
0180,
02d9,
033c,
02d1,
030d,
01db,
010e,
039b,
04d4,
033f,
0277,
01d7,
012e,
0191,
02a3,
030e,
02e3,
02d5,
0257,
034a,
0393,
0367,
0314,
01fa,
01b9,
0195,
0223,
0282,
02da,
02bc,
02f3,
027c,
020e,
0276,
03ec,
0342,
03cd,
032f,
029d,
03d9,
050d,
0274,
02a1,
02a6,
0138,
019f,
018c,
0199,
0387,
0339,
0499,
042b,
040a,
0401,
0459,
049c,
0536,
0405,
0378,
03d7,
04ac,
0588,
055f,
055a,
0199,
0187,
039c,
033a,
02ea,
02e5,
0391,
036e,
02ed,
029f,
0324,
031e,
028b,
02c8,
00c5,
0327,
04cc,
04b8,
0393,
02f1,
0308,
03da,
02ce,
0337,
028f,
0221,
0286,
02b4,
02db,
04a6,
048e,
0303,
05ae,
03db,
0224,
0360,
02de,
0300,
0343,
0370,
036d,
03f2,
0328,
0586,
04aa,
03b9,
0413,
043f,
0338,
02cb,
0313,
02ed,
0349,
0435,
03a2,
047d,
0425,
04e4,
0536,
02f6,
0241,
0297,
03e9,
0311,
02d2,
036e,
03c3,
0366,
038f,
03b5,
0398,
0273,
0293,
020f,
0260,
01ac,
03af,
03eb,
0308,
0301,
0303,
031c,
02ce,
033d,
033d,
02d9,
0222,
01f5,
0223,
021e,
00ff,
02d6,
0396,
021b,
0234,
0291,
027f,
02ff,
02f7,
01e8,
01fc,
0256,
031c,
027a,
019a,
0164,
035f,
0314,
0271,
0275,
033f,
02f7,
03a3,
02bc,
022b,
0284,
0292,
0207,
01b2,
0137,
027c,
037b,
02d9,
0339,
0349,
0328,
037e,
03b9,
0254,
027a,
01b3,
018f,
01c7,
019f,
0163,
032a,
0329,
0340,
0383,
03b4,
0346,
02e1,
02c9,
0291,
01f9,
0272,
0307,
0251,
0175,
023b,
020a,
01e8,
01b4,
039a,
0314,
0398,
03cb,
02a5,
02bd,
0263,
0266,
01e1,
0182,
0243,
01e6,
0205,
0168,
02fb,
032c,
036b,
0451,
0358,
037e,
03f4,
03bc,
0323,
0315,
02ee,
034b,
03a2,
0319,
034b,
0417,
0439,
04a7,
0446,
043a,
03e7,
0430,
03b7,
0402,
0490,
03b2,
03c6,
03a6,
0434,
07e8,
0799,
06ad,
0607,
055d,
03e6,
0376,
03a7,
06de,
05dd,
0545,
0571,
0611,
0715,
06db,
0703,
03d9,
0566,
05ce,
04cd,
049b,
04ed,
05a1,
0576,
059e,
057b,
0566,
0607,
05ac,
05bb,
04a9,
03a6,
02bf,
04f2,
04ca,
0343,
03f0,
040e,
03e0,
04a4,
041e,
0433,
0573,
0480,
03ff,
029a,
0108,
04b7,
05ae,
04ef,
0432,
04e5,
02e0,
0223,
0284,
0322,
0511,
027b,
01d6,
0170,
0040,
03f8,
05c8,
0504,
0475,
03d6,
032e,
02a5,
02ab,
0261,
038a,
010f,
003f,
00ea,
0025,
0117,
0444,
02aa,
0293,
025d,
01ee,
0297,
022b,
01f3,
0379,
0035,
007a,
00a7,
00ef,
00b0,
02a8,
0420,
02f4,
02a2,
02bf,
0235,
0249,
01b5,
02fd,
00df,
009e,
0065,
00db,
016c,
013c,
0334,
03b6,
029b,
023d,
0228,
01fd,
021f,
028c,
0156,
0000,
0049,
0157,
018c,
00f7,
01da,
048e,
0307,
0260,
0270,
026e,
0225,
02f2,
02c1,
00c8,
00d6,
010d,
00ed,
00f7,
00b7,
0341,
030b,
0339,
0294,
02fa,
0257,
02fa,
036a,
01e1,
00e5,
0107,
00b5,
015e,
00fe,
01ab,
014e,
01c4,
01b5,
02ac,
02cb,
031d,
03b7,
021f,
029b,
02b7,
01ed,
01a5,
00ac,
01a1,
015f,
0184,
0150,
02d1,
0338,
038c,
03c7,
035f,
0481,
03c2,
03ef,
0162,
0168,
027e,
0373,
02d3,
030a,
0380,
03ba,
0231,
0276,
0312,
0284,
01c5,
0294,
02da,
030b,
03c0,
0375,
0310,
031e,
02b5,
0275,
022c,
0183,
013b,
02a7,
0409,
048c,
04b4,
0180,
02f8,
054f,
038d,
04b7,
0373,
0285,
01d2,
027a,
0212,
02d5,
02e2,
03cb,
03a4,
040d,
04eb,
0410,
03f1,
038b,
0343,
01a1,
04c2,
040b,
04e3,
03f7,
00bb,
033d,
035b,
03b0,
04e4,
047a,
03e8,
034c,
0289,
02c5,
0314,
021e,
048d,
039a,
0373,
03b9,
03ca,
03b7,
0295,
035d,
02b9,
00be,
0000,
0077,
03b5,
01d9,
01c5,
03cb,
027b,
03bb,
03c8,
02cf,
0353,
02af,
024e,
0322,
0196,
0339,
04d7,
0275,
02cc,
033b,
020e,
0382,
03a3,
0442,
03ce,
0321,
02f6,
0446,
044f,
04dc,
062a,
025c,
01ce,
035a,
02e3,
02b2,
035e,
04db,
044d,
0433,
04d1,
044d,
0437,
04d2,
050b,
02fc,
02d8,
02dd,
02c1,
032b,
02bc,
038a,
0583,
0593,
04ff,
03e4,
0435,
04d7,
04b2,
036d,
02fc,
0288,
02ff,
0385,
02b8,
03e0,
0420,
0550,
04fb,
04ca,
0468,
0437,
054f,
044f,
02d7,
02ad,
0376,
0367,
026d,
0300,
03bb,
053c,
0645,
05fd,
05df,
0510,
05d0,
04e6,
0222,
029b,
03ed,
02f8,
025e,
0384,
0391,
0325,
03ce,
033b,
0448,
060b,
05c4,
033e,
019c,
0349,
030d,
03a9,
041f,
03e8,
0305,
0332,
039e,
0333,
03ec,
0540,
047e,
03f6,
03cd,
0518,
0405,
02aa,
02d6,
03bf,
02b0,
03b6,
039f,
041c,
05c5,
052f,
057a,
04cb,
04b2,
0593,
03ff,
03f9,
03ff,
047c,
05cf,
0491,
047d,
043d,
0515,
0565,
0064,
0000,
0135,
0074,
0000,
0103,
004b,
0084,
0000,
0000,
0000,
0000,
0000,
0000,
0000,
0000,
0000,
017c,
01cd,
0072,
0000,
0000,
0000,
0000,
0000,
0000,
0000,
0000,
0000,
0000,
0000,
0000,
0181,
0165,
0000,
0000,
0000,
0000,
0000,
0000,
002f,
0000,
0000,
00b3,
0000,
0000,
0000,
0000,
0000,
0000,
0000,
0000,
0000,
0000,
0000,
0059,
0000,
0031,
0000,
0000,
0000,
0000,
0005,
0000,
0000,
0000,
0000,
0000,
0000,
020d,
00c3,
0000,
0000,
0000,
0000,
0000,
0000,
0000,
0000,
0000,
0000,
0000,
0000,
0000,
0000,
0000,
0000,
0000,
0000,
0000,
0000,
0000,
009d,
0000,
0000,
0000,
0000,
0000,
0022,
0079,
0000,
0000,
0000,
0000,
0000,
0000,
0000,
0000,
0000,
0000,
0000,
0040,
0046,
0163,
0000,
0000,
0000,
0000,
0000,
0000,
0042,
0000,
0000,
0000,
0000,
0000,
0000,
0000,
0000,
0000,
0000,
0000,
0000,
0000,
0000,
0000,
0000,
0000,
0000,
0000,
0052,
01fa,
01c2,
0000,
0013,
0022,
0000,
0000,
0000,
0000,
0000,
0000,
0000,
0000,
0000,
02e7,
0231,
0000,
0000,
0000,
0000,
0000,
0000,
0000,
002d,
0129,
0000,
0000,
0000,
0000,
0000,
0000,
0000,
0046,
00d7,
0000,
0000,
0000,
0051,
0025,
0000,
0000,
01e0,
0000,
0000,
0000,
0006,
0181,
0000,
017f,
0132,
010e,
0000,
0000,
0037,
00ee,
0192,
01f9,
0187,
0000,
0000,
00a1,
014e,
0315,
00e0,
0000,
0112,
0000,
0079,
0159,
01ed,
016d,
0473,
01b8,
0000,
0000,
008c,
01b3,
0000,
007f,
0054,
0005,
01a7,
02d7,
0000,
018d,
0232,
01af,
0489,
0000,
0000,
00f4,
0000,
0000,
0000,
0055,
0000,
00bc,
0000,
0460,
02b7,
0260,
0312,
0051,
0000,
0000,
00cd,
0000,
0119,
031b,
03e4,
0310,
0012,
0494,
0491,
020c,
0154,
0127,
0000,
0000,
0000,
01d1,
0158,
010d,
0132,
0000,
0181,
0293,
01d0,
0126,
028c,
0177,
0167,
0000,
0000,
0000,
0000,
0000,
0000,
0000,
0030,
032d,
0227,
0184,
0181,
01f8,
016d,
0000,
0000,
0000,
0000,
0000,
0000,
0000,
00aa,
01fd,
018b,
0197,
01d5,
0255,
0193,
00ed,
0000,
0000,
0000,
0000,
0000,
0000,
0000,
016f,
01d6,
01c9,
01f2,
0151,
01bd,
0119,
0000,
0000,
0000,
0000,
0000,
0000,
0000,
0000,
015c,
01f7,
0202,
0177,
01b0,
01b3,
0121,
0000,
0000,
0000,
0000,
0000,
0000,
0000,
016c,
01d9,
0146,
0127,
0278,
0247,
0128,
0149,
0145,
01f9,
0195,
0000,
0000,
0000,
024d,
010f,
00cf,
0135,
00e5,
0175,
013d,
01e3,
01d0,
01f6,
01fa,
0000,
0000,
0000,
0000,
0000,
0000,
0031,
00c3,
01ce,
0230,
019a,
00d6,
0083,
0000,
0000,
0000,
0000,
0000,
0000,
0000,
0000,
0000,
0000,
0000,
0000,
0000,
0000,
0000,
0000,
0000,
0000,
0176,
0265,
0000,
00f4,
002a,
00bd,
024f,
00d4,
0084,
0000,
0000,
0000,
0000,
0000,
0000,
0000,
00b8,
00e3,
0000,
0000,
0000,
0000,
0000,
0000,
0000,
0000,
0000,
01cb,
03ad,
01b9,
019c,
0000,
0000,
0000,
0000,
0000,
0000,
0000,
0037,
0000,
0000,
0129,
0000,
0000,
0000,
0000,
0000,
004e,
0000,
003a,
0000,
0000,
0000,
0036,
0000,
0000,
021b,
024f,
0000,
0000,
0000,
0000,
0000,
0000,
0000,
0000,
0077,
0000,
0000,
0000,
0000,
0015,
0000,
0000,
0000,
0000,
0000,
0000,
0000,
0000,
0000,
0000,
0000,
0002,
0000,
0000,
0000,
009c,
0000,
0000,
000c,
0000,
0000,
0000,
0000,
0000,
0000,
0000,
001b,
0000,
00b5,
0000,
0000,
0000,
0079,
0000,
0000,
0000,
0000,
0000,
0000,
00e4,
0000,
0165,
000c,
0000,
0000,
0000,
0000,
0000,
0000,
0000,
0000,
0000,
0000,
000f,
02aa,
0180,
0020,
0000,
0000,
0000,
0000,
0000,
0000,
0000,
0000,
0000,
0000,
0000,
0078,
0000,
0142,
01dc,
0203,
01d2,
003a,
003d,
0058,
0020,
0000,
0000,
0000,
0000,
0000,
0000,
00c6,
017a,
00a2,
0045,
005a,
006d,
0157,
017f,
01ca,
0000,
0000,
0000,
0000,
0000,
0000,
02a2,
022c,
0134,
025d,
0334,
039c,
038a,
044b,
0489,
0000,
0000,
0000,
0000,
0000,
0000,
0000,
0000,
0000,
0000,
0000,
0000,
0000,
0000,
02eb,
034c,
0745,
04f0,
0427,
0490,
0408,
0311,
0550,
037b,
049f,
03f4,
0422,
03c7,
0356,
0529,
0477,
055d,
03f1,
03e5,
020a,
03f2,
03cc,
039d,
0486,
0318,
03dc,
03eb,
02f0,
04f6,
03f8,
02bf,
042a,
03f7,
02c3,
04c9,
02c5,
036b,
0260,
02c6,
0231,
03a2,
0281,
04f1,
0343,
0152,
03cf,
03c5,
03b9,
02a7,
03c2,
0297,
01f6,
01e3,
011d,
029b,
053f,
03d9,
043d,
016b,
01b4,
02d2,
0470,
029e,
01ca,
02ee,
01b2,
017a,
0101,
0108,
037e,
011b,
0199,
01b6,
0175,
0206,
04ae,
03e9,
019f,
0181,
01b6,
0169,
003e,
016d,
02e0,
0144,
011f,
0203,
01b3,
017f,
0194,
0346,
01b5,
014f,
011d,
0189,
0156,
013e,
02ad,
007e,
01dc,
01fe,
0133,
0052,
00df,
01c0,
0415,
0286,
01ac,
0166,
0246,
0260,
0227,
00f1,
016a,
0162,
00c2,
00ad,
0102,
016a,
03a8,
0351,
022e,
0244,
0263,
0217,
00b6,
019f,
0165,
0242,
011b,
00ca,
006f,
00f9,
022a,
02b2,
03bc,
03bf,
0319,
02dd,
01d4,
0263,
01ab,
02cb,
022c,
0199,
013a,
0175,
0183,
016d,
018f,
01f8,
01ce,
02c9,
023d,
02d0,
020c,
0213,
022c,
0149,
018f,
01d9,
011f,
0130,
0157,
01d9,
020c,
0249,
0267,
0281,
034a,
025d,
029d,
0309,
023e,
0274,
0211,
0255,
0308,
032c,
028c,
0325,
0226,
02a6,
01c6,
02eb,
0349,
023f,
0259,
0316,
037c,
0217,
0260,
0250,
021b,
0230,
04b5,
033f,
01b4,
02b6,
02a0,
0310,
02e9,
0451,
055c,
035f,
0323,
037d,
0364,
01dc,
037b,
0223,
0108,
00d8,
0128,
02af,
0424,
04ac,
05b4,
0313,
03a1,
0217,
01a3,
01a3,
024d,
01cd,
0000,
0000,
026c,
03ee,
0405,
032a,
04c1,
033b,
01ed,
01fd,
0295,
027d,
0260,
0305,
00bb,
0000,
0184,
0063,
02f6,
038e,
0346,
01fc,
0265,
01f7,
01a5,
01cf,
0340,
013c,
0144,
0142,
01fb,
002a,
0058,
0228,
0263,
0240,
0229,
0264,
02a7,
039a,
0023,
0076,
0140,
02ec,
02bb,
0164,
0055,
006d,
020b,
0201,
01f2,
01dc,
0502,
027e,
0173,
0000,
01bb,
02b6,
02b1,
02ea,
01c4,
0061,
0414,
0286,
0299,
0234,
02b5,
0230,
01c2,
0000,
032e,
0230,
02b0,
02d0,
035f,
0095,
00f6,
020b,
0230,
0330,
02bb,
02a9,
029c,
0103,
0406,
00cf,
01c4,
026c,
0357,
0144,
00eb,
01c2,
034a,
0332,
02d8,
028c,
0416,
014b,
01a4,
0229,
034f,
0273,
0201,
0165,
027b,
01b6,
0389,
02cc,
0106,
02d9,
03b1,
0242,
039a,
02a1,
02cc,
0239,
02b4,
0234,
01f6,
0212,
022f,
01df,
00fa,
01c1,
03bf,
0273,
0305,
02cd,
0291,
02d0,
0280,
0261,
0215,
02fe,
03dd,
0180,
01f7,
00be,
0390,
0248,
02d4,
031c,
027f,
0298,
0250,
02b2,
019c,
01db,
01b6,
0223,
03d0,
024c,
0504,
0327,
020f,
0283,
03db,
03b9,
039e,
0482,
02f2,
0360,
0471,
0443,
0532,
04c4,
0827,
0795,
061e,
05d7,
05e5,
0578,
0498,
060f,
0714,
05f4,
05a5,
051f,
059f,
06ca,
089a,
06c4,
011c,
028d,
05d9,
0509,
04f6,
0548,
05eb,
05b8,
0699,
0625,
0665,
07fe,
06f5,
0227,
0000,
0000,
0000,
0488,
0605,
0499,
0436,
045c,
045d,
0524,
053a,
04f1,
06be,
01de,
0000,
0000,
0000,
0294,
05b6,
048b,
04af,
04d7,
0429,
03a4,
0407,
0467,
03c8,
00d3,
0178,
0000,
0000,
0055,
04fe,
060b,
05e8,
0540,
0463,
041e,
043e,
0460,
01ec,
0000,
0040,
0000,
0000,
0000,
010a,
03d5,
037c,
03b7,
032d,
0396,
0367,
044a,
02d3,
0000,
0071,
0000,
0000,
0000,
0000,
011e,
03f0,
0437,
03b6,
0351,
03e6,
03b8,
0234,
0000,
0000,
0000,
0000,
0000,
0000,
0000,
0245,
0394,
0376,
0311,
02fc,
0374,
02ec,
00da,
0107,
0089,
0079,
0000,
0000,
0000,
0043,
0398,
03a2,
0300,
035d,
03f0,
0408,
035f,
022f,
0137,
008d,
001d,
002f,
0000,
0000,
004f,
0203,
0120,
01f6,
02dc,
0481,
0506,
0255,
026e,
0139,
00cf,
0013,
0000,
0000,
0000,
0000,
0000,
0000,
021e,
04d0,
054b,
032d,
026e,
03a8,
0157,
0024,
0000,
0000,
0000,
0000,
0000,
0000,
00fa,
04bf,
043d,
032c,
0496,
057d,
03ad,
025b,
006b,
0000,
0030,
014c,
01c7,
00ec,
0083,
0315,
02d5,
02de,
02fa,
0318,
0297,
02f3,
0308,
0262,
029e,
0308,
02f4,
02b2,
0328,
0000,
0000,
0284,
0000,
0000,
0000,
00a8,
0000,
0000,
0000,
0000,
0000,
0000,
0000,
0000,
006c,
03c5,
0287,
0000,
0000,
0000,
0000,
0000,
0000,
0000,
0000,
0000,
0000,
0000,
0000,
0000,
008c,
0000,
0000,
0000,
0000,
0000,
0000,
0000,
0081,
0000,
0000,
0000,
023d,
0164,
0285,
0000,
0000,
0000,
0000,
0000,
0000,
0000,
0000,
0000,
0000,
0109,
0297,
005d,
0000,
0000,
013e,
010b,
0000,
0292,
0000,
0000,
0000,
0000,
0000,
0000,
0000,
0000,
0000,
0000,
0000,
021f,
0000,
0000,
0000,
0000,
0000,
0000,
0000,
0000,
0000,
0000,
0000,
0000,
0000,
0000,
030a,
0000,
0000,
0000,
0000,
0000,
0000,
0008,
0000,
0000,
0000,
0000,
0000,
0000,
002b,
0000,
0000,
0000,
0000,
0000,
0000,
0000,
0000,
0000,
0000,
0000,
0000,
0000,
0000,
0000,
0000,
0000,
0000,
0000,
0000,
0000,
0000,
0000,
0000,
0000,
0000,
0000,
0000,
0000,
01ac,
0000,
00e4,
0000,
0000,
0000,
0000,
0072,
0020,
0000,
0000,
0000,
0000,
0000,
0000,
003d,
0000,
0000,
0000,
0000,
0000,
0121,
0000,
0000,
0000,
0000,
0000,
0000,
00a4,
0000,
0000,
0000,
0000,
0000,
0000,
0000,
0000,
0000,
0000,
0000,
0000,
0000,
0000,
0000,
0000,
0000,
0000,
0000,
0000,
0000,
0000,
0000,
0000,
0000,
0000,
0000,
0000,
0000,
0000,
0000,
0000,
0000,
0000,
0105,
007c,
0000,
01c6,
0000,
0000,
0000,
0000,
0000,
001e,
0000,
0000,
0000,
00a4,
0234,
00d4,
0082,
0129,
002c,
0000,
00d8,
0000,
0000,
011e,
0056,
0000,
0000,
02f9,
00e6,
00d8,
021e,
01ec,
005f,
00b5,
010f,
008e,
0000,
0000,
0000,
0000,
0117,
01b9,
011f,
0178,
0283,
02fa,
007f,
0076,
0176,
00dd,
0009,
0000,
0000,
0000,
0390,
022e,
011b,
029a,
02d5,
02db,
0183,
006b,
01b0,
0000,
0000,
0000,
0000,
0001,
03a2,
030e,
03bc,
039e,
02df,
0272,
02ac,
00f6,
0000,
0000,
0000,
0047,
0001,
0000,
02d3,
03b0,
02cf,
0347,
02c3,
0230,
0234,
027f,
0112,
0160,
003d,
00b5,
00e3,
008b,
034a,
0281,
03ce,
036b,
0380,
0365,
02da,
01f6,
02ad,
0026,
0012,
014e,
00b1,
00dd,
01d6,
026c,
02fa,
031b,
03a1,
031e,
0324,
025e,
025a,
015c,
0000,
0025,
0000,
00cb,
000f,
0095,
02f0,
042a,
03a1,
02dc,
02de,
02d4,
015f,
02fd,
01bb,
03e7,
032b,
0124,
002f,
0049,
02a8,
0245,
043e,
047d,
037e,
0353,
02f8,
02e7,
03da,
0267,
03e3,
0415,
001d,
0060,
0262,
0205,
0257,
0355,
02cb,
0379,
02c3,
03a6,
0308,
0307,
025b,
04d7,
0118,
00fe,
0121,
0000,
0000,
0287,
01fc,
0317,
03d2,
0406,
02c3,
01e9,
03ac,
04c3,
0051,
0000,
0000,
0000,
0000,
0140,
00c1,
0199,
01c1,
0036,
0017,
0015,
008f,
0016,
0303,
0325,
01fa,
0137,
02a3,
02d3,
0151,
02d6,
024c,
0251,
02a9,
029e,
0276,
01f5,
0337,
02a9,
0125,
0077,
02a9,
02df,
0185,
00fe,
01ce,
01e8,
0222,
0211,
02ec,
0300,
02e6,
02c2,
0306,
0202,
0150,
017f,
0179,
01c8,
0276,
02bf,
0295,
02f6,
0400,
025f,
01f3,
0124,
01b4,
017b,
022a,
015c,
0162,
01f1,
02d0,
026f,
033b,
0367,
0448,
02c5,
020b,
0279,
0308,
02d3,
01ec,
00b9,
0107,
0280,
0187,
0235,
02f0,
02e2,
0349,
0358,
02a1,
0313,
0373,
0259,
023e,
01de,
0190,
02f2,
0327,
0361,
034f,
029c,
0243,
01b5,
0273,
0384,
031e,
029a,
02c0,
0255,
02dc,
0057,
010a,
0257,
02e3,
0274,
026e,
0225,
01b2,
02b6,
028b,
0227,
0278,
025d,
0238,
0129,
0100,
01fe,
0253,
01fb,
0203,
01bf,
001a,
02f0,
0262,
0291,
0204,
0226,
0209,
0244,
007c,
01d5,
02d0,
02f6,
02a9,
020d,
012c,
017e,
0260,
01bf,
0190,
02b4,
033a,
030a,
014b,
0184,
01ce,
0307,
03a9,
0289,
01a1,
01d0,
0147,
0135,
0168,
02c0,
03a6,
0373,
02fd,
0299,
01bb,
02b9,
03e8,
036e,
01ea,
0237,
014a,
00ad,
0190,
01f8,
022e,
01f5,
0274,
020b,
01cf,
022a,
034f,
028a,
01e8,
0294,
0122,
023f,
01a4,
0222,
023a,
0176,
028a,
02b2,
02d4,
0266,
0377,
021d,
01de,
028a,
02c2,
0221,
022b,
0145,
015e,
01e3,
01e6,
024f,
0229,
02a9,
0274,
00ae,
0182,
0183,
03bd,
0095,
030a,
00f0,
019c,
0340,
01a7,
01af,
026e,
0270,
0183,
0000,
0123,
030d,
05f7,
01c3,
01d0,
01de,
01d4,
01e7,
01d0,
0107,
0188,
0168,
0156,
0146,
012c,
0373,
02c9,
00c1,
02ae,
0181,
0188,
01ba,
01e8,
014f,
0118,
029f,
0264,
0189,
026c,
0486,
0137,
00d5,
0197,
00a7,
00dd,
024c,
02f1,
013d,
0251,
0330,
01df,
0332,
0504,
02de,
01b1,
0218,
01c7,
0059,
0000,
03fc,
0238,
0129,
02b1,
027f,
0180,
0265,
02a8,
0100,
03c0,
0352,
021e,
001b,
008e,
0187,
012d,
014a,
00e9,
01e0,
0244,
0339,
03ec,
035f,
036e,
0390,
03dc,
0298,
00db,
008b,
00da,
00ad,
017a,
019e,
01fa,
0456,
03d4,
03f3,
04a0,
0368,
04ca,
04d8,
02bb,
0030,
0000,
0198,
0171,
013f,
0292,
02b9,
0116,
0272,
03b1,
03be,
0516,
03f5,
021a,
0080,
0000,
016b,
01e1,
026a,
029f,
0269,
0182,
0188,
00f8,
0255,
0194,
030d,
01ba,
00e7,
0023,
006a,
0164,
053c,
03c9,
021a,
01d5,
0185,
039e,
014f,
02cf,
0296,
025a,
0127,
00c0,
00e1,
014b,
01c1,
00a1,
00bd,
00d4,
01d9,
0442,
0138,
0457,
03c7,
0246,
00b5,
00ad,
036f,
0216,
0065,
006a,
0000,
0113,
022f,
02fd,
0263,
023e,
02a5,
0459,
0309,
00ae,
0162,
011b,
016f,
0204,
0028,
020e,
03be,
0216,
0266,
02a0,
00d7,
0245,
01e6,
01ec,
02b9,
01d5,
02b8,
0256,
00be,
04bc,
053a,
0397,
03af,
03ff,
04e8,
0409,
047b,
03db,
0480,
0424,
0430,
0430,
0398,
05dc,
03da,
0120,
028f,
0364,
02f9,
0338,
035f,
0357,
0415,
0430,
03d5,
0442,
0471,
03b9,
00fb,
01bf,
0339,
00e6,
01db,
036f,
039c,
0385,
03bd,
02ce,
034a,
02d9,
0295,
0231,
0066,
023f,
0274,
029e,
0217,
028d,
0368,
0312,
0308,
0399,
0272,
02d3,
0248,
020a,
02ab,
0302,
0322,
02ec,
031d,
0232,
0323,
033c,
036d,
031d,
0309,
0311,
02e8,
0261,
0420,
0320,
030c,
0349,
0424,
02d7,
02fe,
02d7,
02aa,
0310,
028f,
02a4,
02c3,
0270,
033c,
0358,
0359,
03a1,
03d1,
0406,
02d1,
01fe,
02d7,
0330,
0308,
02b4,
029b,
02f2,
03d6,
0334,
02ff,
0293,
0283,
0362,
03a4,
0307,
029a,
031a,
02db,
027c,
0242,
0275,
044d,
0407,
0387,
0242,
02d3,
0358,
0434,
032d,
0229,
02ad,
02e1,
0260,
01a8,
0220,
02f9,
04d0,
039a,
039c,
0414,
03fc,
03e1,
03ea,
029c,
02e7,
0252,
0229,
027f,
022f,
02c0,
0390,
0456,
03ea,
02bc,
027b,
0354,
0407,
036a,
0341,
040c,
03e8,
0238,
0393,
02da,
02b9,
03ff,
034b,
0360,
03d3,
03ed,
0418,
0288,
03de,
0485,
054e,
0354,
01d2,
01b1,
011b,
025c,
021a,
0210,
02c0,
02e3,
02ee,
037f,
039f,
039c,
0372,
032c,
019c,
0147,
0120,
01a4,
01a6,
00ea,
00e6,
01d1,
01ba,
00d3,
01d4,
015a,
021b,
01b3,
01d9,
02fe,
0000,
01b5,
0302,
022f,
0000,
0163,
0261,
020c,
014e,
00cf,
0201,
0136,
024e,
00bb,
01e9,
00cc,
0000,
004b,
00dc,
00be,
0185,
029a,
0209,
017a,
00b5,
0154,
00ab,
00bf,
0350,
0109,
00a6,
0000,
014d,
01eb,
00a6,
01ce,
00b4,
00d6,
0082,
0159,
0000,
0138,
0290,
0253,
0283,
01c9,
0156,
015b,
0119,
0178,
0050,
0051,
01ae,
0202,
0111,
0159,
032f,
0399,
037b,
01eb,
0094,
01bb,
009c,
00f3,
00f9,
00fb,
0000,
0000,
0368,
03ca,
047a,
0487,
02fd,
02fd,
01fe,
006a,
0000,
0000,
012a,
007e,
006f,
0000,
021c,
04b9,
0439,
047e,
03d4,
03bf,
018e,
0019,
0000,
006c,
00fd,
0157,
0136,
000f,
02bb,
041a,
04b6,
0404,
0304,
0450,
039a,
0127,
0000,
0161,
00b0,
00d7,
0148,
0000,
0260,
0371,
0407,
0448,
040e,
0353,
02de,
021f,
0063,
0059,
01e2,
01b6,
01d1,
0058,
0000,
0139,
037a,
045b,
03f5,
032e,
0241,
026e,
01a2,
0173,
02da,
0372,
048c,
0138,
0000,
0000,
0250,
04fa,
0437,
039a,
034e,
0270,
0286,
0227,
01a4,
020d,
03f2,
02c1,
0030,
0000,
009a,
036e,
0541,
0518,
0302,
03cc,
0368,
0393,
046f,
03ac,
027a,
037a,
0000,
0161,
01fb,
014c,
0271,
034a,
0313,
05b4,
02e7,
01c2,
030a,
02d8,
0242,
0068,
0000,
0117,
0000,
0133,
00ce,
0000,
0161,
01a5,
0000,
0000,
0053,
008f,
0000,
0028,
0334,
02fd,
024e,
0287,
0121,
021d,
0409,
0326,
02b2,
01a2,
0162,
0295,
01f5,
02af,
0154,
02bf,
03e5,
04db,
0338,
027c,
0168,
02f8,
0355,
01ba,
0225,
021d,
01bc,
02f4,
0255,
0494,
086a,
0653,
0339,
02bf,
0190,
00e0,
0238,
01e0,
025b,
02c1,
016f,
0107,
00a8,
01fd,
06f6,
0786,
0476,
01ff,
01b9,
0145,
01fb,
0246,
0250,
02d6,
01a7,
0077,
01eb,
04d4,
036a,
03b5,
0143,
0302,
0283,
019f,
02ca,
02e3,
027e,
02a3,
01bf,
027a,
021b,
0288,
00d2,
005a,
0177,
0247,
046a,
057f,
0290,
018d,
015e,
01cc,
016e,
0196,
01e4,
0022,
00ca,
00b2,
00b6,
00cc,
03d7,
03c1,
022d,
01af,
020e,
00f3,
0136,
00cb,
0199,
0100,
007a,
00a9,
006a,
013e,
00ed,
0345,
02fc,
0207,
0226,
01c5,
00c9,
00cf,
0158,
0108,
008b,
0026,
0012,
0132,
0165,
0251,
0371,
0273,
011a,
01e3,
01c4,
00cc,
02e5,
01bd,
0232,
0024,
0161,
0131,
01f1,
02b9,
0333,
0336,
0268,
0371,
0268,
00f3,
03a8,
0159,
015a,
0067,
0000,
0000,
009a,
023b,
01aa,
01ea,
02c1,
024f,
02d9,
012a,
046d,
01e3,
02ba,
00cb,
0000,
0043,
0267,
0113,
008a,
009a,
00c1,
0008,
0365,
01eb,
02c6,
0229,
01b8,
01aa,
01ba,
0164,
00df,
00ca,
00fe,
01ec,
0135,
013e,
02ca,
0228,
0310,
016a,
03e4,
026b,
01b4,
0273,
0206,
01c8,
0394,
0297,
01db,
01a7,
0207,
0231,
0000,
0000,
0192,
0136,
0161,
02ab,
0315,
0076,
018f,
0108,
01ba,
01d6,
01a1,
00bc,
0000,
0214,
026e,
02bf,
02ae,
0328,
0366,
0401,
02fb,
0257,
027d,
0290,
02f0,
01dd,
0264,
0252,
018b,
020c,
0326,
038f,
028b,
0350,
02ce,
028a,
0365,
0353,
03e0,
0437,
02e9,
03e7,
01a6,
01ec,
01f4,
0262,
0353,
0231,
0309,
02a8,
02cf,
0398,
028d,
02b8,
0157,
0315,
0347,
0143,
0078,
0154,
02ec,
0280,
02ed,
02ed,
0398,
037d,
036f,
0458,
010f,
00ff,
00df,
0062,
009c,
004f,
027d,
0395,
030f,
033d,
02c7,
0340,
029f,
030d,
00c9,
00b1,
0017,
0016,
0000,
0000,
00bf,
02a4,
0374,
0256,
0233,
0240,
0355,
02ae,
00b3,
002f,
0056,
0099,
004f,
0008,
0000,
016e,
03f8,
035f,
02df,
02ac,
0330,
0372,
0299,
00ba,
0000,
0009,
0000,
0000,
0000,
00a9,
02d2,
03b3,
02ca,
030c,
035d,
03a9,
0339,
02c1,
0000,
0043,
0087,
0000,
0005,
0078,
0166,
0271,
019a,
0213,
0226,
036e,
0376,
03d3,
01b1,
0055,
00bc,
00b7,
00f7,
00a7,
005a,
0112,
00fb,
0165,
00d5,
0310,
0224,
0364,
0372,
00d4,
0057,
0000,
0000,
0000,
001c,
007b,
0000,
0063,
00d0,
0166,
0364,
03af,
03bb,
02ef,
0374,
0257,
01f8,
0198,
0166,
011f,
0157,
0205,
0248,
02a3,
03e3,
038a,
0430,
03cf,
0371,
04d2,
0426,
03f8,
0422,
0416,
03b3,
03cc,
0422,
04b6,
006b,
00bc,
00fb,
02b0,
01bb,
020b,
00a8,
0089,
00d3,
00e7,
01dc,
0220,
0331,
027c,
0323,
01d3,
01d4,
0529,
0358,
032a,
017e,
0238,
0223,
03e9,
033b,
0334,
036f,
0154,
024b,
01b1,
016e,
036e,
00a4,
02ca,
01a2,
02ae,
007b,
02c4,
0239,
0316,
0197,
0088,
00bb,
0377,
04a4,
03c4,
0216,
04a1,
02c0,
016d,
0193,
0361,
0201,
013c,
011b,
0127,
002d,
05ab,
022c,
0174,
0171,
0270,
033e,
0185,
029c,
01de,
00ba,
0228,
0037,
004e,
0000,
025b,
0187,
0193,
00d5,
0259,
0576,
018f,
0000,
00de,
01c4,
01b6,
0118,
00e9,
000c,
01aa,
013e,
00f9,
010d,
0206,
0334,
0374,
0348,
01a4,
011d,
0168,
00e7,
0002,
004a,
01e5,
0183,
00de,
006e,
00b3,
018f,
0246,
0354,
00e2,
00db,
00a0,
0105,
006e,
040a,
03f4,
01d9,
0078,
0000,
0140,
0149,
02c7,
011a,
02a2,
012e,
0178,
015c,
0032,
00ed,
02d7,
024e,
01eb,
021f,
01b6,
029b,
0255,
0228,
0638,
02a0,
018c,
023b,
01dd,
0138,
0160,
01ea,
00f4,
01c8,
000f,
0126,
02b9,
02e7,
03ca,
0301,
01ec,
0309,
036c,
011b,
0163,
01e2,
0077,
025d,
00f1,
01a1,
039d,
028f,
023a,
02a5,
041f,
0310,
0582,
00e2,
010d,
00b0,
00ee,
0369,
0250,
0166,
02c3,
0253,
01be,
027b,
0353,
02f2,
02a0,
0202,
0173,
01ad,
0284,
017c,
0140,
01fe,
01d6,
01c0,
0159,
003d,
012c,
01fa,
00f0,
0191,
01af,
0391,
0008,
0000,
0000,
0000,
01ab,
003a,
0000,
0000,
0000,
0000,
00dd,
02a4,
0221,
04ae,
01de,
0070,
0000,
0000,
0000,
0000,
0000,
0000,
0000,
008f,
02e1,
0000,
0000,
0000,
0000,
02b6,
0021,
0000,
0000,
0000,
0000,
0000,
0000,
0000,
0000,
0000,
03fc,
0000,
0000,
0000,
0000,
0000,
0000,
0000,
0000,
0000,
013b,
01f1,
0174,
0062,
020b,
0000,
0000,
0000,
0000,
0000,
0000,
0000,
0000,
0000,
0000,
0000,
0000,
0000,
0000,
0000,
0000,
0000,
0000,
0000,
0000,
0000,
0000,
0000,
0000,
0000,
0000,
0000,
0000,
0000,
0000,
0000,
0000,
0000,
0000,
0000,
0000,
0000,
0000,
0000,
0000,
0000,
0000,
0000,
0000,
0000,
0000,
0000,
0012,
0000,
0000,
0000,
0000,
0000,
0000,
0000,
0000,
0000,
0000,
0000,
0000,
0000,
0000,
0000,
0000,
0000,
0000,
0000,
0000,
0000,
0000,
0000,
0000,
0000,
0000,
0000,
0000,
0000,
0000,
0000,
0000,
0000,
0000,
0000,
0000,
0000,
0000,
0000,
0000,
0000,
0000,
0000,
0000,
0000,
0000,
0000,
0000,
0000,
0000,
0215,
0000,
0000,
0000,
0000,
0000,
0000,
0000,
0000,
0000,
0000,
0000,
0000,
0000,
0000,
0000,
0000,
0000,
0000,
0000,
0000,
0000,
0000,
0000,
0000,
0000,
0000,
0000,
0000,
0000,
0000,
0000,
0000,
0000,
0000,
0000,
0000,
0000,
0000,
0000,
0000,
0000,
0000,
0000,
0000,
0000,
0000,
0131,
0000,
0000,
0000,
0000,
0000,
0000,
0000,
0000,
0369,
020f,
0000,
0000,
0000,
0000,
0000,
0000,
0000,
0000,
0000,
0000,
0000,
027e,
0719,
0621,
03c1,
0000,
0000,
0000,
0000,
0000,
0000,
0000,
0000,
0000,
0000,
0106,
0610,
05da,
0671,
0274,
0000,
0000,
0000,
0000,
009e,
0129,
01df,
0149,
0126,
0356,
031a,
059f,
068a,
050a,
0038,
0000,
0000,
0000,
0028,
000b,
0000,
0000,
0361,
05bb,
0537,
065d,
062e,
0670,
03ed,
001e,
0000,
0000,
0045,
0000,
0000,
0000,
0273,
0619,
05b9,
05fb,
0698,
06de,
06a1,
0269,
0000,
0000,
0000,
0000,
0000,
0000,
02fb,
0599,
0550,
05c8,
060f,
05db,
0615,
0569,
007d,
0000,
0000,
0000,
0000,
0000,
0000,
04cd,
05a4,
058c,
04fd,
05b8,
0614,
05f5,
03f7,
0000,
0000,
0000,
0000,
0000,
0000,
0035,
0443,
0503,
04f6,
0571,
0541,
05d2,
05b3,
0317,
00fa,
0196,
00f1,
0000,
0000,
0000,
0331,
0417,
04a3,
04e6,
05b9,
066a,
0684,
0641,
0567,
0633,
05d5,
0108,
0000,
0000,
01c9,
0366,
02bb,
043f,
0557,
0648,
058f,
0628,
0665,
066f,
05f7,
03c7,
0000,
0000,
0000,
0000,
0000,
0158,
02f7,
046f,
05af,
0457,
03a6,
0227,
027c,
020a,
0000,
0000,
0000,
0000,
0000,
0000,
0000,
0000,
0000,
0000,
0000,
0000,
0000,
0000,
0155,
0190,
01ea,
0206,
0379,
0348,
052a,
0391,
039d,
03ee,
0468,
0417,
0439,
0367,
02e0,
0294,
04d9,
0312,
03b1,
03c4,
04c7,
04af,
03a3,
041f,
0417,
037d,
03ed,
0504,
03b8,
0369,
03b4,
0395,
050f,
0413,
0445,
043f,
03cf,
0424,
05c0,
053d,
052a,
04dd,
0404,
0658,
0371,
033f,
0322,
0199,
040e,
03b2,
030d,
03c4,
0504,
053b,
04d9,
0459,
0336,
04be,
03ac,
0390,
031b,
021a,
029b,
0311,
029f,
043e,
04d1,
059f,
0508,
051f,
0405,
0341,
03fc,
0306,
034e,
025d,
019b,
044a,
03c9,
03d1,
0427,
0417,
0435,
0433,
0510,
02dc,
036b,
02ec,
029e,
0282,
02a1,
0386,
0369,
02dc,
0362,
02f4,
02c4,
03ce,
0489,
0442,
0318,
0348,
02ae,
0244,
02a4,
0343,
03d2,
047e,
0354,
0307,
03d1,
0439,
04db,
0455,
0329,
030e,
0244,
0225,
027a,
02f4,
03ee,
0444,
03f0,
0465,
0485,
0360,
03b4,
0574,
0338,
027b,
02b7,
029d,
0270,
028f,
0312,
03e5,
04b2,
03c1,
0381,
03d4,
03ad,
0487,
03fb,
02f9,
0249,
02e6,
022f,
0222,
02ad,
02e9,
02a7,
0259,
028e,
03ad,
02cf,
039a,
0445,
041d,
036a,
02e3,
028a,
030d,
0324,
033f,
0325,
0343,
02e9,
0262,
0372,
037d,
03f4,
0403,
0430,
03b9,
044c,
0418,
037a,
0375,
0462,
04ee,
0346,
03de,
0419,
04db,
0446,
0416,
048c,
04c0,
0524,
04fb,
04eb,
04cf,
0570,
04a1,
0457,
0532,
01b3,
01a5,
01df,
02c3,
0235,
025e,
0309,
025a,
027b,
0218,
0153,
01ae,
0198,
01e6,
0299,
01b2,
0190,
0371,
01ad,
0236,
030e,
0304,
02f5,
0281,
028e,
021d,
0201,
02c2,
02e4,
017b,
014e,
02c0,
0130,
038d,
028f,
0254,
027f,
02b1,
029b,
0220,
0249,
026c,
0276,
0214,
0193,
026e,
02a4,
03fa,
0285,
0205,
0226,
02d8,
020c,
0248,
0244,
01bd,
01bf,
028c,
01b8,
029f,
0316,
0402,
02f7,
0233,
02b6,
025c,
0202,
02e1,
0268,
0237,
02a3,
0349,
022e,
0296,
02a4,
0371,
0375,
0351,
020d,
0293,
02b0,
02cb,
02f8,
0333,
02a3,
0286,
025d,
0217,
01f4,
029f,
02e2,
0439,
032a,
025e,
02c5,
028f,
02ef,
027a,
02d3,
0235,
0210,
01eb,
0168,
024e,
02e5,
03ba,
03ee,
0320,
0270,
030c,
02a3,
0285,
0438,
027a,
021d,
01fb,
01f2,
0238,
027d,
031c,
04a5,
03b4,
0295,
02ca,
02d1,
02f8,
034e,
03f2,
038b,
0315,
02a4,
01a7,
0245,
026c,
039b,
036e,
0272,
0250,
024a,
0270,
02aa,
03b7,
0441,
03df,
030a,
0221,
0241,
021e,
0278,
02e4,
0233,
02e7,
02fe,
0352,
0301,
02eb,
03ca,
02a7,
02cd,
0217,
0216,
0273,
0280,
025c,
026c,
0232,
024c,
03b3,
02c3,
023d,
0231,
01f9,
034f,
01d4,
0249,
02a1,
01d5,
015a,
0231,
01f8,
01a8,
02eb,
02db,
02ca,
0288,
02c7,
02c2,
02bd,
0352,
0284,
021e,
0202,
0263,
0295,
026a,
03c8,
01a8,
0102,
0215,
0290,
01ad,
01fb,
01fd,
0168,
0225,
0028,
0156,
01b1,
01f2,
01d1,
0268,
021d,
0265,
0371,
034d,
0465,
031f,
01c7,
02ef,
023d,
02a4,
03fd,
03ab,
01c2,
0195,
02b8,
0248,
021d,
0273,
03d6,
023d,
025e,
0254,
02b3,
0245,
02bf,
029e,
0203,
027c,
02a9,
0106,
0170,
011a,
0230,
0225,
01cd,
020b,
02a2,
0211,
02d0,
02fc,
02c6,
01ec,
023f,
0273,
013d,
010a,
01a5,
0249,
024e,
02c2,
01fa,
0271,
01dd,
024c,
02b8,
02b1,
01f1,
01fd,
01a1,
00f4,
01c1,
0254,
0181,
024b,
02b5,
0233,
023b,
01d3,
010a,
032d,
024a,
024d,
01a6,
0185,
0240,
0281,
028f,
0284,
0262,
0199,
01a7,
0210,
0181,
008b,
0107,
0152,
018b,
01e2,
01af,
018e,
0275,
031d,
01b4,
01ba,
01b2,
0227,
01d8,
00fc,
0114,
01b5,
018e,
014e,
00df,
01b4,
01d4,
02a1,
0276,
021b,
0156,
016a,
01a9,
0096,
00f8,
00a9,
00c3,
00bc,
01a2,
02a2,
01e0,
0241,
0255,
01f6,
0145,
0238,
01c0,
0129,
02be,
021d,
00f3,
025d,
0377,
033d,
0303,
02cf,
0266,
0293,
018f,
01e7,
02f2,
0111,
02d4,
0210,
0052,
00ce,
0090,
0054,
01a8,
0230,
022b,
01f1,
0156,
0142,
0220,
0227,
02a7,
0204,
014d,
0173,
0298,
0219,
0068,
01f0,
01d0,
0297,
01f7,
01ce,
01e3,
014e,
01ab,
01bb,
01a0,
0227,
01bb,
012f,
0141,
0175,
0178,
010f,
016d,
01c4,
007f,
0000,
0000,
02ae,
0000,
0000,
0000,
0000,
0000,
0000,
0000,
0000,
0000,
0000,
0000,
0000,
0000,
00ee,
0000,
0000,
0000,
0000,
0000,
0000,
0000,
0000,
0000,
0000,
0000,
0000,
0015,
0000,
0000,
0000,
0000,
0000,
0000,
0000,
0000,
0000,
0000,
0000,
0000,
0000,
0000,
0000,
0000,
0000,
0000,
0000,
0000,
0000,
0000,
0000,
0022,
0000,
0000,
0165,
0000,
0000,
0000,
0000,
0000,
0000,
0000,
0000,
0000,
0000,
0000,
0000,
0000,
0000,
0000,
0031,
0000,
0000,
0000,
0000,
0000,
0000,
0000,
0000,
0000,
0000,
0000,
0154,
0049,
0000,
0000,
0000,
0018,
0000,
0000,
0000,
0000,
0000,
0000,
0000,
0002,
0000,
0000,
0000,
0000,
01f2,
00a4,
0000,
0000,
0000,
0000,
0000,
0000,
0000,
0000,
0000,
0000,
0000,
005c,
00b2,
0000,
0000,
0000,
0000,
0000,
0000,
0000,
0000,
0000,
0000,
0000,
0000,
0000,
0000,
0000,
0000,
0000,
0000,
0000,
0000,
00ca,
0000,
0000,
0000,
0000,
0000,
0000,
0000,
0143,
0000,
0000,
0000,
0000,
0000,
0000,
0000,
0000,
0000,
0000,
0000,
0000,
0000,
0000,
0000,
0000,
0000,
0000,
0000,
0000,
0000,
0000,
0000,
0000,
006d,
0000,
0000,
0000,
0000,
0000,
0000,
0000,
0000,
0000,
0000,
0000,
0000,
0000,
0000,
0000,
0000,
0000,
0000,
0000,
0000,
0000,
0000,
0000,
0000,
0000,
0197,
024c,
0000,
0134,
0285,
02e6,
0008,
01f5,
0252,
04b1,
02f8,
0176,
0182,
01e9,
02fc,
0303,
03a3,
021d,
0101,
00f8,
0113,
0178,
021d,
02bd,
033f,
00d6,
018b,
030b,
02f7,
0494,
0474,
036c,
01c9,
01c5,
017f,
0275,
0255,
0215,
0257,
02e4,
02f6,
01db,
0213,
02e3,
041d,
0334,
0426,
04a2,
02bb,
036b,
018e,
02cf,
02c2,
01a5,
025a,
02b6,
03ec,
01f0,
02e5,
0608,
03d2,
03a0,
0392,
02c6,
016e,
0251,
01f0,
0285,
018f,
015e,
069f,
054f,
051b,
0417,
030b,
040c,
0371,
0240,
01be,
00eb,
022d,
026f,
0236,
024d,
0507,
04ee,
0348,
047f,
03f5,
0405,
029d,
0207,
020b,
0173,
029f,
029c,
0257,
0195,
05e9,
04ef,
039a,
03a4,
0451,
0453,
02fe,
01fa,
0308,
02aa,
018c,
019d,
0275,
00fd,
04a3,
0599,
048d,
04a7,
048b,
0461,
0399,
0347,
023d,
02a2,
02ab,
0373,
02b9,
0179,
017a,
03ab,
0492,
041f,
0452,
0484,
0332,
03a5,
02cb,
0369,
03df,
0570,
056f,
035c,
0238,
01c1,
026b,
040a,
0506,
044e,
03ec,
03bc,
0425,
037e,
031c,
03ce,
060a,
06f6,
0174,
01c3,
020a,
0554,
061a,
064a,
0569,
048a,
03ee,
03ed,
04de,
04ed,
04c6,
078c,
0081,
02a1,
0375,
044d,
03cc,
054a,
044f,
0660,
04ab,
0456,
05a0,
0585,
05e3,
043e,
014a,
023f,
01ea,
02c2,
008a,
0108,
02e4,
03ad,
0264,
02a5,
01be,
014e,
014f,
0197,
01bc,
01a2,
02c8,
0194,
00b7,
011c,
0108,
0091,
03db,
01c5,
01bb,
00d0,
016f,
0067,
025d,
02e5,
04ee,
041e,
0215,
015b,
005b,
0089,
01f4,
01dd,
021c,
0125,
0102,
020d,
01ae,
04f7,
068a,
057d,
04a9,
02b6,
01ae,
0204,
0137,
018c,
0216,
0195,
0100,
0187,
0112,
0429,
04b3,
0478,
048f,
0350,
0342,
0054,
0088,
0137,
00b3,
017b,
018c,
0000,
0123,
014a,
02b3,
0322,
03a9,
0464,
0217,
00f0,
006c,
017e,
016c,
00f2,
0131,
016a,
019e,
0208,
01c9,
0264,
039c,
04ee,
04c3,
0403,
01fb,
01c6,
0215,
01cb,
01f4,
02b5,
00a6,
00dd,
01c2,
0252,
026d,
030f,
0569,
03fe,
029d,
02a2,
019f,
01bd,
0340,
01d5,
0000,
00a6,
0193,
024c,
01bb,
02ac,
03a4,
058a,
03af,
041f,
0245,
01ed,
0311,
027c,
00fc,
0000,
00f6,
018b,
01a1,
01bc,
036f,
0496,
0546,
0369,
0305,
02fa,
03a6,
037a,
018a,
010c,
02a5,
0139,
010f,
0196,
0305,
0436,
0565,
0442,
031f,
0484,
03e2,
029a,
03c3,
0251,
02d6,
01f6,
00d1,
0298,
032a,
02d6,
03b2,
04c2,
0257,
02c4,
036f,
02fd,
01f4,
0267,
01f3,
00bf,
0157,
019c,
0187,
01a3,
0306,
02cd,
00fd,
00fb,
031f,
0246,
033f,
0417,
042e,
0224,
03cb,
0311,
016b,
01b2,
013e,
0133,
00dc,
0129,
0269,
01bd,
0174,
025d,
0432,
03c8,
043e,
02de,
02bd,
0313,
0135,
01eb,
0247,
022d,
016c,
0283,
0285,
02a8,
0102,
011b,
0000,
0000,
0000,
01cf,
0102,
0000,
0060,
0000,
0000,
02f3,
01a8,
01de,
033b,
01e3,
00b1,
0000,
0000,
0000,
0000,
0000,
0000,
0000,
0000,
018e,
0000,
0543,
05b2,
0202,
0333,
008b,
0000,
0000,
0000,
0000,
0000,
0000,
0000,
0000,
005d,
03b9,
043a,
03e7,
023c,
01b7,
0000,
0000,
005a,
0000,
0000,
001f,
0201,
0169,
027d,
0258,
0378,
045c,
0235,
028c,
013d,
00a4,
0000,
000c,
0000,
0000,
0000,
0000,
0445,
0300,
0305,
0306,
021b,
0197,
0134,
0000,
0000,
0000,
0000,
0000,
0000,
0000,
0252,
0309,
02c0,
029d,
018d,
01ef,
007f,
0000,
0000,
0000,
0000,
0000,
0000,
0000,
018e,
028d,
01af,
021d,
0271,
02f4,
0155,
0081,
0000,
0000,
0000,
0000,
0000,
0000,
0000,
01cb,
02e5,
0290,
0401,
02e5,
02d4,
0096,
0000,
0000,
0000,
0000,
0000,
0000,
0000,
0000,
01fe,
02c3,
03af,
0297,
021f,
01b0,
000a,
0000,
0000,
0000,
0000,
0000,
0000,
0000,
01a5,
0266,
028a,
02ac,
02bb,
0213,
013a,
0077,
017b,
0026,
0285,
005e,
0000,
0000,
0093,
02c1,
028e,
0372,
038d,
031e,
017e,
0308,
0418,
028a,
017b,
0368,
0000,
0000,
0000,
0000,
0000,
0242,
0269,
0326,
0338,
026b,
02fc,
00f4,
0119,
006a,
0000,
0000,
0000,
0000,
0000,
0000,
0000,
0000,
0000,
0000,
0000,
0000,
0000,
0000,
027a,
01a5,
0490,
0152,
0255,
00fd,
01ef,
030c,
024a,
01ef,
02d8,
021c,
019b,
01ee,
01a7,
0319,
0474,
0225,
02a3,
0184,
0155,
01dc,
0108,
0119,
01e1,
0190,
00f8,
01b6,
01da,
0259,
02e0,
027a,
038f,
0178,
01e3,
0156,
016b,
00e8,
0189,
013c,
0167,
020e,
0397,
0385,
0271,
0231,
023d,
021b,
00e5,
0269,
0262,
0136,
01c0,
021d,
00d7,
02c6,
04ab,
026d,
02a3,
02aa,
0252,
0202,
00d9,
02bb,
0203,
0223,
0231,
01d4,
0187,
014f,
031f,
01e0,
02ac,
0309,
02cc,
01f0,
00a1,
0140,
014b,
0143,
009c,
0118,
0139,
020d,
0325,
02cc,
029c,
02ed,
0337,
027e,
0161,
01ef,
002d,
00f4,
013e,
016f,
0108,
0286,
033a,
02d6,
02e0,
02ff,
0417,
0377,
0276,
0197,
0034,
009c,
0134,
0111,
01e7,
01cb,
01d8,
0116,
0288,
038f,
0406,
02ce,
0223,
0122,
018c,
0000,
00ce,
012d,
0120,
0182,
0189,
0119,
018e,
0228,
01c9,
020e,
01bd,
0128,
015d,
009c,
00f5,
02c7,
0147,
00a9,
01b8,
019f,
024e,
0214,
01d7,
0223,
013b,
00af,
0088,
0130,
017c,
01e7,
0095,
0050,
0182,
0210,
0341,
02f1,
0247,
030c,
0259,
0172,
0101,
0292,
020e,
0123,
00b4,
0110,
012f,
0149,
02d9,
022f,
01b2,
01c8,
0201,
0247,
019b,
02a2,
01af,
0150,
00b6,
0176,
0182,
01d4,
014d,
00f1,
01a6,
0149,
015a,
00dc,
0171,
0253,
016d,
01c5,
0161,
01ae,
011c,
0252,
0215,
03a5,
01d3,
002f,
03e1,
03b8,
02be,
03ba,
0342,
0453,
02b0,
0201,
0114,
0272,
0372,
0362,
02c4,
01a9,
0280,
0328,
03a4,
0421,
043d,
036f,
018b,
0370,
01f6,
0000,
0000,
0037,
003d,
02ea,
03e0,
0305,
01fe,
02c1,
0364,
0352,
0180,
01cb,
015d,
0160,
0000,
000e,
017d,
0141,
03d6,
02ee,
0208,
0240,
0278,
0277,
00c4,
0183,
0289,
0198,
0000,
010c,
0470,
02d0,
0225,
029e,
0432,
01fc,
011b,
0172,
01f5,
01de,
0000,
0068,
0235,
03b6,
0422,
02df,
0145,
01f0,
0260,
022f,
00df,
01d7,
0410,
0482,
003a,
00a7,
0316,
0413,
0409,
0326,
01f7,
02c8,
0493,
035f,
03bb,
03a8,
032c,
040a,
0204,
03c3,
03cc,
0399,
032f,
03ff,
04fd,
037f,
024b,
0317,
0381,
0324,
037c,
043b,
034a,
02cd,
0356,
026e,
039b,
0452,
03cb,
038b,
0225,
0354,
033e,
0364,
03bd,
02d8,
03ec,
027b,
01ac,
02da,
03f5,
045d,
047a,
034f,
03bc,
03b1,
04ca,
039e,
0195,
0218,
046d,
02e7,
041b,
033d,
0250,
0117,
010f,
018b,
0228,
0340,
036d,
0294,
0000,
0000,
037d,
02fb,
0442,
0453,
03df,
0372,
02da,
038b,
02b6,
02d9,
038e,
03e6,
0178,
0000,
0356,
0259,
03bb,
03ca,
02d8,
00b5,
01c0,
0399,
0243,
019d,
01d9,
042b,
0216,
018a,
041b,
02e2,
02ca,
03a6,
04b7,
03f4,
0367,
03e5,
03a5,
04be,
0478,
045a,
03c1,
04c2,
02da,
02e7,
024a,
0265,
0232,
0387,
0225,
0244,
027c,
00f1,
02a9,
0281,
0292,
044b,
0297,
02ab,
0000,
0254,
02de,
03b7,
01ed,
0091,
0206,
0253,
0210,
01ff,
036f,
0396,
032c,
0559,
0594,
03c3,
0376,
0394,
0154,
01f8,
0266,
02c3,
039f,
0399,
03ad,
0292,
02c9,
0288,
054b,
0479,
0498,
0493,
0248,
02a5,
031e,
03c5,
03c1,
042a,
04eb,
02ac,
0224,
03d6,
04ee,
02c0,
0038,
02f2,
0496,
01b0,
0106,
02e1,
02e8,
0343,
0339,
02ba,
05b3,
04cd,
02a5,
0000,
008c,
01d0,
0404,
043e,
0325,
034d,
0429,
02d7,
027f,
019e,
03bb,
02c0,
013f,
0000,
0015,
0118,
02f0,
01ba,
021c,
02b2,
027c,
023c,
0227,
00f2,
0286,
009a,
0000,
0000,
00b0,
0000,
0000,
01e5,
03e5,
01eb,
01cd,
0254,
0237,
017e,
0106,
01d8,
00c2,
00a5,
0000,
0000,
007b,
01f5,
038d,
02c1,
020b,
022a,
01e5,
01b1,
0205,
02d0,
029d,
0000,
0000,
005e,
01dc,
02ae,
012d,
0204,
0235,
0130,
020f,
023a,
0214,
0340,
00c7,
0000,
007d,
0156,
01af,
0326,
02e8,
0245,
0152,
0236,
048d,
05ac,
0277,
0389,
0000,
0000,
0000,
0000,
0143,
00e1,
0133,
00a3,
0090,
018d,
0458,
062a,
0208,
01fc,
0022,
025d,
0201,
00f1,
00af,
0000,
0170,
0262,
02dd,
016f,
0234,
0383,
021c,
020c,
041c,
0320,
0233,
01af,
01e1,
003d,
0252,
02a5,
01e5,
0318,
02ad,
012a,
011d,
01c9,
0336,
0374,
039e,
041a,
0487,
03d2,
02e0,
0517,
03d3,
0455,
03a3,
025a,
025b,
0422,
0489,
03fb,
04fe,
03b5,
0426,
0557,
0412,
0481,
046d,
040a,
03cc,
042b,
047a,
034e,
0212,
0341,
044a,
0502,
04ac,
04da,
04b5,
0463,
05d8,
04a5,
052c,
04bd,
0494,
03ba,
02b3,
0280,
0298,
044a,
0513,
044a,
0371,
040b,
0487,
0414,
03a9,
0426,
043d,
029e,
027d,
0294,
03b5,
03ba,
0470,
0476,
04ea,
0478,
04d7,
04eb,
055b,
0709,
03aa,
0336,
03b6,
02fa,
02f5,
0303,
0309,
0596,
0588,
053d,
0521,
0540,
0560,
067d,
048c,
02fc,
0319,
02f4,
030a,
0281,
020e,
04ae,
05f1,
04dd,
0498,
051d,
051f,
05e7,
046c,
0453,
035a,
039f,
0310,
02c8,
02a6,
0351,
0559,
062d,
04d0,
04ab,
0542,
05a3,
04f4,
044b,
02ed,
038d,
02a3,
02ac,
022a,
02e6,
03ed,
0635,
055c,
0603,
0598,
05fc,
0500,
0635,
035c,
0333,
0243,
0301,
0328,
02c1,
02e1,
04d0,
0513,
0520,
058a,
065f,
0536,
0615,
0447,
03fd,
0377,
03c9,
02f0,
01c2,
0248,
0308,
0278,
02c5,
0270,
0574,
03cb,
053e,
04eb,
050a,
051f,
0430,
033b,
02c7,
0304,
028c,
01fa,
02db,
01fd,
0368,
0495,
0556,
05d9,
058a,
0549,
0488,
040b,
0421,
02fb,
0344,
03ac,
04f1,
03ca,
04e0,
05bc,
066a,
064e,
0665,
0616,
0643,
05fb,
0666,
0675,
073a,
06e2,
0604,
0629,
078b,
0085,
019d,
0118,
02c0,
01ed,
02d4,
01b7,
000e,
014d,
02a5,
019c,
02b4,
0281,
03c1,
025d,
00d4,
0000,
01fc,
01f6,
0327,
037f,
0290,
02ed,
039d,
0262,
0384,
03fd,
023f,
0334,
0180,
017d,
0245,
0056,
02b8,
01c5,
0195,
018a,
0453,
03cb,
025a,
0286,
019e,
0037,
02dd,
047e,
0335,
0104,
04d8,
026a,
011c,
0229,
03d1,
024d,
00c1,
0286,
0000,
0000,
02a4,
02a5,
01a3,
005e,
02cd,
01a8,
01db,
0187,
01f3,
0110,
0230,
0228,
015d,
000e,
0101,
000a,
0000,
0000,
0170,
01d4,
02dc,
0159,
036e,
0314,
0381,
0204,
01c9,
0079,
00e0,
0000,
0000,
0000,
0000,
00a1,
0493,
02b5,
028e,
01b6,
0207,
00fa,
0000,
0191,
005d,
0000,
0000,
0000,
0000,
0000,
022e,
0231,
01fe,
00ba,
0149,
0125,
00e2,
0161,
0265,
0097,
0000,
0000,
0000,
0060,
0255,
013b,
02b5,
023b,
01d7,
024f,
01ec,
00c5,
033c,
01a4,
02e1,
00b0,
000e,
00c9,
0131,
00b1,
04a3,
0322,
00e0,
01b5,
01f4,
005e,
024c,
0009,
02a6,
0038,
008d,
0253,
0340,
02ca,
034f,
00ed,
0131,
029d,
0440,
012f,
0157,
006f,
017c,
01f5,
0050,
01fd,
027b,
0312,
00d4,
018c,
027d,
023d,
0591,
013b,
00b1,
0048,
0211,
0245,
00cf,
02be,
0113,
0227,
015b,
0278,
01fd,
02ad,
0521,
018c,
01b2,
026c,
0252,
01a7,
016d,
0281,
00ba,
016b,
01ec,
0168,
0215,
01ca,
029b,
0133,
02ae,
0000,
00a6,
00db,
0000,
0000,
008a,
0000,
013b,
00be,
0000,
0000,
0180,
01dd,
01d7,
01ac,
01a3,
0061,
0069,
00a8,
0000,
0012,
0142,
0080,
01f9,
00cf,
00b9,
0000,
0462,
0570,
03e1,
0195,
013b,
00cf,
007e,
0000,
0081,
0020,
003d,
0000,
0000,
0068,
0098,
04e0,
04f5,
03f7,
0350,
0147,
01e2,
0130,
01d3,
0140,
00bd,
0104,
007c,
026d,
017a,
0160,
03d9,
044b,
04a6,
02bf,
01a2,
0059,
00bc,
00a3,
0000,
0000,
0000,
0467,
04a0,
0353,
042a,
033f,
0458,
03f6,
0000,
0000,
0000,
0007,
0000,
0000,
0000,
0280,
03e7,
0396,
041e,
0417,
03e9,
03b2,
00fb,
0000,
0000,
0000,
001a,
0000,
0000,
02ac,
03f7,
0313,
03ba,
0365,
03a6,
0343,
03c7,
0053,
0000,
0000,
0069,
0000,
0000,
0000,
0277,
03dd,
03c9,
0400,
0471,
0420,
03ad,
0265,
0000,
0000,
0000,
0000,
0000,
0000,
0129,
0322,
0373,
038e,
0460,
035d,
038c,
038e,
0161,
0000,
002e,
00c4,
0000,
0000,
0000,
027a,
0408,
03ee,
035c,
0385,
032d,
037b,
0344,
0389,
032b,
040b,
0176,
0000,
0013,
00a1,
03c4,
035b,
047a,
053a,
0451,
0395,
038f,
03f2,
03d3,
03c4,
03dc,
0000,
004e,
0078,
0000,
0000,
019b,
01a5,
033a,
02cb,
023b,
0241,
0140,
00e4,
007e,
0000,
0000,
0000,
0000,
0000,
0000,
0000,
0000,
0000,
0000,
0000,
0000,
0000,
0000,
0272,
01f6,
0663,
0498,
04d1,
045c,
04f0,
03dd,
04b9,
0305,
02e4,
039f,
02a3,
0335,
0149,
0462,
0571,
04db,
0508,
047e,
049c,
05df,
04ff,
0396,
034f,
037b,
0354,
0375,
03e1,
04c0,
0494,
03d9,
051f,
044c,
0397,
042e,
0453,
0433,
03f7,
0489,
0497,
0509,
04a6,
05f0,
0408,
04d7,
03f7,
0464,
040f,
03ae,
048e,
04ad,
03ec,
0512,
03a5,
0527,
052f,
04b1,
04f0,
0359,
0291,
02dd,
047e,
054d,
0542,
048b,
0498,
0440,
0489,
04ab,
025e,
0216,
0332,
027b,
0238,
01d4,
0474,
0515,
04b4,
0452,
03de,
043c,
0423,
0532,
02c6,
0307,
02b3,
02a3,
0224,
01c5,
01e0,
053e,
0508,
037d,
03bc,
03cc,
041b,
04b3,
03a5,
028a,
0327,
032b,
0387,
0321,
0276,
02a5,
04f5,
04bc,
04a6,
042b,
0483,
0451,
0505,
0234,
0242,
0308,
0454,
02ea,
01d9,
01b5,
0392,
0508,
04f4,
04c8,
04f2,
0514,
0563,
049a,
0297,
032f,
0306,
01db,
01b2,
020d,
0252,
042a,
041f,
04ca,
0446,
04d5,
04d4,
0457,
039f,
02c2,
02d6,
03e0,
0350,
0308,
0199,
0273,
036d,
0308,
021a,
03bd,
04db,
04dc,
05a8,
0344,
0364,
0331,
02e8,
02b8,
01f7,
0352,
023d,
0200,
0175,
036b,
055f,
05f0,
0615,
0510,
05df,
049e,
05bd,
046c,
0394,
03ac,
0413,
041e,
0434,
04d1,
0693,
06e0,
067b,
064f,
05f7,
0642,
0689,
057a,
0687,
06af,
057e,
066c,
05b1,
0654,
02ba,
0204,
0112,
01a2,
0370,
0357,
0270,
013d,
0055,
03b5,
04cc,
0206,
023f,
037f,
01d5,
0029,
0060,
0053,
018a,
0276,
02fb,
0277,
0024,
00f6,
0113,
01d3,
0186,
0000,
0000,
030e,
0407,
052f,
041a,
017a,
038f,
02e1,
01e3,
0140,
0169,
015a,
0133,
004f,
01a3,
02f7,
059b,
02dd,
0087,
003b,
015e,
03d8,
02a0,
02da,
0194,
0278,
01b3,
02d6,
0000,
003b,
007d,
014a,
0117,
020a,
00f3,
0116,
0132,
00d4,
010d,
0282,
021a,
02e8,
03f2,
01f6,
00b6,
034c,
02a7,
0265,
00a8,
0030,
01e5,
0215,
0207,
01cb,
02c2,
0130,
0271,
0279,
0227,
03a6,
042d,
0478,
03bd,
0119,
02b0,
0319,
01ff,
01b6,
024b,
033f,
047a,
0738,
05b8,
062d,
0516,
035a,
0423,
027a,
0079,
02ea,
0250,
026f,
0211,
044f,
0490,
0663,
06da,
05af,
03fa,
054e,
04df,
0333,
0187,
00e5,
00b2,
00fc,
00e1,
0195,
0443,
0402,
043c,
059d,
05d1,
0503,
0248,
0279,
036c,
007c,
0000,
0000,
0000,
0000,
045d,
03dc,
03d5,
016a,
0576,
04f8,
033d,
0443,
04cb,
0363,
0297,
02e1,
0147,
0000,
0231,
01d7,
03b6,
0522,
0734,
0741,
06b3,
0647,
04f1,
0630,
079f,
07ff,
060e,
01cd,
01d6,
01bd,
0362,
02cf,
0358,
05f9,
061d,
05fc,
04c1,
04d3,
055d,
060c,
0656,
0584,
014b,
0271,
0266,
00e8,
02b6,
0460,
034b,
038e,
037c,
018c,
0212,
013b,
024c,
017c,
0038,
0000,
0000,
00f1,
0000,
0000,
0000,
0181,
00e2,
009d,
0000,
0000,
0000,
0000,
0000,
0000,
01a5,
025c,
0006,
0000,
0000,
0000,
0000,
0000,
0000,
0000,
0000,
007b,
0000,
0000,
00a2,
006b,
011b,
0050,
0000,
0000,
0000,
0000,
0000,
00c5,
0000,
0000,
0000,
012c,
0000,
022d,
002e,
00c5,
0000,
0000,
0000,
0052,
0000,
0000,
0000,
0044,
0000,
0000,
0000,
011c,
0000,
0000,
0028,
0132,
010d,
00f3,
0036,
0000,
0086,
002b,
0000,
0000,
0000,
0000,
0000,
0000,
0134,
0000,
0000,
0000,
0000,
0000,
00a9,
00f1,
0000,
0000,
0000,
0000,
0000,
0000,
0000,
00ae,
000c,
0000,
0000,
0000,
0000,
0000,
0000,
0000,
0000,
0000,
00bc,
00ca,
0000,
0000,
0043,
0000,
0000,
0000,
0000,
0000,
011d,
0043,
0000,
0000,
0000,
0000,
0000,
0000,
0000,
0000,
0000,
0000,
0000,
0000,
0004,
0039,
007b,
0000,
0000,
0000,
0002,
0000,
0000,
0029,
0000,
0000,
0000,
0000,
001d,
0000,
00a1,
0000,
0000,
0000,
0000,
0000,
0000,
000b,
0075,
0000,
0000,
0000,
00b0,
002c,
012b,
0000,
0021,
0000,
0000,
0000,
0000,
0000,
0000,
0000,
0000,
0000,
0000,
008c,
001c,
0000,
00c6,
0132,
0047,
0000,
0000,
0000,
0000,
0000,
0000,
0000,
000b,
0000,
01e9,
0115,
0000,
0000,
0001,
0000,
0000,
0000,
0000,
0000,
0000,
0000,
0199,
0183,
0094,
000f,
001f,
008a,
00fe,
021c,
0000,
002d,
0130,
00bb,
003d,
00b2,
01f8,
0093,
04b0,
023c,
002f,
000f,
0087,
0000,
0000,
009f,
0055,
0114,
00a8,
006b,
0000,
01f6,
03eb,
040e,
047a,
0000,
0000,
0000,
0000,
000e,
0000,
0000,
0000,
0000,
0000,
0384,
0376,
034f,
03ff,
0124,
0000,
0000,
0000,
0000,
006d,
00cd,
0116,
000e,
015d,
0439,
03cc,
0488,
041b,
03c1,
0000,
0000,
0000,
0030,
0000,
0000,
0000,
0000,
038e,
04e2,
0441,
04cd,
04ba,
0536,
0217,
0000,
0000,
0000,
0000,
0000,
0000,
0000,
0313,
0572,
048a,
0578,
04d0,
04b4,
04c0,
020b,
0000,
0000,
0011,
0000,
0000,
0000,
0302,
05c6,
045c,
0467,
0453,
054b,
0513,
049c,
007d,
0000,
0000,
0000,
0000,
0000,
00fa,
0450,
04f7,
0468,
0519,
04ef,
0546,
04fa,
02fd,
0000,
0000,
0000,
0000,
0000,
0000,
0000,
035e,
041a,
05d1,
05f9,
0575,
0509,
049d,
021b,
010a,
0269,
01ca,
0000,
0000,
0000,
032c,
0379,
0495,
0528,
0451,
0499,
04b6,
0462,
0483,
0451,
059a,
00e5,
000f,
0000,
0205,
02e1,
032e,
054c,
03e0,
057d,
04d8,
0539,
0616,
0644,
0514,
0411,
0000,
0000,
0000,
0000,
0000,
0128,
0276,
04de,
044f,
0417,
0321,
02b4,
02bd,
019d,
0000,
0000,
0000,
0000,
0000,
0000,
0000,
0000,
0000,
0000,
0000,
0000,
0000,
0000,
046c,
0332,
01ab,
00d6,
0201,
01b8,
00e8,
01dd,
0185,
01fd,
027e,
0106,
014e,
01d1,
051a,
0223,
00e2,
0000,
0012,
00ab,
007e,
0098,
0000,
00ed,
0198,
015f,
01db,
020b,
01bf,
0129,
01a8,
0137,
0028,
0000,
00e4,
017f,
0005,
00d3,
004c,
0000,
00b4,
0077,
00a6,
007c,
019b,
00ec,
0221,
01a1,
0117,
0057,
0090,
0010,
0066,
009d,
013f,
0092,
014f,
006b,
016e,
01c4,
0364,
0207,
00ad,
00a1,
00d4,
00a9,
002e,
0098,
0038,
0000,
035b,
0352,
0296,
040f,
0373,
0426,
00c7,
0000,
0000,
00e6,
0158,
011f,
00d3,
006d,
0279,
03a0,
0383,
03f5,
03a2,
03f6,
03e4,
001a,
0000,
01a1,
0182,
01aa,
021e,
0147,
01c6,
03b7,
0448,
0389,
0307,
03e9,
03d6,
024c,
0000,
009d,
0186,
00c8,
0100,
0130,
0094,
02f1,
0384,
041d,
0340,
0307,
03a2,
0315,
0132,
0048,
013e,
001a,
00ee,
0104,
00a4,
0000,
0266,
0378,
0381,
034f,
02a4,
02b2,
02e8,
0122,
012a,
0179,
0298,
0071,
013e,
00dd,
0113,
015b,
037d,
039c,
0227,
021c,
02f6,
0213,
021c,
0286,
041d,
01ae,
00c4,
0059,
0000,
010d,
03ce,
040c,
0167,
0345,
02fe,
035c,
0368,
03f5,
031b,
0332,
0086,
0000,
00a7,
0134,
0180,
0181,
00bc,
02d1,
01fe,
022b,
00cc,
00e2,
014e,
0030,
0000,
0000,
0000,
0000,
0000,
0000,
0000,
0008,
0000,
0000,
0000,
0000,
0000,
0000,
0016,
004e,
0148,
0000,
0000,
0000,
0039,
0000,
0000,
005a,
0000,
0009,
0000,
0000,
01bb,
028d,
01fa,
0165,
0000,
0000,
0000,
0040,
0000,
0000,
001d,
0000,
0041,
0152,
0107,
0045,
0000,
00a0,
00a3,
0186,
005e,
00d0,
0000,
0000,
00d4,
0000,
0000,
0000,
00dc,
0000,
0000,
0000,
0098,
02b6,
003c,
0000,
0000,
0000,
00f3,
0074,
0089,
0000,
02eb,
00a6,
0000,
0000,
0240,
0440,
017d,
0000,
0000,
0000,
002f,
007f,
00ec,
01c9,
0370,
02b3,
00e0,
0000,
014c,
0286,
0329,
0282,
0071,
000c,
00fd,
00fe,
00c4,
0149,
026c,
00b9,
0052,
007a,
008f,
0066,
0222,
03ee,
0176,
0008,
003f,
00fc,
0096,
00c4,
0388,
0192,
007f,
0057,
0000,
0000,
00e7,
033c,
03b1,
0132,
004d,
00f7,
0000,
0142,
01e2,
01d4,
0099,
007c,
0000,
0114,
016a,
02ed,
04ec,
0259,
0000,
0146,
010d,
00c9,
003b,
02b9,
0188,
0000,
00d6,
016d,
014e,
01e7,
02f1,
0208,
0052,
0107,
022a,
02da,
014e,
0190,
002f,
0095,
0055,
0042,
00c7,
0000,
0166,
016a,
000e,
014b,
02f5,
040f,
0000,
0000,
0095,
016e,
004f,
00b4,
00f9,
004a,
0112,
0000,
0000,
0069,
024c,
029f,
00cc,
0000,
0000,
0000,
0000,
0000,
0000,
0000,
0000,
012f,
0000,
0021,
00ea,
01fe,
0110,
0000,
0000,
0000,
0000,
0000,
0028,
0083,
001d,
0019,
0030,
0000,
00a4,
0149,
02e6,
02b0,
0331,
04c3,
047a,
0400,
03ff,
017f,
0408,
0536,
03b9,
04f1,
0441,
0396,
0212,
02d7,
00ae,
0309,
0457,
0487,
0386,
0310,
04f1,
03ea,
03d3,
0393,
02c0,
01cc,
042f,
0421,
03ee,
03bc,
016a,
0422,
0461,
03d5,
0540,
04f8,
0448,
03d2,
0374,
0379,
03dd,
0196,
03bc,
030d,
0351,
0438,
04ba,
04d2,
03eb,
047d,
02f8,
016d,
0075,
0162,
0424,
0177,
0170,
0357,
0392,
03fb,
04b4,
03c6,
040f,
02e4,
02b5,
0336,
02d2,
038a,
0385,
0246,
0313,
0421,
0346,
041b,
0460,
0561,
0511,
04be,
04b5,
04b3,
0577,
056c,
0467,
0245,
02d9,
03a8,
03c9,
03c0,
0458,
057f,
0600,
05f1,
05da,
0598,
057f,
05e6,
043b,
02d5,
03d6,
03c6,
038c,
0378,
03e8,
040c,
05c8,
064c,
059e,
057b,
0574,
060a,
04c0,
03b7,
0398,
0367,
036d,
0421,
03b7,
0469,
04ed,
0679,
065f,
05dd,
0577,
05f8,
05ea,
04ff,
0416,
03de,
0397,
0378,
0340,
03b0,
043b,
05a2,
06b4,
05eb,
0629,
0661,
05be,
0540,
030b,
0337,
03ca,
03a8,
0303,
03c9,
046d,
0439,
0412,
03b5,
03c3,
05cd,
05c5,
04a9,
01e8,
0347,
03c2,
03d1,
04a0,
0406,
03c4,
03c5,
0401,
03a5,
03ff,
0440,
0588,
0572,
049c,
05d0,
0581,
03eb,
03a9,
032c,
0328,
03dc,
03d7,
043d,
055e,
0618,
0678,
06b4,
0643,
071b,
06ca,
060d,
05ff,
05b8,
05fa,
062c,
069e,
0728,
0679,
06bd,
01ea,
024a,
01c6,
010a,
00de,
009c,
00df,
0272,
0168,
004d,
0169,
0027,
010a,
0194,
01dd,
01da,
024f,
025c,
005e,
0072,
010f,
0209,
0002,
00fc,
013a,
00c5,
0199,
0238,
007b,
00f3,
01d3,
0243,
028e,
00ea,
00f3,
01a0,
0019,
0024,
0039,
00ef,
00ed,
01a5,
00ae,
01a6,
02fb,
021e,
0353,
01ed,
0111,
00c6,
01dd,
00bb,
0188,
02cb,
02f3,
0355,
00ef,
034d,
0398,
019e,
02a0,
01eb,
0184,
014e,
016d,
0244,
01eb,
0172,
01b3,
00c7,
0105,
027d,
0189,
025a,
0328,
02f1,
027d,
00fc,
00df,
014e,
015b,
011c,
0040,
002e,
0000,
02c4,
0244,
0252,
02d6,
0337,
02c4,
00fe,
0042,
0087,
0072,
009d,
00a5,
0054,
003e,
01b9,
01b4,
023a,
02c8,
02aa,
0242,
0229,
0006,
0000,
0093,
003e,
00a5,
000e,
0000,
017f,
0221,
0251,
01d5,
0218,
0257,
020d,
018a,
0000,
0000,
0000,
00a0,
001a,
0066,
0055,
0135,
0267,
01b7,
0199,
01e9,
020d,
028c,
00b4,
0000,
0000,
0000,
0011,
0000,
000c,
0130,
0290,
012f,
0124,
0255,
0219,
020b,
0273,
0194,
030e,
014e,
0000,
003e,
0137,
020f,
0145,
014e,
0136,
0192,
019f,
0189,
019b,
01b6,
0266,
01d2,
0020,
0000,
0000,
00cf,
0000,
0058,
006e,
0146,
016b,
01b1,
00c0,
004b,
0055,
0000,
0000,
0000,
0000,
0012,
0000,
0029,
0027,
0009,
0000,
0000,
0000,
0000,
0000,
0000,
0000,
032e,
01da,
0202,
01ec,
04d3,
0369,
0310,
0349,
014d,
0188,
0194,
01dd,
00b0,
0130,
028e,
0136,
002e,
0007,
0217,
0339,
038d,
030e,
01f9,
0168,
0143,
028a,
0278,
00c2,
026b,
00df,
0376,
0242,
001b,
0000,
0105,
01ad,
0233,
02ee,
00e3,
01dc,
0225,
026a,
0136,
02b7,
03e0,
0449,
01f2,
004a,
004f,
0252,
0327,
0200,
01b3,
0230,
00d1,
0254,
01c6,
03b4,
041c,
0337,
01ae,
0194,
00d2,
0363,
03cf,
0286,
01fe,
02c3,
0102,
0000,
0044,
033f,
0315,
026f,
01c0,
01f2,
0000,
0000,
0118,
018a,
0140,
0225,
01c5,
01f7,
0269,
0441,
02af,
025a,
01f9,
028a,
00c8,
003a,
0079,
00a0,
0242,
01e6,
0171,
0223,
032b,
028a,
02f4,
01d9,
023a,
029e,
024e,
010d,
0000,
00b2,
029e,
0211,
0258,
0182,
02ac,
01ec,
02bb,
0324,
04ed,
0293,
0155,
0111,
0000,
0046,
01f5,
014a,
01c7,
01a7,
036f,
00f3,
01bb,
0373,
0396,
0274,
00c3,
00ce,
0173,
008f,
010b,
0128,
0000,
0106,
00f8,
0169,
035b,
034a,
0350,
027f,
0189,
0252,
01bb,
00eb,
02a8,
02c4,
0243,
0035,
0411,
01c2,
0276,
02c8,
025f,
02fd,
026f,
0317,
0252,
03a4,
0441,
035d,
027b,
034c,
01c9,
00ff,
00ff,
0375,
02ba,
01ef,
048f,
04ad,
033d,
03ce,
035b,
01d8,
012b,
0115,
01cc,
01ff,
0054,
014a,
01b4,
017a,
0146,
0011,
015a,
0206,
0119,
0237,
00da,
00c5,
0236,
0359,
03b0,
0232,
0000,
0000,
0000,
008d,
0012,
00e3,
0000,
0000,
0000,
01c1,
023f,
0283,
0187,
01fa,
0000,
0000,
0000,
0000,
0000,
0000,
0000,
0000,
0000,
00ac,
0000,
0212,
01b8,
01bc,
0000,
0000,
0000,
0000,
0000,
0000,
0000,
0000,
0000,
0000,
0000,
0000,
0073,
00bf,
01fe,
02c1,
0000,
0000,
0000,
0000,
0000,
0000,
0000,
0000,
0251,
0000,
0000,
00fd,
025d,
0328,
010a,
0000,
0000,
0000,
0000,
0000,
0000,
0000,
0255,
02d4,
01a1,
02b0,
0051,
0352,
02f4,
0000,
0000,
0000,
0000,
0000,
0000,
0000,
0000,
00e9,
01e3,
02ab,
0291,
0209,
02ac,
00a9,
0000,
0000,
0000,
0000,
0000,
0000,
00ba,
0303,
017d,
017f,
007f,
0162,
025b,
02bb,
0000,
0000,
0000,
0000,
0000,
0000,
0000,
0000,
0106,
0273,
019e,
02a8,
01fc,
026b,
01f8,
0000,
0000,
0000,
0000,
0000,
0000,
0000,
016c,
008f,
0129,
0273,
024e,
01f6,
023a,
0007,
0000,
0000,
0093,
0000,
0000,
0000,
007e,
00e9,
0157,
0061,
0000,
0000,
0229,
0115,
007e,
0179,
024d,
0000,
0000,
0000,
0000,
01a0,
0225,
0329,
021a,
01fd,
0257,
0259,
022f,
02bc,
0286,
029e,
0000,
0000,
0000,
0000,
0000,
0000,
0000,
0035,
0063,
0000,
0000,
0000,
0000,
0000,
0000,
0000,
0000,
0000,
0000,
0000,
0000,
0000,
0000,
0000,
0000,
0000,
0000,
0000,
007f,
00f4,
02cf,
0284,
01b5,
01e3,
01e4,
026d,
01ff,
0175,
011d,
0221,
00de,
032a,
0000,
0337,
02c6,
02c3,
034f,
0250,
01c9,
0295,
02cd,
024e,
0169,
0000,
016c,
0362,
03c1,
0498,
021e,
017c,
0509,
04e6,
0209,
0276,
0340,
0257,
03a9,
02df,
03f7,
0342,
0587,
02c5,
021b,
0359,
0433,
0583,
033d,
02d4,
0300,
039f,
03fd,
0479,
0460,
03cb,
042c,
02a6,
038f,
02e4,
01ce,
0235,
052d,
027d,
02aa,
0328,
03a1,
037b,
0469,
0458,
0325,
01e5,
02ce,
00a5,
0156,
004c,
0470,
0508,
0470,
0401,
0404,
0396,
041c,
0443,
018c,
01c0,
0181,
009b,
0054,
004f,
009a,
031b,
04d9,
039a,
0377,
03ea,
0352,
03e5,
0293,
003b,
0000,
0093,
0212,
0130,
005d,
004a,
049a,
0346,
03ac,
03e8,
0354,
03ab,
03dd,
01f1,
00a0,
0156,
018d,
0162,
00e5,
0050,
0331,
04c5,
03b8,
043f,
03f2,
040a,
052c,
04be,
0256,
00ac,
016a,
00d8,
01c4,
0212,
0000,
02df,
02a4,
01f3,
03cc,
0509,
04ae,
03ed,
0175,
0000,
0024,
0175,
0253,
02ca,
0085,
0155,
021c,
00ed,
01cd,
053b,
0424,
0475,
0294,
004c,
0000,
002f,
017f,
0108,
0000,
0064,
0000,
001a,
0093,
03c0,
04dd,
0437,
031d,
033f,
0373,
01a5,
0121,
0000,
025e,
02fc,
023f,
0249,
02db,
0432,
0671,
0564,
065d,
0582,
03ed,
040e,
04ef,
035a,
056b,
0579,
045e,
05c2,
0592,
052c,
003c,
0033,
0195,
0199,
0356,
01dc,
01b4,
02ff,
0285,
00d7,
0169,
0103,
0000,
00b2,
0000,
0000,
0000,
0000,
01d1,
0244,
01a9,
0083,
0129,
00ce,
0052,
00cd,
0068,
0192,
00a6,
0000,
0000,
0000,
0000,
0000,
00dd,
0089,
0068,
0162,
004e,
01f9,
00a2,
00e2,
016b,
0016,
0000,
0000,
0000,
0000,
0000,
004b,
0115,
01e1,
010b,
028d,
00c2,
00c5,
0000,
0000,
0000,
0000,
0000,
0000,
0000,
01fc,
0151,
0173,
008a,
00f1,
010e,
00c3,
0000,
0000,
002c,
0000,
0000,
0000,
0000,
0000,
0158,
0195,
00c9,
0062,
0193,
027e,
0000,
0021,
00aa,
0000,
0000,
0000,
0000,
0000,
0000,
017a,
0162,
0122,
01c8,
026a,
0000,
000b,
0000,
0000,
0000,
0000,
0005,
0000,
0000,
01e2,
024f,
0109,
0259,
0203,
0000,
0000,
0000,
004a,
00a3,
0000,
0000,
0000,
0000,
0000,
01df,
00ce,
01b9,
015c,
01df,
0000,
0000,
0000,
002d,
0043,
0070,
0000,
0000,
0000,
0000,
0000,
0000,
0000,
022a,
0146,
0000,
0000,
0000,
0000,
0000,
0000,
0000,
0000,
0000,
0000,
0000,
0000,
0318,
0237,
002d,
0000,
0000,
0000,
0000,
0000,
0000,
0016,
0016,
0000,
0000,
0000,
01a2,
0199,
0000,
012c,
029e,
0000,
0103,
0000,
0000,
0000,
0000,
0000,
0000,
0000,
0131,
018b,
0202,
0298,
0307,
00fe,
0000,
0000,
0000,
0000,
004e,
01b5,
0159,
006a,
009f,
00c0,
010a,
0056,
00a6,
017c,
016c,
014d,
0000,
0080,
007f,
00eb,
00a5,
0080,
014d,
010f,
02bc,
01e3,
00e5,
0100,
012d,
00f4,
00b1,
00cf,
0091,
012f,
0109,
0021,
00cc,
0202,
0395,
04d8,
0376,
00fc,
011c,
01a6,
01e9,
01a6,
01cd,
0108,
0137,
00dd,
00fe,
00fc,
035d,
0429,
047a,
02c3,
006c,
0181,
00ea,
01a0,
0213,
0230,
0291,
018c,
01cf,
02be,
02ce,
0486,
0520,
04e9,
0096,
00ba,
0128,
0152,
01d0,
0233,
028a,
02bd,
0306,
0548,
04d7,
0515,
0518,
05df,
0444,
0242,
02ae,
0279,
02f3,
02b8,
030d,
028a,
02be,
0510,
0504,
0500,
051b,
056a,
0635,
0475,
01f1,
02d7,
02d2,
02e0,
0300,
02b4,
030e,
04fe,
0512,
04ee,
04c7,
04e3,
057d,
05ca,
033a,
0238,
02f3,
0351,
02af,
0273,
02f0,
0469,
04e7,
04e4,
047f,
051b,
0577,
05eb,
04db,
021f,
0286,
02b3,
025d,
0275,
0221,
02d3,
046d,
0428,
04ce,
054b,
0569,
05d1,
05cd,
0449,
02d2,
03a3,
03d9,
0284,
0284,
0270,
031e,
03d9,
0479,
055e,
0555,
05b9,
0604,
05cc,
0571,
0535,
05e7,
0390,
01d9,
01af,
01e4,
0361,
0288,
042e,
04c3,
057a,
0584,
0565,
052c,
057b,
05dd,
04ac,
01f1,
0229,
01f3,
0137,
018c,
0263,
033b,
03dc,
04e1,
04e7,
03db,
035b,
03eb,
0452,
021a,
01df,
01dd,
01e2,
0189,
01dd,
01ff,
0211,
01e3,
0136,
01b0,
01b4,
0260,
0204,
012e,
02df,
016f,
02a5,
00b8,
0171,
00d9,
0263,
01ad,
03b8,
0379,
02be,
03ab,
0344,
0228,
01c4,
0291,
02b9,
0255,
022a,
0150,
004d,
0186,
023f,
02e8,
028b,
023a,
02a6,
0174,
0309,
022b,
01fc,
0359,
038c,
02fd,
01a4,
023b,
01a7,
0183,
025a,
012e,
00b8,
02fb,
0267,
016e,
0076,
0204,
01d0,
029b,
02e5,
0260,
021b,
0164,
00c6,
0163,
005a,
02cf,
026b,
0000,
021c,
025a,
01b4,
0246,
0118,
0161,
01d1,
005a,
00f8,
0102,
013d,
02d6,
0219,
0178,
02d1,
02aa,
022f,
0191,
00da,
00c2,
0097,
003a,
0080,
00bd,
000d,
0315,
01dd,
01fd,
02aa,
0362,
02a6,
0202,
0186,
0116,
028e,
0177,
011c,
001a,
00cd,
018c,
0181,
0152,
0190,
01ed,
01f2,
022e,
01b9,
011f,
010f,
0000,
0091,
00da,
00cd,
0068,
01c4,
0203,
0164,
00be,
0247,
0265,
01d0,
0174,
00c0,
0000,
00ab,
0000,
0000,
0000,
014b,
0299,
0297,
0106,
0245,
035d,
01b0,
01d3,
0187,
021f,
01db,
0084,
0082,
0000,
0141,
02f9,
03f8,
0161,
00f4,
02aa,
0223,
0268,
038b,
02bd,
0220,
0135,
00b9,
00c0,
0269,
01fa,
0289,
014d,
0245,
02f3,
0182,
02a8,
01d6,
02e1,
0245,
01d2,
004c,
003e,
0074,
0000,
0000,
0000,
0171,
0043,
0133,
02bc,
014b,
0180,
01d2,
00cd,
0222,
0000,
0000,
0000,
0000,
007c,
00b6,
0000,
0094,
00a7,
0000,
0094,
0000,
0037,
0058,
044a,
01f2,
0370,
01dd,
03f3,
040c,
04c8,
0353,
03da,
016e,
0225,
0299,
011e,
0258,
0260,
032d,
019a,
014c,
027e,
0292,
03b5,
04a0,
0414,
031a,
020e,
01b9,
024c,
0252,
0442,
02b0,
022d,
0229,
023c,
0241,
0227,
0322,
0376,
033f,
03cc,
02fb,
0542,
053a,
0325,
02c0,
033f,
03eb,
03b0,
038f,
02c4,
0226,
02e7,
02a7,
0357,
055d,
04fe,
0522,
03da,
0320,
0655,
032e,
036c,
03d9,
0390,
037c,
040b,
037e,
04ff,
0452,
0511,
05ac,
0234,
0200,
0383,
02d0,
0393,
02f3,
037b,
04d6,
0520,
05c4,
0586,
04bb,
059a,
05c4,
018f,
02ae,
031a,
02ac,
01be,
029e,
02f0,
0344,
0591,
0384,
048b,
046a,
0635,
052d,
0314,
0260,
03e5,
03c4,
03ef,
03ac,
0362,
02bd,
03ff,
042a,
05d2,
0536,
04e6,
0581,
0564,
0361,
03bf,
0362,
048a,
02f4,
0350,
02e1,
03bb,
04a6,
05db,
0493,
05af,
0633,
0700,
0492,
0268,
032f,
04fb,
02fa,
025e,
03ac,
02e9,
0374,
0387,
03ba,
04a8,
056d,
07ab,
0543,
0295,
00f3,
03f0,
0524,
03c5,
03a7,
02a2,
0189,
02cd,
02f9,
0409,
0515,
05a0,
0486,
02d6,
019d,
034a,
028c,
0236,
03ab,
01b8,
034a,
0278,
02f9,
02ca,
04a3,
05b5,
04da,
0608,
060c,
0683,
036f,
041c,
02f2,
0282,
0441,
0390,
0381,
0529,
0451,
07b1,
0625,
06b7,
0577,
05e2,
05a2,
0650,
05d1,
054d,
06e8,
05aa,
06c9,
0618,
0685,
0000,
0000,
0000,
0000,
0000,
0000,
0000,
0000,
0000,
0000,
0000,
0000,
0000,
0000,
0000,
0000,
0000,
0000,
0000,
0000,
0000,
0000,
0000,
0000,
0000,
0000,
0000,
0000,
0000,
0000,
0002,
00b8,
0000,
0000,
0000,
0000,
0000,
0000,
0000,
0000,
0000,
0000,
0000,
0000,
003c,
0052,
0000,
0000,
0000,
0000,
0000,
0000,
0000,
0000,
0000,
0000,
0000,
0000,
0000,
0000,
01a2,
00e0,
0000,
0000,
0000,
0000,
0000,
0000,
0000,
0000,
0000,
0069,
0000,
0143,
021b,
0282,
0000,
0000,
0000,
0000,
0000,
0000,
0172,
0000,
0000,
0000,
00f3,
00a0,
01a1,
026c,
0407,
0000,
0000,
0052,
0000,
0000,
0102,
00e0,
0000,
008a,
01be,
00e6,
0019,
00ff,
03eb,
0420,
0000,
0000,
00bb,
00d4,
001b,
0121,
0000,
0000,
004f,
006b,
00d0,
01f3,
02b4,
03a2,
0168,
0000,
0000,
0000,
0000,
000e,
0137,
0000,
0000,
0000,
012c,
01aa,
01ef,
025f,
03fe,
0000,
0000,
0000,
0000,
0000,
00c6,
0000,
008b,
0000,
0000,
00ca,
019e,
01d5,
02fa,
02e2,
016e,
014d,
007f,
0000,
0000,
0000,
0000,
0000,
0000,
0000,
0000,
00e0,
024d,
02d2,
00e6,
0149,
0301,
0000,
0056,
0000,
0000,
0000,
0000,
0000,
0000,
0000,
0000,
0000,
0000,
0000,
0000,
0000,
0000,
0000,
0000,
0000,
0000,
0000,
0000,
0000,
0000,
0000,
0000,
0000,
0000,
0000,
0000,
0000,
0000,
0000,
0000,
0000,
0028,
0045,
0000,
0000,
0000,
0000,
0000,
0000,
0000,
0000,
016c,
00b6,
0000,
0000,
0000,
0000,
0000,
0000,
0000,
0000,
0000,
0000,
0000,
0000,
018d,
0229,
021e,
0000,
0000,
0000,
0000,
0000,
0000,
0000,
0000,
0000,
0000,
0048,
021c,
01a8,
02f5,
0083,
0000,
0000,
0000,
0000,
0000,
0000,
0000,
0000,
0000,
00ac,
00b7,
00cf,
0115,
00dd,
0000,
0000,
0000,
00b0,
0000,
0000,
0000,
0042,
0013,
0077,
0036,
00f9,
0145,
0211,
018b,
00f4,
0000,
0000,
0000,
0000,
0000,
0000,
0093,
0090,
0030,
0093,
013f,
0190,
01b6,
0173,
0000,
0000,
0000,
0000,
0000,
0000,
0000,
0023,
005a,
00f0,
0152,
0120,
0079,
0135,
008b,
0000,
0000,
0000,
0000,
0000,
0000,
0027,
00c3,
0099,
0000,
0000,
0054,
0113,
01f6,
0000,
0000,
0000,
0000,
0000,
0000,
0022,
013d,
00f5,
0000,
0000,
00e1,
00e0,
0130,
0172,
003b,
00bb,
0012,
0000,
0000,
0000,
00c4,
0149,
0074,
00b8,
016a,
00e4,
008e,
0185,
00f6,
018e,
0000,
0000,
0000,
0000,
00d4,
005a,
004f,
007f,
004d,
004b,
0087,
00a3,
0000,
0004,
0012,
0000,
0000,
0000,
0000,
0000,
0000,
0000,
0000,
0000,
0005,
0000,
0000,
0000,
0000,
0033,
0000,
0000,
0000,
0000,
0000,
0000,
0000,
0000,
0000,
0000,
0000,
0000,
0000,
0000,
0000,
0000,
0000,
0000,
0000,
0000,
0031,
0082,
009b,
00af,
0000,
0000,
0000,
0000,
0000,
0000,
0000,
0000,
0000,
0000,
0000,
00f1,
0056,
0000,
0000,
0000,
0000,
0000,
0000,
0000,
0000,
0000,
0000,
0000,
0082,
0000,
0000,
0000,
0000,
0000,
0000,
0000,
0000,
0000,
0000,
0000,
0000,
0000,
0000,
0000,
0000,
0000,
0000,
0000,
0000,
0000,
0000,
0000,
0000,
0000,
00f6,
0000,
0000,
0000,
0000,
0000,
0000,
0000,
0000,
0000,
0000,
0000,
0000,
0117,
011b,
0000,
0000,
0000,
0000,
0000,
0000,
0000,
0078,
00d4,
0000,
0000,
0000,
0172,
00e2,
0000,
0000,
0000,
0099,
0000,
0041,
0000,
002b,
00b5,
0000,
0000,
0139,
0151,
003f,
0077,
0198,
0000,
0000,
005d,
00fa,
0087,
0000,
009f,
00ed,
0000,
009b,
0000,
0093,
013e,
0150,
0057,
0000,
0000,
0024,
008d,
00b1,
0074,
00d0,
0000,
0000,
00ae,
01f9,
00ab,
0000,
0022,
0108,
0000,
0000,
0000,
0000,
0000,
01ce,
0000,
0103,
0092,
0000,
0000,
0000,
0000,
0000,
0000,
0015,
0000,
0000,
0000,
010c,
0000,
01c1,
013f,
006c,
00c5,
00d1,
0105,
002e,
0000,
00c8,
0000,
0000,
0000,
00d6,
008e,
0124,
0000,
0024,
0000,
004f,
01b4,
0000,
0000,
0000,
0000,
002f,
0000,
01af,
0070,
000a,
0000,
00b3,
0154,
0108,
02ab,
0133,
003e,
017f,
0020,
00ac,
01f9,
00e7,
0000,
0000,
0000,
0000,
0000,
0000,
0000,
0000,
0000,
0000,
0000,
0000,
0000,
0251,
0000,
0000,
0000,
0000,
0000,
0000,
0000,
0000,
0000,
0000,
0000,
0000,
0000,
0000,
0000,
0000,
00ef,
0000,
0000,
0000,
0000,
0000,
0000,
0000,
0000,
0000,
0000,
0000,
0000,
0000,
0000,
0000,
0000,
0000,
0000,
0000,
0000,
0000,
0000,
0116,
0000,
0000,
0000,
0000,
0000,
01ad,
0084,
0000,
0000,
0000,
0000,
0000,
0000,
004d,
00c0,
0000,
0079,
0000,
00e4,
010d,
0257,
0000,
0000,
00fb,
016e,
0168,
0000,
0000,
0000,
0000,
0000,
0150,
00c1,
0073,
00cd,
0419,
00c1,
0000,
0000,
0020,
0000,
008f,
0000,
0000,
0048,
0000,
0058,
0000,
0000,
0117,
0326,
0000,
0000,
00cf,
005f,
0000,
0000,
0000,
0000,
0000,
0000,
0000,
0000,
0181,
02af,
01ae,
0000,
0000,
0000,
0000,
0000,
0000,
0000,
0000,
0000,
0044,
00d4,
0217,
026d,
02f9,
0000,
0000,
0000,
0000,
0000,
0000,
0000,
0000,
0000,
0000,
00b7,
0022,
0063,
0220,
0090,
007a,
019a,
0209,
0000,
0000,
0000,
0000,
0000,
0000,
0000,
0000,
002c,
010d,
0000,
0000,
0031,
01ed,
0000,
0000,
0000,
0000,
0000,
0000,
0000,
0000,
0000,
0000,
0000,
0000,
0000,
0000,
0000,
0000,
0000,
0000,
0000,
0000,
0000,
0000,
0000,
0000,
0000,
0000,
0000,
0000,
0000,
0043,
005b,
0000,
0000,
008a,
0000,
0000,
0000,
0000,
00ef,
00b6,
004a,
003b,
0000,
0000,
0000,
0000,
0000,
0000,
0000,
0000,
0000,
0000,
0000,
0000,
0000,
0000,
0000,
0000,
0000,
00ab,
0049,
0000,
0000,
0041,
0000,
00b8,
0002,
0056,
0000,
0000,
0000,
0000,
0000,
0000,
0000,
0000,
0000,
0000,
003a,
0065,
0000,
0000,
00aa,
009d,
0000,
0000,
0000,
0000,
0016,
01eb,
0000,
0000,
0000,
0000,
0000,
0000,
005f,
00d9,
0099,
0000,
0175,
019c,
023b,
0239,
0188,
0000,
0000,
017b,
0109,
0149,
002f,
00e8,
0000,
0045,
023d,
02a5,
02e0,
0344,
0217,
0241,
0000,
0000,
011f,
016f,
0156,
0124,
010a,
007b,
02eb,
0359,
02d8,
01f7,
01a3,
02db,
0109,
0000,
0107,
0171,
010b,
0097,
00b2,
0000,
0070,
01af,
028b,
0198,
023d,
01ca,
01eb,
0000,
0000,
00cd,
016f,
00bb,
0070,
0000,
0000,
006b,
00c0,
010b,
0208,
01ba,
01cd,
016c,
0000,
0000,
00ed,
005a,
0000,
0085,
0000,
0000,
0004,
00b8,
01c2,
015f,
016c,
01eb,
01ab,
00a3,
02a7,
01b2,
0000,
0009,
0000,
0000,
00cd,
00c8,
0234,
01df,
0198,
01de,
01c6,
01de,
0241,
02b9,
0000,
0000,
0041,
0003,
0000,
0000,
0000,
0000,
012c,
0148,
00aa,
0000,
0002,
0000,
0000,
0000,
006f,
005d,
0000,
0093,
0064,
0000,
0000,
0010,
0000,
00f6,
0071,
007b,
0000,
0192,
03d2,
022e,
00da,
0278,
0253,
0249,
0168,
0107,
02ba,
0276,
0326,
0322,
03a7,
01a8,
031b,
01d6,
0033,
0411,
01d1,
0264,
0212,
0207,
0392,
0253,
03ab,
0258,
0343,
028c,
0000,
022f,
0280,
024c,
0000,
0319,
02da,
02d0,
034f,
0410,
02e8,
038c,
0444,
02b4,
0000,
01bb,
027f,
0118,
0000,
021b,
02a7,
01a3,
0304,
036f,
02d6,
043f,
0460,
011e,
007b,
04c1,
0228,
0307,
0232,
0000,
0355,
0213,
031b,
03ba,
0377,
03ab,
0402,
0000,
0210,
0344,
0315,
0384,
02c9,
00c6,
01f8,
047b,
0441,
0422,
03a8,
033b,
032a,
001b,
0266,
03ca,
03df,
0371,
0261,
02b5,
0294,
016e,
0425,
041c,
03d9,
0323,
0388,
0000,
03a5,
0381,
04d6,
0400,
030f,
0281,
0315,
0000,
025b,
0497,
03f3,
038b,
0334,
0173,
03b9,
034f,
03ec,
02c4,
02f6,
0319,
034a,
0128,
0014,
04c9,
041b,
04e0,
03b1,
01e0,
02c4,
00a1,
033c,
033a,
044e,
03c8,
0477,
02cd,
0208,
02bb,
028f,
055a,
03e4,
0338,
032a,
0000,
02d9,
00d0,
0455,
03c5,
03d5,
034f,
0348,
0302,
0186,
0207,
01ad,
024d,
0369,
0000,
0449,
01cf,
037d,
03c8,
03c6,
03d2,
0229,
02f6,
039a,
031b,
00c8,
02ec,
0459,
0465,
047a,
0382,
02c3,
0411,
029d,
04ba,
051f,
045f,
0529,
0402,
0457,
034d,
03d3,
04cb,
03c7,
039c,
03f5,
0412,
0477,
047c,
0481,
043b,
03f3,
0422,
0517,
0359,
0309,
039b,
01f0,
028a,
01df,
02e2,
041e,
0342,
02ee,
03c6,
032b,
025f,
01d6,
023c,
0477,
0494,
010f,
03df,
02dd,
0235,
023b,
0200,
01a6,
02d7,
0253,
0244,
02d0,
024a,
038d,
02ad,
0176,
03ba,
01b4,
02bd,
02e3,
034c,
01cd,
0287,
02cb,
0329,
03a3,
040c,
02f4,
0106,
0226,
02da,
0043,
0273,
03b3,
0342,
01b7,
0365,
03f5,
0316,
0460,
056e,
0268,
03b4,
03ef,
03ce,
016c,
01e7,
036c,
0310,
0395,
0404,
0307,
0398,
03b0,
03e6,
0323,
04c8,
0488,
048d,
02d4,
00b4,
0282,
03d2,
02c7,
0261,
02d3,
0341,
0308,
0484,
0445,
0482,
04e5,
04e4,
0457,
02a5,
0000,
0170,
027d,
02ee,
02ed,
02db,
040a,
0328,
03b5,
043f,
04d1,
05f0,
04f8,
03cb,
01e2,
00bd,
028e,
034d,
031a,
03c1,
0349,
0147,
0206,
0413,
0542,
050f,
041d,
03dc,
028d,
00e1,
013d,
029f,
02fa,
02ea,
02f1,
027c,
0130,
01fa,
0219,
02fd,
0420,
03be,
0370,
0286,
00c3,
020a,
042a,
032b,
032a,
038b,
02a1,
02fa,
026b,
03a7,
04f6,
03dc,
02ae,
0292,
0244,
034f,
0309,
01c5,
0141,
0260,
0336,
0361,
03e9,
0260,
0404,
034f,
0281,
025d,
03ea,
02e0,
0214,
0258,
003d,
02d4,
039f,
04e6,
03ea,
01c7,
0388,
02be,
0328,
0398,
04f8,
0362,
0314,
026c,
0194,
028a,
02de,
027b,
020a,
02cc,
02c4,
021e,
02bb,
031a,
03c8,
0316,
02c4,
0299,
01d8,
040a,
050f,
02d3,
04fc,
0689,
0588,
04b0,
04cb,
05b6,
0689,
058e,
0640,
056e,
058c,
0328,
0473,
0083,
027c,
0513,
051a,
04a1,
06d2,
0695,
060b,
054e,
04d9,
0510,
059f,
064e,
0366,
03b6,
0007,
002e,
039f,
048d,
0474,
053c,
0526,
0541,
0503,
04f1,
04f3,
0521,
03b1,
02df,
01bc,
0000,
0225,
05e7,
04fe,
04ec,
055b,
043d,
031e,
0301,
03a7,
02b6,
00e1,
020b,
0038,
0000,
0000,
04d4,
04e7,
0407,
0475,
0436,
03ce,
0328,
03e3,
021c,
0000,
0000,
0000,
0000,
0000,
0000,
0302,
03c9,
036c,
02c4,
03a6,
0248,
038e,
020c,
0000,
0000,
0000,
0000,
0000,
0000,
0000,
03a1,
0236,
033b,
036d,
02c8,
0316,
018c,
0000,
0000,
0000,
0000,
0000,
0000,
0000,
0176,
0386,
03a4,
02f2,
0317,
03a7,
0241,
0100,
0000,
0000,
0000,
0000,
0000,
0000,
0000,
02be,
036a,
039e,
0391,
031a,
04cf,
0356,
0000,
0000,
0000,
0000,
0000,
0000,
0000,
0000,
01be,
0000,
0103,
02e9,
04a5,
0493,
0000,
0045,
0009,
0000,
0000,
0000,
0000,
0000,
0000,
0000,
0000,
01c4,
0648,
047c,
006a,
015e,
01c0,
0000,
0047,
0000,
0000,
0000,
0000,
0000,
0000,
00f7,
040d,
0424,
0317,
057a,
0405,
0136,
0137,
00a4,
0000,
00d7,
0228,
02e2,
0205,
0166,
0446,
0490,
0570,
04cc,
0386,
031d,
0345,
02a1,
0573,
0504,
043d,
03cf,
040c,
03e4,
005a,
0000,
0093,
0000,
0000,
0000,
01ab,
020b,
00ff,
0000,
0039,
0000,
0000,
0000,
0039,
0000,
0000,
017f,
0000,
0000,
005d,
0094,
0000,
0062,
00db,
0000,
0050,
0192,
0007,
0000,
0000,
00bc,
0000,
0019,
0000,
0000,
0000,
0000,
0093,
0116,
00a8,
0106,
0000,
0000,
0000,
0000,
004a,
0038,
0000,
0000,
0000,
0000,
00a4,
0253,
019f,
029e,
0000,
01de,
005b,
0000,
0030,
0105,
006d,
0000,
0000,
00b7,
014b,
00d8,
0164,
0109,
0000,
0000,
0000,
0000,
0021,
00c4,
0188,
01a5,
00ce,
00cc,
0131,
00ab,
0104,
013a,
0000,
0000,
0000,
0000,
0000,
010e,
0130,
017a,
0055,
0000,
0000,
0000,
0000,
003d,
0000,
0000,
0000,
0000,
0003,
0000,
0084,
00c1,
008b,
0022,
0000,
0000,
005a,
0000,
00dd,
0000,
0000,
0000,
0000,
0000,
0000,
0095,
012a,
0052,
0000,
0000,
001e,
0000,
0054,
01c6,
0035,
0000,
0000,
0000,
0030,
0001,
0115,
00c7,
0000,
0000,
0000,
0000,
0000,
0000,
0000,
003e,
0000,
0000,
013a,
00ca,
002d,
00c3,
005b,
00a7,
0000,
0000,
0000,
0073,
001a,
0000,
0000,
0000,
0000,
0000,
0000,
0000,
0000,
0000,
0000,
0000,
0000,
0000,
00e2,
0000,
0000,
0000,
0000,
0000,
0000,
0000,
0000,
0055,
0000,
0000,
005f,
00a6,
01e5,
0000,
0127,
0000,
003f,
0000,
0032,
01ae,
000e,
0000,
0000,
003c,
022a,
0279,
01e1,
0000,
028e,
0307,
019e,
028a,
0399,
0452,
022c,
00c6,
0000,
0148,
052f,
0273,
0000,
0000,
0000,
01a6,
017f,
01c3,
0341,
018f,
0187,
0000,
007c,
0504,
0328,
0000,
0000,
006e,
0000,
00e8,
02bb,
0214,
0357,
01f5,
00fd,
00b3,
026c,
01ee,
022f,
0000,
0000,
0000,
0000,
0000,
0216,
011a,
01a0,
0206,
02ff,
0308,
02cb,
00e5,
00cf,
0000,
0000,
0000,
01e1,
0000,
0004,
0190,
0003,
00f6,
0091,
0215,
02b6,
0359,
0000,
02ff,
013a,
026a,
0271,
01bd,
0000,
00b0,
02e6,
01ad,
02b5,
0141,
01e7,
0373,
0000,
0000,
011e,
021e,
0209,
01c8,
0438,
0000,
0003,
0000,
0235,
0159,
023b,
0336,
0000,
01b4,
0000,
012d,
0000,
008f,
033a,
029c,
00b6,
01ef,
0256,
023b,
013c,
02f6,
0138,
0217,
017b,
005d,
0000,
0151,
02d1,
035e,
02b0,
0026,
01c1,
017e,
0238,
019d,
01cb,
0167,
013e,
006d,
033b,
02cc,
01d0,
020e,
03c6,
0000,
0000,
0000,
0000,
023a,
0202,
028f,
0000,
0000,
005e,
0000,
0000,
0096,
0295,
0152,
0033,
0220,
0290,
0157,
01f5,
00a9,
010c,
0046,
004a,
0092,
0000,
017e,
02df,
0135,
0146,
015e,
0340,
00b1,
01ae,
0084,
0000,
022a,
027c,
0000,
0000,
0000,
0000,
0000,
01c1,
00e9,
02bb,
00b8,
01ef,
00d5,
0000,
00ef,
0113,
013b,
00d1,
0332,
01c4,
0000,
021f,
0101,
024f,
01fe,
0030,
017d,
00ad,
01f0,
0245,
0120,
0309,
00e7,
01de,
0231,
02c8,
030f,
021b,
0396,
0003,
00cc,
0000,
0000,
00f9,
011a,
0123,
0101,
0114,
0244,
0216,
017a,
0249,
03a7,
02ea,
001d,
0000,
0000,
0000,
004d,
0195,
02fd,
00f7,
01ab,
0261,
02c2,
020a,
02b1,
01b5,
00c4,
0000,
0000,
0000,
0000,
02f9,
0192,
01ff,
01d7,
0208,
0190,
00fc,
029c,
0000,
0000,
00a3,
0000,
0000,
0000,
0240,
015d,
017c,
023c,
011c,
019d,
0195,
00e0,
0000,
0000,
0000,
0000,
0000,
0000,
0000,
020b,
01ac,
023d,
0143,
01e9,
0166,
0283,
0000,
0000,
0000,
0000,
0000,
0000,
0000,
0000,
01b2,
01f7,
0242,
01b8,
01bd,
0236,
0000,
0000,
0000,
0000,
0000,
0000,
0000,
0000,
004b,
0231,
0227,
00e9,
0204,
0263,
0015,
0000,
0000,
0000,
0000,
0000,
0000,
0000,
0000,
01ef,
02c8,
0195,
01f0,
01fd,
02d8,
01dd,
0000,
0000,
0000,
0000,
0000,
0000,
0000,
0000,
00ec,
0000,
0083,
00ef,
0254,
024e,
0000,
0000,
0000,
0000,
0000,
0000,
0000,
0000,
0000,
0000,
0000,
0000,
02df,
0179,
0000,
0000,
0000,
0000,
0000,
0000,
0000,
0000,
0000,
0000,
0000,
0000,
01fa,
00e2,
00e2,
027d,
021c,
0000,
003e,
0000,
0000,
0000,
0010,
0191,
0000,
0000,
01be,
0293,
02e7,
035a,
0300,
00cf,
0207,
0008,
0115,
018d,
0162,
026f,
01be,
0250,
0164,
01b9,
0000,
00d2,
013b,
00d7,
01d6,
01ea,
015f,
02fb,
016e,
00d6,
003b,
0082,
027f,
00e6,
017b,
010e,
0000,
0105,
0249,
0189,
01f6,
017e,
019d,
010d,
005e,
0222,
01fe,
0126,
015a,
02ff,
00bf,
02d8,
02f1,
01ef,
01d3,
01d0,
01f5,
00ea,
009e,
00ba,
01de,
00ad,
00e4,
025d,
035a,
01df,
0224,
0211,
01c0,
01bd,
01e1,
01a5,
013b,
0000,
00a4,
0000,
0000,
0340,
04c4,
03c6,
0137,
014c,
010f,
00dc,
00be,
01f1,
0118,
00b3,
01fd,
03e0,
02ab,
043b,
0449,
04c3,
018f,
014e,
01bc,
01bb,
01da,
0231,
038e,
0368,
0150,
01f0,
031a,
040d,
03bf,
03d4,
041a,
01c4,
0236,
02b2,
0318,
02ec,
035b,
032f,
0285,
03eb,
0332,
0331,
01db,
0364,
04ee,
04b2,
0245,
0341,
032a,
034c,
02a0,
037b,
028d,
0200,
0382,
02f1,
033f,
042e,
0491,
0496,
0406,
0292,
0285,
0282,
0320,
02cf,
03c2,
02c5,
0370,
02fa,
0483,
03ed,
0376,
03db,
052a,
01cf,
01a4,
010c,
0034,
0128,
0383,
040b,
0522,
03bb,
0314,
011c,
00f3,
0207,
036b,
0399,
029e,
035f,
0301,
0165,
030f,
025e,
039b,
037e,
0300,
03ae,
033d,
03cd,
0403,
03bc,
03ed,
03a8,
03bc,
0290,
02a1,
01c7,
0120,
0231,
02a9,
002c,
01b7,
0384,
014f,
0023,
00a5,
00be,
0117,
008c,
0196,
019a,
0116,
0204,
0287,
022c,
01ee,
01c8,
00de,
00b5,
0279,
022d,
0192,
0286,
026f,
0229,
0214,
01b5,
006c,
0000,
012b,
0351,
013f,
02b4,
0184,
00e7,
005d,
006f,
023f,
005d,
00e2,
018f,
0000,
0000,
00b1,
0006,
0015,
0092,
008b,
0000,
0000,
01be,
009d,
0000,
0000,
0118,
0025,
015d,
021b,
00dc,
0014,
006d,
0099,
0000,
0000,
0000,
01a4,
0000,
0000,
0000,
015a,
0153,
008e,
0120,
0000,
0000,
00ea,
0010,
0012,
0000,
008c,
0000,
0000,
0127,
0475,
0395,
0000,
0000,
0000,
0000,
0000,
0000,
000f,
0006,
0000,
0143,
015f,
02fd,
03ae,
03d9,
0119,
0007,
00ac,
0078,
004d,
002a,
0287,
032b,
0000,
0085,
028f,
03ab,
0385,
02da,
02f9,
02e5,
0253,
022d,
0217,
02a3,
027f,
02e5,
0251,
03ca,
0344,
02c3,
0200,
0258,
049b,
042c,
0250,
020c,
02b0,
028b,
019f,
0313,
027f,
01fb,
02f3,
02a0,
0346,
0410,
0455,
0420,
042c,
01fc,
016e,
020c,
025c,
01f3,
02bd,
01b7,
036c,
0286,
045e,
0452,
039a,
03da,
044b,
015d,
018e,
0004,
0000,
0052,
033d,
02b5,
051e,
0313,
0274,
0060,
0000,
0114,
0264,
02c4,
0216,
0228,
00fc,
0000,
0286,
0187,
0335,
036d,
02da,
036f,
0287,
0341,
0361,
025b,
02e9,
0368,
02a4,
0000,
023c,
0073,
0000,
0000,
0091,
0000,
0117,
02a4,
0095,
0000,
0000,
0016,
0000,
0000,
01a4,
00a1,
0009,
0097,
015b,
00ce,
0037,
00ac,
0000,
0000,
01a8,
00d4,
00d5,
0164,
00ef,
0258,
008e,
02e1,
01e4,
02a8,
0225,
0375,
010d,
021a,
0279,
028c,
032e,
02ad,
01c1,
027a,
03f6,
0320,
01f0,
027d,
0284,
0223,
01f2,
02d8,
030e,
0355,
02c2,
01c4,
01a9,
03f0,
0311,
028b,
047e,
0312,
024a,
02df,
0278,
025e,
0215,
0302,
01c5,
0206,
0150,
03cc,
03d3,
02d2,
03ce,
035d,
0224,
036a,
02b1,
02e1,
030b,
0225,
0245,
03cb,
03be,
04a4,
02fe,
0459,
0317,
02e8,
0364,
028f,
0301,
02b0,
0249,
02c9,
027a,
0206,
0580,
04d0,
04b7,
03ab,
0345,
0305,
036f,
0325,
01b1,
0161,
0196,
023d,
022d,
0178,
05bc,
0556,
03ef,
03a6,
0418,
0425,
01be,
01d3,
0224,
0289,
0214,
022c,
0123,
01c9,
0621,
046c,
0479,
03b5,
0476,
0475,
0333,
00e7,
0243,
019c,
007b,
0187,
01db,
0103,
043d,
05e9,
05b3,
0479,
046a,
0437,
039b,
0218,
014c,
02af,
0145,
01eb,
00b2,
014b,
00ba,
0408,
0630,
05ab,
0375,
044c,
03dd,
02bf,
011a,
02e0,
04ab,
0465,
0377,
0204,
0000,
00f5,
04db,
06c2,
056e,
0443,
04ca,
0437,
033e,
0375,
042c,
0373,
03cc,
0455,
00f2,
01fd,
03b6,
05e8,
0607,
05ec,
0556,
045a,
0437,
0445,
0525,
042f,
030e,
04c0,
0096,
015c,
028c,
0213,
01da,
0545,
0559,
0528,
047e,
045a,
0538,
0529,
0432,
03f0,
0083,
0189,
012f,
019b,
00e2,
011d,
027e,
0323,
02c5,
0218,
01c6,
0140,
0191,
01b0,
0024,
0066,
0219,
00f0,
023c,
02d5,
025b,
0118,
011a,
040a,
01ad,
01d4,
0321,
0000,
0011,
0000,
0076,
005b,
042b,
010f,
0235,
0260,
0180,
00d0,
0114,
0260,
00ba,
0000,
013b,
0000,
0000,
0000,
0000,
0000,
021c,
0000,
01f8,
0202,
0000,
00d2,
0173,
030f,
020f,
0000,
0000,
0000,
0000,
0000,
0000,
0000,
00fc,
0000,
0000,
0000,
0000,
0134,
0000,
00d8,
0000,
000f,
01ba,
0000,
0000,
02b9,
01f3,
01e7,
0207,
01b2,
004d,
024f,
0000,
0000,
0000,
02e1,
03dd,
0000,
0000,
00ec,
00fe,
01e0,
0000,
00ae,
0000,
0186,
0000,
0000,
00ed,
0433,
0215,
0052,
0000,
0000,
009b,
00e4,
018d,
0000,
004a,
02f4,
0000,
009a,
0125,
03e5,
01bc,
0216,
01ae,
0000,
0000,
021f,
0283,
0182,
0152,
01df,
0254,
017b,
019c,
020d,
02ad,
0243,
02ce,
018b,
0000,
0000,
00d4,
018a,
01ff,
028a,
00c7,
0000,
006a,
055a,
042d,
0206,
009f,
0112,
0000,
007d,
0000,
0061,
0000,
0014,
01ed,
00f3,
01bb,
05dc,
013e,
018b,
0215,
00bd,
0049,
0115,
0010,
0000,
0000,
0000,
03f1,
01c4,
0581,
026e,
018b,
01bb,
02ed,
02b4,
01d8,
0122,
0228,
008b,
0000,
0000,
021c,
035a,
0373,
0000,
0128,
030c,
04c3,
0655,
0253,
0000,
0017,
0115,
0000,
0000,
029d,
004f,
0000,
0000,
01a5,
03ba,
0140,
0431,
00e4,
0000,
0000,
0000,
0000,
0286,
02b1,
0320,
0038,
038d,
028b,
01c8,
0300,
01b4,
0413,
02c1,
0297,
039c,
0421,
03d1,
029d,
0263,
0000,
0110,
032d,
04e4,
03c0,
0263,
04d6,
02e9,
0422,
04a6,
03b4,
0343,
03e9,
0197,
001f,
0000,
0000,
040e,
04b3,
02f5,
039a,
0377,
034f,
034a,
01b0,
027e,
0426,
00f5,
0000,
0000,
0000,
010a,
04d0,
036a,
0306,
043e,
0262,
0147,
00f0,
0195,
00df,
0000,
0000,
0000,
0000,
0000,
032a,
02cf,
035b,
024e,
01a8,
028f,
01c0,
01f4,
01a3,
0000,
0000,
0000,
0000,
0000,
0063,
0301,
0290,
0285,
0239,
03d2,
0464,
03f0,
02de,
0000,
0022,
0000,
0000,
0027,
0000,
00b3,
0432,
04fe,
0409,
0363,
035d,
0446,
004f,
0000,
0000,
0000,
0000,
00b3,
007d,
0036,
016e,
0472,
0308,
0365,
03a5,
03ed,
00fe,
0000,
0000,
0000,
0000,
0074,
002c,
006c,
0000,
0401,
03b3,
02b6,
02f6,
0478,
0420,
0228,
003b,
0000,
0000,
0000,
001d,
0000,
0000,
0172,
0245,
00e5,
01a4,
02f1,
03af,
0437,
0046,
0106,
0000,
0000,
0079,
00d7,
004b,
0132,
0000,
0000,
0000,
0243,
0422,
0406,
00f5,
0018,
0000,
0000,
0000,
0000,
0053,
00b5,
0000,
0000,
0000,
0000,
04dc,
03bd,
021d,
02f2,
036f,
00f2,
0088,
0000,
0000,
0000,
0000,
0000,
007d,
0033,
03d2,
03de,
0495,
04da,
04aa,
0377,
03c3,
01f8,
0268,
0318,
0302,
0432,
03ba,
0390,
0000,
0000,
0000,
0000,
0000,
0088,
0000,
0000,
0000,
0000,
0000,
0000,
0000,
0000,
0000,
006b,
0000,
0000,
0109,
0000,
0000,
0000,
0000,
0000,
0000,
0000,
0000,
0000,
0000,
0000,
0000,
003f,
0000,
0000,
0000,
0000,
0000,
0000,
0000,
0000,
0023,
0000,
0000,
0000,
0000,
0000,
0000,
0000,
0000,
0000,
0000,
0000,
0000,
0000,
001d,
0000,
0000,
0000,
0000,
0000,
0000,
0059,
0000,
0000,
0000,
0000,
0000,
0000,
0000,
004e,
0000,
0063,
0000,
0000,
0000,
0000,
0000,
0001,
0000,
0000,
0000,
0000,
0000,
0000,
0000,
0000,
0000,
0000,
0000,
0000,
0000,
0000,
0000,
0000,
0000,
0000,
0000,
0000,
0000,
00a2,
0000,
0000,
0000,
0000,
0000,
0076,
0000,
0000,
0000,
0000,
0000,
0000,
0000,
0138,
0000,
0000,
0000,
0000,
0000,
00a8,
0073,
0000,
0000,
0000,
0000,
0000,
0000,
0000,
0000,
0000,
0000,
0000,
0000,
0000,
001c,
0000,
0000,
0000,
0000,
0004,
0000,
0183,
0000,
0000,
0000,
0000,
0000,
0000,
00a6,
0000,
0000,
0000,
001b,
00b2,
0000,
0165,
0000,
0005,
0000,
0000,
0000,
0000,
0083,
0000,
0000,
0069,
0097,
00c6,
0000,
0000,
0000,
0000,
0000,
0000,
0098,
0000,
0099,
00b6,
010e,
0044,
0060,
011d,
0000,
0000,
0000,
0000,
0000,
0000,
0000,
004a,
0000,
0000,
0000,
0000,
0000,
0000,
011c,
0000,
01cf,
0121,
0000,
0000,
0000,
00b3,
0000,
0000,
0085,
0080,
0078,
0117,
0000,
0000,
00cc,
018a,
011a,
0047,
0179,
0000,
0000,
0139,
0000,
00a8,
0000,
0000,
0000,
0000,
0000,
0000,
0270,
0033,
0000,
0000,
0000,
0000,
0120,
0000,
01b0,
0150,
011c,
01d9,
0000,
0000,
0000,
01ab,
0000,
0000,
0000,
0000,
0000,
005f,
00de,
01ce,
0155,
012e,
0192,
0000,
00a1,
0162,
0057,
001d,
0000,
0000,
0154,
0000,
0096,
0206,
0022,
0000,
0028,
0000,
0000,
0000,
0000,
0000,
009f,
0282,
011e,
000f,
00d7,
00f2,
01dd,
005d,
00b0,
001f,
0000,
0000,
0000,
01ba,
0228,
00c7,
0015,
00e3,
00f5,
0126,
0124,
004f,
0093,
00cf,
01b2,
0009,
0000,
0000,
0138,
0000,
00d4,
00ba,
00c3,
0233,
022b,
0161,
0115,
0029,
017a,
0000,
001e,
0000,
00eb,
00f3,
00c8,
0000,
00bc,
01ee,
00da,
00fd,
0000,
0107,
00c3,
0070,
003f,
0000,
0000,
012b,
0223,
00bd,
01c0,
010e,
0296,
018d,
016f,
0000,
0213,
0329,
00e0,
0000,
0000,
0000,
0029,
0000,
0000,
0014,
0089,
0179,
00a6,
0000,
01ac,
0000,
0000,
004c,
0000,
0000,
001f,
0023,
0000,
0000,
0112,
0002,
0170,
0035,
007d,
0060,
0054,
0000,
0000,
0008,
0000,
0023,
0000,
0000,
0263,
014b,
0124,
0000,
0199,
0142,
00ac,
00db,
0000,
01d7,
0120,
0099,
0166,
01f4,
00cb,
01ce,
0326,
01e9,
00d8,
0152,
00a3,
01c8,
013c,
01b3,
0114,
0067,
00e9,
01e6,
0096,
02b6,
0630,
03bc,
01bd,
0000,
0000,
00f5,
00e2,
00a7,
00f4,
0000,
0000,
010f,
004a,
03ad,
0460,
056a,
0594,
015e,
0157,
0148,
00b9,
003f,
00b9,
0133,
0160,
0159,
0128,
02be,
047f,
0474,
057c,
0381,
01a6,
01e8,
01e1,
014f,
0158,
014d,
018a,
02c5,
04a7,
03eb,
03e2,
0541,
0570,
04c3,
02e9,
0225,
0265,
0209,
015b,
0128,
0170,
0160,
02ee,
039c,
04ff,
05fd,
0529,
04f5,
0537,
033a,
014f,
00e6,
0117,
009d,
000c,
007f,
019d,
0389,
0418,
0548,
0515,
0445,
04b4,
0494,
0160,
0095,
00ea,
00e5,
00e0,
0074,
0418,
049b,
054a,
05b8,
055e,
0519,
0453,
03f1,
02d1,
007b,
00a6,
00f1,
009a,
004f,
02f0,
04c4,
04c0,
04bb,
047e,
0501,
049c,
03c9,
0491,
0168,
0101,
014c,
0139,
0037,
000d,
029d,
04d0,
0616,
053a,
0410,
039d,
046a,
0415,
0493,
0403,
0543,
0498,
01dd,
001f,
0009,
03d5,
04cf,
0460,
046d,
03de,
0359,
03b3,
03d6,
04e7,
04bf,
0459,
0257,
0000,
00ac,
03c0,
0553,
055b,
0625,
058e,
04df,
03d8,
04b2,
04d5,
0526,
03f6,
0320,
0000,
018c,
037b,
01cb,
020d,
03e8,
0461,
0614,
053b,
04a0,
0413,
0433,
047c,
04ff,
0047,
013a,
0000,
007d,
0001,
01b3,
028f,
03d5,
02e6,
016e,
01ef,
0184,
010b,
01be,
0322,
032e,
03a4,
056f,
0413,
03cb,
0487,
042b,
0471,
0328,
03e7,
047b,
04e6,
04ff,
0198,
0388,
0558,
0599,
047a,
04cc,
046e,
0473,
04e9,
04a5,
040e,
043f,
0327,
02f7,
03dd,
064f,
04e8,
0223,
074f,
057d,
035f,
0448,
0456,
0418,
03e9,
0431,
03f3,
0563,
0415,
0746,
0502,
044e,
049c,
04ee,
049f,
0472,
04f0,
0440,
0372,
03a2,
0335,
0531,
05c9,
061e,
05b9,
0387,
01dd,
0201,
059f,
04ac,
04bc,
0417,
044f,
038e,
03a7,
0429,
0539,
021b,
0340,
02a6,
01fa,
00c0,
03f8,
04b7,
03f0,
03a2,
038a,
0397,
03c7,
03c8,
04c3,
02ed,
0275,
0205,
0229,
0205,
0002,
021f,
047c,
03f1,
037a,
039f,
033d,
0459,
0452,
011e,
027b,
023b,
0396,
0336,
0132,
0000,
03be,
0391,
02f3,
037a,
040c,
040b,
0510,
0313,
0307,
0279,
038f,
021b,
01b3,
0000,
0196,
04eb,
042c,
0399,
0369,
04c5,
0461,
046a,
0387,
03df,
01d5,
01b6,
018a,
00b6,
0000,
035b,
065a,
0569,
050d,
04d3,
0390,
0320,
048f,
0458,
037d,
02c5,
029f,
01f8,
0077,
011f,
0316,
0176,
019c,
04e2,
048b,
0508,
0415,
0315,
0428,
030b,
027f,
01b2,
00fd,
0246,
02dd,
0146,
0000,
0381,
0474,
04b4,
059b,
0521,
0526,
055f,
04fc,
031b,
02a2,
02ff,
03b6,
0409,
033f,
038c,
0580,
0583,
05bb,
05f1,
05d6,
057b,
061d,
05c7,
061b,
0683,
05f5,
05d7,
0579,
063c,
00c9,
0000,
0000,
0000,
001c,
009b,
0000,
0000,
0000,
0000,
0000,
0000,
0000,
0000,
005e,
0000,
0000,
0000,
00ce,
0000,
00ba,
0000,
004a,
0000,
0000,
0000,
0000,
0000,
0000,
0000,
0000,
0000,
0208,
0062,
0000,
0000,
0000,
0000,
0000,
0000,
0102,
001b,
0000,
0115,
01af,
0000,
0000,
002b,
0000,
0000,
0000,
0000,
0000,
0000,
00a4,
00ae,
0000,
0000,
001e,
0000,
0000,
0000,
0000,
0000,
0000,
0000,
0029,
0000,
004b,
024d,
002d,
0000,
009c,
0075,
0000,
0000,
0000,
0000,
0000,
0149,
00c2,
0000,
0222,
0000,
0000,
00a0,
0000,
0000,
0000,
0000,
0000,
0000,
0019,
0000,
0000,
0000,
0000,
0000,
0000,
004e,
0000,
0000,
0000,
0000,
0000,
0000,
0000,
0000,
0000,
0000,
0000,
0000,
0000,
000e,
00b0,
0000,
0000,
0000,
0000,
0000,
0000,
0000,
00ce,
0000,
0000,
00f7,
0018,
0000,
0000,
0000,
0000,
0000,
0000,
0000,
0000,
0074,
0000,
0000,
0117,
0107,
0000,
01bb,
01d5,
00cc,
0133,
02b2,
01d0,
0000,
0000,
0000,
0000,
0000,
007a,
0290,
0000,
0186,
0065,
008d,
0000,
0000,
0000,
0075,
0054,
0189,
00ef,
012b,
0000,
01a4,
0000,
0000,
0000,
005a,
0000,
0000,
0000,
0000,
00b1,
0000,
0000,
0000,
0000,
0000,
0108,
00c4,
0000,
0000,
0000,
0000,
0000,
00a1,
0000,
006e,
00fc,
0216,
014a,
01e6,
0000,
0000,
01c9,
00b6,
02b8,
00bf,
034b,
0000,
001d,
0027,
0119,
0112,
0000,
0097,
0000,
0000,
0000,
0000,
00b5,
00c1,
005e,
010d,
002c,
0145,
00a9,
0025,
00a6,
000a,
01a9,
0060,
0137,
0000,
0000,
0000,
0000,
006f,
0000,
011a,
01d2,
025a,
019d,
020b,
0000,
00f0,
0102,
0265,
0063,
0130,
0000,
0000,
00b5,
0065,
0000,
02b5,
004c,
0182,
0014,
004c,
032d,
000b,
0000,
00dd,
01f9,
01d9,
022b,
0173,
001c,
0137,
00db,
0000,
0000,
0000,
004f,
0000,
0000,
0000,
002c,
0214,
00f6,
0245,
0103,
0193,
01c5,
0255,
0019,
0000,
0000,
0000,
0000,
0000,
0000,
0008,
0134,
003e,
0138,
00c5,
022b,
0146,
007b,
0000,
00a8,
00e7,
009c,
0048,
0000,
0000,
00d1,
016d,
0229,
00b2,
0297,
01d5,
0296,
0000,
0024,
00a4,
0120,
0000,
0000,
0000,
0000,
01d1,
01f5,
016e,
02c8,
01ba,
02cb,
00e5,
0000,
0016,
003f,
0000,
0000,
002d,
0000,
0117,
0235,
01c7,
018e,
0000,
0432,
023a,
0000,
0000,
0033,
011a,
0000,
0062,
0000,
0000,
0000,
0000,
0000,
0000,
024c,
014d,
0000,
0000,
014f,
0000,
0000,
005d,
0000,
00bc,
0020,
007c,
0000,
0054,
01dd,
0212,
03ba,
04cc,
0491,
00fa,
013c,
00d9,
0000,
0086,
00ca,
01ea,
0017,
002b,
028f,
02fb,
03ee,
0344,
03a1,
023c,
02db,
00d7,
0245,
03cb,
01a5,
0362,
00ed,
0123,
0187,
006a,
0000,
008c,
0000,
0000,
0000,
02e3,
0023,
00e7,
0000,
0000,
0000,
0000,
0156,
0000,
0186,
004c,
0000,
0000,
00b6,
005d,
0000,
0000,
0000,
0000,
0000,
0000,
0000,
004d,
0000,
00f0,
0362,
0292,
004d,
0000,
0000,
0000,
0000,
0000,
0000,
0000,
0000,
00ca,
0000,
0000,
01c3,
015a,
0000,
008a,
0000,
0000,
0000,
0000,
0000,
0000,
00dc,
0000,
0000,
0040,
01f7,
025e,
007c,
0000,
0000,
0000,
0000,
0000,
0000,
0000,
0034,
00bd,
00b9,
0132,
011a,
01e4,
0000,
0000,
0000,
0000,
0000,
0000,
0149,
0000,
016d,
002a,
00a1,
0149,
0180,
0166,
00d7,
0006,
004c,
0000,
0000,
0000,
0000,
0000,
031b,
00a2,
015c,
0032,
0043,
0111,
0249,
0119,
00e3,
0000,
0000,
0000,
0000,
0002,
00af,
0000,
01d1,
0036,
0179,
0167,
0199,
00d2,
025a,
0054,
0000,
0000,
0000,
0000,
0122,
006f,
025a,
0132,
01a5,
01a6,
0127,
006a,
01ca,
0072,
01c8,
0000,
0000,
0000,
0014,
007e,
060b,
02f8,
023c,
0047,
004e,
0000,
0007,
009c,
0176,
0128,
007c,
0000,
0005,
0000,
02c5,
0234,
0214,
02b1,
0046,
0124,
01a8,
01e6,
01b5,
00ea,
0014,
0031,
0000,
0000,
0000,
0000,
0000,
0000,
0000,
0172,
0000,
0000,
0000,
0000,
0000,
0000,
0000,
0000,
0000,
0000,
0000,
0000,
0000,
0000,
0000,
0000,
0041,
0000,
0000,
0000,
0136,
002b,
0197,
0222,
0373,
03ef,
06d4,
02cb,
022f,
042b,
03e6,
04f0,
038f,
0196,
01f3,
01d0,
00d0,
01aa,
032f,
042a,
0563,
0611,
0401,
043d,
0409,
037f,
0389,
02e6,
04e8,
0030,
0000,
00ea,
0177,
03c8,
0402,
04e0,
0593,
0523,
0653,
050b,
05ca,
0583,
03b7,
01bf,
0000,
0000,
0044,
0171,
03ba,
0457,
031e,
03b7,
051e,
050f,
0329,
03b3,
027b,
024d,
0147,
002c,
0093,
0065,
0276,
032a,
03b5,
034f,
04fc,
0608,
066d,
0808,
01dd,
0087,
00d2,
0043,
00a6,
006d,
003f,
05ae,
064f,
0644,
0602,
0607,
06a9,
06e8,
0402,
0000,
00a8,
001b,
0082,
00a4,
003a,
030c,
05c8,
0478,
05a6,
0552,
05c5,
06ef,
041a,
01ad,
01d4,
012f,
0101,
0000,
00a2,
0086,
051d,
0665,
05b5,
052a,
0554,
0711,
06b7,
03dd,
01f4,
0154,
0034,
0035,
006f,
009d,
0277,
06b6,
0647,
067e,
0645,
0653,
06af,
0735,
02b6,
015f,
0098,
00d1,
0065,
0022,
0106,
0325,
05b5,
037e,
03b4,
0624,
06f3,
0702,
0380,
012f,
021d,
0168,
0000,
0000,
0062,
003f,
0104,
0105,
003b,
0442,
04d1,
04d2,
03bf,
02b5,
0346,
01a1,
00b6,
00b9,
00de,
0039,
0066,
0126,
00fc,
0159,
05c5,
04f7,
05a5,
0637,
05db,
033e,
03a1,
01cf,
0090,
021e,
031f,
04f7,
03b9,
0441,
084b,
07eb,
07aa,
0716,
0762,
0711,
074b,
06fb,
077c,
0821,
08aa,
0783,
081f,
08e6,
0137,
029b,
0000,
014a,
0058,
0087,
0072,
013a,
00cd,
0340,
032d,
0244,
0372,
0264,
02ae,
0195,
018a,
0180,
011c,
021a,
0190,
0000,
0116,
02e9,
0321,
0328,
02a3,
01ef,
01fe,
021c,
0147,
0186,
00f5,
025a,
0303,
0248,
0239,
01f6,
0284,
0271,
01dc,
01d7,
0228,
0055,
013b,
0092,
0203,
022e,
0311,
0329,
021c,
01dd,
0210,
00ef,
01a2,
0120,
021f,
019c,
0047,
0318,
03ca,
0329,
0275,
0161,
0173,
01de,
01b1,
020f,
014b,
00ee,
03b4,
02b8,
02c7,
0421,
03c1,
03bd,
01cd,
0165,
014f,
01b1,
01a7,
020d,
017a,
0097,
0441,
026d,
02e7,
0359,
03d7,
03d0,
02dc,
00fd,
0140,
02d5,
021e,
023f,
01a6,
0159,
022e,
01f8,
02c1,
02cd,
02c4,
0310,
02ba,
0240,
014c,
0195,
00f3,
0164,
01cc,
01ca,
010d,
02e4,
033d,
0261,
01c3,
02de,
0387,
0319,
0201,
014c,
00e8,
0134,
00f8,
00dd,
0000,
0224,
0334,
0394,
01e5,
030c,
03b5,
02dc,
0292,
024c,
0349,
027c,
0213,
0199,
006a,
01cb,
02a8,
04c5,
02f1,
019e,
033d,
026d,
033c,
032c,
0314,
0259,
028d,
0273,
005b,
01a1,
005e,
03d9,
02dc,
0304,
0362,
0272,
036e,
023a,
031d,
0285,
0274,
0172,
005d,
00b9,
00f7,
0166,
0047,
020e,
0065,
01ed,
02c4,
01f9,
020b,
024d,
01a8,
01c5,
0000,
0000,
0000,
0000,
0020,
0020,
0017,
0186,
0037,
0000,
0132,
0000,
0000,
0000,
0243,
02da,
031a,
0376,
02f8,
0219,
032f,
0301,
025d,
035f,
0355,
0368,
02fd,
0367,
0351,
01ac,
02c8,
038a,
00a4,
0347,
03cd,
0297,
02b0,
0374,
028b,
02e0,
0223,
02de,
0319,
026d,
029d,
033e,
01da,
039a,
030b,
02e7,
0216,
0386,
0315,
0235,
019a,
019f,
02a7,
0327,
02c5,
02d7,
034d,
048d,
027b,
029f,
02ef,
0388,
0305,
02aa,
01bd,
0023,
01dc,
0352,
00c5,
02c6,
03a5,
03fe,
0152,
0205,
00c7,
00ba,
016e,
0323,
014b,
00c2,
02d3,
0391,
026b,
0360,
031f,
0386,
0354,
02d4,
010b,
024d,
02c3,
032b,
0304,
03a8,
02d2,
0302,
0314,
02f3,
0344,
032f,
03ed,
0520,
030b,
032a,
02ed,
036a,
02c2,
0392,
03c1,
03fb,
03a5,
0255,
021b,
0353,
03b4,
0429,
039d,
0368,
029f,
02df,
02bc,
03b8,
0435,
040a,
032d,
028a,
02eb,
0388,
0395,
03dd,
03eb,
0385,
022f,
029a,
033d,
0301,
0342,
046a,
0441,
043a,
037d,
02ed,
028d,
02e8,
03aa,
03ed,
02c0,
02a5,
01fd,
01d0,
0322,
0336,
044e,
0346,
0241,
006b,
019e,
02d3,
0318,
03a8,
02bf,
02d9,
0380,
02c6,
032d,
025f,
02fa,
017e,
040f,
02c1,
02bd,
039a,
03bc,
0292,
0387,
0339,
0390,
046a,
032e,
0139,
002c,
0141,
0360,
0088,
02e9,
031f,
00eb,
0095,
0079,
0157,
0173,
0271,
02c2,
02e2,
0278,
0327,
02ed,
01a7,
02ef,
01b0,
0166,
01b1,
0247,
02a2,
0313,
031d,
02d7,
0322,
022e,
0202,
01f9,
01e9,
0325,
040a,
02c8,
01fd,
02d4,
01f5,
0240,
01a6,
02d1,
01f7,
0156,
024e,
0115,
019a,
024e,
0370,
0108,
0274,
02d0,
0195,
02f4,
038b,
01fb,
0000,
007c,
01ee,
020a,
0190,
0238,
033a,
01c9,
01c9,
0216,
0239,
0265,
02df,
00fc,
0078,
01d1,
0167,
02d9,
0174,
01f3,
01a4,
024f,
011c,
02b3,
0405,
03be,
03e3,
0024,
02d1,
03a5,
00bd,
023a,
017e,
01c2,
017d,
0258,
037e,
035b,
02d6,
0354,
0387,
0000,
01b9,
0095,
0133,
02a7,
02e6,
01dd,
02a2,
02f6,
0356,
0340,
02d6,
02b6,
029c,
0000,
01a3,
019b,
0180,
024e,
02d4,
024d,
0141,
0226,
0244,
0260,
02aa,
02ae,
0268,
0000,
00a8,
012c,
0178,
0195,
0151,
01de,
01d4,
00fe,
024e,
02dc,
01d1,
0289,
0241,
0044,
00ea,
0193,
0148,
001f,
00e6,
0176,
01d2,
0159,
0139,
0233,
01ec,
0302,
01f0,
0270,
019a,
00c9,
0154,
009d,
010c,
01d9,
01cc,
026d,
00ba,
00a9,
0000,
0000,
0224,
0216,
021c,
0100,
0256,
008b,
0000,
0181,
019a,
0179,
0209,
00ec,
02c5,
0023,
0000,
0200,
0275,
01f5,
0101,
00ba,
001b,
0093,
007e,
0118,
0070,
0080,
0187,
0160,
0000,
0164,
00c3,
01c2,
015e,
014d,
0000,
0054,
000b,
0061,
0000,
0000,
0066,
0000,
0000,
01ec,
01ed,
02b4,
0209,
02de,
01c1,
00db,
0106,
00df,
01e9,
01b5,
0206,
0294,
0256,
03cb,
0430,
03f1,
02b2,
02b0,
02c8,
018c,
01fb,
0285,
0299,
02d5,
02ab,
0334,
0436,
0474,
0481,
0715,
04bb,
0383,
02d8,
025b,
0160,
0304,
029c,
02cc,
0372,
031f,
033a,
02fd,
067c,
065f,
054e,
05da,
0375,
029e,
01d0,
0224,
024e,
0214,
02da,
0269,
0221,
03a7,
06fa,
0544,
04a6,
0488,
0459,
02d3,
0305,
0303,
0329,
0249,
01ee,
02e0,
0249,
0525,
0506,
0401,
05da,
045f,
05ae,
037c,
0359,
02ab,
0249,
0185,
021c,
017c,
0094,
0654,
05c5,
058d,
0557,
047c,
0491,
0487,
011c,
00c1,
00c5,
00af,
016a,
012c,
00d0,
0513,
0567,
04bb,
0543,
0494,
0418,
051f,
0415,
013c,
01b0,
021b,
017b,
0197,
00f2,
0554,
05d8,
04c0,
047a,
0446,
055a,
0538,
0597,
0326,
012b,
013b,
020b,
0189,
017e,
0378,
047c,
043d,
0456,
0604,
05e0,
054b,
055b,
050d,
01e7,
0174,
01c9,
013b,
0144,
012e,
01f3,
0414,
0499,
05f6,
0598,
0540,
050d,
052a,
0432,
035f,
0501,
048d,
0138,
0144,
01c2,
0432,
03c4,
04b8,
0509,
04e6,
04c1,
0551,
04e6,
0521,
04d8,
0722,
04c9,
017d,
0193,
0443,
04a7,
0451,
05db,
0545,
0545,
0582,
063f,
061b,
05cd,
0611,
0702,
020d,
0233,
021b,
027c,
024b,
04f9,
03fe,
0605,
063f,
05de,
05a2,
046a,
0579,
0523,
00ed,
0097,
0000,
00b3,
0002,
0157,
020e,
026e,
0230,
00e1,
00c6,
0115,
00db,
008a,
02db,
0328,
028d,
0331,
0295,
021c,
01df,
0181,
024e,
023e,
015f,
0333,
0284,
028f,
01ee,
0384,
03c8,
02ea,
035f,
0309,
0352,
031b,
03a3,
027d,
0217,
0349,
0251,
01ec,
028c,
0314,
02c7,
01e1,
0231,
02cc,
02a8,
0168,
02f3,
02f9,
029d,
028e,
01bb,
020d,
0381,
02b4,
0139,
02f4,
018d,
02d1,
029f,
02e8,
02d4,
034f,
022d,
01be,
01fa,
015c,
031f,
01c8,
00d3,
0328,
026b,
0304,
025b,
0328,
02fa,
01e7,
0247,
01fe,
02c5,
02bc,
029c,
0328,
038d,
02f2,
0245,
01df,
0308,
0253,
02f5,
0237,
01af,
02a0,
0340,
0261,
0307,
035f,
0381,
0383,
02e0,
01fe,
02be,
0353,
02ad,
0327,
032f,
031c,
0329,
02e6,
0373,
0397,
0305,
0273,
02e3,
0403,
038a,
03d5,
0371,
0300,
0323,
0399,
026a,
02c7,
0296,
02a5,
01ef,
031c,
0491,
0402,
0340,
0389,
03d7,
038c,
02f4,
035c,
02f1,
032b,
02ed,
01c7,
01dc,
01c2,
03e6,
03c4,
0380,
0336,
0358,
031c,
033b,
03bb,
042e,
02a8,
0333,
0289,
02bc,
0188,
02f9,
030e,
029b,
02f7,
0337,
02f5,
0369,
02c9,
0406,
0354,
02c8,
0288,
0372,
02d6,
029d,
036d,
024c,
02d0,
0378,
03c7,
0335,
0306,
03af,
0400,
03c5,
03db,
0273,
02b4,
0242,
02c5,
0266,
038a,
0464,
0407,
0298,
0228,
0319,
030e,
0313,
0269,
02cd,
02c4,
013e,
02d8,
02c3,
024a,
02b4,
0273,
02ec,
0371,
034e,
02a5,
00fd,
0291,
014c,
02a2,
0124,
0230,
022a,
0090,
00a1,
019e,
0110,
00e6,
01f1,
029a,
0195,
02aa,
02d8,
04e3,
0051,
00a4,
0177,
0208,
0140,
0228,
0201,
0192,
01c1,
01e9,
0187,
046b,
057c,
0588,
037e,
0313,
01db,
0253,
0108,
0153,
01dc,
0176,
0043,
019f,
013e,
01ea,
0737,
05df,
0561,
062f,
0264,
02ca,
0167,
01ec,
01ea,
005b,
00ac,
0158,
0200,
0274,
032a,
03a0,
0299,
06aa,
0526,
016e,
00dd,
015d,
01a6,
026b,
004e,
0000,
05a0,
0436,
01f0,
0160,
01c2,
0413,
06b7,
04a4,
00ac,
0069,
020a,
0233,
010d,
0197,
0375,
0213,
0119,
0150,
0189,
022f,
0320,
0546,
02af,
0188,
0153,
01d3,
01d5,
00a8,
05cf,
0295,
024e,
0210,
00dd,
0135,
0165,
040b,
0547,
025f,
015e,
0218,
0172,
010e,
0410,
03bd,
026f,
0222,
0178,
0280,
0243,
035d,
0644,
03a5,
0106,
01f6,
01d9,
01ab,
016a,
0496,
04e5,
038a,
02c5,
01e4,
00ea,
02f5,
03af,
0347,
036a,
0251,
02d8,
01f9,
0195,
0259,
02fb,
044e,
0319,
0077,
0135,
0269,
02eb,
022f,
0242,
02b9,
0459,
04c3,
00ed,
0191,
01f1,
0455,
03da,
02cd,
0450,
030b,
029d,
0190,
0226,
02c8,
04b6,
05da,
00dc,
0150,
01f2,
018d,
024b,
02f0,
02fe,
0329,
01a4,
021a,
023f,
026e,
02ca,
03af,
0028,
011d,
0206,
01d0,
0000,
00a3,
0291,
0190,
024b,
00ce,
00cf,
0041,
0077,
0197,
0000,
0000,
0000,
0000,
0000,
0000,
0000,
0000,
0000,
0000,
0000,
0000,
0000,
0000,
0000,
0000,
0000,
0000,
0000,
0000,
0000,
0000,
0000,
0000,
0000,
0000,
0000,
0000,
0000,
0093,
039c,
04cc,
0000,
0000,
0000,
0000,
0000,
0000,
0000,
0000,
0000,
0000,
0000,
0000,
0283,
022f,
0078,
0000,
0000,
0000,
0000,
0000,
0000,
0000,
0000,
0000,
0000,
0000,
0000,
00e6,
0133,
0286,
0000,
0000,
0000,
0000,
0000,
0000,
0000,
0000,
0000,
0116,
0000,
0251,
0234,
0343,
001a,
0000,
0000,
0000,
0000,
0000,
0000,
0000,
0000,
0084,
00ab,
01b3,
025f,
0331,
04f4,
0104,
0000,
0000,
0000,
0000,
0000,
0000,
0000,
02cd,
0240,
0261,
01f9,
0288,
0402,
045d,
0000,
0000,
0000,
0000,
0000,
0000,
0000,
0096,
01e1,
01f8,
0193,
0349,
0366,
03d2,
02c4,
0000,
0000,
0000,
0000,
0000,
0000,
0000,
0123,
00f3,
02f6,
029e,
025f,
02c8,
04ac,
0000,
0000,
0000,
0000,
0000,
0000,
0000,
013f,
0000,
01b5,
021d,
0237,
037f,
03df,
0394,
0248,
01f3,
018d,
0000,
0000,
0000,
0000,
0043,
0000,
0290,
02e2,
038a,
02ca,
046d,
03d1,
039f,
04e5,
0077,
0000,
0000,
0000,
0000,
0000,
0000,
0000,
016e,
020c,
01ff,
0029,
0000,
01d9,
0262,
0000,
0000,
0000,
0000,
0000,
0000,
0000,
0000,
0000,
0000,
0000,
0000,
0000,
0000,
0108,
027a,
0000,
0000,
027a,
02e3,
00c4,
0231,
010b,
02a9,
025d,
0242,
026f,
021e,
027d,
0000,
0000,
0000,
0000,
016d,
018b,
0058,
0116,
0103,
0039,
0057,
00d1,
0104,
021f,
0000,
014c,
0000,
0000,
0000,
0136,
0160,
0011,
0239,
00f5,
0141,
00e4,
0000,
005b,
0151,
00a6,
007b,
0000,
0000,
0000,
0000,
01b9,
0333,
01d2,
0068,
01c2,
0000,
0000,
0027,
0000,
004b,
0000,
0000,
0000,
009d,
0000,
0000,
0000,
0220,
0000,
0000,
0000,
0000,
0000,
00e8,
0000,
0000,
0000,
002f,
0000,
0082,
00fe,
01a8,
0149,
0177,
0000,
0000,
008e,
00e6,
00e4,
0015,
0123,
0000,
0000,
0147,
015d,
00c3,
007d,
019b,
0000,
023f,
0197,
0000,
0000,
00d5,
0133,
0000,
0000,
008d,
005f,
0026,
0008,
011a,
0000,
0150,
018a,
0000,
0000,
0134,
0118,
0172,
0000,
0000,
0175,
0146,
0249,
00d1,
004e,
015f,
0021,
0127,
009e,
0114,
0063,
00f8,
0000,
0130,
0000,
0000,
0023,
0000,
0142,
026b,
0000,
007c,
0000,
0000,
0000,
01de,
01b3,
026e,
0000,
0000,
00d1,
0031,
017a,
0137,
0000,
0000,
0126,
003c,
00ba,
01a2,
0224,
0160,
0140,
013a,
023a,
0189,
004b,
0022,
0000,
0000,
01f9,
0000,
02f6,
00d2,
0000,
0000,
0000,
0000,
0184,
0000,
0147,
01e8,
0121,
01b0,
0151,
0000,
0140,
0041,
0000,
0000,
0000,
014f,
0114,
0000,
0363,
02d5,
01ab,
01ee,
01ec,
0176,
01d4,
0220,
01fb,
0145,
018c,
01f1,
0177,
028b,
01be,
013c,
0103,
0034,
0218,
01a1,
0125,
00df,
00f3,
0240,
00f4,
01c1,
0102,
01eb,
01fa,
0000,
010e,
0168,
01c8,
0000,
00d8,
015b,
014e,
020b,
0226,
010c,
0282,
02b8,
000a,
0000,
0039,
00ce,
0109,
0090,
0102,
00ca,
013b,
0184,
01bf,
0300,
0393,
0352,
014d,
0262,
0401,
0211,
02c8,
0166,
009a,
016d,
01a8,
0192,
0272,
0180,
0370,
0354,
00c0,
020a,
02fd,
02c8,
0302,
0265,
013a,
024f,
03b5,
03a3,
0320,
01e5,
01ae,
0162,
0054,
02fd,
034d,
02c5,
026c,
023b,
0274,
0121,
0169,
0216,
02d6,
02a0,
0278,
020b,
00d3,
02b2,
02df,
032e,
02ef,
02f6,
02ee,
0174,
00cd,
01b5,
0306,
023a,
019b,
0223,
020d,
030b,
0293,
02f9,
0372,
026b,
02cf,
0232,
00f4,
00d6,
02fc,
0210,
0281,
023a,
01cd,
018f,
02a3,
02fe,
0361,
0314,
033b,
032f,
017d,
01c6,
02bd,
022c,
039a,
024e,
02a7,
0044,
0040,
01b7,
01ca,
0450,
03e7,
030b,
021d,
01d2,
02a2,
021d,
034a,
01a2,
025c,
004c,
0000,
01ae,
0219,
02f3,
0201,
031f,
029d,
01bb,
024b,
02ea,
01ef,
0179,
02cc,
0271,
030e,
02b8,
025e,
0273,
021f,
0270,
0318,
03e7,
03a1,
03b1,
0382,
025d,
025d,
024c,
02c8,
01fa,
02fa,
02ad,
0271,
033f,
027f,
0384,
0323,
02eb,
02ae,
02bf,
0000,
0000,
0000,
008a,
00ce,
017b,
0239,
02fc,
0000,
00f5,
0063,
00ba,
0000,
0000,
0000,
0000,
0198,
0107,
003f,
007b,
0121,
0139,
0060,
007a,
0000,
0053,
0000,
0000,
0000,
001a,
02b5,
02c8,
01e4,
00aa,
00e6,
01e4,
01f6,
01a5,
0170,
0083,
00db,
012f,
0029,
0000,
027c,
04d2,
04ef,
0158,
0000,
0136,
018b,
0136,
02c0,
0358,
031a,
02aa,
0145,
032a,
03c8,
0531,
0655,
0244,
0010,
0120,
016c,
0206,
02d6,
02d7,
0308,
033b,
0255,
0529,
0560,
05f1,
0640,
0522,
0252,
036b,
0345,
0302,
0391,
02b2,
02f3,
0317,
0217,
0570,
05ce,
05d5,
05c0,
057d,
03c1,
0174,
01e6,
028a,
02b3,
02f6,
02d3,
03aa,
025b,
04f0,
0518,
05db,
057d,
0523,
0510,
032c,
0155,
02a1,
032f,
034a,
02d1,
02b7,
0255,
048d,
05ea,
05dc,
04a2,
04d6,
055c,
0430,
01bb,
01fa,
02ca,
02af,
02a1,
02a1,
0247,
02d8,
050c,
054b,
04fc,
053a,
051b,
0547,
0315,
02e0,
022f,
02bc,
02c7,
02ca,
0265,
019f,
039a,
0554,
045e,
047d,
0486,
04cc,
044f,
0493,
0449,
044b,
0328,
022e,
02e2,
01d7,
0361,
040c,
0352,
0432,
04fa,
057d,
045f,
0491,
04e9,
04c4,
035e,
026b,
0185,
01f3,
026f,
00ea,
013c,
0188,
0410,
0486,
03db,
02ba,
02ea,
029a,
0235,
024b,
0247,
021f,
01b9,
0243,
02e7,
027c,
0206,
0232,
01c8,
0122,
024f,
01a8,
01fc,
026f,
0000,
0000,
0052,
0000,
0000,
013a,
02d8,
0000,
0000,
0000,
00ab,
0133,
00c2,
0000,
0000,
0000,
02c8,
01a3,
0000,
0000,
0000,
00de,
0000,
0053,
0014,
0000,
0000,
0000,
0000,
0166,
0000,
0000,
04f4,
00fe,
0000,
02a8,
002e,
0000,
00e4,
0091,
0000,
014c,
0000,
0343,
018f,
0095,
0466,
01cd,
0000,
0000,
01dd,
0000,
00c0,
0117,
002c,
019f,
0227,
0407,
03db,
00f5,
0000,
0000,
00e4,
0000,
0016,
00fd,
0000,
0051,
008e,
013c,
0217,
0000,
01e6,
001b,
00fa,
0000,
034a,
038c,
0000,
0000,
0000,
0000,
0000,
0000,
013b,
00a4,
000f,
00c8,
000f,
0000,
0000,
00a7,
0085,
00b8,
0000,
0000,
0000,
0000,
0293,
0000,
02de,
028a,
01b9,
0000,
0000,
0000,
025f,
0000,
0000,
0000,
000a,
00ae,
020c,
01d8,
029f,
00b2,
0000,
0000,
0000,
0000,
004b,
0215,
0020,
00cc,
0000,
0000,
0000,
01e7,
023d,
03c5,
00fd,
0000,
0000,
0028,
0000,
0109,
0456,
044d,
034c,
00d9,
0000,
0000,
0165,
0380,
024f,
0087,
0000,
0084,
0000,
0000,
0125,
0000,
0000,
0105,
0000,
0015,
0223,
02d9,
0221,
0182,
024c,
00d1,
0000,
002b,
00a8,
014b,
0000,
000d,
0000,
0000,
020a,
0000,
0000,
0096,
022e,
0235,
0199,
00e0,
016c,
0358,
0261,
0392,
01b1,
00d9,
011a,
01b0,
00da,
020e,
0293,
02e9,
0404,
01c0,
0208,
01ba,
02dc,
0350,
0073,
00b7,
0193,
01c6,
0101,
00c7,
0348,
0186,
011d,
0121,
0220,
0286,
015e,
014c,
0159,
027e,
025f,
02f6,
0195,
0287,
0362,
01eb,
021d,
0218,
0238,
025f,
024d,
01f4,
01c9,
0348,
0287,
0220,
01f7,
03d7,
02b3,
02ef,
027b,
020b,
0291,
02b3,
018e,
01f1,
0377,
0379,
0254,
035a,
041c,
02eb,
02c0,
02de,
0216,
022b,
032e,
02d1,
0103,
00a0,
02fd,
02be,
0134,
02ff,
0326,
03b0,
02eb,
0161,
0203,
01ca,
0233,
02ed,
0152,
002c,
03ba,
0330,
0210,
024b,
02f6,
031c,
02eb,
02a8,
0136,
0139,
0155,
02bc,
0340,
034f,
045d,
020b,
022f,
024c,
0252,
02b6,
0301,
02fd,
029d,
02d2,
029c,
02ab,
02cc,
0375,
0395,
01cf,
020b,
01ae,
021c,
026b,
02ed,
03b4,
03d1,
02d0,
02b7,
031c,
0330,
03e0,
02c0,
01a6,
024b,
01f4,
0299,
02fe,
031d,
0331,
04c6,
03ae,
021b,
0259,
02ac,
02ee,
038a,
02e2,
0268,
016f,
0279,
02b6,
02b4,
02ae,
038f,
025c,
02d7,
0275,
01b0,
02ce,
0388,
03f6,
0388,
01ae,
0241,
0124,
012e,
023f,
0281,
02bf,
0346,
0239,
022f,
02cc,
0297,
0379,
0364,
024d,
00cc,
015a,
01f0,
01bb,
01e6,
029b,
01be,
019c,
02ee,
030b,
034e,
01c0,
0196,
01af,
01aa,
0111,
01ad,
0169,
01d1,
0228,
0153,
016d,
0197,
0250,
0288,
0208,
0201,
02a1,
0222,
01c8,
01f3,
0105,
01d9,
0153,
019f,
0228,
01f4,
01e5,
0225,
0000,
0156,
0000,
0000,
0000,
0000,
0000,
0000,
005d,
0049,
0000,
0000,
0000,
02ee,
00e7,
0173,
00b8,
0000,
0000,
0039,
002b,
0000,
0000,
0000,
0000,
0000,
0000,
0000,
0186,
0000,
0146,
0208,
0076,
0000,
0000,
0000,
0000,
0000,
0000,
0161,
0003,
0000,
01f4,
00e9,
00d1,
0177,
0206,
0000,
0030,
0000,
0000,
0000,
008e,
00c8,
0014,
0294,
0270,
028a,
01ef,
02e5,
02b4,
0081,
0012,
0094,
0000,
006a,
0000,
00c2,
00ad,
0218,
0213,
0153,
0342,
0224,
0337,
0137,
0000,
0000,
0066,
010a,
000b,
0025,
0007,
00c5,
01cf,
01e8,
0272,
01d2,
028c,
0234,
017e,
001f,
0000,
0026,
0005,
016d,
0071,
026c,
0210,
02d0,
0240,
01c9,
01cc,
0252,
01c8,
01c3,
0000,
003d,
0003,
0000,
0087,
0224,
02a5,
0285,
02b5,
02eb,
01dd,
0283,
015f,
0289,
00c5,
006d,
0000,
003e,
0054,
0064,
013d,
01fc,
034a,
0326,
0238,
0105,
00cc,
0273,
010c,
00ff,
01a8,
01ef,
010e,
00de,
00c3,
033e,
00ae,
03e3,
0435,
01a3,
0000,
01a6,
00a6,
023e,
0203,
0366,
01b9,
0000,
0040,
01d7,
011b,
0367,
02f0,
00e6,
01e7,
0147,
01fd,
029b,
0389,
01dc,
0298,
0000,
0000,
01e2,
0164,
01b4,
03c4,
0223,
0358,
0202,
030e,
020d,
021e,
01f8,
01d0,
0000,
0000,
0000,
0000,
0000,
0000,
0000,
014a,
0000,
0000,
001e,
0000,
0000,
0000,
01bd,
0280,
0140,
01f2,
01f4,
0434,
01aa,
0199,
01b5,
0103,
0167,
01f9,
02a1,
02df,
01f2,
01fa,
00bd,
0159,
0490,
0346,
00de,
012a,
01c9,
021a,
01fd,
0253,
0355,
01d7,
01ec,
02ac,
0309,
02ee,
02f0,
015a,
0111,
01ed,
0226,
0286,
0241,
02eb,
03ad,
0298,
0083,
007c,
03a9,
0320,
0203,
018d,
0106,
018d,
0200,
02c6,
0200,
02aa,
0426,
02f3,
007c,
0424,
05bf,
022b,
00b3,
014c,
0186,
01bf,
02ee,
033a,
02ac,
02c7,
039c,
052f,
021b,
0312,
02b5,
0168,
0124,
01b6,
02e8,
0361,
0344,
034e,
03cb,
026b,
015c,
0000,
01b0,
0305,
022f,
0122,
0123,
01fd,
02cd,
0106,
0146,
0238,
01c1,
013d,
0139,
0000,
0000,
0140,
014d,
01c2,
0124,
00f8,
00ae,
0109,
0189,
0189,
016c,
015e,
0138,
0000,
00b5,
02af,
01b5,
0169,
0000,
003c,
00e0,
01a4,
00e4,
014e,
01f5,
020b,
0169,
0074,
005c,
017b,
01ea,
01b8,
00f0,
019e,
034f,
0313,
0127,
02a7,
0164,
024b,
0457,
02ba,
00e0,
0101,
0000,
0176,
0105,
0449,
058d,
046b,
0376,
029b,
026c,
01f6,
03c1,
03ab,
00f5,
01be,
0000,
00a9,
0062,
00ed,
01d2,
028f,
0289,
015b,
01bf,
025f,
034b,
0387,
00f5,
02a5,
01b8,
01e6,
0198,
03ca,
0225,
0131,
041e,
04ba,
04ef,
0441,
041a,
04bd,
0135,
017e,
02b6,
01e3,
0175,
023f,
01db,
0289,
02f7,
0242,
01ba,
01fc,
02ed,
01bc,
01bf,
017f,
0338,
039e,
02bb,
027b,
036a,
0307,
02ac,
02d8,
02e6,
02dc,
025c,
027a,
028d,
023d,
0363,
047d,
023a,
0316,
03c5,
0330,
0316,
033e,
02ff,
02f0,
0299,
027c,
02a8,
02d5,
01fd,
02f1,
02a3,
0460,
031f,
0300,
0257,
02f8,
02a7,
02c6,
01ef,
0220,
0336,
0432,
02ce,
02b1,
0324,
048b,
0338,
02d6,
02ab,
02f1,
029b,
026c,
0155,
01a0,
02d5,
0348,
0167,
0278,
0316,
03e2,
035b,
02b7,
02e9,
021c,
0206,
02d1,
01bf,
0181,
02ba,
02ca,
0247,
030a,
02ea,
0344,
036d,
0285,
014c,
01fb,
01e5,
0298,
02ed,
038e,
0366,
028d,
026f,
0299,
02b3,
031b,
02bf,
0473,
03c8,
0287,
023d,
02a1,
02b7,
0329,
039d,
02b8,
02ba,
025c,
0290,
02fc,
032a,
03a8,
0432,
02f7,
0240,
0274,
0304,
033b,
043a,
0310,
02fd,
027e,
02f4,
02e7,
0308,
030f,
0432,
03a7,
020b,
023d,
028c,
029c,
0359,
03b5,
03ac,
0392,
030d,
0255,
025f,
024b,
0358,
03da,
0304,
0271,
017e,
020b,
02ee,
03b3,
0518,
037c,
035c,
01cf,
01b8,
0233,
028a,
0313,
02e1,
0297,
021e,
02ab,
02f3,
0342,
0469,
02d7,
03e4,
02e0,
0275,
030e,
02cc,
031a,
035b,
0300,
024f,
03ba,
02a7,
01cc,
020c,
0225,
034c,
0203,
0335,
0345,
01d2,
0174,
01bc,
022e,
019f,
029b,
0287,
0277,
01f6,
02c3,
02b6,
023c,
02ad,
0202,
01e3,
01e0,
022c,
023d,
0244,
02ee,
0000,
0000,
0000,
0000,
0000,
00b0,
0078,
00b1,
0000,
0000,
0000,
0000,
0000,
0000,
0000,
0000,
01cf,
00c5,
0000,
0000,
0000,
0000,
0000,
0000,
0000,
0000,
0000,
0000,
0000,
0131,
04d9,
0507,
028b,
0000,
0000,
0000,
009a,
0051,
0000,
0000,
0000,
0000,
0000,
0045,
034a,
03ee,
03d8,
015d,
0000,
0000,
0000,
0000,
0008,
002d,
0000,
0000,
002c,
0145,
0134,
042a,
0462,
0384,
0000,
0000,
0000,
0000,
0000,
0059,
0061,
00bf,
01ca,
04c6,
0442,
04ba,
0450,
050e,
023f,
00e4,
00dd,
00b0,
00c6,
009a,
0146,
011e,
01e0,
04b4,
043d,
046c,
04bc,
049f,
053f,
02ef,
00e6,
00e8,
011c,
0142,
0181,
0157,
021d,
04a1,
04ad,
0448,
03cc,
045e,
053d,
04d4,
01b0,
0122,
016c,
01c7,
0145,
0104,
00db,
02f3,
03d9,
0432,
0429,
0474,
0457,
050f,
02db,
00dd,
00d8,
016c,
007d,
00e2,
00a8,
0031,
03f8,
0370,
0421,
045e,
0487,
04d9,
04ac,
034c,
01cc,
02ed,
0236,
0088,
00d8,
0025,
031a,
0278,
03b4,
0422,
0440,
04f6,
0506,
050d,
044d,
04da,
050f,
01c8,
016f,
0000,
022e,
022a,
01c9,
03d9,
043c,
04d6,
04cd,
0555,
0501,
04b1,
0543,
03ae,
008c,
002e,
001c,
0000,
0000,
00ab,
0209,
03c5,
03b4,
036f,
0279,
018d,
0302,
0337,
00c3,
0095,
004b,
00ac,
00a9,
006f,
0000,
0000,
00b4,
0000,
0025,
0000,
009f,
0000,
02df,
029c,
010e,
013f,
0231,
032b,
00e9,
0105,
01e3,
0066,
01c5,
00fc,
0146,
03bd,
03f8,
02d3,
0057,
01a0,
0179,
0334,
0236,
00d2,
01e9,
022e,
0239,
01db,
03d4,
03d5,
030a,
0561,
04e1,
03ac,
03a2,
038e,
0127,
02b8,
0281,
0281,
0379,
02f9,
03f8,
0274,
029d,
021d,
0510,
045c,
051b,
05a0,
024e,
02cd,
02f9,
03d1,
03a1,
0482,
05f4,
03b4,
0284,
0319,
057a,
031d,
00cc,
03ad,
048e,
0216,
0189,
02de,
02e4,
0302,
0377,
02bb,
076f,
061e,
03ce,
0085,
0082,
02dd,
0450,
02da,
0368,
0376,
04e0,
037a,
02ef,
01b2,
043e,
041c,
022d,
0066,
00ba,
022e,
03ba,
0200,
01c3,
02a0,
02ab,
028c,
02a5,
0128,
034d,
016c,
006a,
00a1,
01e2,
0085,
0051,
026a,
0438,
01ac,
0206,
025d,
0257,
017e,
013a,
025c,
01df,
01e9,
0095,
0079,
0114,
022c,
042b,
02a2,
02da,
01fb,
0230,
01c5,
01eb,
0313,
0233,
0080,
003e,
010b,
01f3,
02c1,
0208,
020f,
0247,
0159,
038a,
031e,
01a6,
038d,
009e,
0000,
0239,
0389,
02ca,
03ee,
03f7,
02b1,
0240,
030f,
05e9,
073d,
0158,
034e,
0000,
0031,
004c,
0020,
0173,
018e,
01c1,
019c,
01a9,
02c0,
04ae,
07b2,
0186,
0230,
0114,
0347,
02a8,
0198,
0168,
0000,
025c,
037b,
0435,
0251,
0346,
046e,
01a0,
0259,
0363,
0338,
01d6,
0166,
0257,
008c,
025b,
02bb,
019f,
0357,
02cf,
00d6,
0000,
0000,
0000,
0000,
0000,
0000,
0000,
0000,
0000,
0000,
0000,
0000,
0000,
0000,
0000,
0000,
0000,
0000,
0000,
0000,
0000,
0000,
0000,
0000,
0000,
0000,
0000,
0000,
0000,
0000,
0000,
0000,
0000,
0000,
0000,
0000,
0000,
0000,
0000,
0000,
0000,
0000,
0000,
0000,
0000,
0000,
0000,
0000,
0000,
0000,
0000,
0000,
0000,
0000,
0000,
0000,
0000,
0000,
0000,
0000,
0090,
00be,
0000,
0000,
0000,
0000,
0000,
0000,
0000,
0000,
0000,
0000,
0000,
008d,
0000,
00d7,
0000,
0000,
0000,
002b,
0082,
0000,
0065,
0000,
0000,
0000,
0062,
0018,
0052,
0155,
017a,
0000,
0000,
0000,
0000,
0000,
0000,
0000,
0000,
0000,
00de,
0066,
0047,
004c,
00c4,
003e,
0000,
0000,
0000,
0000,
0000,
0000,
001e,
0000,
0125,
005d,
0072,
0000,
006c,
00bc,
0000,
0000,
0000,
0000,
0000,
0000,
0000,
0000,
0000,
007f,
0006,
0046,
0000,
004b,
00da,
003b,
0000,
0000,
0000,
0000,
0000,
0000,
01ad,
0000,
016c,
0023,
0057,
0080,
00fe,
0000,
0186,
009c,
0000,
0000,
0000,
0000,
0000,
0000,
0000,
0000,
0000,
0059,
00ef,
0062,
0118,
0000,
0000,
0000,
0000,
0000,
0000,
0000,
0000,
0000,
0000,
0000,
0000,
0000,
0000,
0000,
0000,
0000,
0000,
0000,
0000,
0000,
0000,
0000,
0000,
0000,
0000,
0000,
0000,
0000,
0000,
0000,
0000,
0000,
0000,
0000,
0000,
0000,
001e,
0000,
0000,
0000,
0000,
0000,
0000,
0000,
0000,
0000,
00b7,
0000,
0000,
0000,
0000,
0002,
0000,
0000,
0000,
0000,
0000,
0000,
0000,
0000,
0231,
02a0,
02aa,
0000,
0000,
0000,
0000,
0000,
0000,
0000,
0000,
0000,
0000,
008c,
0270,
0172,
0345,
00c9,
0000,
0000,
0000,
0000,
0000,
0000,
0000,
0000,
0000,
0000,
009d,
00ee,
00fa,
00a1,
0000,
0000,
0000,
0000,
0000,
002b,
0074,
0108,
0000,
0000,
0028,
0104,
0172,
01e4,
00e6,
0026,
0027,
008f,
007b,
0029,
0075,
0070,
0000,
0043,
0006,
0080,
010a,
01a1,
01b0,
0158,
0000,
0000,
0000,
0000,
0054,
0000,
0000,
0000,
004c,
00ac,
00db,
0085,
00c1,
014f,
00e7,
001d,
0032,
0000,
007d,
0000,
0000,
0003,
0056,
0038,
0000,
0000,
0075,
0135,
01c7,
0000,
0006,
0055,
001a,
0000,
0068,
0000,
0066,
004d,
0000,
0000,
0063,
0102,
01c8,
0178,
0093,
0052,
0000,
0000,
005d,
0001,
0000,
0000,
0000,
004e,
0120,
01bc,
0152,
0176,
0111,
01da,
008f,
0000,
0000,
0000,
0000,
0000,
0000,
0000,
0051,
00d1,
005f,
0110,
00c2,
012c,
013d,
0000,
0000,
0000,
0000,
0000,
0000,
0000,
0000,
0000,
00be,
003d,
0000,
0000,
0000,
00a5,
0095,
006f,
007c,
003c,
0000,
0000,
0000,
0000,
0000,
0000,
0000,
0000,
0084,
0000,
0963,
08aa,
080b,
06ae,
067c,
05d0,
0506,
05f4,
089c,
0737,
06f3,
0628,
06ff,
078c,
0965,
0742,
01f3,
03ee,
0609,
052e,
0530,
05be,
063e,
0674,
073b,
05f5,
067a,
0839,
0706,
02f2,
0018,
00b7,
00ae,
04a2,
0612,
04d1,
0493,
04b2,
0474,
055a,
0536,
0517,
0664,
02fd,
00a5,
0000,
0000,
0309,
0610,
04fa,
04a4,
04e7,
03c4,
031f,
0359,
03ad,
043a,
0148,
017e,
0000,
0000,
0172,
04f3,
058f,
04ea,
04cb,
03ee,
037f,
03b8,
0411,
01d4,
0000,
0000,
0000,
0000,
0000,
0210,
0366,
033b,
0357,
030b,
0318,
031a,
03d7,
0276,
0000,
0000,
0000,
0000,
0000,
0093,
02e1,
03c6,
03ad,
0370,
02fd,
0357,
0329,
0224,
0000,
0000,
0000,
0000,
0000,
0000,
00ec,
033a,
03c9,
033b,
02b2,
02f4,
034b,
0325,
00c0,
005b,
0000,
0000,
0000,
0002,
0016,
0233,
0354,
034e,
0333,
036e,
0346,
03d2,
033e,
01ac,
00ac,
003a,
0016,
0026,
0000,
0100,
016a,
02a7,
01d0,
01dc,
02ea,
0478,
0482,
0250,
0199,
00d2,
0063,
002b,
0000,
0000,
0000,
0011,
0000,
0000,
0191,
048f,
04d3,
02ad,
01f9,
030d,
0116,
0052,
0000,
002e,
0000,
0000,
0000,
0069,
00d5,
048e,
040f,
033b,
0485,
0507,
0373,
0191,
0046,
0000,
00e5,
016d,
0262,
01d6,
0197,
0363,
032a,
0364,
031f,
037d,
02e8,
0302,
0363,
0306,
0330,
036e,
0326,
036a,
0399,
0000,
0000,
0000,
0000,
0000,
0000,
0000,
0000,
0000,
0000,
0000,
0000,
0000,
0000,
0000,
0000,
047f,
0210,
0000,
0000,
0000,
0000,
0000,
0000,
0000,
0000,
0000,
0000,
0000,
0114,
04c3,
0691,
04e8,
0000,
0000,
0000,
0000,
0000,
0000,
0000,
0000,
0000,
0000,
0083,
042f,
043e,
0409,
00eb,
0000,
0000,
0000,
0000,
0000,
0009,
0000,
0000,
0000,
035f,
0193,
0322,
0494,
04d4,
0000,
0000,
0000,
0000,
0000,
0000,
0000,
0000,
00f5,
0412,
02e5,
04b0,
0483,
0557,
0320,
0000,
0000,
0000,
0000,
0000,
001c,
0000,
0000,
0422,
03e9,
04a2,
0503,
04fd,
06ba,
0499,
0000,
0000,
0000,
0000,
0000,
0008,
01b6,
05a0,
046c,
0494,
03d3,
04b5,
0679,
06bd,
018a,
0000,
0000,
0033,
0000,
0000,
00a7,
0390,
03bf,
03a5,
042b,
054d,
0549,
0632,
04f9,
0000,
0000,
0000,
0000,
0000,
0000,
0019,
01f0,
0287,
0485,
04f7,
0508,
04f1,
06aa,
03cf,
0023,
0283,
01eb,
0000,
0000,
0000,
022f,
0069,
02c8,
045a,
044e,
0501,
05b9,
05de,
04e0,
058a,
0590,
005d,
0000,
0000,
0225,
002d,
0004,
02b1,
038a,
053e,
04db,
05d3,
0559,
062e,
0542,
0300,
0000,
0000,
0001,
0000,
0000,
0016,
01b1,
0346,
040c,
040b,
02ca,
01ff,
02e8,
0283,
00e7,
0000,
0000,
0000,
000a,
002a,
0000,
0000,
0030,
004d,
0000,
0000,
0000,
0000,
0000,
0000,
0000,
0000,
0000,
0000,
0045,
0000,
0000,
0000,
0000,
003c,
0000,
0000,
0000,
0000,
0000,
0032,
0000,
0000,
0000,
0000,
0000,
0000,
0000,
0093,
0000,
0000,
0000,
0000,
0000,
0000,
0000,
001c,
0000,
0000,
0053,
0034,
0000,
0000,
0007,
002e,
0000,
0000,
0000,
0000,
0119,
00e0,
0000,
0000,
0121,
0000,
0067,
0000,
0000,
0000,
01d9,
0286,
00f9,
013b,
011c,
011c,
0024,
0000,
00df,
0000,
0000,
0000,
0000,
0000,
00be,
016f,
01e4,
01fd,
01e9,
00c0,
015b,
000b,
0000,
0000,
0000,
0000,
0000,
0000,
004e,
010f,
00e2,
0135,
00e4,
0000,
0000,
0000,
0000,
0000,
0000,
0000,
0000,
0000,
00f2,
0042,
0255,
0216,
0151,
0043,
0024,
0000,
0148,
0000,
0000,
0050,
0000,
0000,
009c,
024d,
010a,
00bd,
00fa,
00bc,
00b7,
0017,
010a,
0000,
0000,
0000,
0000,
0000,
0000,
0054,
01cd,
03b1,
0219,
0116,
0133,
0150,
0000,
00cb,
00ce,
0244,
0171,
0000,
0000,
0000,
0200,
017d,
029b,
00a4,
0000,
000a,
0009,
0000,
01a5,
0063,
014b,
013b,
0000,
0000,
0179,
01bd,
00fa,
00f1,
01d0,
011c,
0000,
0068,
012d,
01fe,
00fc,
018a,
0000,
0000,
0004,
0000,
0000,
0057,
0065,
0182,
024a,
02d9,
0249,
0284,
02ed,
03b6,
0000,
0000,
0000,
0000,
0000,
003e,
0000,
0125,
01db,
0032,
001b,
0000,
0000,
0000,
001a,
00d2,
0000,
0068,
0107,
0000,
00bf,
0000,
0000,
01da,
0063,
0231,
0178,
0130,
0000,
0000,
0000,
0000,
00bf,
0041,
00f2,
0011,
006d,
016f,
0000,
0077,
00a2,
01b0,
02cc,
0000,
0000,
0000,
0000,
0062,
017c,
00d8,
0221,
01d8,
02df,
010d,
0208,
0279,
03e0,
0000,
0000,
0000,
0000,
00d1,
01c6,
010a,
014c,
01cf,
0262,
01e7,
0323,
0137,
0047,
0000,
0000,
0000,
0153,
0000,
013f,
012a,
0000,
00f2,
01c8,
0233,
0291,
01a5,
00fa,
006c,
0064,
0000,
00ee,
0000,
0000,
0193,
02d6,
0323,
036c,
0309,
0312,
031a,
010e,
00d4,
00dd,
0000,
001c,
0000,
0000,
0000,
020e,
02ee,
0341,
034a,
025c,
0393,
0000,
002c,
0000,
0000,
0000,
0000,
0000,
0056,
00e2,
02ee,
035d,
03d1,
0291,
0355,
0094,
0000,
0000,
001d,
0000,
006d,
0000,
00bc,
0064,
028c,
032b,
039c,
0392,
03dd,
0374,
0295,
0000,
0000,
0000,
0000,
00b1,
011e,
0000,
007e,
0000,
0000,
01f3,
0420,
028c,
02ee,
0000,
0000,
0000,
0000,
005c,
0000,
0000,
00b0,
0000,
0000,
0000,
0243,
02cf,
0279,
0000,
0000,
0000,
0000,
0000,
0000,
0000,
0000,
0000,
0000,
0000,
0000,
03ea,
02c3,
0012,
00d4,
006c,
0000,
0000,
0000,
0013,
0000,
0000,
0000,
0000,
0001,
04a8,
03e7,
0458,
03b6,
03b2,
0363,
02ea,
00d8,
01b0,
02d3,
032d,
0414,
02d2,
037e,
0000,
0000,
0000,
0000,
0000,
00d6,
0000,
017d,
0153,
0000,
014d,
0000,
0000,
01cd,
0000,
000b,
0000,
0000,
0000,
00e5,
0000,
0000,
002a,
0000,
009c,
0000,
0041,
026f,
0001,
0508,
03e9,
0134,
035f,
03f3,
0000,
0000,
0000,
0000,
012b,
029d,
0037,
0000,
0035,
0264,
03f1,
01b5,
04f2,
0343,
0021,
0143,
0075,
020d,
01ac,
032a,
02a5,
0000,
0122,
024e,
0291,
0000,
0000,
0003,
02d7,
0000,
0000,
00ab,
0000,
0000,
0000,
0000,
05a0,
0504,
00e7,
0000,
0000,
0000,
014b,
0000,
0000,
0000,
0019,
0000,
0069,
0000,
024b,
0036,
0000,
0000,
0000,
0000,
002c,
0000,
0000,
0000,
0000,
0000,
0000,
0000,
00a5,
0000,
0000,
0000,
0000,
0000,
0000,
0000,
01fc,
0000,
0000,
0000,
0000,
0000,
0000,
0000,
0000,
0000,
0000,
0000,
0000,
0000,
0111,
0000,
0000,
0000,
0000,
0000,
0000,
0000,
0000,
0000,
0000,
0000,
0043,
0000,
0000,
0000,
0000,
0000,
0000,
0000,
0000,
0019,
0000,
0000,
0000,
0000,
0000,
0000,
0001,
0087,
0000,
0000,
028d,
0469,
0000,
01db,
0000,
0000,
0000,
0000,
0000,
0000,
0000,
0000,
0000,
0000,
028f,
0694,
0000,
0000,
0000,
0000,
0000,
0000,
0000,
0000,
0000,
0000,
0003,
0000,
0000,
00a9,
0000,
0000,
008e,
0151,
0000,
0000,
0000,
0000,
0000,
0031,
0000,
0111,
010b,
0000,
0376,
0321,
039b,
0306,
02f3,
02af,
0309,
0443,
03f7,
02b5,
032b,
0258,
0260,
0229,
03a0,
02da,
004f,
022d,
029f,
0262,
026b,
0367,
024b,
02aa,
03cb,
0219,
033f,
0448,
02b3,
0000,
0000,
0006,
0000,
0217,
026d,
02f4,
021b,
029c,
023d,
031e,
02fa,
02ac,
01be,
0000,
0000,
0000,
007f,
016c,
021f,
01f0,
021b,
01f5,
02a2,
038a,
0386,
03dd,
0080,
0111,
0191,
0000,
011f,
007b,
0213,
026f,
02db,
0328,
02d6,
02ab,
0357,
037a,
0000,
0098,
004e,
0054,
0160,
0163,
00fc,
0317,
0334,
0360,
034f,
02eb,
032e,
036d,
0070,
0110,
0167,
0110,
0172,
0233,
00da,
0102,
0307,
02a3,
02b4,
02dd,
02de,
02d8,
006d,
00ae,
0104,
012c,
0193,
00f8,
016d,
00ab,
0147,
02d7,
02c0,
0225,
02d6,
0235,
01c2,
01a1,
01c7,
01b6,
0062,
009b,
013b,
0118,
0058,
0284,
02c3,
02b6,
0343,
02b9,
0284,
01ef,
014b,
0129,
004b,
010b,
01a6,
0149,
011c,
00a0,
00ca,
0069,
0086,
0237,
02cf,
02e1,
0156,
01c4,
014d,
012a,
0183,
019c,
016b,
0170,
0043,
014f,
0000,
0000,
0293,
037e,
0261,
0132,
0205,
0087,
004f,
00d6,
0104,
0062,
009d,
00e1,
008a,
0000,
0230,
0236,
02b7,
0291,
02bf,
01a6,
01f3,
0051,
007a,
0045,
0101,
01c7,
0089,
0000,
02f0,
02da,
03ae,
02ce,
0363,
020c,
01f7,
01fe,
0179,
02d1,
022d,
0255,
0296,
0273,
03c7,
0271,
0000,
02b2,
023b,
0177,
023c,
0273,
0282,
0340,
00fd,
032c,
01db,
04e4,
0037,
0220,
0000,
0000,
01dc,
01ae,
02a8,
0345,
034f,
029e,
0111,
00fa,
012c,
01c9,
04e2,
02ab,
0000,
0000,
0000,
028f,
0171,
0000,
0251,
0127,
01eb,
024a,
0191,
026f,
0412,
00b3,
0071,
0100,
0000,
01c0,
028f,
0336,
0208,
02ac,
015d,
002f,
0000,
0190,
01d8,
0000,
0000,
0000,
0000,
0000,
03cc,
02f0,
0318,
01b0,
01ec,
0214,
0287,
0311,
0190,
0000,
0000,
0000,
0000,
0000,
0000,
0238,
019e,
0105,
008e,
020f,
02ac,
01c6,
019c,
0000,
0000,
0000,
0000,
0000,
0000,
0000,
0244,
00ea,
0181,
0085,
00ab,
017e,
0103,
0000,
0000,
0000,
0000,
0000,
0000,
0000,
0000,
00df,
0046,
0040,
0000,
0072,
01c3,
0000,
0000,
0000,
0000,
0000,
0000,
0000,
0000,
0200,
0103,
00a9,
0000,
010a,
03e9,
025f,
0000,
0000,
0000,
0000,
0000,
0000,
0000,
0000,
0279,
0000,
0000,
010b,
02f9,
01ce,
0000,
0000,
0000,
0000,
0000,
0000,
0000,
0000,
0000,
0000,
0000,
0215,
03a6,
01e2,
0000,
0000,
0000,
0000,
0000,
0000,
0000,
0000,
0000,
0000,
0000,
0135,
0255,
01ab,
00a6,
03f6,
0270,
0071,
0000,
0000,
0000,
0000,
0000,
0000,
0000,
003b,
02c0,
01bf,
0350,
026a,
0024,
00a7,
02b6,
009e,
02ac,
02b0,
02da,
0338,
025a,
0273,
05ab,
05e7,
05e6,
05d4,
0553,
04ab,
0342,
04d7,
0632,
04fc,
0499,
03f2,
045c,
057c,
04dd,
050a,
031b,
04aa,
050f,
04a4,
036b,
0374,
0463,
03e3,
0403,
0396,
03f0,
04d4,
041c,
0508,
055a,
030b,
026c,
03e9,
0331,
02c3,
032d,
0365,
027d,
0372,
0351,
0324,
03d0,
04d8,
0444,
03c7,
01a4,
0346,
03c9,
03d3,
03ef,
0409,
0245,
01eb,
0242,
027b,
0431,
02ef,
0359,
01f3,
0000,
023c,
04c3,
0414,
033d,
036a,
02a4,
0227,
00e0,
00d1,
03ac,
0126,
002a,
0000,
0000,
0000,
01c0,
0252,
015a,
0139,
0166,
015f,
0002,
00df,
0365,
0048,
0000,
0000,
0000,
0000,
0000,
0130,
0148,
00a6,
00f3,
0106,
0059,
003a,
027d,
003a,
0000,
0000,
0000,
0000,
0000,
0047,
01cf,
01a7,
00f1,
00f2,
0107,
00ad,
01b8,
0075,
0000,
0000,
000a,
0000,
0000,
0000,
012c,
019b,
00e2,
0125,
0145,
008c,
0135,
0204,
00d4,
00e4,
001a,
0000,
0000,
0000,
003b,
005d,
0163,
0109,
0076,
013e,
00fd,
027f,
02c0,
01f7,
0151,
0000,
0000,
0000,
0000,
0000,
0000,
0075,
00fe,
017f,
02c0,
0349,
0202,
0266,
027b,
0143,
00fa,
0018,
004f,
0000,
00b5,
0024,
0139,
02e1,
0187,
021c,
0213,
034c,
0286,
02a1,
0214,
0167,
011f,
01d6,
029f,
01d5,
0151,
0229,
0092,
01b5,
01a5,
017c,
0142,
013b,
0137,
0182,
030e,
0279,
01b5,
0132,
00d5,
00bb,
0041,
0105,
0000,
0000,
0000,
0080,
0000,
0000,
0207,
00d4,
00b0,
0000,
004f,
0050,
016d,
00e5,
0000,
0000,
0000,
0000,
0000,
0000,
0000,
0000,
0080,
0000,
0000,
0196,
0031,
0000,
0000,
0000,
0000,
0000,
00cb,
00a9,
0000,
0000,
0000,
0015,
00e9,
009b,
0071,
0000,
0000,
0000,
0000,
004d,
01f2,
0000,
0000,
0000,
0000,
0000,
0162,
014d,
0000,
0000,
0000,
0000,
0067,
0000,
00c1,
0000,
0000,
0000,
0000,
0000,
007a,
018c,
00c1,
0000,
0053,
0009,
0000,
0039,
0000,
004f,
0021,
0086,
015e,
0061,
00a0,
012b,
0000,
0000,
0000,
0025,
0000,
0000,
0000,
0000,
0172,
007c,
0064,
0094,
023a,
0033,
0000,
0074,
0000,
005f,
0000,
0000,
0041,
0000,
0081,
0175,
0000,
0011,
00ad,
0067,
0000,
0000,
0027,
002f,
0000,
0000,
00a0,
013d,
0000,
00b8,
01c1,
00e0,
0139,
01bf,
0000,
0000,
0000,
0000,
0000,
0000,
0000,
00ac,
0000,
0000,
0000,
0000,
0103,
01c3,
0068,
00f9,
0000,
0000,
00de,
012c,
0083,
0000,
0085,
005b,
0000,
0000,
0042,
02d8,
0000,
0000,
0000,
0099,
018c,
0073,
0000,
0000,
004c,
0000,
0000,
0000,
0000,
0069,
0000,
0049,
009e,
0069,
012d,
0044,
0000,
0000,
0000,
0000,
0000,
0000,
00bd,
0000,
0000,
003e,
0000,
0088,
003c,
0000,
00fe,
0106,
0000,
0000,
0000,
001f,
0025,
00b3,
0142,
0188,
032c,
0299,
02d6,
027f,
038d,
0136,
038f,
02a1,
0345,
03ad,
038c,
035c,
0018,
02fa,
01e5,
02d2,
038d,
032d,
0354,
038b,
03b0,
0345,
02ce,
0287,
026d,
02aa,
03bb,
0389,
0275,
01a8,
02a0,
0326,
0368,
0385,
0355,
030e,
038d,
03ba,
03d7,
04de,
0406,
03ec,
0277,
015e,
020e,
026e,
04b3,
031c,
03cc,
03a9,
0380,
0333,
024a,
040c,
0321,
0308,
02d2,
0152,
0117,
0142,
0412,
031d,
02fc,
033b,
0368,
0381,
031b,
02b5,
0134,
0000,
00d9,
012e,
01c7,
0011,
02d1,
03c3,
0328,
032a,
0290,
0323,
02c7,
0384,
0110,
0078,
006c,
0083,
00e7,
00b8,
00c7,
0273,
03bc,
02a4,
02f6,
02c7,
02b1,
0397,
0159,
0062,
00a2,
0146,
01c2,
013e,
014e,
0105,
02e2,
02fe,
02dd,
0303,
037a,
03c5,
0359,
011e,
003f,
00bb,
0173,
01a7,
0112,
0138,
0213,
0330,
034b,
035c,
0379,
042c,
0488,
0380,
00eb,
0113,
0110,
0043,
007e,
00e6,
011a,
02af,
022b,
0206,
0222,
03f5,
0382,
031e,
00a5,
00e4,
0000,
0058,
0189,
016c,
00a6,
01f1,
012e,
0126,
002e,
02e3,
03b0,
0376,
028f,
01a4,
0042,
0051,
01be,
009c,
0076,
0137,
0019,
006e,
00bb,
00e0,
0465,
03f9,
0414,
03c1,
03e2,
02d1,
027f,
0167,
022d,
021e,
029c,
030f,
0380,
0361,
054c,
04ed,
0586,
04d6,
04f8,
055a,
059b,
04c6,
0501,
0574,
04a6,
0544,
0462,
05ae,
0000,
0063,
0124,
0091,
0080,
0000,
00df,
0017,
0000,
0057,
0068,
00af,
006f,
00c8,
0022,
0128,
00fe,
00ff,
01d1,
0076,
0095,
009b,
0029,
00c4,
007c,
0144,
00d5,
0147,
0120,
0000,
008a,
011c,
0000,
0005,
008a,
005f,
0000,
008e,
018e,
0097,
00c9,
010f,
0038,
004b,
00c2,
00e6,
0078,
0109,
0156,
0000,
0043,
00e4,
00df,
0067,
0069,
00d9,
002f,
0097,
0000,
000d,
012c,
01e6,
0190,
011c,
0139,
0124,
00af,
00b8,
00c5,
00bb,
008a,
013c,
00de,
0080,
009e,
00c5,
00af,
01a2,
0135,
0173,
010d,
014a,
00ad,
0239,
00d0,
00f3,
00ad,
0038,
0054,
0000,
00af,
0196,
00c5,
00fb,
0115,
012b,
0105,
018d,
010b,
0240,
006a,
00f7,
0053,
006e,
0097,
01d9,
010a,
0128,
0129,
0120,
00f3,
0188,
00c4,
0170,
0000,
00b0,
00b1,
00d3,
003f,
0190,
015c,
0158,
00fa,
00a0,
012b,
0229,
00e0,
017a,
0056,
0071,
0068,
0091,
0099,
00aa,
00ba,
0182,
00d6,
00fc,
0167,
013b,
0114,
0193,
0014,
00aa,
00ad,
0091,
0000,
0000,
0005,
00b9,
0030,
00d1,
00bb,
0098,
009f,
00e8,
012b,
01a1,
0118,
007c,
0074,
0068,
0082,
008d,
0000,
00a2,
001a,
00dc,
00da,
009c,
016f,
017f,
017f,
0041,
0098,
0064,
0094,
00b9,
00d2,
00b5,
002e,
0092,
0116,
0168,
019a,
018f,
0164,
018e,
0156,
0162,
0165,
0207,
0137,
0141,
00d2,
01fc,
0229,
022a,
027d,
0121,
00e1,
00df,
002c,
021a,
011c,
005c,
00ee,
004e,
003e,
01f8,
023e,
026a,
0399,
024f,
011c,
0071,
008b,
0091,
00af,
00d3,
00d9,
00cb,
013f,
01e4,
00a8,
02e3,
0292,
026b,
02ee,
012b,
0031,
003c,
0000,
0047,
0000,
00d6,
009e,
0045,
00c4,
0293,
0238,
0259,
024d,
024a,
0072,
0065,
00f0,
00cd,
00aa,
0186,
0237,
01d1,
0246,
026c,
0233,
0290,
020f,
02e7,
0187,
011f,
0114,
0109,
0089,
0021,
00a2,
0000,
01f3,
02c3,
02a0,
0263,
0237,
021b,
0295,
0000,
0000,
0000,
0000,
0000,
0000,
0000,
011f,
02fa,
028f,
027a,
0257,
026d,
025d,
0185,
0000,
0000,
0000,
0000,
0000,
0000,
01d0,
0293,
0222,
0229,
02b9,
0308,
0292,
0253,
00a0,
0000,
0000,
0000,
0000,
0000,
00d1,
0224,
0269,
0286,
0318,
029e,
029e,
0233,
01e8,
0000,
0000,
0000,
0000,
0000,
0000,
001a,
020d,
024b,
02ae,
02ad,
02b9,
0261,
0230,
0165,
000e,
0108,
00de,
0000,
0000,
0000,
022c,
01d3,
029b,
02d6,
0325,
02d9,
027a,
024f,
02a4,
025e,
02f5,
00aa,
0000,
0033,
0233,
01ee,
020d,
02b8,
023f,
02b5,
0282,
030e,
031c,
02da,
02a0,
02ba,
0000,
0000,
006b,
0000,
0000,
01d3,
01b2,
0260,
0324,
02cd,
0267,
01ac,
01b0,
015f,
0000,
0000,
0000,
0000,
0000,
0000,
0000,
0000,
0000,
0000,
0000,
0000,
0000,
0000,
0000,
0000,
0187,
01fb,
0000,
0095,
00f4,
0000,
0000,
006f,
0000,
0000,
00c6,
01f0,
00a5,
0000,
002a,
0459,
0037,
0000,
0134,
012b,
0033,
0284,
0046,
014b,
015f,
006e,
0122,
0000,
0022,
02d7,
0000,
00f3,
004a,
0132,
0000,
010a,
00de,
017f,
0000,
008f,
0082,
0042,
02de,
03c4,
0319,
0460,
0252,
0033,
0000,
018a,
0078,
0000,
0000,
0000,
0000,
01a4,
006f,
0000,
019a,
03f2,
03e7,
0073,
015f,
011d,
0000,
0000,
0000,
0000,
0000,
0000,
0000,
0000,
0000,
022f,
04b7,
001a,
0000,
0026,
012a,
00af,
0000,
01b4,
0000,
0000,
0000,
0000,
0000,
0000,
01b2,
0526,
01d8,
00e7,
0000,
0058,
00b0,
0000,
0000,
0000,
0000,
0000,
0000,
0000,
0000,
0357,
04fe,
0000,
00cf,
0028,
0058,
0000,
0318,
0000,
0000,
0000,
0000,
0000,
0000,
01e7,
042b,
01ba,
002e,
0000,
0072,
0042,
004f,
01fa,
011b,
0096,
0072,
0000,
0000,
013c,
0247,
0455,
0374,
0000,
0000,
00e4,
004c,
00af,
00a4,
0130,
000a,
0000,
0000,
0000,
00e9,
01c3,
0393,
0057,
0079,
00a7,
00b4,
0129,
0000,
00a8,
0000,
0000,
0000,
00a0,
0106,
0000,
0000,
00ff,
0097,
02ad,
0000,
005c,
0000,
0000,
0132,
0000,
0000,
0000,
002d,
0000,
0000,
0000,
0000,
0035,
0000,
0000,
0000,
0111,
0000,
0086,
002d,
0000,
0000,
0000,
0000,
0000,
0000,
002a,
00e7,
00d3,
0000,
00ee,
0000,
0000,
0000,
00c1,
0000,
0000,
0000,
0000,
0000,
00d6,
0000,
00c1,
008b,
016d,
008d,
0000,
0033,
00c5,
0000,
0000,
0000,
0000,
0000,
0000,
0000,
006e,
02a7,
0205,
0000,
004f,
0000,
0000,
0000,
0000,
0000,
0023,
0000,
0000,
00ae,
0000,
02a2,
02a2,
0162,
01d0,
0000,
0067,
0072,
00af,
0000,
0000,
0000,
0090,
0000,
001f,
0037,
0166,
0000,
00bb,
0135,
0182,
0251,
0123,
0000,
0000,
0008,
0000,
0088,
00f0,
0000,
004c,
0000,
00a8,
0180,
0000,
0000,
0000,
0000,
0009,
0000,
0000,
0019,
00d1,
0000,
0000,
006f,
00d3,
0190,
0078,
0000,
0036,
0000,
0000,
0000,
0000,
0000,
0000,
0000,
0000,
0163,
023e,
0000,
0096,
0000,
0000,
0000,
0000,
0000,
0000,
0000,
0000,
0000,
0034,
00c1,
00c4,
0000,
0023,
0094,
0000,
0000,
0000,
0000,
0000,
0000,
0000,
0000,
0008,
0000,
0000,
004d,
0001,
00f4,
00a5,
0000,
0000,
0000,
0000,
0000,
0000,
0037,
0000,
0000,
0000,
0149,
011e,
004f,
00d9,
0153,
0193,
0032,
0000,
0025,
0069,
0186,
0036,
0000,
0042,
002a,
0000,
0000,
006a,
005e,
0000,
0039,
0062,
0000,
0000,
0000,
0000,
0000,
000d,
0000,
0000,
00b0,
0000,
0000,
0000,
0000,
0000,
0000,
0000,
0000,
0000,
0000,
0000,
0000,
0000,
0000,
0000,
0000,
0000,
0000,
0000,
023e,
0249,
0544,
0466,
0348,
015d,
025c,
0344,
02da,
037e,
0461,
0389,
02ff,
03ed,
0222,
02c9,
02f2,
0378,
028a,
02ea,
022a,
0199,
0141,
0385,
029d,
026e,
01bd,
02cc,
02ba,
0238,
0227,
02e6,
01f0,
01a3,
0288,
029a,
0134,
0281,
02c1,
02d5,
00c2,
0159,
029d,
02cd,
01a4,
0185,
0215,
041a,
0357,
029d,
022d,
034f,
023a,
0229,
0000,
0156,
03b5,
02dc,
0011,
0196,
0267,
0389,
03a5,
0232,
0195,
01f2,
00fb,
01c5,
0076,
0000,
029e,
02a6,
0265,
020c,
01ef,
02b2,
0356,
0218,
00b8,
012e,
015e,
01c7,
01a1,
0333,
03e1,
02b4,
0231,
01d4,
027f,
0229,
028f,
04a8,
028c,
0257,
01ce,
02df,
01ba,
02d3,
03d0,
0367,
0304,
0222,
02e8,
025a,
0247,
02a3,
0349,
02bc,
01c1,
0194,
02bf,
02cb,
04ae,
0333,
022b,
02a5,
0313,
0284,
01c1,
028a,
02a9,
0265,
010f,
01d1,
0206,
01fe,
024b,
03df,
03b1,
02ae,
020a,
01d7,
01a8,
018a,
01df,
03b9,
036d,
02f9,
01ca,
01ac,
0253,
01ae,
0217,
020c,
02ad,
0108,
0000,
00af,
00ff,
0253,
0292,
0203,
01ed,
01aa,
0265,
013c,
017d,
02d1,
04a5,
03e7,
0201,
0230,
025c,
027c,
022d,
0236,
01c7,
036d,
021a,
00d3,
01c6,
0234,
03d2,
015a,
014b,
0248,
00fb,
0166,
010a,
01bb,
0092,
01d6,
0198,
0304,
02a9,
039c,
02cc,
014d,
023c,
0147,
019c,
02e3,
01fe,
023e,
01f2,
0209,
0209,
0260,
0127,
0141,
0272,
0273,
00bc,
00ae,
00e1,
01e5,
01df,
01e9,
0316,
01ee,
0213,
0184,
0086,
0196,
0277,
0163,
00d3,
01c4,
0179,
0218,
0206,
0282,
0269,
017e,
01b8,
0170,
02e4,
025b,
017e,
0107,
0215,
01cd,
0240,
021f,
0241,
0202,
0247,
01f2,
0153,
00bc,
03cd,
0163,
0121,
01c7,
0215,
01f3,
01b3,
0207,
016f,
015c,
0259,
029c,
0121,
018f,
01c2,
00c2,
01ed,
024d,
0266,
01cd,
01e4,
023c,
01bf,
0222,
0244,
02a3,
023e,
022b,
01ee,
019d,
01f8,
0234,
023a,
01f5,
02ad,
02be,
02dc,
0201,
01a1,
0151,
026f,
026c,
022c,
0213,
021e,
01cb,
022c,
01bb,
0248,
02b6,
02a4,
024d,
028b,
01c2,
0216,
02c0,
027e,
02b3,
01ea,
0145,
01f9,
0264,
016c,
0281,
0258,
025d,
01e4,
023e,
01df,
0313,
0216,
0230,
019e,
025b,
0202,
028b,
01f4,
0224,
02d3,
02cd,
024c,
02a5,
01df,
020c,
01ee,
029d,
01ec,
027a,
0272,
025a,
020c,
0228,
0210,
0256,
039d,
0285,
01f2,
01a6,
0000,
024a,
01f7,
032c,
02fc,
027f,
02d4,
0277,
0140,
0264,
030a,
02f8,
01ea,
017d,
0069,
0292,
02f7,
02ce,
031e,
0287,
027f,
01f7,
021f,
031b,
02d8,
0232,
0206,
0298,
0271,
0227,
021c,
036c,
01a9,
0263,
0320,
02cd,
0339,
033b,
035f,
02f9,
0208,
0250,
02de,
026e,
0288,
030e,
0286,
02f5,
02bc,
024e,
026f,
024a,
0255,
025b,
0000,
0000,
0000,
0000,
0000,
0000,
0000,
0000,
0000,
0000,
0000,
0000,
0000,
0000,
0000,
0000,
028e,
00fd,
0000,
0000,
0000,
0000,
0000,
0000,
0000,
0016,
0000,
0000,
0000,
02c1,
06aa,
05a2,
0296,
0007,
0000,
0000,
001f,
003d,
0021,
0000,
0000,
0000,
0000,
0000,
05b2,
0567,
04bc,
0286,
0000,
0000,
0000,
0000,
000e,
0000,
0000,
0000,
0000,
0000,
0050,
039e,
04eb,
041c,
0005,
0000,
0000,
0000,
0000,
0000,
0000,
0000,
00f0,
02e6,
03e8,
04a4,
040e,
0574,
02ef,
0000,
00ac,
00cd,
00f8,
00af,
006e,
001d,
0173,
0330,
03f4,
0476,
0485,
04c6,
05c8,
02c8,
003b,
0145,
00d5,
0173,
00fa,
0088,
00c8,
02ad,
0383,
040f,
038d,
0421,
0491,
054c,
0142,
003d,
01d7,
0133,
010f,
005c,
0000,
00c5,
02fb,
035d,
03ec,
0441,
0490,
04e4,
0344,
001a,
0178,
00d6,
0114,
005e,
0000,
0000,
0277,
027a,
02f5,
03f8,
0433,
0538,
04eb,
0366,
02c2,
0214,
0215,
0018,
0000,
0000,
018f,
01f4,
0268,
03c2,
03de,
052b,
04fa,
04ae,
04c9,
03c4,
0402,
00e8,
0064,
0000,
0000,
0111,
0055,
0297,
0408,
04c2,
0400,
0447,
03e8,
036d,
03e7,
0265,
0028,
00d6,
0031,
0000,
0000,
0000,
009a,
0275,
02f9,
028e,
012c,
0076,
00e6,
007b,
0000,
003d,
0000,
004b,
0000,
0000,
0000,
0000,
0000,
0000,
0000,
0000,
0000,
0000,
051e,
0472,
038b,
0462,
04b5,
045a,
02cd,
03a6,
03e7,
0505,
0360,
0353,
032d,
04a6,
0400,
04f5,
03a6,
043b,
0528,
03c8,
03d2,
048c,
040d,
03cb,
0366,
03d5,
03a8,
033b,
03f3,
057d,
077c,
04d8,
01f7,
036b,
0326,
01c7,
033b,
02ea,
024e,
0364,
02e0,
0274,
047a,
03f9,
06a6,
0600,
01f7,
03b1,
0363,
039d,
0326,
03df,
01e6,
0111,
00c0,
0198,
0438,
0227,
024e,
0318,
006d,
0337,
047e,
04a8,
0493,
03a1,
02f1,
02b5,
00f0,
00b1,
0413,
0139,
006d,
015b,
001e,
011f,
023e,
022f,
015e,
0132,
00bf,
01e5,
0068,
00a7,
0450,
0095,
005c,
010c,
00c7,
00cd,
014e,
0249,
0154,
014d,
012e,
00f6,
00c1,
0080,
0343,
015c,
0049,
00ba,
013b,
01f6,
0000,
01ae,
01ba,
0151,
016c,
00d8,
00db,
0082,
0272,
01bc,
00ac,
014d,
01ce,
0115,
0073,
009f,
0262,
0174,
00a9,
0104,
00fb,
0037,
021a,
020a,
0134,
01ee,
01b8,
00f2,
0054,
004a,
01e5,
0200,
01dd,
0194,
0177,
00a9,
0232,
02c5,
02da,
0199,
01a3,
00d6,
0083,
00ca,
010c,
0000,
01bd,
012e,
0207,
0208,
0382,
0386,
02c4,
0357,
035c,
0319,
0267,
01cc,
0135,
0132,
0254,
0159,
024e,
0415,
016e,
02a6,
0251,
0361,
02b2,
03d3,
0286,
033f,
02dd,
0360,
028f,
0226,
029d,
0338,
0062,
00fc,
0180,
00d9,
0000,
00d6,
00f0,
0186,
02bc,
0135,
00fd,
007c,
0000,
002a,
0000,
0000,
0038,
0029,
0365,
003a,
008e,
0068,
0000,
0000,
0000,
0000,
0000,
0000,
0000,
0052,
02dc,
0063,
01e9,
0000,
0000,
0057,
0000,
0000,
0000,
0000,
0000,
0000,
0000,
018a,
03d6,
0000,
02f6,
0000,
0000,
0000,
0000,
0000,
0000,
0000,
0000,
0000,
0000,
0030,
0000,
0000,
0000,
0000,
0000,
0000,
0000,
0000,
0000,
0065,
0000,
037b,
04a3,
01e9,
005f,
0000,
0000,
0000,
00ca,
01e8,
0129,
0000,
0000,
0000,
0000,
0000,
0a64,
05e4,
05a9,
0379,
0000,
0000,
0223,
01da,
0000,
0000,
0000,
0000,
0000,
0000,
0b43,
097c,
05a8,
044a,
040c,
028d,
003f,
0029,
0000,
0000,
0000,
0000,
0000,
01e6,
0755,
0830,
0644,
051f,
0593,
05e0,
01bc,
0000,
0000,
0160,
0000,
0000,
0083,
0000,
021b,
0619,
041b,
0783,
045f,
0394,
0000,
0000,
01bf,
01fc,
0000,
00c8,
0000,
002c,
0000,
020a,
0181,
022f,
0000,
0105,
0000,
0000,
0000,
0000,
0000,
0756,
0c2b,
0057,
0000,
0000,
01f0,
00e3,
061c,
088f,
02fb,
0000,
0000,
0000,
0000,
0181,
0322,
033f,
0000,
0000,
0319,
0000,
07ff,
07ae,
0018,
0000,
0000,
0461,
029e,
0000,
0000,
0000,
0000,
0168,
0339,
0000,
01c0,
0583,
02de,
03ae,
007e,
0103,
0188,
010e,
0000,
0000,
0000,
04a4,
0178,
0228,
00a9,
0000,
0159,
007c,
00a7,
0083,
0000,
0152,
0010,
0000,
0306,
0288,
0337,
01f1,
012e,
020d,
01e3,
02cc,
0083,
013e,
0108,
00f7,
0106,
0147,
0382,
025b,
0264,
024c,
0185,
015f,
016f,
01c4,
0055,
00ab,
00f8,
016b,
01aa,
01af,
0160,
01c1,
029a,
0484,
022b,
0115,
011c,
012a,
01bc,
0160,
0122,
00c0,
0140,
00b0,
00ca,
00b9,
0303,
03df,
02d7,
0218,
000a,
0164,
018b,
0112,
0202,
01f4,
0253,
015e,
01c2,
02f5,
0299,
03d9,
044c,
047e,
0118,
016c,
0192,
01e7,
0204,
028b,
02a0,
027b,
0251,
0493,
0385,
036f,
0447,
0531,
031f,
034a,
02a6,
0294,
02d3,
0269,
01e8,
01f9,
02c2,
03ed,
03fe,
03ab,
03a5,
0431,
050f,
03c9,
01b7,
0224,
024b,
023d,
0236,
01ca,
03c2,
0451,
03ff,
03d8,
0330,
034c,
03e5,
04b8,
0291,
01d2,
0272,
02b2,
015f,
01a5,
02f0,
044a,
044d,
0433,
03c3,
03d8,
049c,
04d6,
0389,
01fd,
015b,
0209,
01a1,
01ff,
0133,
0273,
0517,
047f,
047d,
047e,
0438,
04f6,
0488,
02b3,
01ad,
0255,
0190,
015f,
020d,
01e9,
03e1,
03cb,
0447,
0437,
03a1,
040e,
04a3,
03b0,
0412,
0498,
04d8,
01f6,
020a,
0113,
0342,
03aa,
038e,
03c8,
0478,
04ad,
0461,
0344,
03fb,
0431,
055f,
0390,
0183,
0107,
0135,
00e9,
0116,
02d7,
0302,
03b3,
036a,
0455,
02e1,
0252,
02a8,
032d,
012c,
0090,
00a9,
0000,
0050,
00d5,
00f2,
0175,
014d,
0070,
00b9,
0000,
00a4,
009d,
02b3,
024d,
04d3,
024c,
01ca,
0260,
041c,
03d5,
028f,
0736,
0575,
0518,
0390,
0395,
031d,
0391,
0385,
0245,
01c8,
00ee,
02e9,
04d3,
02b0,
0458,
03cf,
037f,
0313,
029e,
0494,
0000,
0000,
023e,
0021,
0146,
0426,
04b9,
0297,
038d,
0421,
026f,
029c,
02f5,
033b,
026a,
011d,
022d,
01e7,
02f0,
03d2,
036e,
02e0,
026a,
0416,
0159,
0158,
0175,
02f5,
015e,
0000,
037f,
05b4,
03b9,
010a,
024e,
02f3,
02b4,
01af,
01d7,
0326,
0228,
0000,
0000,
009f,
03e7,
04b5,
0401,
01d4,
0081,
02a2,
027c,
0116,
02c8,
0325,
0447,
0000,
0000,
013f,
0416,
03d8,
0237,
01da,
0459,
033a,
0328,
0301,
0399,
020f,
028e,
017c,
0267,
03d7,
03c8,
02a2,
026a,
0481,
035b,
02c8,
0167,
03d1,
029b,
021d,
034c,
03ba,
01c0,
02cc,
01d3,
0392,
044a,
049f,
041d,
01aa,
01b9,
02e3,
0322,
02ef,
027b,
036d,
02cf,
022e,
04b7,
056c,
04b0,
03e3,
0421,
0414,
05cc,
052b,
01e9,
0000,
0226,
040e,
03c2,
0374,
054e,
01ee,
0000,
01e1,
0326,
02f5,
04b7,
0574,
02f9,
0000,
0000,
03b7,
02a5,
0411,
081d,
0270,
03af,
05a2,
05f4,
04f6,
0378,
0404,
0691,
0359,
01c4,
039f,
0250,
035d,
0404,
01b2,
0144,
039b,
06f1,
0636,
041a,
0376,
05a7,
04d6,
052a,
0455,
0125,
0056,
00e8,
01c9,
0400,
029a,
04ae,
043b,
039a,
049f,
023c,
024e,
0405,
01fd,
01ab,
024e,
02de,
0408,
0477,
060f,
02b5,
0414,
0571,
04a4,
059c,
04f0,
02fe,
020a,
0222,
0217,
0206,
0419,
04bf,
04b5,
0506,
04f0,
0493,
048a,
03ed,
03b1,
03bc,
0527,
02a4,
028d,
02a5,
02d9,
03c9,
04c3,
04f5,
05b4,
057d,
06b3,
04e1,
0547,
04e7,
041a,
02b6,
021f,
01e7,
019e,
01c4,
045c,
042e,
030e,
040f,
049a,
03b1,
02dd,
0275,
02dd,
0211,
01cc,
01aa,
01cd,
015f,
028d,
02d7,
0296,
03a2,
0457,
052f,
04f4,
0761,
0331,
00f2,
01d5,
010b,
0104,
0160,
0170,
05e1,
0643,
05b4,
05d6,
05bd,
067f,
06a5,
053e,
0096,
016a,
0183,
013d,
00b1,
017b,
0443,
05cd,
0594,
05d9,
05a7,
0532,
0670,
03de,
0240,
021b,
01d6,
00e1,
0046,
012d,
0212,
0566,
0795,
0636,
0569,
0568,
06e1,
04da,
0261,
01a5,
0129,
0060,
011b,
0103,
0211,
030c,
06cd,
071a,
0724,
06cc,
06a9,
066a,
0637,
0212,
00b9,
00ef,
0192,
0180,
01ae,
01e8,
0462,
06d0,
0584,
05ce,
0711,
072a,
06d1,
01cc,
01ca,
016f,
0230,
0168,
0181,
016c,
01f2,
01b5,
0168,
01be,
055c,
05ae,
04bf,
021e,
02c9,
021e,
01d1,
021b,
01bf,
01ce,
00fe,
00c7,
0109,
01b4,
021d,
0696,
05d5,
04f0,
05d3,
0553,
02c4,
02f8,
0218,
0137,
01d3,
0317,
0434,
0404,
0491,
089f,
0850,
082f,
07ed,
07ff,
0766,
06eb,
06d3,
07cc,
082c,
0897,
07a0,
083e,
091e,
029b,
02d5,
02e2,
0305,
03b3,
0460,
0366,
0388,
037f,
02af,
0248,
02de,
028d,
02dc,
0243,
031c,
0306,
02f3,
0335,
0256,
0309,
0390,
0354,
02cc,
021d,
025e,
0292,
022b,
0294,
02a4,
0368,
026c,
02ec,
01f3,
01dc,
0232,
0239,
0261,
0122,
0262,
017e,
0295,
021e,
03f4,
0327,
02d9,
02a4,
01ea,
01fe,
020d,
0296,
02a8,
01df,
0168,
0147,
029c,
031a,
035f,
03bb,
026a,
0042,
0112,
0234,
032a,
032a,
02a2,
022d,
0186,
019e,
01d0,
029a,
024b,
01f1,
017c,
00aa,
00a7,
0246,
01ac,
00cb,
0061,
0074,
00e3,
00d8,
0166,
01ab,
023f,
012e,
013f,
0177,
011b,
00ce,
015a,
0088,
0053,
00ae,
0058,
0069,
0142,
0230,
01ae,
00ec,
00c7,
017d,
020f,
015c,
00f3,
018f,
00ef,
0088,
0087,
010f,
0068,
019f,
018d,
018b,
018b,
0208,
0139,
0074,
00d3,
0170,
0112,
0118,
00e7,
0090,
0084,
018b,
019d,
022a,
01aa,
0180,
0142,
00f2,
0044,
00f7,
01d6,
021c,
0200,
01ae,
01a6,
002e,
00f0,
02dc,
02f4,
01be,
00ff,
016a,
0152,
00ed,
0171,
018a,
01e0,
01db,
0217,
024f,
0254,
0388,
0280,
01c1,
0237,
017c,
014e,
01cd,
0275,
0221,
01c9,
01b5,
031a,
00df,
018d,
0145,
0197,
01f5,
01f2,
036a,
025d,
0211,
01f2,
02c0,
01e3,
028b,
0275,
012c,
016e,
00e0,
01be,
0128,
0116,
015b,
015f,
01b9,
00a0,
0124,
01af,
0177,
01ce,
01ae,
007e,
0150,
02fd,
01c0,
0149,
0106,
0227,
0051,
0037,
00a5,
013d,
0085,
0087,
022f,
0140,
0201,
019f,
0070,
0200,
02a4,
01b1,
00cb,
019a,
0157,
029b,
02bc,
0054,
0000,
0015,
0000,
0000,
0000,
021d,
00cd,
01b4,
0041,
0162,
00b8,
002b,
0109,
0026,
009e,
0055,
0000,
0000,
0000,
03b1,
006a,
00cd,
0000,
005e,
006a,
00d9,
00f9,
022b,
0365,
0128,
0000,
002a,
01f4,
024b,
01a2,
0117,
01ad,
0000,
0132,
0048,
0071,
00f9,
05d2,
0322,
030d,
0329,
0024,
0197,
01bf,
0005,
0000,
0095,
00ee,
013e,
00e9,
0002,
0678,
04fc,
0375,
02f5,
0278,
0286,
00bc,
0315,
021a,
0090,
0000,
016d,
0102,
00c1,
04a6,
040f,
043f,
027b,
02e2,
0369,
0199,
0118,
030d,
00e7,
0034,
0000,
006f,
00a1,
01cc,
0448,
0345,
0362,
02ee,
01da,
00f4,
00b3,
028f,
02f1,
0094,
0000,
0000,
0000,
0000,
017b,
0144,
02c3,
01cf,
01b8,
0139,
0000,
00c3,
02a7,
02d4,
023d,
04ab,
0215,
0000,
00df,
02f1,
01c1,
0519,
049b,
0310,
00f6,
0143,
0004,
016e,
014e,
02f7,
03eb,
0000,
0003,
01b6,
01d0,
05ab,
03d6,
0014,
0255,
01e9,
0257,
02d6,
02cf,
0019,
041d,
0000,
0000,
0077,
0000,
0000,
01d5,
01ea,
032e,
01d1,
018a,
014c,
016a,
00b0,
019b,
0000,
00ee,
0000,
0000,
0000,
0000,
0000,
0000,
0000,
0047,
0000,
0000,
0087,
0000,
0090,
013f,
0155,
0025,
0086,
00b9,
005f,
0000,
0000,
0147,
0000,
0003,
0002,
00ac,
0194,
049a,
0436,
0221,
0265,
0000,
0024,
028a,
0001,
0056,
0000,
0000,
00a0,
0190,
01dd,
0648,
05c8,
05be,
056b,
0283,
011a,
01e6,
0190,
00d9,
0149,
004c,
0156,
017e,
00f7,
029f,
076c,
058b,
0566,
04b8,
0253,
01eb,
0152,
010f,
025f,
00da,
009b,
01b1,
03b7,
0329,
02df,
03e7,
03c6,
0517,
0478,
01bc,
015b,
021e,
0289,
0316,
01f6,
012a,
0528,
051d,
02cf,
02e4,
0294,
03a2,
05e3,
04f4,
0256,
0197,
02eb,
02aa,
020c,
02aa,
02d0,
0269,
01b2,
01e3,
01c4,
01f1,
0363,
02f6,
023e,
018c,
01a8,
01fd,
01d7,
020a,
054c,
0393,
02f1,
02f7,
012f,
01ab,
020d,
02a3,
033d,
0279,
022f,
0238,
00f5,
01ba,
03b2,
042b,
02d0,
02ed,
02dd,
03a1,
029f,
02e1,
0454,
041a,
024e,
02d2,
0262,
0339,
02cf,
04f8,
0521,
0387,
036b,
028e,
012d,
023d,
02cf,
0329,
026e,
0258,
03f4,
0444,
0222,
022d,
029e,
02c7,
024d,
0204,
01ef,
015f,
0199,
01e3,
026c,
0304,
0508,
05a7,
0130,
00b9,
0303,
054a,
03bf,
04a3,
058e,
034c,
028d,
02da,
0178,
0276,
041f,
05cf,
0196,
01a1,
03ac,
0349,
034b,
0577,
0354,
04e7,
03c9,
0552,
03a4,
0344,
04d4,
04bd,
021b,
036e,
02f1,
0319,
0157,
01f7,
03db,
0434,
0403,
035d,
031a,
02e4,
01e5,
032e,
02a2,
01b2,
0362,
01bb,
01ee,
0068,
00bb,
0204,
0276,
00ae,
0227,
01e7,
0163,
0128,
00f1,
02bd,
02b6,
0056,
03f8,
0260,
003a,
00d5,
0114,
0060,
0230,
01bb,
0192,
01eb,
0100,
02ae,
02a2,
011e,
03d9,
0113,
011a,
004e,
0209,
00c2,
01b4,
01cf,
021c,
01f8,
0236,
0242,
0098,
0000,
0087,
0000,
011c,
0232,
01d0,
00ef,
017b,
02c4,
015f,
035a,
045c,
0213,
02f9,
017a,
0061,
0000,
0231,
023f,
0235,
0334,
025a,
0140,
028e,
0237,
0458,
025a,
031f,
0143,
019b,
00e7,
0000,
017e,
02e3,
021b,
0109,
0102,
011b,
0072,
0521,
03c8,
0283,
01ed,
01ff,
01cc,
00d3,
0000,
0059,
00dd,
018f,
0168,
012a,
013e,
02fc,
01eb,
0180,
0254,
03d1,
024a,
00e0,
006e,
0000,
011d,
0107,
015b,
0248,
013c,
003c,
00e3,
01aa,
0325,
02c8,
0182,
00cc,
0058,
002a,
0000,
0103,
019d,
00ed,
0126,
00a3,
0000,
0034,
0000,
0045,
0130,
019b,
00bf,
0079,
0000,
006b,
0333,
02cf,
0120,
0151,
0000,
0000,
0000,
01fa,
0503,
0240,
00ba,
008c,
0035,
00b8,
0203,
0166,
0163,
00d1,
0062,
0066,
0140,
0164,
02ba,
015a,
0008,
0000,
01d4,
00f0,
0000,
0052,
0000,
0157,
0206,
0402,
02eb,
00e1,
0305,
0000,
0059,
01a9,
0403,
02e1,
01d1,
00ae,
00b9,
0170,
0246,
026d,
017b,
01f7,
01a3,
00d9,
0075,
020c,
03c9,
0165,
0216,
018b,
00af,
00e7,
025b,
0000,
00e7,
02f1,
022f,
03d9,
0036,
0200,
0338,
0351,
03b6,
04a7,
033e,
0038,
0089,
0000,
008a,
0154,
024f,
0362,
0278,
02c4,
034d,
02f2,
03e9,
0317,
021d,
02bb,
0199,
032b,
0053,
0000,
015e,
0445,
0362,
025e,
0279,
02f1,
0339,
011d,
0348,
0306,
022f,
0359,
02c8,
0125,
0000,
03fd,
029b,
02f6,
02e1,
0287,
0143,
00f6,
01d3,
0000,
00d9,
00af,
008b,
0057,
0000,
0250,
01e8,
01f1,
0292,
0207,
02f8,
008e,
0000,
013d,
0000,
0000,
007f,
015c,
0000,
0052,
018f,
0101,
00e5,
00c3,
0247,
020b,
018a,
01c6,
0000,
0024,
00fb,
0113,
0052,
0023,
0000,
00f2,
02f3,
02ab,
01a4,
0151,
02b6,
003d,
00a6,
0046,
011b,
0012,
00c6,
0146,
00a3,
0000,
0307,
02a9,
0208,
0256,
02c7,
0028,
0000,
001b,
0029,
0014,
0186,
00c9,
012c,
0000,
0175,
0262,
01fa,
027f,
022e,
039c,
01b9,
0000,
0000,
006b,
0080,
0058,
00f5,
0094,
00a6,
013f,
0016,
0056,
0155,
0228,
02a4,
000b,
01dd,
0000,
0000,
0000,
00fb,
008e,
018f,
0002,
0000,
0000,
0000,
033a,
0276,
0138,
0194,
0000,
0000,
0185,
0067,
0096,
0136,
003d,
0072,
0076,
0000,
0333,
02d8,
016f,
01b4,
0181,
0000,
00f0,
00e9,
0064,
0000,
0000,
00ae,
009c,
0000,
01d9,
0250,
031f,
02df,
0334,
0379,
02b0,
017d,
02b0,
0115,
0228,
02a3,
0174,
0275,
029e,
021c,
0300,
0063,
004a,
00be,
01b6,
027c,
02db,
008a,
0141,
0000,
00bb,
0108,
03ad,
0140,
00cc,
0176,
0000,
0000,
0000,
00f2,
0000,
002b,
012b,
0000,
0115,
037f,
00cb,
0000,
0000,
0000,
0000,
0000,
0037,
00be,
0000,
0000,
0000,
00b5,
00a8,
0086,
0000,
0000,
0000,
0000,
0000,
0000,
0000,
0000,
0000,
0000,
000f,
01ef,
028e,
0204,
0000,
011a,
003a,
0000,
0000,
0000,
0000,
0000,
0006,
014e,
00be,
007b,
0108,
0139,
0000,
0000,
0000,
0000,
0000,
0000,
0037,
00bc,
0000,
0000,
006f,
0000,
0000,
0028,
0000,
0000,
0000,
0000,
0000,
0000,
0063,
0000,
0000,
0000,
0000,
0000,
0000,
0000,
0000,
0000,
0000,
0000,
0000,
0000,
0000,
0000,
0000,
0000,
0000,
0000,
0000,
0000,
004f,
0000,
0000,
0000,
0000,
0000,
0000,
0000,
0000,
0000,
0000,
0000,
000b,
0000,
0000,
002f,
0000,
0000,
0000,
0000,
0000,
0000,
00aa,
0000,
0000,
0000,
0000,
0000,
0000,
0000,
0000,
0000,
0000,
0000,
0000,
0000,
0000,
0000,
0000,
0000,
0000,
0000,
0000,
0000,
00cb,
0000,
0000,
0000,
0000,
0000,
0000,
0000,
0000,
0000,
0000,
0000,
0000,
0000,
0000,
0000,
001f,
0000,
0000,
0000,
0000,
0000,
0000,
0000,
0000,
0000,
0032,
0000,
0000,
0000,
0000,
0000,
0000,
0081,
0000,
0000,
0000,
0000,
0000,
0000,
010b,
00b0,
00c8,
007e,
0070,
00ac,
0113,
0185,
0123,
0313,
033a,
01a3,
0061,
0154,
0194,
015b,
0000,
00de,
0189,
00b4,
01cc,
00dc,
00a5,
02cb,
023d,
0173,
0130,
02f7,
01a6,
007c,
0000,
0141,
0000,
0114,
0122,
0140,
0089,
019e,
02b7,
021d,
035d,
0201,
01cb,
0000,
0000,
0000,
0101,
02b9,
01a1,
00f3,
0091,
00f5,
017f,
0296,
0350,
016c,
01f5,
00c9,
0143,
025e,
03fc,
0363,
017d,
00e0,
0076,
011c,
01fa,
0139,
0217,
02a7,
01e6,
01e0,
025b,
03f8,
03a1,
037d,
026e,
01b1,
01ff,
02cc,
0239,
015d,
01fa,
01e5,
01b6,
02ba,
033f,
0453,
037a,
02cf,
0312,
0278,
01e1,
01d9,
01f1,
01f7,
029f,
0201,
013e,
039d,
0347,
041f,
039e,
02e1,
02f8,
02f1,
02e1,
01c3,
023e,
01c1,
01dd,
024a,
0203,
0447,
035f,
038e,
0278,
02c7,
033d,
0383,
03a3,
0199,
0157,
01c6,
0244,
018c,
01a4,
02dc,
0218,
030e,
03d8,
03a7,
03cd,
03a9,
031e,
02a2,
01a2,
0258,
03ab,
022f,
03a4,
03e2,
027b,
018b,
042c,
04a6,
0385,
028d,
02bc,
02f6,
02ce,
0240,
0337,
027d,
0156,
0359,
01dc,
0280,
0320,
0348,
0249,
036e,
0222,
020b,
0314,
045a,
02b0,
020f,
00ff,
01e5,
0260,
01fd,
01ad,
0176,
0103,
02ae,
0310,
0245,
0254,
0392,
0291,
028c,
007c,
0098,
00ee,
001a,
0139,
0168,
006e,
020b,
00e3,
013a,
019f,
0000,
0054,
0141,
023d,
0217,
0257,
02b7,
01a7,
016b,
0275,
030f,
024a,
018f,
01ba,
01aa,
0186,
0233,
025a,
0230,
02ec,
0232,
0202,
02f5,
0247,
0168,
01a2,
01c7,
0294,
028c,
01b9,
02b2,
021c,
00f6,
007c,
012a,
01e6,
0246,
01ea,
0222,
0211,
023b,
0244,
0253,
018b,
025f,
01d6,
012a,
0000,
0123,
0119,
0160,
013b,
01c2,
018d,
028b,
01ef,
033a,
026e,
02c2,
017e,
0181,
0080,
01e6,
0222,
012e,
0178,
0214,
0203,
01cc,
01df,
0230,
0349,
0351,
0157,
02e7,
0249,
0168,
0222,
020c,
0191,
0366,
0369,
02b3,
02bb,
02da,
03c7,
039c,
023f,
029e,
02ac,
01f0,
023b,
0265,
0239,
01c6,
024a,
03d7,
0357,
0300,
0302,
03db,
01c9,
01b9,
01ff,
0195,
022d,
02b1,
0307,
01b3,
020c,
03d4,
02a0,
02b8,
0316,
02f1,
033f,
017d,
0258,
0267,
02ae,
01f3,
027f,
01d0,
0192,
03af,
0306,
02d7,
02c0,
03e4,
021f,
024e,
0316,
01ac,
00d1,
0231,
02e8,
0226,
01ab,
023c,
0321,
0374,
02ac,
0230,
02fc,
0226,
0266,
0283,
014f,
01ff,
02af,
0287,
01f5,
02b4,
028a,
0200,
0194,
01fb,
024a,
02b8,
032e,
01d7,
024c,
01fe,
00bd,
015d,
02f9,
0264,
01d6,
00b8,
00b9,
01bb,
03bd,
0378,
034e,
02a7,
03bb,
0323,
02ab,
016a,
0145,
011b,
01b7,
01d0,
010a,
00b9,
0366,
031c,
0401,
03c5,
03f3,
035c,
0386,
0381,
026b,
0352,
0345,
0345,
034f,
0386,
0000,
0148,
0008,
005e,
0029,
0000,
0000,
0000,
0000,
0284,
00f0,
0000,
0000,
003a,
015b,
01cc,
01e0,
0000,
0000,
0000,
0000,
0000,
0000,
0000,
0000,
0000,
0000,
00c9,
0000,
047b,
034f,
0341,
0370,
0148,
00c2,
00bb,
0000,
0000,
0000,
0000,
0000,
0000,
0088,
006b,
0234,
00dd,
0400,
0350,
0182,
01e6,
0065,
003f,
00ce,
0000,
0000,
0000,
02c7,
0000,
0000,
02f7,
03d9,
02ee,
01a4,
0000,
0000,
0000,
0000,
0000,
0000,
0000,
04e0,
03f4,
02a1,
0528,
0370,
0458,
0314,
0000,
0000,
0000,
0000,
0000,
0000,
0000,
01a6,
031b,
02c6,
040d,
043b,
03db,
03c6,
016c,
0000,
0000,
0000,
0072,
000d,
0000,
03be,
0428,
03bb,
038e,
029e,
03a9,
03d2,
02cc,
0108,
0000,
0000,
0000,
0000,
0000,
0000,
02f2,
0328,
0424,
0380,
0474,
0388,
02b0,
03b8,
0000,
0000,
0000,
0000,
0000,
0000,
0191,
03f0,
03a0,
0390,
02c1,
0197,
01cb,
039f,
0072,
003f,
0024,
010d,
0000,
0000,
0000,
01f9,
01ff,
0263,
026a,
01df,
0152,
0255,
0269,
0277,
02a7,
03d8,
0177,
0000,
0000,
0000,
02db,
03c7,
059b,
045c,
037b,
02f4,
0394,
0385,
045d,
03a2,
02d3,
0000,
0000,
0000,
0000,
0000,
0120,
00d0,
0419,
02a1,
02b7,
0165,
01de,
0189,
01d6,
0000,
0000,
0000,
0000,
0000,
0000,
0000,
0000,
0000,
0000,
0000,
0000,
0000,
0000,
0210,
031c,
0291,
024c,
0265,
038d,
0273,
04ab,
0296,
01fd,
033b,
0218,
029d,
0294,
02b8,
0289,
0274,
0269,
01db,
0199,
01ef,
025c,
024b,
02d1,
029b,
0276,
02a5,
0307,
019a,
01ee,
00e8,
00f9,
02f5,
019a,
023b,
02eb,
0182,
01dc,
015d,
0292,
0216,
0289,
01af,
031e,
0267,
017d,
02c6,
0165,
0208,
026e,
02ef,
0204,
0326,
02fd,
034f,
03c8,
0308,
0443,
04b2,
0295,
01af,
013f,
021d,
0287,
01f0,
02aa,
02b1,
0223,
01ad,
00f0,
024d,
022e,
02ce,
018f,
0240,
0138,
01d7,
0158,
0040,
0062,
008f,
0055,
0000,
006d,
0178,
029f,
0218,
021f,
01c5,
01ad,
0000,
0005,
00c2,
0000,
0000,
0045,
0022,
0000,
030d,
022b,
026f,
0263,
027e,
0163,
00c6,
0000,
0092,
0000,
0000,
009f,
00de,
002d,
0255,
0350,
03e0,
029b,
027c,
01ac,
01ea,
0061,
0000,
0000,
0000,
005c,
0041,
0000,
0040,
01f7,
042f,
0401,
033d,
0294,
0189,
0185,
0000,
0000,
00a9,
00bf,
0000,
003d,
0000,
0070,
03d1,
059e,
0399,
0250,
0231,
01ee,
00f2,
00c6,
0197,
0130,
0122,
00f9,
0189,
01b8,
02dd,
0454,
03c6,
0373,
0387,
02db,
01a2,
0194,
0292,
0272,
01a0,
01da,
0017,
00a7,
0160,
00a8,
0121,
02da,
0483,
03cc,
022e,
0214,
0399,
035d,
0210,
014d,
0000,
0000,
0000,
0000,
0000,
0008,
0095,
00d7,
0086,
0000,
0000,
0000,
0000,
0000,
0000,
0000,
0000,
0000,
0000,
0000,
0000,
0041,
0000,
0000,
0000,
0000,
0000,
0000,
0096,
0000,
021a,
0093,
0000,
0000,
0000,
0000,
0000,
0000,
0000,
0000,
0000,
0000,
0000,
0000,
0000,
0146,
0482,
003e,
0000,
0000,
0000,
0000,
0000,
0000,
0000,
0000,
0000,
026c,
028a,
00a0,
028d,
0157,
0000,
0000,
0000,
0000,
0000,
0000,
0000,
0000,
0088,
0324,
0476,
0123,
001a,
01f6,
0000,
0000,
0052,
0000,
0000,
0000,
0000,
0000,
0000,
000f,
00fa,
0036,
0016,
0190,
0000,
0000,
0000,
0000,
0000,
0000,
0000,
0000,
00e2,
00e8,
0000,
0000,
0000,
0107,
0056,
0123,
0000,
0000,
0000,
0000,
0000,
0000,
0198,
0000,
0000,
0000,
004c,
0096,
0000,
0000,
0041,
0000,
0000,
0000,
0000,
0000,
0000,
0000,
0104,
0000,
005e,
0000,
0000,
0000,
012c,
0000,
0000,
0000,
0000,
0000,
0000,
0000,
00a9,
0108,
0000,
0000,
0000,
0000,
0029,
0120,
01c9,
004f,
0000,
0000,
0000,
0000,
0332,
0123,
0130,
013e,
0127,
0087,
0000,
0000,
0148,
0116,
012c,
00e8,
0000,
0000,
012e,
0000,
0000,
0000,
0000,
0000,
0000,
002b,
0039,
0000,
0000,
014f,
0000,
0000,
0000,
0000,
0000,
0000,
0038,
0000,
0000,
0089,
0000,
0000,
0000,
0000,
0000,
0000,
0000,
0000,
0000,
0000,
0000,
0000,
0000,
0000,
0000,
0000,
0000,
0000,
0372,
034e,
031b,
051f,
0449,
03ee,
036c,
022e,
0413,
0564,
0351,
0485,
0394,
038f,
0241,
02e8,
0000,
0269,
041c,
0490,
0373,
0290,
04b8,
0371,
039d,
0348,
0285,
0207,
0447,
02be,
0211,
0172,
0000,
0385,
03c6,
031a,
0503,
04a7,
0353,
034a,
0338,
0337,
03e7,
0015,
015a,
014b,
015e,
03a3,
041f,
04a9,
03b5,
044f,
023d,
00e0,
003f,
010a,
03c8,
0041,
0061,
0257,
0238,
0280,
0461,
03d7,
03b2,
0224,
0242,
0287,
0255,
034c,
026b,
014d,
01ac,
02a2,
0176,
0256,
02b9,
04a3,
0493,
042b,
041f,
0449,
04d6,
0520,
035a,
0160,
0192,
0255,
026c,
024c,
0224,
03c8,
056b,
0541,
059c,
052b,
052f,
058a,
0303,
012a,
01f7,
01af,
01ed,
0227,
0274,
022f,
049b,
05d2,
051c,
04f6,
04cc,
0527,
0394,
01ed,
01f2,
01f3,
0266,
02bf,
021b,
02b7,
0285,
05b0,
05a8,
0512,
04bf,
0585,
051a,
03d8,
02e8,
023e,
020b,
020f,
01da,
01e4,
0259,
0400,
0580,
0488,
048d,
0595,
053f,
04f0,
0268,
02de,
0294,
01ef,
0226,
0252,
02c4,
0292,
0267,
0270,
026f,
04d3,
059e,
0493,
01ac,
0245,
0275,
024c,
0313,
021f,
0275,
01eb,
0237,
019a,
0238,
034b,
0504,
0508,
038b,
0521,
049a,
02d1,
02b7,
01d7,
0170,
01f7,
0277,
0287,
03c0,
0425,
0583,
057e,
04ed,
05f4,
05d3,
04d6,
0499,
0434,
0465,
04ce,
0544,
05ab,
054e,
0574,
01ce,
017c,
0298,
0303,
0447,
0557,
0710,
043d,
03e7,
04d8,
04c1,
05a9,
0559,
0353,
029b,
0298,
0363,
029c,
0479,
0586,
064a,
0669,
053d,
04aa,
044c,
046e,
04b1,
0483,
055a,
024b,
018b,
0183,
041b,
0587,
05e9,
05fb,
06a0,
05d7,
072d,
0569,
0610,
0670,
062f,
0513,
01e9,
01bf,
01d5,
0150,
050e,
0509,
0499,
04d3,
064e,
0608,
050a,
0489,
03b7,
03e2,
0323,
0170,
01cb,
004b,
0299,
03ca,
0379,
04aa,
062b,
0744,
06ad,
085e,
03b4,
01f6,
023a,
00d0,
01a1,
0050,
000c,
05dc,
0634,
05e8,
065c,
0651,
065e,
06cf,
0550,
00f0,
01c6,
00d0,
00d7,
0076,
0052,
02fb,
05bc,
050f,
0538,
051f,
04f9,
06b2,
0413,
01cc,
016e,
015a,
00c9,
0000,
00b9,
0184,
0492,
070a,
05a2,
0575,
059f,
0740,
0586,
022c,
015f,
0139,
0049,
0044,
00d4,
0107,
0299,
0665,
0645,
06b3,
06a4,
069d,
0674,
0655,
0229,
00eb,
009b,
00e5,
00db,
00c9,
0126,
031f,
04f1,
0326,
0355,
06cc,
067c,
06b8,
0357,
0243,
004e,
00e0,
00b9,
0094,
00dd,
0144,
00ec,
0089,
004e,
04f8,
0562,
053e,
0470,
031e,
018d,
00a2,
00ed,
00be,
01ad,
00ad,
0000,
0005,
00d6,
0180,
06ec,
05a8,
04d9,
04fa,
04fc,
0343,
03b8,
01e9,
0160,
01f1,
02ed,
0387,
02b1,
040a,
084d,
07a0,
0754,
0735,
07cc,
080f,
0782,
06af,
0766,
0765,
08a0,
078e,
0812,
08f2,
0716,
066a,
07ef,
05b3,
033c,
024f,
0433,
0365,
05fe,
049e,
054d,
0472,
0518,
0555,
0655,
05be,
01fd,
055e,
046f,
0431,
034a,
0416,
0386,
03b0,
0535,
044f,
043a,
05cc,
03fb,
0210,
0000,
02b4,
00d9,
0409,
042e,
030e,
0218,
02ee,
02fe,
0353,
0309,
0371,
03bd,
00c7,
0000,
0000,
0000,
02ba,
0404,
033b,
02ab,
0292,
01e0,
026e,
01f4,
0284,
0378,
01d5,
0008,
0000,
0057,
033b,
03fc,
0280,
0213,
01d2,
01f8,
0192,
025d,
032c,
00a5,
0000,
0000,
0000,
001c,
0183,
0420,
03a7,
028f,
027c,
021f,
0223,
0228,
025c,
00c6,
0000,
0000,
0062,
00d1,
0075,
0317,
05b3,
043e,
02cb,
02c2,
025d,
029d,
0277,
0164,
00a9,
0101,
005c,
0000,
0000,
0150,
03a9,
048b,
0360,
02bf,
025a,
01ed,
0348,
0250,
011b,
0000,
0000,
0000,
00d2,
00d1,
0241,
04f9,
03d1,
01e9,
025a,
02d1,
02e7,
02e6,
02a7,
0059,
0028,
0074,
0061,
0066,
0065,
041f,
027f,
0195,
0184,
0189,
029c,
03ca,
03f5,
012d,
003a,
0000,
0000,
003d,
0002,
012b,
0163,
0089,
016d,
00a9,
0050,
0276,
03cb,
02b1,
00db,
01b8,
001c,
0054,
0000,
00fc,
0000,
0000,
00d7,
01ea,
0000,
0430,
02d6,
0290,
0280,
032a,
0262,
0098,
001d,
0000,
0079,
005b,
01d6,
0199,
01c6,
0397,
02b6,
032e,
01f3,
0363,
03ad,
029b,
033e,
02c5,
03bf,
0335,
02b0,
030d,
035f,
0118,
01d0,
02cc,
01b4,
00ce,
0043,
0195,
0107,
010f,
0051,
00a4,
00f2,
0153,
020a,
0048,
0042,
03ee,
02cc,
0000,
0000,
0000,
0185,
0230,
011b,
02b2,
009b,
0000,
01b9,
0000,
0000,
0005,
01a0,
020c,
001c,
0099,
00d3,
0092,
0054,
0031,
0169,
007c,
0065,
0000,
0000,
0001,
007e,
01af,
0000,
0000,
01a6,
01d2,
0049,
0000,
00ac,
0003,
02e9,
0122,
0087,
0000,
0000,
0000,
0000,
002b,
0210,
021c,
005b,
0000,
0000,
0091,
0180,
0000,
0000,
007b,
0122,
0000,
0000,
021d,
00e1,
013f,
002e,
0000,
0000,
00d4,
0037,
0000,
0000,
0038,
017c,
01a8,
0006,
004c,
01b0,
00f3,
000e,
0131,
0000,
0003,
0000,
010d,
0047,
0315,
026c,
01b3,
004b,
00b3,
0000,
011a,
0000,
00a9,
0000,
0000,
0000,
01d7,
01a0,
028c,
0000,
001a,
00c5,
002f,
0000,
0004,
00a8,
019d,
00f1,
0062,
0000,
0000,
0000,
00af,
025b,
0120,
00b0,
0000,
0000,
0000,
0181,
0582,
0407,
01b1,
0000,
003e,
0000,
0156,
0000,
00d9,
0000,
0000,
0011,
0000,
0000,
02bb,
0174,
0000,
0000,
0000,
0000,
036c,
01fc,
02ba,
00b1,
01cf,
0115,
0000,
0057,
037b,
0276,
0041,
0000,
0000,
007d,
0321,
02f0,
01b6,
0078,
01ed,
017e,
00fd,
0075,
020b,
0436,
02ea,
0172,
02e2,
01ac,
0101,
0131,
016c,
0243,
02f7,
0457,
052b,
0346,
0353,
02c7,
03df,
028a,
0361,
0233,
022a,
01f8,
014a,
0084,
0095,
00ab,
0054,
0000,
00ca,
0000,
0000,
0168,
02a2,
010e,
0000,
0199,
0018,
0249,
00d5,
0000,
0000,
0000,
0002,
00bd,
0084,
0000,
007e,
00b7,
0012,
010c,
0000,
0121,
007c,
00dc,
0064,
0003,
0000,
0000,
0000,
0098,
010f,
0000,
00c5,
003e,
013f,
01b3,
0000,
012e,
01ea,
002c,
0000,
00ed,
0000,
009d,
0072,
00e8,
01dc,
00bc,
0190,
022c,
012b,
00be,
00d7,
0000,
0000,
0065,
0019,
005b,
024f,
0265,
0063,
01bf,
01d7,
02c4,
0122,
0066,
0133,
01a6,
0188,
0163,
00f9,
00e9,
00fc,
021a,
0157,
01cf,
01b4,
02bd,
027e,
0048,
012b,
01f7,
01ff,
01d4,
02b2,
026d,
00e2,
0117,
0189,
0177,
016e,
01c6,
0210,
01b6,
00dd,
0146,
0259,
01f3,
013f,
030d,
00ef,
00e8,
025a,
01e3,
02bc,
0276,
02dd,
01a8,
01ca,
00ec,
0105,
0000,
00c9,
0251,
0211,
0000,
0148,
026d,
02f1,
0253,
0176,
0185,
0205,
0000,
0000,
0000,
0000,
008f,
0285,
01d1,
0122,
00d5,
0229,
0119,
0101,
0197,
01e8,
0061,
00eb,
01bf,
019b,
0052,
01e7,
0152,
00fd,
0000,
0173,
00fd,
00f4,
01a1,
0145,
013e,
0206,
01ce,
01b3,
01c9,
01f5,
0000,
0000,
00da,
0184,
00b2,
0117,
00a7,
0000,
0069,
0000,
0000,
001f,
0000,
00c1,
0000,
0000,
001d,
011b,
00c7,
0000,
0000,
0000,
0000,
0000,
005f,
0104,
0000,
0106,
0124,
042b,
020f,
01c6,
0000,
00d4,
0000,
0000,
00eb,
0299,
0129,
0204,
0323,
013e,
013c,
045b,
046a,
01b7,
00bd,
00d2,
0003,
0000,
0211,
0156,
01a5,
0126,
009b,
0154,
034a,
0312,
0410,
0542,
0000,
0000,
0105,
0000,
0038,
0195,
01c1,
023a,
026b,
01da,
0463,
0449,
032c,
01f2,
0430,
002e,
0169,
019a,
0129,
0085,
0122,
0071,
01cb,
028a,
04ad,
035a,
027e,
0246,
04a7,
032f,
019b,
0108,
00c4,
0122,
00fa,
004b,
0000,
038c,
0032,
0146,
01b6,
025c,
0263,
02ae,
017a,
00a2,
01de,
00e2,
0126,
0000,
0000,
035d,
0326,
019d,
01fa,
0234,
022d,
0163,
0411,
0000,
00f7,
011c,
01c0,
0020,
0142,
0509,
03fc,
028b,
02ef,
0377,
027c,
00f5,
01a2,
0268,
0011,
00e1,
00b0,
00e2,
01fb,
0595,
04ff,
0236,
03aa,
0469,
0308,
022f,
016f,
0304,
0151,
0000,
0067,
009b,
0149,
009e,
039b,
039b,
0582,
02ba,
0280,
0190,
0204,
0153,
024a,
024f,
033b,
0295,
002b,
00d6,
00c8,
0347,
02b1,
03cd,
03bb,
01d8,
0189,
0167,
00cc,
0321,
02d1,
0247,
008d,
0046,
0126,
0221,
023f,
046b,
03dc,
0343,
02fa,
013a,
007c,
02a9,
046d,
01ec,
027a,
00da,
010e,
027b,
0170,
01fd,
040c,
032a,
04a5,
035b,
03f1,
0306,
0462,
0113,
02c6,
0096,
01a6,
01a7,
0000,
0079,
010f,
020e,
01a9,
0229,
01ee,
006a,
0003,
0000,
008f,
0138,
017d,
02bd,
03b8,
0250,
01f7,
0256,
00c2,
010a,
026b,
01ee,
02f1,
0145,
03a9,
0000,
0222,
0186,
0370,
0286,
0302,
0116,
004c,
0286,
01b3,
0180,
01fd,
00be,
0093,
0242,
0486,
0333,
018c,
0152,
0355,
015d,
0172,
020c,
02b9,
01ae,
01be,
00bd,
017b,
0320,
00fa,
026b,
022c,
029f,
04cf,
0170,
02ee,
0247,
02fa,
0101,
010c,
007b,
016a,
0489,
0169,
0175,
02ae,
01e1,
02fa,
03ec,
01fd,
00f4,
0000,
0000,
009a,
0098,
0103,
0503,
0229,
022d,
024b,
012c,
019f,
0426,
0379,
0256,
0206,
01b6,
021a,
02bf,
0282,
03ea,
02b9,
01f4,
0310,
026d,
01a6,
00c3,
0343,
03dd,
0383,
03ae,
031d,
02aa,
0381,
042f,
028c,
02cb,
02ab,
02e6,
028d,
023f,
013f,
0406,
036a,
02fa,
0334,
0277,
0387,
03ce,
0305,
033f,
030d,
03b9,
040a,
02a3,
019f,
0298,
04b0,
0363,
02f1,
026a,
0345,
0396,
036d,
0312,
0323,
030d,
02e0,
0246,
020e,
00fa,
0310,
044d,
03dd,
04fe,
02e4,
03fe,
03de,
0212,
0282,
02a7,
02af,
031a,
03c5,
026a,
024a,
027c,
0165,
0289,
04d6,
03bd,
03d6,
0215,
024a,
02ec,
0392,
0467,
03c7,
0254,
02fd,
03aa,
0349,
01e3,
054e,
0419,
03ab,
02c7,
036e,
032a,
0316,
03ea,
0315,
02c1,
0269,
03ea,
03d7,
0425,
04c0,
04b4,
0402,
03ee,
043f,
03f3,
0377,
03f4,
02b4,
0424,
0395,
0313,
03ff,
0380,
0393,
0000,
0000,
0000,
0000,
0000,
0000,
0007,
0118,
0000,
0000,
0000,
0000,
0000,
0000,
0000,
0000,
0000,
0000,
0000,
0000,
0000,
0000,
0000,
0000,
0000,
0000,
0000,
0000,
0000,
0000,
002b,
010e,
0159,
0000,
0000,
006a,
0000,
0000,
0000,
0000,
0000,
0000,
0000,
0000,
00bf,
015b,
02a6,
0000,
0000,
0000,
0000,
0000,
007e,
01cf,
01de,
01df,
0000,
00e2,
01e5,
0113,
0233,
0000,
0000,
0000,
0000,
006e,
00b0,
0099,
0125,
0184,
0000,
0164,
014e,
017f,
0255,
0215,
00ad,
013b,
015b,
013c,
01b0,
00be,
00ee,
00b7,
0000,
0224,
01fc,
01f1,
0256,
02a0,
00f7,
0000,
0019,
0063,
0052,
00f6,
0071,
00ca,
0000,
0145,
01c9,
024c,
0222,
0142,
015b,
0000,
0000,
0044,
00e2,
0045,
00a8,
0009,
0000,
0176,
0278,
023e,
007e,
011f,
0175,
00cb,
0000,
0000,
007b,
007f,
00db,
0000,
0000,
007e,
0136,
01aa,
00cd,
014c,
0188,
01ce,
005a,
0000,
0000,
0000,
0000,
0060,
0000,
0000,
0000,
01c6,
00e6,
00e4,
019a,
0252,
0158,
01c3,
0109,
01c7,
0000,
0000,
0000,
0000,
0011,
0071,
0033,
008a,
016f,
01aa,
00ec,
0105,
015f,
01df,
0098,
0000,
0000,
0000,
0033,
0000,
0000,
0000,
00cd,
008a,
00d3,
0000,
0000,
0039,
0000,
0000,
004c,
00d0,
0127,
009d,
00f9,
0000,
0000,
0000,
0000,
000b,
0000,
0000,
007b,
003a,
01a7,
0171,
0209,
02a5,
01fb,
0344,
01b1,
00ca,
0194,
0198,
00f2,
017a,
01f6,
033b,
02d6,
016d,
01a7,
0382,
020f,
026c,
0275,
02d7,
02a9,
0300,
023b,
02bc,
034f,
0231,
0272,
0132,
019f,
02bb,
01b0,
02c7,
0127,
01e0,
01ce,
0355,
0276,
0224,
028e,
021e,
00c6,
0187,
0367,
02f8,
0218,
0495,
019c,
013a,
01bc,
0306,
01b6,
01aa,
02fd,
025f,
0143,
036e,
0348,
01aa,
00ff,
02ae,
029a,
0224,
0284,
021f,
01e4,
01dd,
0288,
0299,
00fb,
01a9,
00e7,
00ba,
004b,
01d1,
03d4,
02ad,
022f,
02d0,
0322,
025c,
0143,
013f,
003f,
0133,
00ef,
0070,
0019,
007f,
01b7,
0488,
0272,
01ec,
0191,
0187,
0170,
0056,
0198,
002c,
0086,
0089,
002f,
002a,
0045,
01fa,
0370,
0145,
013b,
0105,
00dd,
00bd,
02d4,
02e4,
0120,
0075,
0041,
0008,
00d2,
0196,
0302,
02dd,
0250,
0186,
01b5,
0141,
00c4,
02c8,
01cf,
0336,
0154,
00cf,
0121,
0138,
017f,
0435,
034d,
0156,
02da,
0262,
00c8,
0160,
0031,
01c5,
0102,
0135,
021c,
0317,
02c1,
0256,
0297,
01bd,
0338,
0444,
0163,
01e4,
0101,
012d,
01d1,
003b,
0122,
026f,
0283,
00e4,
0227,
02c6,
01fe,
04c7,
0139,
01c6,
01a4,
01f6,
02ae,
0295,
02a3,
0118,
0314,
0295,
036a,
0304,
037a,
04c4,
0217,
015f,
01df,
021d,
0157,
01f7,
0298,
02ac,
0299,
01da,
01fc,
01e5,
0223,
023c,
0292,
039a,
028a,
04c7,
04a5,
0378,
045f,
039e,
05ed,
040c,
0506,
04e4,
0457,
0512,
0106,
0232,
00b8,
027f,
03aa,
0519,
034b,
0327,
04a8,
043f,
045c,
045f,
0329,
03d3,
02d2,
0345,
057b,
01dd,
0151,
02cb,
0359,
037d,
0323,
03d8,
0316,
0448,
01fb,
0342,
0273,
0301,
021e,
03ac,
032e,
010e,
03d6,
0351,
0493,
0501,
02c0,
03ed,
0201,
022a,
01ef,
03a0,
02df,
0276,
004e,
0000,
02b6,
031a,
0361,
03ea,
0209,
0228,
01d0,
00d8,
01e3,
01c1,
018a,
0228,
0194,
009d,
024c,
02d2,
0214,
018b,
013e,
0176,
0162,
00ee,
0160,
01c2,
01e2,
01cd,
0236,
01b9,
01e8,
0007,
004d,
028f,
0260,
0195,
015d,
01ca,
0000,
0046,
00e9,
013e,
01fc,
022b,
01a0,
007d,
00e8,
028f,
01e3,
0177,
029e,
01af,
0016,
0000,
00a3,
0133,
0089,
00b9,
008f,
0074,
008e,
00c7,
01b8,
0166,
0186,
009c,
0255,
00cb,
009c,
00a7,
0058,
004d,
0179,
00c4,
00d3,
0138,
01f7,
0281,
018d,
0066,
01e9,
00f8,
0000,
00bf,
0000,
0000,
00c7,
0229,
00fd,
021a,
021c,
0156,
0055,
0000,
0419,
0326,
00a7,
0000,
0028,
0040,
0065,
00c4,
00b1,
01cd,
022e,
0105,
013d,
003e,
0299,
0334,
01ea,
028b,
02fb,
0065,
008a,
0007,
0169,
00bf,
01c7,
01fb,
0156,
0140,
0115,
01f9,
030f,
03c7,
03d3,
02ca,
01c0,
013b,
02e3,
01f9,
0230,
030b,
02a1,
01a4,
0171,
01cc,
003f,
0092,
0014,
01b5,
0087,
0194,
022e,
0095,
025e,
0128,
0154,
02ed,
02f4,
0223,
0000,
0226,
0000,
02b4,
017a,
0000,
0206,
0220,
02ae,
0133,
02cd,
03d1,
0298,
046e,
01e3,
01f5,
01cc,
0470,
015e,
01f2,
0230,
01a5,
033e,
033a,
02ca,
011a,
0283,
01b3,
0186,
00cf,
0371,
0477,
0249,
026e,
01f8,
030e,
0317,
0403,
04d0,
0199,
027f,
020c,
025e,
021a,
0070,
03da,
03fc,
0010,
0000,
01c4,
018a,
01f9,
023b,
0282,
0640,
0499,
0252,
0000,
003d,
025c,
0370,
0221,
023d,
0228,
02fc,
0235,
0285,
017c,
043d,
01fe,
00cb,
0000,
0000,
015f,
02f4,
020c,
024a,
021d,
01e8,
01cb,
01fc,
003e,
0286,
000e,
0000,
0000,
0086,
0000,
0000,
02a2,
0477,
0172,
009b,
01ab,
01ff,
0167,
0136,
00ed,
00d6,
0000,
0000,
0000,
010f,
0285,
046c,
0239,
00dd,
0167,
0125,
00c5,
0121,
0289,
010f,
0000,
0000,
0120,
0288,
02c2,
0250,
0121,
0137,
00b8,
007c,
01a9,
01d5,
03a4,
0061,
0000,
017a,
0126,
01ae,
02f0,
039c,
02a3,
0143,
0241,
0499,
0631,
00da,
0304,
0000,
0000,
0000,
0000,
0079,
0040,
0142,
002f,
0073,
0113,
041c,
05fa,
00e4,
0080,
0000,
015f,
00c0,
0000,
0000,
0000,
0027,
00d6,
0218,
00ca,
01ad,
02c8,
00b8,
0000,
021c,
019b,
00b2,
0067,
00b6,
0000,
00af,
0175,
0079,
013a,
01e3,
0041,
0365,
03cf,
0349,
0349,
02d0,
0447,
0316,
03c5,
03c7,
0220,
02c7,
0323,
037c,
0359,
0262,
028c,
010c,
0142,
03b6,
035e,
0161,
02f4,
0310,
0255,
0312,
029b,
030f,
02ba,
0204,
013e,
028d,
02a0,
031f,
0160,
01f8,
0247,
0293,
02c7,
021b,
0325,
035e,
02d2,
0138,
0011,
01ec,
0172,
0285,
00b3,
0193,
02b4,
02b1,
02df,
02e2,
0337,
039e,
03e9,
020a,
0368,
04a5,
01aa,
0012,
0000,
0179,
0249,
031c,
0309,
0284,
026e,
03b8,
047e,
00d0,
0185,
01d1,
016a,
00f2,
00e5,
026d,
0312,
0331,
029b,
02a9,
0192,
017f,
000e,
0029,
01b0,
01ca,
019d,
01e6,
0183,
024b,
0108,
015c,
01e6,
024a,
018a,
019d,
006a,
00d2,
00d8,
026b,
01e1,
01e1,
0126,
0122,
0000,
012a,
00d5,
01c6,
014e,
012f,
003b,
00b2,
02d0,
020b,
0174,
0000,
00a3,
00ab,
0047,
0055,
0078,
0230,
0217,
019b,
0000,
009c,
010d,
01fb,
01e4,
01a1,
0182,
01f0,
01aa,
00c4,
013c,
02ed,
025c,
02f5,
01c2,
0100,
0051,
0000,
00e3,
00ba,
0228,
0309,
0389,
01fd,
0193,
02a0,
0201,
027c,
0177,
0175,
0207,
002c,
00c7,
0120,
01a0,
016d,
01e2,
01af,
0166,
0201,
0240,
02aa,
011a,
014e,
02bf,
0244,
0250,
01cc,
02bd,
0288,
012b,
0320,
03d3,
0408,
0446,
048c,
03a7,
01ef,
0240,
028b,
0208,
01ac,
0233,
01b4,
02e4,
0404,
02d3,
02a3,
02c4,
03b8,
0199,
071c,
0704,
0670,
05c2,
066f,
055a,
05a6,
05ab,
0728,
05f4,
06c4,
05d1,
0658,
0673,
06be,
053d,
0000,
0318,
049d,
0509,
0501,
05b8,
050c,
0613,
065b,
0566,
0622,
0724,
05f0,
0184,
0000,
0028,
004e,
036e,
0578,
05dd,
0485,
04f3,
04d7,
0531,
054a,
05ce,
04b8,
01aa,
013d,
0000,
000b,
0281,
058e,
04e0,
04e6,
049c,
044b,
0485,
043f,
053e,
0305,
025e,
0323,
0000,
0000,
00f6,
04c2,
048d,
0427,
04e8,
0480,
042c,
03fb,
041b,
0170,
0000,
0000,
0000,
0000,
0000,
0204,
03cd,
03ed,
0425,
0433,
03ea,
0372,
0437,
023e,
0000,
0000,
0000,
0000,
0000,
0000,
01f3,
03f4,
03a1,
03da,
03bb,
039c,
03bb,
01ca,
0000,
0052,
0017,
0000,
0000,
0000,
0000,
02cd,
042f,
0428,
0350,
03ca,
042c,
0307,
011b,
009d,
0000,
0000,
0000,
0000,
0000,
0118,
0331,
03f7,
0385,
0451,
03cc,
04bd,
0446,
012e,
011b,
0000,
0000,
0000,
0000,
0000,
005c,
0237,
00bc,
013f,
03b8,
044e,
04fc,
0132,
02bf,
00e1,
0000,
0000,
0000,
0000,
0000,
0000,
0000,
0000,
0101,
04d5,
04e0,
010f,
0239,
0297,
006d,
00b1,
0000,
0000,
0000,
0000,
0000,
0000,
0000,
046e,
0395,
038e,
04cf,
0500,
0249,
0253,
0023,
0000,
0088,
01ea,
0305,
0155,
0149,
03ea,
0497,
04b2,
0450,
0526,
03fa,
03cb,
0377,
03f6,
04b3,
045d,
0456,
044f,
049d,
0220,
0211,
0375,
033e,
027b,
03bd,
0240,
01fd,
0278,
0205,
020c,
01f0,
0277,
033f,
02a5,
023d,
01e7,
03e4,
0347,
02e2,
01de,
0297,
029d,
02df,
0295,
026f,
02f1,
0238,
02c1,
0252,
021c,
0367,
0262,
0238,
0164,
0247,
01a9,
02b9,
0226,
02e7,
0304,
0230,
00da,
0245,
0348,
0294,
0211,
03c1,
0223,
0199,
0228,
031c,
01b5,
0200,
026a,
0238,
01a2,
046a,
03aa,
01bd,
00ce,
02b9,
02f5,
023a,
031c,
02ad,
01a2,
01f7,
0247,
0326,
012c,
023a,
0181,
0126,
0078,
01c9,
0425,
02d4,
01d4,
0234,
0289,
01ee,
00db,
014b,
00df,
019c,
00f4,
0079,
007d,
0126,
0206,
042a,
028f,
015d,
015e,
0143,
014c,
0021,
0154,
015e,
0142,
00fc,
0092,
007d,
008e,
01b7,
03df,
016a,
010e,
0107,
00fc,
005f,
0352,
0311,
0144,
009e,
0006,
006c,
008d,
015e,
0271,
023f,
017a,
016c,
012e,
00c4,
0146,
0309,
0291,
029a,
0195,
00b3,
017b,
0160,
017c,
0404,
02a2,
027c,
02c4,
01f6,
00ee,
0185,
019a,
024e,
0221,
020b,
0263,
0222,
01eb,
0218,
0275,
01ed,
02ff,
031b,
019b,
01c2,
0180,
018b,
0276,
0169,
01a1,
0253,
01fd,
0133,
0200,
02b1,
0230,
0432,
0118,
01b7,
0170,
0205,
033f,
0340,
02e0,
0266,
02a9,
0283,
0396,
03a7,
0378,
0416,
01c9,
01a9,
0199,
020b,
018d,
023a,
026b,
030c,
0293,
0255,
01bf,
01b2,
0292,
02a9,
01be,
01a7,
0092,
01ca,
0228,
00fc,
026f,
0200,
0140,
0000,
00bc,
01b7,
0194,
013f,
00a9,
002f,
00c8,
017d,
018f,
0235,
0333,
0235,
0290,
01a5,
0159,
02fe,
018c,
0176,
006a,
0077,
0195,
0062,
0061,
0207,
02cd,
0164,
028e,
01fd,
0241,
0249,
0256,
01d5,
01f4,
00cf,
011f,
0275,
00fc,
007b,
0136,
018b,
0234,
0253,
0229,
03f3,
036c,
0299,
00a4,
01c7,
0050,
0149,
02e1,
014a,
0131,
0222,
0286,
01fe,
035f,
02fb,
0315,
038b,
0226,
0274,
0281,
0276,
02fa,
0172,
0188,
0340,
0354,
039a,
033f,
02c2,
03ed,
0376,
02ba,
0370,
040f,
0347,
02a7,
0298,
0205,
0232,
03f1,
03fa,
0385,
0343,
0405,
045e,
0255,
041f,
0390,
0381,
0312,
0379,
036e,
02cb,
01f9,
03ec,
03fa,
0443,
0310,
041f,
027c,
02ec,
03b0,
0338,
03c2,
03c9,
038c,
0283,
0263,
0390,
0347,
02c1,
02f2,
043e,
0463,
02ae,
02a8,
0236,
0388,
033f,
035b,
02b7,
01c2,
0102,
00c1,
0249,
02a3,
021d,
0456,
02c5,
028e,
0215,
0324,
03b9,
02f5,
0295,
01e9,
01bc,
01cd,
0217,
0173,
00ec,
03b0,
02bb,
03e7,
0129,
02d6,
020e,
0285,
028e,
01a5,
0274,
0271,
017f,
00f8,
0010,
03e8,
02fa,
020b,
00de,
0264,
01c2,
027e,
0206,
00f5,
0042,
00ba,
00ca,
00c4,
0000,
040b,
0366,
03d6,
02cc,
03f0,
03ab,
02f5,
022f,
0167,
022e,
0249,
0307,
0374,
0362,
00d6,
01c7,
0125,
04a6,
0171,
01e7,
03cc,
007e,
01f8,
0141,
0076,
00f3,
0186,
02c2,
003c,
0016,
015b,
03e6,
0166,
0290,
02c1,
0132,
0182,
02ac,
0186,
0281,
01cd,
01e7,
0210,
00ee,
0361,
057f,
03b1,
01d8,
0295,
0210,
011e,
0230,
028e,
02c4,
017f,
0286,
011d,
0000,
0264,
045c,
0338,
03bc,
0300,
023a,
011c,
028d,
0194,
01d4,
01cc,
01e0,
0000,
0252,
03ae,
03a4,
0260,
0581,
04a3,
0179,
03ad,
0200,
021d,
01e3,
022d,
010c,
01f7,
0265,
01a4,
018a,
01af,
042b,
04a8,
03f5,
02ab,
0251,
0267,
02c1,
017a,
01f5,
0137,
01f3,
01a4,
00c1,
00dd,
01fc,
030f,
070a,
044f,
02f2,
02eb,
039a,
0332,
01c9,
02df,
0201,
01f9,
0175,
002e,
0186,
0231,
0450,
0660,
0394,
033c,
02ed,
0288,
0285,
048f,
02e7,
00bd,
01d6,
026a,
01d2,
017c,
02fa,
063d,
0392,
0294,
0212,
027a,
0203,
0302,
04eb,
04aa,
03ae,
0384,
0152,
01f0,
02a7,
03e0,
02db,
04c8,
00f4,
01df,
029c,
0113,
0222,
02bb,
03e5,
02e4,
016e,
01d4,
02d7,
0272,
0260,
0424,
0299,
0351,
0279,
0235,
01a6,
00e4,
02bb,
022f,
025b,
01c6,
0266,
035d,
019d,
0223,
02b7,
0291,
029d,
02c2,
025f,
016d,
0228,
034d,
023d,
02f8,
025e,
0247,
01c1,
02d6,
02ef,
0266,
039f,
00de,
028c,
02de,
02fb,
0233,
0282,
02dd,
024e,
02b2,
02e2,
02b7,
0278,
01ce,
031a,
0183,
01c2,
03e4,
019c,
01cd,
0149,
0261,
0317,
011e,
00fc,
0064,
0044,
0000,
022d,
023f,
0344,
054d,
03b1,
0322,
0116,
00f0,
024c,
005d,
0000,
002d,
0000,
002b,
024a,
011a,
01ea,
03bd,
048d,
046b,
0191,
00c5,
0088,
0000,
0000,
0000,
0043,
0000,
0000,
0203,
04ca,
03fb,
0409,
037e,
00fa,
0000,
0142,
0195,
0163,
009d,
0103,
0000,
0091,
02e6,
0408,
03f6,
0244,
00eb,
018d,
0000,
0271,
02fb,
0179,
0000,
0082,
0002,
0000,
0184,
03a4,
01d6,
017c,
00fc,
0236,
0057,
0000,
0000,
0000,
0000,
0000,
0000,
00c9,
001e,
01aa,
012d,
0155,
01b9,
0177,
0276,
01a3,
0000,
0000,
0000,
0000,
0000,
00c6,
0174,
02b5,
0000,
003a,
00e4,
0214,
021e,
0304,
0000,
0000,
0000,
0000,
0000,
0000,
006f,
0000,
00c0,
01c1,
025f,
01b9,
00b2,
014f,
0157,
0000,
0000,
0000,
0000,
0000,
0083,
0000,
008d,
0076,
015f,
01fd,
0179,
00a3,
02a1,
00a9,
0000,
0000,
0000,
0000,
0000,
0054,
02dc,
0143,
0000,
0000,
0000,
0000,
00c9,
0207,
01a6,
0215,
00b9,
0000,
00aa,
011b,
04b6,
019f,
0003,
020f,
0089,
00bf,
019c,
0286,
0181,
018f,
01be,
022a,
0000,
0000,
0000,
0059,
0123,
0000,
028f,
017d,
006d,
0113,
00f2,
0000,
0000,
013d,
0000,
0000,
0000,
006b,
0060,
003f,
0013,
0000,
0000,
0000,
0000,
00c3,
0000,
0050,
00d8,
009b,
015c,
026d,
0228,
020f,
0216,
005a,
00c0,
0188,
036b,
02b7,
0240,
02fd,
0000,
0000,
0000,
0000,
018c,
027b,
029e,
0049,
0000,
007a,
0000,
00e1,
0179,
0000,
001b,
0297,
01a7,
0000,
015c,
0182,
0273,
0208,
0161,
012f,
0139,
0164,
0000,
0079,
03b0,
0231,
01da,
0044,
0000,
0040,
0244,
0285,
0101,
0258,
01a0,
018d,
00f0,
00ac,
0000,
0000,
0000,
0000,
0000,
0000,
017c,
0000,
0000,
004a,
0122,
020a,
019f,
0147,
0354,
0000,
0000,
0000,
0000,
0000,
0000,
005f,
00e6,
0192,
0232,
0259,
02ae,
01e1,
02e4,
0039,
0000,
0000,
0000,
00b1,
0000,
0000,
029d,
0361,
00f9,
01d7,
02a8,
035f,
0022,
0084,
0000,
0000,
005c,
0000,
0000,
003e,
008d,
0372,
01a7,
0243,
02e8,
044a,
00ac,
00b5,
00af,
016b,
0000,
001c,
008a,
006a,
007b,
018d,
00d0,
00b4,
00c8,
02a6,
03f4,
0299,
0162,
0000,
0000,
0000,
0000,
0000,
0000,
0000,
0000,
0000,
0000,
0114,
035d,
0424,
0000,
0000,
001e,
00cf,
006d,
0104,
0131,
00aa,
0000,
0000,
0000,
00cb,
01df,
02b1,
0000,
0000,
0057,
0056,
0033,
0016,
012f,
01d3,
0046,
00ac,
0184,
00b5,
027f,
0115,
0000,
0000,
012e,
013a,
00db,
0000,
0000,
003d,
0000,
0000,
0000,
0175,
0039,
0248,
039d,
02c5,
02be,
0132,
00b1,
0000,
0000,
0000,
0073,
00f7,
0128,
0009,
02a1,
0269,
026c,
019f,
0294,
03f0,
03d9,
01dd,
025b,
037d,
03a0,
0351,
03ad,
0237,
038b,
02bb,
02ce,
01d0,
020f,
026e,
03e6,
04e6,
0286,
0362,
03b6,
02ca,
03d6,
0387,
0358,
017b,
01cf,
02a5,
0342,
0252,
0351,
03df,
0379,
02b0,
0391,
0320,
03bc,
03b3,
02c7,
03ae,
0277,
013b,
01b7,
0179,
0361,
028a,
02f0,
021a,
027e,
029c,
0229,
01e5,
0180,
02b5,
0273,
00ff,
0125,
0203,
01b7,
0228,
02e4,
0389,
031a,
03da,
0349,
0454,
01b3,
01ca,
011a,
015a,
01c4,
01d8,
015a,
0252,
02ab,
02ec,
02da,
034a,
0339,
02f9,
025a,
0145,
00f2,
0139,
0165,
017d,
029f,
02f7,
026d,
02dd,
02d7,
0290,
0313,
02a9,
020e,
01d5,
019e,
016a,
00df,
0127,
0151,
0299,
0300,
036b,
031b,
026c,
02f6,
0346,
02e7,
01bc,
00d1,
00dd,
003c,
00b9,
00ce,
0220,
02e4,
029c,
02a0,
0347,
035f,
02cf,
0354,
0279,
0079,
013e,
015d,
00e6,
0100,
015f,
031c,
02b1,
028e,
02d3,
0266,
0323,
039d,
034b,
01c8,
0095,
014c,
0137,
00fe,
00c8,
01a4,
01e3,
01cd,
029d,
0224,
01dd,
0275,
0233,
02df,
01a5,
0162,
010e,
00a2,
00a3,
014b,
00e9,
0129,
020f,
0305,
010a,
02b0,
01f5,
0267,
02c1,
028f,
01dc,
0068,
021c,
020a,
0261,
00f8,
0234,
0257,
02cd,
037d,
02ce,
0301,
02e2,
029c,
03b2,
0305,
03ad,
0378,
0315,
0352,
0308,
042f,
0486,
003a,
003a,
0000,
0132,
01a7,
015e,
0135,
0396,
0002,
0158,
0069,
00c4,
0000,
0052,
0000,
0061,
0192,
012a,
0116,
007c,
01c5,
0146,
0090,
012a,
0000,
00da,
0000,
0000,
0000,
016f,
03fb,
02b9,
013d,
00a0,
00bb,
012c,
01c3,
0199,
00f0,
00aa,
0092,
00e2,
007b,
00dd,
03c2,
059f,
0464,
022e,
0012,
01ab,
0194,
021c,
02b4,
02ec,
02d3,
0289,
0262,
0322,
0374,
0531,
0600,
0309,
00b0,
024c,
01cf,
0200,
02d1,
02a7,
024e,
00cb,
0327,
05b9,
0563,
058c,
05c8,
0493,
021a,
01ec,
01cb,
0194,
028c,
01a2,
01e6,
01ba,
031f,
0585,
05a4,
052b,
0580,
052c,
03b3,
0096,
008b,
0149,
0138,
0184,
012c,
01ee,
032c,
050e,
04e1,
0579,
05bf,
056f,
0513,
031a,
0078,
0127,
0185,
022e,
01b4,
009c,
029a,
0456,
0575,
05b7,
056f,
04c8,
0517,
0408,
01bc,
00a4,
0137,
019b,
0141,
0114,
00ed,
0290,
0568,
0547,
04be,
0531,
04e7,
0516,
02d2,
02d2,
01df,
0247,
01ca,
0163,
00cf,
0020,
04a6,
0543,
0462,
04e2,
04c3,
0459,
0436,
0458,
042e,
0409,
03c9,
024b,
01eb,
013d,
039c,
054f,
0447,
0524,
0521,
0572,
04cf,
04d7,
04f1,
0485,
03e8,
0468,
006e,
01c1,
0266,
00d3,
0101,
02fb,
047d,
0524,
0491,
0406,
03b3,
02d1,
028e,
02c8,
0003,
00db,
008f,
00f6,
014d,
014c,
018c,
017f,
010a,
0073,
0130,
0099,
0000,
003a,
0238,
01b3,
0115,
013c,
01f7,
029a,
0149,
0145,
020a,
0157,
018c,
019a,
01f2,
01ab,
01c5,
01a1,
0153,
00f8,
0210,
026b,
017c,
0218,
022c,
01db,
01f3,
021c,
026c,
0144,
020a,
027d,
0265,
016f,
023a,
017c,
0110,
01ec,
02c6,
0285,
022c,
021e,
0379,
0337,
0149,
0136,
01c6,
01ff,
01e7,
01bc,
0150,
01d1,
02a2,
022d,
01fb,
02f6,
0381,
032e,
021a,
02f7,
03d5,
02a3,
019a,
00b4,
019f,
021b,
0203,
02b1,
0337,
0261,
038a,
03a6,
021e,
01e8,
028f,
0264,
01ff,
0176,
0277,
029c,
034d,
0340,
0336,
0244,
0171,
0079,
0166,
0293,
0264,
020c,
01b6,
01ea,
01b5,
00cc,
012b,
0198,
01e2,
01ad,
0220,
00da,
00d5,
009d,
0201,
0234,
0240,
01ce,
012a,
0089,
019e,
0185,
01f0,
01e4,
01b5,
0110,
0163,
01de,
01dc,
0208,
0189,
010b,
01a9,
0105,
0129,
0187,
023d,
021c,
01ab,
018f,
0133,
0153,
01cb,
0239,
0187,
0137,
01c3,
01ce,
011b,
01ea,
0197,
028d,
034b,
0215,
01b7,
00bb,
007a,
01a8,
01f6,
034f,
03e2,
02eb,
0220,
0164,
0248,
0225,
02f0,
0300,
01cc,
0149,
0093,
0100,
012b,
0129,
01d0,
0208,
019d,
0178,
01ef,
01b5,
01d6,
020a,
01e2,
0313,
02f7,
023a,
01de,
036d,
0198,
020b,
034f,
037c,
0364,
02ed,
031a,
029b,
01cd,
01ac,
0206,
0168,
019b,
0239,
021e,
02d4,
024c,
022b,
025d,
01f2,
0245,
0177,
03af,
024d,
04f7,
047a,
0351,
033e,
04ef,
0207,
0426,
02e7,
0491,
0465,
0535,
04a5,
0192,
0345,
00a2,
02eb,
01a6,
0331,
0460,
0469,
02f3,
030a,
0337,
03e4,
0331,
0169,
025d,
0401,
0250,
003f,
0121,
0321,
0374,
0398,
0250,
0212,
01c8,
0330,
0120,
040c,
0358,
051c,
0342,
0000,
00d6,
02a3,
03d8,
03d0,
0341,
0276,
01b8,
00fa,
0000,
02a0,
04d0,
031b,
018b,
0000,
0000,
0156,
03fc,
0295,
0221,
0231,
015e,
02a3,
013f,
0077,
04ae,
0020,
0000,
0000,
0000,
0000,
0268,
0256,
0000,
0000,
0072,
01a9,
01b5,
014b,
05b1,
0000,
0000,
0000,
0000,
0000,
0000,
02b2,
026a,
0188,
00aa,
0046,
00e1,
017c,
0480,
0000,
0166,
0000,
0035,
0000,
0000,
0000,
0323,
01f0,
0000,
0094,
01a3,
01c4,
0392,
0000,
0071,
0000,
0059,
000a,
0000,
0000,
02b9,
02fc,
00e7,
00d9,
005d,
023e,
01ff,
027c,
011e,
0103,
0000,
0000,
0000,
0000,
0000,
01fb,
0485,
02d9,
00f6,
023d,
00df,
0179,
011b,
01cd,
0083,
0000,
0006,
0000,
0000,
0000,
001e,
0000,
0000,
02e0,
00eb,
0212,
021f,
02ca,
02af,
00c9,
0048,
0000,
0000,
0102,
0000,
0000,
0000,
023d,
0225,
00ee,
01d2,
01e1,
02b9,
03f8,
02b3,
0162,
0000,
001b,
00ae,
0127,
0157,
02fc,
01f1,
0237,
015a,
0267,
0266,
031b,
03d0,
02c3,
01da,
0209,
029a,
02d2,
0217,
0339,
03eb,
03d7,
0431,
0406,
0367,
04a9,
031b,
020d,
033c,
0402,
038c,
0461,
045a,
03e1,
038c,
0423,
04b0,
033b,
044f,
044f,
03b4,
032a,
0433,
036f,
0374,
0454,
0388,
0280,
03f8,
0502,
0438,
0333,
04a2,
0401,
0438,
0361,
0462,
03c0,
03b0,
0350,
032b,
0349,
04d6,
055d,
0326,
0311,
0295,
03be,
044f,
0423,
0456,
0403,
0258,
01bb,
01ac,
0135,
0482,
02c9,
023d,
0374,
029c,
03b7,
0359,
03bc,
040c,
02e4,
027a,
0304,
02df,
03c7,
0441,
034b,
03a5,
035c,
0292,
029e,
0304,
02b5,
0325,
02e3,
0270,
0324,
038e,
031e,
044d,
02f1,
02e4,
033b,
02b6,
01ff,
0324,
03d0,
0395,
0485,
03e8,
03b4,
0456,
0372,
03f6,
0320,
0395,
02bd,
025e,
0349,
0348,
03a7,
0449,
0432,
03b6,
040c,
03a1,
0436,
03b2,
01d6,
020e,
0289,
03d8,
0360,
0306,
034d,
03ca,
0416,
03c2,
0430,
0367,
042f,
03c4,
0245,
02ca,
02d4,
03c8,
034f,
036a,
0332,
0348,
040b,
04c2,
0559,
04e6,
03a2,
047f,
03b7,
03af,
0251,
0342,
038d,
02fd,
02a3,
0311,
031a,
03de,
02f9,
0496,
04ba,
03c1,
02e9,
03bd,
0373,
032e,
041d,
02e2,
02b4,
0398,
03c1,
0334,
02f1,
0408,
0506,
04cc,
046b,
035f,
03e8,
039d,
0445,
0244,
0418,
0433,
045c,
032b,
02f6,
046b,
0523,
03d4,
0323,
0322,
03f1,
0318,
0492,
03f4,
0409,
042b,
0373,
043b,
043a,
049d,
0443,
031f,
04cf,
0252,
0375,
031d,
008d,
013f,
0059,
0277,
03c2,
039d,
03fe,
041f,
0416,
028d,
0341,
02e7,
0390,
03f5,
0347,
0190,
0089,
0304,
032b,
03b9,
044c,
032e,
030e,
030e,
0566,
05b7,
0389,
02c6,
02e2,
038d,
0234,
01da,
038c,
03e8,
0379,
02f3,
01e4,
030b,
03b2,
0475,
03e0,
01ea,
02ec,
03e4,
03fe,
02df,
0336,
0263,
0136,
028c,
0185,
0341,
01fb,
01b5,
0330,
0304,
03ed,
045c,
027f,
0139,
0154,
0150,
0124,
004d,
0000,
02d3,
00ef,
0239,
02f4,
01f0,
0278,
033c,
0170,
01fa,
022b,
0180,
024c,
01bf,
010d,
02a7,
01d0,
02aa,
03a9,
02db,
0210,
0185,
027c,
02e7,
02a8,
03a7,
03e4,
027c,
01b2,
0334,
03bd,
0309,
02f0,
0158,
01c3,
02f2,
0379,
020c,
0267,
0341,
03ac,
02a4,
0316,
00f2,
0216,
01e4,
0273,
0323,
048f,
0316,
0376,
0192,
0299,
0376,
0392,
0386,
02a9,
028d,
026e,
00a7,
0152,
036a,
0392,
0304,
0312,
0348,
0235,
034b,
025d,
0365,
01e2,
0280,
03fc,
0155,
02b2,
0284,
021f,
0207,
02b8,
0344,
02e7,
023e,
020e,
02f7,
0241,
025d,
0276,
0016,
0327,
022a,
039e,
050c,
03db,
02ff,
0359,
0389,
0460,
0394,
0216,
0365,
0409,
02b1,
03e7,
01eb,
0298,
0215,
03ec,
039d,
027a,
03c2,
03cb,
02ac,
01cd,
021d,
0345,
028f,
025c,
0328,
022b,
01fe,
00fe,
02f6,
038b,
02ad,
02de,
00f0,
00d4,
0000,
001b,
03a0,
01fc,
0000,
0021,
0301,
00f8,
0000,
0000,
0195,
01cd,
018b,
01f5,
0000,
01e0,
02e1,
044e,
04ff,
022e,
01a0,
00c8,
0000,
0097,
01de,
026f,
02ea,
0037,
00bf,
0202,
007c,
02ac,
04bb,
025b,
0000,
0000,
0000,
007b,
014b,
0335,
02aa,
020d,
00cd,
0461,
02ad,
02c1,
0155,
022c,
0000,
0129,
0081,
002f,
0084,
012f,
007f,
029a,
0350,
073b,
055e,
0273,
00dd,
0470,
03d2,
00cb,
02d2,
0237,
01c1,
00c6,
0176,
0314,
008f,
0028,
017b,
00ac,
00c6,
0126,
043a,
035d,
009e,
01b4,
0000,
00b9,
0068,
0038,
033e,
0279,
00f3,
011f,
005e,
000d,
0024,
05ae,
0291,
0097,
00c7,
0022,
0011,
0000,
0437,
024f,
0212,
01aa,
0154,
004d,
0057,
0220,
0428,
0036,
0009,
0064,
0082,
00c7,
0285,
03f6,
0212,
00fe,
016e,
01fb,
005b,
018a,
038c,
029c,
0000,
0005,
0000,
0052,
00b4,
0369,
0108,
0230,
029a,
01e0,
020f,
0144,
00f5,
0386,
029a,
036b,
02f3,
0121,
0089,
02b4,
0285,
02b7,
0378,
0391,
03a1,
0220,
00c1,
018a,
0335,
0244,
0193,
0115,
0000,
02de,
036f,
02b6,
019a,
018d,
025a,
01de,
00b1,
022a,
01c4,
0312,
00cc,
00dd,
000c,
003e,
01db,
00eb,
0088,
0352,
0324,
028f,
0357,
03a5,
0368,
0390,
0227,
03c7,
00fa,
000c,
0000,
0000,
0000,
017e,
004c,
0140,
0229,
023b,
000d,
0035,
00c1,
019f,
0047,
02b5,
0000,
016c,
0225,
0116,
0000,
0000,
0110,
0000,
0000,
0000,
00cf,
015c,
011f,
00c0,
03be,
0459,
00ec,
0000,
0000,
0000,
004a,
0005,
008e,
0000,
0000,
01a1,
0000,
0500,
07ef,
064c,
068a,
0251,
008d,
0000,
0000,
0000,
0000,
018f,
0000,
0000,
0000,
0445,
06ff,
0414,
04be,
02fe,
00c2,
00f3,
00c2,
01a1,
0000,
004f,
0000,
0082,
0161,
0406,
0302,
0315,
017e,
0454,
03c0,
00c2,
0032,
0049,
0000,
00cc,
0000,
0000,
06e1,
05c7,
03f0,
030a,
0194,
0324,
0589,
033f,
0000,
0000,
004c,
0000,
0000,
0000,
03bb,
0486,
02fd,
02d2,
026c,
02d5,
042b,
03af,
009d,
0000,
0040,
0000,
009e,
0000,
05bf,
064f,
036a,
02e3,
01c3,
02d6,
028d,
03ce,
02f9,
01f7,
0000,
0000,
0000,
0000,
0373,
0602,
03b5,
03a9,
027d,
03ac,
0227,
030b,
05e7,
0259,
0000,
007f,
00a7,
0000,
00a8,
041a,
0594,
03d6,
03d7,
0259,
0138,
01bd,
0351,
0162,
0093,
0370,
0579,
0000,
0000,
0000,
0387,
02ad,
0434,
0338,
010b,
00bc,
0253,
01b2,
0067,
03b6,
0638,
040c,
0000,
0000,
02c2,
0109,
06e3,
060c,
034e,
0268,
021e,
0327,
03e6,
037d,
0465,
040b,
0000,
0000,
0006,
0000,
03b1,
03d6,
02df,
0406,
0053,
0020,
01d3,
0158,
0246,
0140,
0000,
0183,
0084,
0155,
0046,
0000,
01df,
00ec,
0000,
0000,
0000,
00e0,
0035,
00a2,
01ef,
021e,
0164,
01c9,
0337,
0266,
03aa,
016a,
0240,
0302,
02f0,
02e2,
027d,
037d,
0219,
0207,
0000,
0035,
0149,
0293,
037f,
037c,
027f,
0321,
0264,
0289,
024d,
0355,
0419,
01c9,
0113,
01a0,
009e,
01b5,
0352,
03f6,
0306,
0361,
044a,
0295,
03ac,
0431,
036e,
0106,
01d4,
02ce,
02b2,
02e0,
03c0,
0308,
032a,
03aa,
03fc,
03b4,
038a,
0369,
017e,
014b,
0261,
0297,
03b2,
02bf,
0319,
0276,
024f,
02c6,
0354,
0428,
03a2,
0278,
0230,
0291,
02ed,
0333,
0379,
0316,
0293,
038c,
043d,
0496,
04e6,
04b2,
0454,
04bb,
0173,
02b8,
031f,
02e8,
0270,
029f,
02ef,
02d9,
03c0,
044e,
04c4,
04e3,
0497,
04f7,
02ae,
0394,
0378,
03a2,
02db,
02a9,
033a,
02d1,
0349,
043c,
0557,
04dc,
0425,
0517,
0458,
038f,
02c6,
03a1,
0363,
0365,
034d,
0376,
02d8,
03bb,
04d8,
041b,
04c6,
0552,
05b1,
0538,
02fe,
0378,
0416,
02e5,
021d,
037e,
02c6,
02db,
0288,
0160,
02d1,
041f,
050f,
04bc,
0104,
01f7,
02ab,
02ad,
0212,
0322,
02ae,
0291,
02b3,
0274,
02f6,
03b0,
0480,
0354,
011d,
0296,
028e,
0276,
0327,
0413,
02bd,
026c,
026f,
03a3,
030a,
035e,
04e3,
03c6,
0376,
0463,
04c7,
0189,
02ce,
02c8,
0284,
02ed,
02bc,
0362,
034d,
038f,
0518,
052e,
0539,
04e2,
04ac,
048d,
0556,
0423,
04ad,
0515,
04d5,
052d,
0484,
0553,
013c,
0288,
04f6,
0359,
02fb,
038d,
03cf,
02d9,
02f5,
01d6,
03bd,
0349,
0337,
02fd,
02cc,
04ce,
0703,
05af,
0419,
0428,
032d,
0320,
0387,
040b,
0452,
0512,
042b,
038b,
01e1,
06ed,
0756,
0700,
06ee,
042b,
0396,
0443,
025f,
03a5,
03d1,
03a3,
0332,
036a,
0196,
0668,
06bf,
05fa,
05d6,
046f,
03bb,
0291,
044c,
0319,
0384,
03b2,
0341,
0311,
048a,
0612,
0579,
0514,
0500,
0624,
0438,
035f,
032f,
0354,
033e,
02e7,
01e3,
003c,
041d,
0491,
052f,
0506,
0534,
0547,
059e,
0460,
018a,
0218,
01c2,
01c2,
009e,
0120,
0366,
0487,
0493,
04fd,
04c4,
0480,
0513,
04af,
01da,
01a8,
0115,
01da,
014a,
00fe,
0476,
04da,
0569,
058e,
0406,
0443,
04e3,
0568,
03e4,
0189,
0188,
0231,
0277,
01ee,
0228,
03d7,
04df,
047b,
0488,
042b,
04af,
0532,
0526,
0277,
0161,
0217,
01ee,
01e0,
0060,
02c3,
04f7,
055f,
04ab,
0460,
0491,
0516,
04e9,
04b9,
0443,
0550,
0352,
0188,
009a,
0266,
055d,
05c0,
050b,
04b7,
0456,
04c7,
04aa,
04f5,
04db,
0512,
052a,
0352,
0171,
025a,
0541,
0559,
048e,
0521,
058b,
05ca,
04e2,
0530,
0516,
056e,
059c,
04ad,
01e2,
0278,
03a4,
0276,
024d,
03f9,
04ec,
05d8,
04d8,
04b4,
053e,
04e2,
046f,
04b8,
003c,
01a5,
013f,
0121,
0266,
01fb,
0235,
02a5,
038f,
0279,
01fc,
0177,
0060,
0102,
01ee,
018d,
0513,
03d0,
0291,
01bf,
01c8,
018f,
026d,
02a6,
0327,
02c5,
0249,
034f,
01c2,
033d,
03bd,
043e,
0315,
028c,
0232,
0226,
01ed,
036a,
0276,
0281,
0271,
0263,
02b7,
02cc,
01d4,
02b2,
01f1,
01f0,
0190,
01fc,
0162,
0233,
0266,
028e,
01a9,
0209,
01f5,
02f0,
01fb,
01a3,
014f,
04ab,
0327,
01e1,
020f,
02db,
01ce,
0204,
0091,
01f6,
0400,
03e8,
01b8,
018d,
0129,
037d,
0472,
02b5,
0223,
0253,
01d0,
0154,
0157,
00f6,
0311,
023e,
01dd,
00f4,
00bd,
016d,
0425,
0302,
0142,
0179,
0177,
01c0,
00bd,
029f,
0348,
026e,
00ee,
0094,
010b,
00d7,
0195,
0543,
02cb,
011e,
00e6,
01b3,
0117,
01c2,
038e,
0245,
0134,
014d,
024f,
017c,
0094,
0245,
045a,
022c,
00ea,
00ef,
01c6,
01b4,
0454,
0332,
0122,
0196,
0223,
0153,
0098,
01bc,
02fa,
02ba,
0090,
0127,
0134,
01a7,
015f,
0388,
02bd,
0209,
0121,
0080,
0085,
0090,
0125,
044c,
02bf,
0384,
02d6,
0273,
01b6,
0100,
01af,
0157,
02c4,
01d3,
00c5,
0050,
0099,
01a9,
020c,
0217,
0221,
030c,
0182,
00de,
0272,
024c,
03b3,
0252,
01b4,
0121,
011d,
014b,
0100,
0183,
0119,
03ce,
0191,
012d,
02d7,
025f,
0360,
02a7,
018c,
0203,
0176,
0257,
0217,
0252,
01d0,
02f4,
01e1,
022d,
021b,
0290,
01c8,
01ce,
0275,
0241,
022e,
0336,
0184,
017f,
01b1,
026b,
02b6,
019f,
02c2,
0233,
0349,
0425,
0262,
022b,
0360,
0212,
0305,
0278,
0214,
03a6,
0360,
0361,
01c0,
0225,
0359,
0422,
034e,
0295,
03ba,
02e6,
0312,
02b7,
042f,
0394,
03e6,
04b8,
03c7,
02d3,
02b2,
03d8,
0221,
0311,
0361,
03b4,
03c6,
03a8,
046d,
033b,
0378,
03f6,
03a7,
03b3,
03a0,
04e1,
0360,
02a3,
034e,
0438,
03ba,
0433,
04aa,
0442,
03c5,
039d,
04a2,
033c,
00f0,
024f,
0499,
0360,
02d4,
03ed,
0392,
0391,
036f,
0332,
05a8,
04a2,
03b3,
01d5,
012e,
020e,
03dc,
0363,
0317,
0389,
042c,
03bb,
03ac,
0338,
0472,
03d9,
0249,
015c,
0135,
0212,
02b1,
02b5,
0310,
02bb,
029c,
0297,
02e3,
0246,
02f2,
01c8,
018a,
01f7,
030f,
01b5,
00c9,
01a9,
03c6,
0289,
0255,
0295,
035a,
0235,
02ef,
033c,
02a8,
0283,
015b,
00ee,
0149,
01ff,
029c,
0357,
0337,
029f,
02b9,
02b4,
02d1,
039f,
0227,
017e,
0138,
00d1,
016e,
01eb,
0162,
03b1,
0265,
02bb,
0433,
03a8,
02bf,
041e,
013c,
006f,
0343,
03c4,
0266,
0326,
02f2,
02bd,
0244,
027f,
042f,
06c9,
02b5,
03c0,
01cd,
0164,
022e,
0186,
01de,
021b,
01d5,
0347,
02a4,
0283,
02eb,
06a1,
0259,
02d6,
0365,
0462,
0477,
031f,
02b7,
009c,
02f9,
03ab,
044b,
02e3,
03ee,
04a3,
03c7,
03e2,
041f,
044b,
031a,
02b7,
039c,
02d7,
0386,
043b,
02ba,
03ec,
038d,
02a7,
0247,
01e5,
01d7,
0398,
038d,
036b,
0449,
0292,
02e3,
0400,
02ec,
0404,
034e,
01a3,
0179,
00f7,
0000,
022c,
0281,
037d,
033b,
036c,
0398,
036a,
0337,
0335,
02a2,
0148,
0316,
0006,
0174,
01f0,
0000,
0268,
0307,
039e,
043e,
0418,
0369,
02c5,
02ac,
0324,
01d7,
0000,
021d,
0154,
0239,
0254,
02bb,
0355,
02dc,
02c8,
02f3,
01d5,
00f9,
01b4,
00f1,
0063,
01b7,
0103,
0237,
01b5,
021f,
02f7,
0323,
02b1,
02d3,
02d5,
0312,
0456,
0123,
0128,
0109,
01c7,
0208,
02fc,
01c3,
03df,
04e6,
04d7,
04ca,
0464,
04df,
0509,
0270,
0133,
0189,
01e9,
02c1,
02fe,
026b,
0319,
04a4,
04c4,
04ba,
04c7,
04a3,
0518,
016a,
013d,
01e3,
0229,
021e,
0196,
01fa,
0245,
03e9,
0501,
0516,
0454,
04ad,
04d2,
0227,
01ee,
0265,
01cd,
00cf,
019c,
01d1,
0291,
027f,
0462,
0570,
048d,
04b1,
04d1,
046b,
0312,
01fb,
01fc,
00fc,
01fa,
022a,
0260,
02ae,
0328,
0499,
030e,
02ef,
04fe,
0483,
0442,
01c6,
02ec,
020d,
0184,
01be,
0261,
02b3,
029f,
01d4,
02a2,
00c5,
0299,
04f3,
0449,
0132,
01b5,
01be,
00cc,
0239,
01f7,
01f9,
00d2,
01b3,
01ef,
01df,
0127,
03d9,
03af,
02e3,
03f1,
0345,
00f3,
026c,
00d6,
006b,
0094,
015b,
0234,
0217,
0233,
0588,
0546,
0579,
05c5,
0634,
04b1,
03a7,
038d,
03b0,
04b1,
04ff,
0538,
05a3,
0595,
0000,
0000,
0000,
0000,
0000,
0000,
0000,
0000,
0000,
0000,
0000,
0000,
0000,
0000,
0000,
0000,
0000,
0000,
0000,
0000,
0000,
0000,
0000,
0000,
0000,
00bb,
0000,
0000,
0000,
0000,
0000,
0000,
0000,
0000,
0000,
0000,
0000,
0000,
0000,
0000,
0000,
0000,
0000,
0000,
0000,
0000,
0000,
0000,
0000,
0000,
0000,
0000,
0000,
0000,
0000,
0000,
0000,
0000,
0000,
0000,
0114,
001b,
0000,
0000,
0000,
0000,
0000,
0000,
0000,
0000,
0000,
0000,
0010,
00c0,
0050,
0000,
0000,
0000,
0000,
0000,
0000,
0000,
002c,
0000,
004a,
01be,
017b,
0190,
01f1,
00ed,
0000,
0000,
0000,
0000,
0000,
00b9,
0002,
0021,
0098,
0378,
02ed,
0192,
00bb,
0180,
02a7,
014a,
0000,
0000,
0000,
0050,
0003,
0082,
0000,
0114,
00a5,
00fc,
01ac,
024a,
00bb,
0176,
0000,
0000,
0000,
0000,
0000,
000e,
0000,
0000,
0000,
0000,
00d7,
01f4,
0146,
005f,
0116,
0000,
0000,
0000,
003d,
0000,
0000,
0000,
0000,
0000,
00d9,
00f4,
00d3,
0087,
00eb,
00e8,
0000,
0088,
001c,
0000,
0000,
0000,
0000,
0025,
007a,
00cf,
0000,
015c,
0151,
0198,
0136,
02b4,
0032,
0000,
0000,
0000,
0000,
0000,
0000,
0000,
0000,
0120,
00a5,
0000,
0000,
0048,
0000,
0000,
0000,
0000,
0000,
0000,
0000,
0000,
0000,
0000,
0000,
003e,
0000,
0000,
0000,
0000,
0319,
01cf,
01fc,
01ba,
0313,
0206,
030c,
0416,
0337,
0228,
0246,
0253,
01fe,
018a,
0340,
01fd,
01e7,
019d,
0195,
028f,
0346,
042f,
039c,
01af,
031c,
0199,
01ee,
0214,
0279,
01bc,
00b1,
00f8,
0294,
0478,
02c2,
0246,
0341,
02ad,
0228,
0242,
0271,
024a,
0363,
03ca,
00b5,
0144,
0283,
019f,
015d,
02d2,
035a,
0231,
0258,
02b3,
01eb,
0284,
029d,
010d,
0092,
01f4,
0257,
00b3,
0126,
02a1,
02b5,
0291,
0211,
02dd,
0310,
02fb,
00c2,
00e4,
0237,
0304,
02cd,
019b,
00fc,
01af,
025e,
02f7,
0234,
0219,
0470,
02dc,
020d,
012e,
02c6,
0313,
02fa,
02f3,
01f7,
0074,
020a,
028c,
02d1,
021a,
02f3,
0346,
02a2,
0130,
033a,
0271,
02e0,
030e,
039b,
0106,
010d,
021d,
025c,
02d7,
02c6,
030e,
0287,
012b,
03d0,
0262,
028a,
0292,
0318,
0163,
0219,
0309,
031b,
030d,
02ce,
031f,
0394,
01ca,
0214,
0247,
026d,
02b0,
026f,
01a6,
0212,
01b0,
02f3,
026b,
015b,
015b,
035b,
036d,
0482,
0208,
02c4,
01b6,
01e1,
0265,
01c1,
01e3,
0228,
0241,
00a2,
00bc,
0357,
0385,
0504,
01d7,
02ab,
0238,
016a,
023a,
01dc,
03aa,
0367,
019f,
0152,
0091,
030a,
0291,
02b7,
0274,
02ac,
01b5,
0219,
01f6,
016f,
00f4,
011f,
010a,
016e,
00cc,
03dd,
035f,
026d,
0269,
035b,
0298,
02c9,
0248,
0241,
018f,
0335,
03c7,
03c8,
02a5,
0264,
020c,
0480,
03c1,
0333,
037a,
0443,
0290,
0375,
0253,
02b5,
0314,
02a4,
036d,
0162,
037b,
050e,
047b,
03f3,
03d8,
036d,
0471,
03e6,
0321,
0333,
039f,
0327,
023e,
02aa,
0383,
0304,
0338,
0438,
03a5,
02af,
02d5,
02b2,
0306,
02e3,
03a5,
02e6,
03a9,
031b,
0428,
02e1,
0385,
02e9,
0322,
02c4,
031c,
034a,
0396,
025c,
03ca,
0261,
03b2,
0560,
055a,
0472,
0242,
013e,
024c,
03e1,
0391,
042f,
032b,
030f,
0275,
02fd,
0408,
028b,
0146,
01db,
01ac,
0110,
014c,
0434,
03d4,
0301,
0286,
021f,
026b,
01e0,
023f,
0223,
01a4,
018f,
01e3,
016e,
00cd,
01a9,
0492,
0306,
01e3,
0230,
01c6,
024f,
025b,
034d,
0157,
021f,
0202,
0228,
01d7,
0160,
022a,
0402,
029b,
0265,
01f3,
024c,
027b,
03b2,
01b8,
01ab,
019f,
025a,
01a4,
010f,
00fa,
031b,
0303,
0257,
022a,
0279,
01ea,
02cd,
033d,
0121,
0239,
023e,
0168,
010f,
00e5,
01f5,
035b,
038a,
03db,
033a,
02ca,
031a,
0282,
01f3,
01a2,
01e5,
023d,
01f3,
01ef,
0153,
017f,
035c,
0230,
01f8,
02b2,
023f,
032d,
0382,
01df,
0253,
0202,
0175,
01c5,
0160,
0233,
01cb,
01d6,
0123,
026f,
02fe,
0409,
0491,
0351,
03d0,
035b,
0362,
0276,
0262,
02f3,
032e,
034a,
033a,
03fb,
035d,
0319,
02cb,
030b,
031f,
044e,
03d1,
03ab,
04e2,
0401,
036e,
0393,
0399,
03b3,
01d8,
03b3,
01cc,
03a6,
0131,
00bb,
0180,
03b4,
021a,
03ed,
04a6,
03b2,
0389,
04c5,
0185,
01bd,
0173,
0328,
03c6,
0383,
01fa,
001a,
01a7,
0350,
0363,
0342,
0217,
046c,
01cd,
0207,
025d,
01f8,
01af,
0329,
0355,
01aa,
01d8,
0236,
032d,
03ba,
0292,
0168,
0390,
006e,
0021,
016e,
01b9,
016e,
029a,
0337,
0312,
0353,
02b8,
0355,
0336,
0111,
0285,
032a,
0083,
0292,
0300,
0192,
0269,
018c,
016f,
0258,
018c,
01d9,
01c5,
022a,
025d,
0238,
01e6,
02a2,
02d0,
01c7,
0175,
0239,
0237,
0221,
0161,
010a,
0142,
00be,
02d8,
01ea,
02ef,
0341,
034a,
01ec,
021f,
013d,
0189,
0377,
02d0,
025b,
0131,
01cc,
0115,
02a7,
015e,
01f0,
020a,
019e,
01e6,
01b5,
015e,
01cd,
01a6,
01d7,
0162,
0253,
0084,
0274,
01ff,
018f,
00db,
0279,
0270,
01eb,
0177,
0101,
007f,
0170,
014d,
008c,
0118,
01b9,
01dc,
0180,
0217,
034c,
0479,
02cc,
0153,
0120,
020b,
01e5,
015a,
00d8,
0225,
0270,
01a3,
021e,
00cb,
009c,
01cc,
020b,
01b3,
02d5,
02d3,
017e,
012d,
0000,
026a,
0388,
01df,
01e6,
00fb,
01c1,
0241,
01a5,
01aa,
009f,
0231,
0224,
01c5,
0000,
01ca,
01a1,
0000,
0086,
0021,
0056,
0000,
009c,
0239,
0073,
0139,
01ef,
0055,
00f3,
0028,
0000,
00b7,
008e,
01c2,
01e1,
0000,
0096,
013e,
0077,
0165,
0051,
010e,
009c,
073c,
0733,
0402,
0553,
0719,
06d3,
0639,
06b2,
05b1,
073c,
065c,
0685,
0611,
05ee,
0819,
05ab,
048a,
0405,
04fa,
0695,
0771,
06d5,
0707,
071c,
06d7,
072c,
071c,
06eb,
06fd,
040e,
0554,
05e3,
03b0,
05ae,
0761,
0784,
0821,
07b3,
079a,
05f4,
0762,
0697,
069a,
02da,
04bb,
0641,
0621,
05d4,
0651,
06f4,
068e,
073c,
07e3,
07b4,
086a,
0709,
04d5,
03f6,
04ed,
072f,
086f,
06a5,
0524,
069d,
062a,
0676,
07ac,
07ab,
07c8,
0764,
067b,
0821,
07e1,
0852,
0839,
07fa,
05ab,
05f0,
085a,
0853,
08b4,
084d,
08d1,
081d,
0629,
081e,
08a7,
08b2,
087d,
08a5,
0856,
05e7,
0708,
0861,
0899,
08db,
08ab,
0886,
0674,
089e,
0843,
087d,
0819,
083b,
08a4,
07c4,
0612,
07c8,
0929,
08f3,
0813,
0857,
06f6,
0845,
08a1,
087d,
07ec,
0854,
08e4,
08a6,
067d,
06ce,
0861,
0803,
0836,
081d,
07ea,
070b,
072d,
0778,
0883,
08f0,
0856,
08b7,
0857,
0682,
05ae,
05c4,
0710,
0764,
08a8,
07b0,
0636,
06c0,
07f7,
07ee,
07fa,
08de,
08ea,
07eb,
07b0,
07f6,
0817,
06ec,
0831,
0699,
05e5,
0714,
06e3,
0726,
07ea,
08d5,
08a2,
079f,
0867,
0870,
0880,
0701,
07fd,
077c,
06ec,
0729,
06ba,
05ea,
065e,
072a,
07bb,
0795,
0741,
0737,
07a8,
063e,
0806,
0751,
0771,
071d,
0715,
06d5,
06c3,
0739,
06b9,
06bf,
0715,
06e0,
07a6,
06a6,
0142,
026c,
0092,
014f,
00c2,
0258,
00d4,
0176,
00ad,
02cf,
01c5,
01be,
02e3,
021a,
02eb,
01e0,
0292,
020e,
0173,
00ac,
016a,
0162,
0138,
0255,
0208,
0173,
0225,
0210,
0222,
0255,
0267,
0344,
0363,
0217,
024d,
01dd,
02a1,
018e,
01b2,
01cf,
018e,
0171,
01ee,
0198,
03c8,
028b,
031f,
02d4,
026b,
0289,
0213,
01b6,
021f,
003c,
0118,
00b8,
01a7,
0285,
0166,
02bd,
021a,
02d2,
0246,
0197,
0213,
02c3,
01bc,
028e,
01b0,
016a,
02bc,
031b,
01c5,
0200,
0247,
027e,
0253,
01c0,
00e7,
00c6,
0174,
016f,
0112,
00f7,
02ae,
017b,
012d,
0109,
01f3,
0218,
022c,
01eb,
00c2,
017e,
0101,
0113,
0059,
0065,
02b6,
00f1,
00f9,
0111,
00fd,
0140,
0135,
01a7,
01a5,
00b4,
000f,
00d8,
00ad,
000f,
01e6,
024e,
01bf,
00f5,
0049,
015b,
01c1,
01d9,
0245,
00dd,
004f,
0150,
0058,
002c,
007f,
0273,
0418,
030b,
010e,
0160,
020c,
01b7,
01b0,
0243,
029f,
01e9,
0135,
01d0,
0000,
0085,
02cc,
03f5,
01a7,
0075,
01b5,
0173,
01db,
0270,
028b,
0240,
0268,
026d,
00b0,
00c5,
01fa,
03cb,
019e,
0210,
0322,
013e,
024b,
012a,
01bf,
016c,
02c1,
029c,
0000,
0000,
003d,
00d2,
0034,
0210,
00b3,
01ac,
02c8,
02b4,
0222,
01e3,
01dc,
0308,
0000,
0000,
0000,
005d,
0000,
0040,
00c0,
0167,
0148,
0000,
010d,
0000,
00ba,
015d,
0291,
012b,
0376,
0000,
001b,
0000,
0042,
01e9,
0183,
0292,
040d,
0336,
020e,
00ee,
0293,
03df,
0396,
0000,
0163,
0099,
0000,
0173,
0166,
00c5,
0289,
0248,
01c7,
0181,
01e3,
01a8,
0015,
0000,
002d,
0000,
0238,
0235,
028d,
00ac,
024f,
00bb,
015a,
00de,
0334,
02b1,
00ed,
00a3,
00b5,
0000,
01fb,
02a8,
0234,
004b,
0377,
024d,
0131,
01c5,
0493,
0044,
0000,
01ab,
0255,
0000,
0000,
01ac,
0105,
026d,
01d8,
011e,
01bc,
00ba,
0055,
0000,
0164,
01c5,
02f1,
00fa,
0000,
0000,
0201,
010c,
002e,
0151,
0205,
024f,
00e9,
0000,
0157,
02bf,
02ca,
0185,
0043,
0000,
002f,
0197,
018b,
01e6,
00e6,
0201,
0050,
00e3,
0208,
02cd,
0448,
01e8,
0178,
0000,
0000,
0000,
01fc,
0163,
01d8,
0220,
0000,
0000,
0201,
0203,
02be,
0261,
02e6,
00c3,
0000,
0000,
014e,
0141,
00df,
0150,
00f7,
0000,
0000,
0000,
011d,
02d7,
0222,
01b3,
0055,
0000,
0006,
01bd,
0000,
009c,
0320,
00ec,
0000,
0000,
0039,
00a6,
0000,
0065,
00a7,
00f0,
01a3,
00d1,
0000,
0000,
0186,
00cf,
006e,
032f,
0000,
010d,
0329,
0154,
000e,
01b8,
00e7,
0113,
00b2,
0000,
01bf,
00d0,
03b8,
039e,
0000,
003b,
0000,
00c6,
0233,
03f9,
0181,
01d6,
01b0,
00ae,
0341,
0042,
009f,
0048,
010d,
0189,
0036,
00f6,
0239,
03ea,
01b9,
0132,
016d,
001a,
02ee,
02e3,
02f8,
0339,
0306,
02b5,
039a,
0417,
0360,
0323,
0367,
02d1,
02de,
02e0,
026e,
0290,
0358,
03d9,
02c7,
02b3,
02ed,
036a,
025d,
031b,
0320,
025e,
02cd,
035f,
028e,
02da,
0400,
0419,
0418,
02fe,
02a6,
036b,
0299,
02f0,
0335,
033c,
0340,
036c,
0213,
02e4,
047f,
03c6,
045b,
0359,
02f0,
02d1,
02a1,
02b4,
0379,
040c,
03d4,
0470,
028c,
03a6,
03e2,
02d7,
0394,
0305,
037a,
02b9,
02b8,
036c,
03b0,
0356,
0372,
0367,
028e,
0309,
028f,
0316,
0392,
03b2,
039f,
03b1,
0388,
0384,
03e3,
0366,
0365,
0384,
0254,
0313,
030d,
0313,
03af,
03f3,
038b,
02fd,
0371,
02cc,
02f5,
033d,
0303,
034f,
0297,
0305,
02f9,
035e,
037d,
0314,
0363,
0327,
02db,
0350,
033b,
02d5,
037d,
02fe,
02a7,
032f,
0344,
0336,
0278,
02f9,
031c,
0352,
02fb,
02fb,
0335,
031e,
0395,
030e,
035e,
0373,
0307,
02dc,
0251,
02c1,
02fb,
0331,
038a,
0356,
0305,
027c,
0280,
0348,
0332,
02da,
0287,
0324,
0256,
0267,
034b,
0366,
0346,
039e,
02e0,
039c,
0280,
0247,
0307,
034f,
030f,
02d3,
02d5,
0290,
030e,
0317,
0316,
02f0,
02eb,
0343,
02e8,
01f3,
02b2,
0308,
03b0,
0311,
0316,
02ab,
0334,
029c,
0289,
022b,
02ae,
0314,
028d,
01f7,
037f,
03f4,
0459,
03c7,
0444,
0355,
033a,
032d,
033a,
03e7,
0371,
0349,
033a,
0359,
02fb,
0327,
01c5,
01da,
02b4,
030e,
01d7,
020d,
028b,
0297,
0259,
029e,
02cd,
0260,
033a,
0267,
00bf,
0151,
021f,
0228,
022d,
0288,
02da,
02a2,
0289,
029a,
02f5,
02f6,
02a8,
01cf,
0223,
01ae,
00dc,
022b,
02e7,
02f9,
035b,
02da,
02d9,
0285,
0322,
02a6,
02c6,
00e2,
01e3,
01c1,
0259,
0227,
02d0,
02a4,
02c6,
02ee,
02fe,
033c,
0418,
02b1,
0206,
019f,
0285,
0224,
0323,
0219,
020b,
0260,
0248,
02b4,
02ee,
02d4,
035d,
0352,
02c5,
033a,
02e9,
02c7,
031a,
02f1,
0272,
0231,
036b,
0356,
03c9,
030a,
02ef,
0281,
01e2,
030f,
0357,
0311,
030d,
030c,
0378,
01cd,
0290,
0336,
0359,
0337,
03a1,
02c3,
0171,
02b4,
028e,
02c4,
028f,
0288,
032a,
0349,
022c,
02e2,
035d,
0377,
02fd,
02e9,
0193,
0237,
0258,
02c3,
0234,
02ca,
031a,
0378,
0292,
025e,
0384,
0368,
033a,
0315,
02c8,
01c4,
01cc,
01ce,
02a8,
0337,
0391,
0396,
0365,
022a,
0185,
01ee,
0323,
0361,
0314,
026d,
00c9,
01b9,
020f,
0344,
03a0,
0372,
03de,
036a,
025e,
0322,
03a3,
037c,
02e3,
025d,
0123,
018c,
0151,
01c6,
0273,
02a4,
02ee,
024f,
0220,
02e1,
03b0,
02b4,
0314,
034c,
022a,
0218,
01f3,
0214,
0139,
01b0,
02f7,
02a5,
0296,
0260,
02f4,
029f,
02ea,
0285,
02e1,
02f6,
02ec,
02e0,
0276,
0232,
0204,
01f6,
0279,
02de,
02fb,
024d,
0172,
021a,
02df,
020d,
00f9,
0101,
008a,
030d,
01fa,
00cf,
015c,
0111,
0169,
02f5,
020c,
037e,
0772,
045b,
02b9,
0183,
0152,
015b,
0183,
0153,
0150,
0134,
0172,
02ea,
010d,
05a3,
04be,
0320,
0681,
0352,
0137,
0100,
00ea,
00ea,
0162,
01fb,
01a1,
0126,
0271,
070e,
03c8,
040d,
036f,
0328,
01c7,
0192,
01b6,
022d,
01f6,
02c9,
03e2,
0361,
048d,
04d3,
0351,
045e,
0309,
02f9,
029b,
01d2,
0196,
0203,
01d6,
01a4,
01f5,
012d,
0456,
03e9,
0441,
0346,
02de,
01e4,
0301,
0160,
0062,
0007,
0038,
007c,
003a,
0009,
033e,
03e9,
03ac,
032c,
02bb,
0283,
01f8,
01df,
00bc,
0000,
0000,
0000,
0000,
0000,
039d,
03a4,
0294,
02ab,
0366,
03c2,
02ec,
0256,
0137,
0000,
0000,
0035,
0025,
0000,
027c,
030b,
02c0,
0333,
041c,
0343,
033c,
022a,
0211,
00f1,
0000,
007b,
0000,
0000,
0000,
01b4,
02fe,
02c7,
0323,
032c,
0358,
0298,
01e4,
026d,
0195,
0273,
0215,
0046,
0000,
0025,
039c,
02cc,
02ad,
0365,
03b2,
02fa,
02ae,
02d7,
032e,
023c,
039e,
02b3,
0000,
00f0,
042c,
0393,
031e,
03ce,
0302,
032a,
0341,
042c,
03b1,
02fc,
028d,
0423,
0065,
0113,
0205,
00c2,
00cc,
0403,
0336,
03fd,
04da,
046f,
044b,
0338,
02c4,
0315,
0000,
001b,
0000,
0000,
0000,
004d,
0172,
0172,
017c,
00d3,
0049,
0007,
0000,
0000,
017c,
0229,
001a,
0292,
0182,
0096,
0343,
01bc,
021e,
020e,
02ac,
037a,
02fc,
0372,
0085,
012a,
0000,
019f,
0101,
033b,
02d5,
01ee,
032b,
037f,
034c,
0433,
0242,
0338,
0232,
0000,
00cc,
009a,
0000,
0260,
038d,
02f3,
02c4,
02f3,
039e,
0285,
01c5,
02a8,
025a,
0000,
0000,
0000,
0074,
00ff,
02ec,
0268,
02a1,
02be,
02ad,
033f,
030b,
030a,
0074,
0000,
0000,
013a,
02ae,
01bc,
01ae,
01b2,
01e1,
01a2,
01e0,
022d,
02fe,
02af,
00ec,
01c5,
0299,
036d,
0358,
0248,
0251,
0282,
03ac,
0369,
0289,
027e,
036c,
021d,
0171,
01d2,
039e,
0368,
0395,
0304,
034b,
0239,
0321,
0452,
03f7,
0390,
033f,
0368,
0000,
0258,
0314,
036b,
033d,
0350,
03a6,
02d8,
02dc,
02de,
03db,
037c,
02d5,
039f,
010a,
0236,
0263,
028e,
01f7,
02ca,
0322,
0305,
032a,
0289,
0326,
02aa,
0277,
02c2,
027e,
01d3,
00fe,
0195,
0239,
02c1,
03e5,
038e,
02f4,
0255,
0332,
018d,
0299,
0159,
030c,
0302,
005c,
0122,
0167,
0109,
0265,
037d,
02c2,
0311,
02dd,
01c6,
00f4,
0087,
0379,
02b2,
00d6,
0179,
00ec,
00c8,
01bf,
02ce,
0269,
01e4,
0331,
02b1,
0219,
0000,
03d8,
02a1,
0184,
0217,
0167,
0000,
0000,
0039,
020f,
00ea,
0171,
02b7,
0240,
01b8,
02df,
0207,
0353,
02a8,
0353,
0310,
0262,
02d8,
0327,
0303,
0365,
031a,
039b,
02f0,
04d9,
04d7,
0524,
056b,
03fb,
0475,
034a,
03dc,
05c3,
04d8,
0507,
0415,
04d4,
0446,
04c4,
042e,
0323,
03e1,
0429,
0439,
028d,
034b,
0403,
03de,
04ff,
0392,
03c7,
0430,
03d4,
03b5,
015d,
0150,
0243,
0375,
02fe,
031d,
02bf,
0324,
0234,
0363,
0305,
0329,
024f,
0430,
01e3,
0076,
0136,
0251,
03ca,
035a,
03df,
02d2,
01ff,
016f,
014a,
01ef,
03e4,
040f,
02d7,
0138,
0013,
00b6,
03f2,
0362,
0372,
032d,
018f,
01b8,
016c,
01df,
028e,
006e,
0079,
00ae,
003a,
007a,
015e,
02b8,
0172,
0145,
0130,
0155,
005e,
00d8,
02b3,
0065,
0009,
0091,
0099,
008e,
0000,
00bd,
01cc,
0100,
016e,
015f,
00d9,
008f,
02c2,
000a,
008d,
002b,
0025,
0030,
0000,
0000,
01d2,
01c6,
009d,
00c0,
0139,
0121,
0219,
015a,
00bb,
002b,
0028,
0007,
0022,
0000,
0000,
01d5,
012d,
018c,
0156,
00e3,
00f7,
0166,
01d4,
022c,
00b7,
0040,
0041,
0000,
0000,
0110,
02f3,
0331,
0156,
01d1,
011c,
015b,
0262,
0280,
01e9,
007d,
0035,
0000,
0042,
0000,
009f,
0107,
0105,
01c6,
0210,
0242,
0252,
01f7,
033b,
01dc,
00f9,
008e,
0076,
0000,
0115,
00cc,
00dc,
01be,
01a7,
01f0,
0255,
0351,
02b3,
0349,
01fe,
020c,
00f0,
018e,
02ae,
02cf,
0239,
0208,
016b,
016b,
00f0,
0191,
01fd,
01ed,
01bb,
02e4,
0315,
02c6,
0266,
017c,
019c,
01c5,
0182,
0000,
00e4,
025d,
010b,
00be,
0167,
0124,
00d8,
0000,
0012,
0000,
000a,
002f,
024d,
0124,
013c,
0444,
00c7,
0140,
012f,
01e5,
0138,
011b,
0187,
008c,
01a2,
0047,
00f2,
01c3,
00d0,
01c8,
00af,
0331,
0052,
020b,
0111,
0050,
0000,
01ab,
00bf,
00b7,
0165,
01e5,
0000,
016d,
022a,
0337,
01d4,
015e,
00a0,
0132,
0032,
0176,
0000,
018d,
0295,
0280,
002d,
0177,
018b,
02a8,
054d,
0088,
02b5,
0198,
00f9,
0071,
0053,
0000,
02bb,
01f8,
012f,
010c,
0016,
0193,
055e,
0057,
0000,
0000,
0034,
0000,
0015,
001a,
028f,
010e,
00be,
0075,
007b,
01e2,
0213,
028f,
0241,
0000,
0000,
0000,
0177,
0011,
01c7,
0000,
00ef,
0021,
007d,
0025,
0103,
013b,
05ca,
00a1,
0082,
0088,
00b6,
003f,
0527,
00ee,
00d1,
007f,
00c0,
0061,
009c,
0066,
048c,
03da,
0000,
0000,
0000,
0000,
0171,
01ce,
02aa,
0018,
0173,
00c6,
00b7,
001f,
0265,
0351,
0219,
00b1,
00f5,
015b,
0116,
0068,
04b5,
0081,
0496,
0167,
00bd,
0005,
003a,
0023,
0393,
0208,
01a8,
01a5,
0143,
006a,
03a3,
00ae,
0171,
005f,
0000,
0053,
0000,
0178,
00cf,
00f7,
00a9,
0268,
00ec,
00a5,
01ad,
0000,
0173,
02f7,
0000,
0208,
014e,
00c9,
0142,
013c,
0021,
0000,
0057,
001c,
0000,
0056,
0000,
0050,
0026,
009f,
0000,
0000,
0000,
0000,
0000,
0000,
0000,
0219,
0363,
0139,
01d5,
02de,
0000,
0000,
024f,
014e,
01ac,
0160,
024d,
0000,
02f9,
0408,
04e9,
0327,
01d0,
011e,
0000,
00f7,
0272,
0265,
0329,
024d,
02b9,
01e5,
0157,
035b,
02ef,
0302,
04d8,
0153,
0153,
02af,
004a,
016f,
0006,
00c1,
000b,
00ef,
0000,
03de,
02b6,
0000,
0332,
0275,
02e4,
008e,
019e,
0021,
0045,
0000,
0000,
0000,
0220,
0203,
0325,
0114,
003e,
023a,
0202,
019f,
00d8,
00f4,
0000,
0000,
0000,
0000,
0131,
0221,
0245,
0135,
0057,
01d6,
0362,
0000,
0000,
0000,
0000,
0000,
0000,
0000,
0000,
01be,
0002,
0172,
015f,
008b,
00ee,
0204,
0000,
0000,
0000,
0000,
0000,
0000,
00be,
00b2,
0109,
009f,
0000,
0027,
00ad,
0199,
0248,
0000,
0000,
0000,
0000,
0000,
0000,
0032,
001c,
001b,
005b,
0053,
0000,
0128,
0210,
0000,
0000,
001c,
0000,
0000,
0000,
0000,
00d7,
0179,
00a1,
006d,
002d,
0056,
01c3,
018b,
0224,
0374,
0248,
00f8,
0000,
0000,
016e,
0399,
01c1,
0077,
0006,
0028,
00a3,
01de,
0091,
0206,
02b0,
0265,
0000,
0000,
010f,
01de,
014b,
022b,
0158,
00b4,
0164,
0175,
00fb,
0253,
0221,
02bb,
0000,
0000,
0000,
0086,
005e,
00ac,
0172,
030d,
01a1,
013b,
01fb,
01dd,
020b,
0140,
0000,
0000,
0000,
0016,
0000,
0000,
0000,
002e,
0014,
0000,
0000,
0000,
0000,
0000,
06c6,
05a3,
0576,
043d,
0471,
0423,
0394,
047a,
0648,
04df,
0419,
02ba,
0333,
056a,
0893,
0610,
0510,
0498,
045f,
067c,
046c,
03a3,
04ca,
0345,
03d1,
02a4,
034a,
0619,
0590,
03f7,
01ea,
04dc,
02e7,
0534,
054b,
04ad,
060d,
0456,
02b6,
02a0,
03a7,
049c,
05a9,
028a,
014c,
01ca,
02b5,
02ac,
04b1,
04e3,
057b,
0484,
0412,
0515,
0443,
0490,
04c7,
0415,
0439,
047e,
0468,
035e,
033b,
04a4,
0404,
03c4,
03ee,
0589,
04b1,
0540,
0380,
05e9,
03f2,
0522,
04de,
054e,
02a4,
047c,
055a,
0497,
0587,
04b7,
045e,
04dc,
02da,
02bf,
03c7,
042a,
03fd,
04f8,
06c3,
0340,
041a,
040f,
051b,
03d3,
046c,
05cd,
021a,
01e8,
02b7,
0384,
03a2,
03eb,
04e8,
049d,
030b,
0529,
04ff,
043b,
03b2,
05a0,
0543,
02e3,
0436,
0392,
0451,
03bf,
05c9,
0499,
041d,
03c9,
04d1,
03ae,
04e9,
04cc,
048d,
03c4,
0516,
050a,
04c5,
0430,
038e,
03ec,
055a,
02e7,
023c,
0251,
020f,
0531,
04db,
046d,
043a,
0340,
0261,
022a,
02d2,
038e,
04cc,
03ad,
03b4,
03cf,
0428,
0454,
0510,
034d,
0519,
0372,
0397,
03a5,
0358,
0388,
0530,
03f9,
0456,
0249,
0478,
03f2,
05a2,
036c,
0460,
05aa,
0664,
0484,
0444,
02e8,
02c9,
04ef,
0483,
0310,
0538,
04b9,
046a,
03ba,
0316,
03ee,
04f2,
051e,
0591,
060f,
04c4,
03d0,
04fd,
049a,
056a,
050b,
0064,
00b3,
00c5,
0177,
0142,
0142,
0162,
017b,
0046,
00d6,
0044,
00df,
0045,
0000,
0129,
013e,
0119,
013e,
0171,
01aa,
0197,
00d7,
0166,
0086,
0104,
0145,
0128,
007c,
00ce,
013c,
01d3,
025c,
0013,
018c,
017e,
0175,
0263,
0216,
013c,
0189,
019e,
0136,
0133,
0086,
010b,
02bc,
0304,
01b9,
00f5,
0194,
0172,
01a4,
01d2,
01c0,
01ef,
0181,
0108,
00ba,
0098,
040c,
054e,
0382,
016a,
01b4,
0200,
0180,
01a2,
0271,
022e,
016e,
01a6,
0428,
044a,
0556,
0531,
04f9,
02a3,
02d2,
02ab,
02ea,
0300,
0324,
03bb,
0344,
02bc,
0499,
0510,
0531,
04f4,
058b,
04ba,
025e,
02dc,
0362,
037f,
0371,
03d9,
0386,
0289,
0474,
0503,
04ef,
045c,
0522,
05bb,
047b,
0226,
033f,
0374,
0417,
0378,
0327,
02b9,
043a,
0503,
0500,
04c8,
0551,
058f,
057b,
0312,
0397,
0363,
0350,
030f,
03dc,
0272,
023e,
044c,
045f,
04d9,
0507,
0522,
053c,
04bf,
0336,
0274,
0333,
034c,
02bb,
02c9,
02f7,
03aa,
03e6,
04f8,
04e5,
04f2,
0535,
0584,
04da,
0446,
0497,
0440,
02cb,
028a,
026c,
034d,
035e,
0364,
040b,
0461,
052d,
052c,
0577,
0511,
0467,
0473,
0321,
028f,
02a2,
0268,
01f0,
021a,
0314,
038c,
043b,
0456,
038e,
033c,
02a5,
031a,
0291,
02aa,
02c4,
024d,
0273,
026d,
01ce,
024a,
0280,
016d,
0122,
01ba,
01fb,
01db,
0189,
0397,
0256,
04e2,
0358,
021f,
0040,
02e5,
02d8,
0266,
035f,
045a,
0385,
02f7,
0328,
03a1,
038e,
030f,
03d8,
01f9,
02b3,
01e9,
0214,
011f,
0260,
0315,
02ff,
0232,
02f8,
03b4,
03e3,
0264,
02ec,
031c,
03a4,
02fc,
02ac,
024f,
01a1,
034f,
0144,
010b,
02ab,
05b2,
03ac,
02dc,
0251,
0332,
04ff,
039f,
041d,
02cb,
0196,
031d,
025c,
00c6,
01bf,
04f8,
0268,
017f,
0341,
0446,
0521,
04a5,
01bc,
017a,
0284,
01aa,
0257,
0206,
002e,
05e8,
0451,
0315,
02c2,
043a,
04ae,
0270,
0153,
0203,
01b4,
018b,
0269,
023b,
0320,
05b7,
03ba,
02c8,
02f0,
037a,
038d,
02d6,
03ec,
02f9,
025e,
02b7,
036d,
026c,
0348,
04e9,
02f7,
025c,
02a1,
039e,
0292,
0344,
049b,
045d,
0263,
02e5,
033d,
0349,
03df,
038c,
0167,
01c3,
03b3,
0443,
0386,
0390,
038e,
052c,
0219,
0125,
01fb,
0188,
02f6,
0399,
025f,
0335,
01f7,
02ce,
02c0,
02ae,
02f3,
040f,
022c,
022f,
01e5,
0000,
01cd,
0351,
0371,
0359,
02dc,
0315,
01a7,
00a9,
011f,
020d,
026a,
0287,
02d2,
0221,
0215,
033b,
02a6,
02c2,
03de,
01ec,
024d,
033d,
028b,
01fe,
0256,
0223,
02eb,
02bc,
03cd,
03b1,
0118,
01f2,
029f,
0126,
00ad,
0000,
0257,
01e7,
0368,
01a2,
018c,
0000,
0198,
0260,
0120,
0124,
0125,
01c8,
0241,
0104,
0000,
0181,
02fc,
01c0,
0138,
013d,
01e5,
01e2,
0156,
007a,
0395,
03b9,
0246,
02b2,
0201,
03ea,
03d5,
03f0,
0442,
038b,
034b,
0053,
00e9,
0000,
014d,
0207,
03cb,
03d7,
02d7,
0483,
0465,
035e,
03ed,
029e,
01a6,
0320,
02b2,
0125,
0000,
0000,
0347,
032a,
0355,
0365,
0403,
041d,
03a6,
0323,
03b6,
036d,
02fb,
0034,
0091,
00b6,
02d2,
0480,
036b,
0340,
03fd,
0294,
028f,
01f7,
0255,
0323,
00f1,
0084,
00b7,
0039,
0000,
03a7,
0307,
0278,
0249,
0293,
01d2,
01c7,
0164,
0337,
0000,
00db,
00fa,
0000,
0000,
00e2,
0147,
023d,
0270,
024b,
02c4,
0338,
02c4,
038c,
00ab,
00bf,
00b4,
0080,
0004,
0000,
0000,
033d,
02f5,
028b,
0323,
02fc,
02fe,
0199,
0000,
00e6,
0091,
018a,
0121,
0000,
0000,
0213,
032b,
027f,
02c5,
03b3,
0392,
0270,
008b,
008a,
0077,
0130,
004d,
0000,
0000,
0000,
0344,
036f,
02c6,
02fd,
035c,
03c7,
027a,
0000,
0053,
0011,
0000,
0000,
0000,
0000,
01c3,
03d0,
028d,
0300,
0345,
0387,
0312,
00c5,
00f1,
01be,
00c0,
0034,
0000,
0000,
0000,
007e,
0000,
0000,
0377,
0391,
0385,
0000,
0108,
0240,
0104,
0000,
001e,
0000,
0106,
0104,
001b,
0000,
0210,
03c0,
0407,
0391,
042a,
03c2,
01b6,
014e,
00d9,
00b9,
0000,
014d,
01d4,
0103,
0104,
03bd,
044a,
044b,
04fb,
0496,
03df,
03b8,
02f4,
032d,
04a1,
0499,
049a,
0382,
036f,
036f,
0353,
01f6,
02e9,
03cd,
03ed,
033e,
035a,
032f,
04e6,
051c,
03b8,
03b7,
047a,
02cf,
0214,
0000,
0000,
027a,
02e5,
036a,
035e,
0228,
0322,
02f8,
02e3,
02aa,
02d5,
0305,
014f,
0000,
0000,
0000,
01b3,
039b,
035d,
02ba,
0264,
02b8,
02ad,
0275,
029e,
034b,
01e4,
0058,
0000,
0000,
0063,
02e1,
03c5,
0338,
0370,
02b5,
0255,
0226,
02e2,
013f,
003a,
009c,
0000,
0000,
0000,
01d1,
0282,
0232,
028b,
0228,
02cb,
02e0,
03b7,
0258,
0000,
0000,
0000,
0000,
0000,
0000,
0197,
024f,
0221,
0221,
024a,
029a,
028b,
021d,
000f,
0000,
0000,
0000,
0000,
0000,
0000,
0202,
02b1,
0229,
01f2,
01eb,
02f1,
0274,
01ae,
00d2,
00fa,
0104,
0000,
0000,
0000,
0009,
02cf,
01d4,
01e7,
01f4,
02fa,
0309,
021e,
0226,
0173,
008f,
0083,
0042,
0000,
0000,
011a,
0173,
01b4,
016a,
0235,
0372,
0378,
01fb,
01b9,
011b,
00e4,
0000,
0000,
0000,
0000,
0003,
0000,
0000,
013b,
0385,
0384,
0175,
019d,
01df,
010c,
0024,
0000,
0000,
0000,
0000,
0000,
0000,
0081,
02d3,
02d9,
01b2,
032d,
03ca,
02b2,
01ff,
0114,
0068,
0078,
013d,
0143,
0031,
00c1,
0248,
0232,
025f,
033a,
0342,
0301,
0309,
0195,
0065,
0109,
0260,
031b,
024f,
022e,
01cb,
0230,
028f,
0204,
02a7,
0328,
02c9,
029a,
02d9,
025b,
02ab,
01c3,
028a,
02d9,
019a,
024f,
0576,
028d,
02a1,
02ce,
01d6,
015a,
01d2,
01d2,
0240,
013a,
0287,
0204,
02e0,
0381,
0569,
04d2,
033a,
01b6,
0126,
030c,
0152,
0114,
025f,
01b0,
01c5,
01b1,
00f7,
02ff,
0314,
04cc,
04f5,
0207,
01f5,
01e2,
0127,
00fc,
0093,
0220,
0105,
018f,
01cb,
0571,
04eb,
0287,
0259,
021c,
0181,
029e,
01d5,
01c3,
00f4,
00cb,
0000,
0230,
035a,
03bf,
0287,
014c,
014c,
02f2,
02cd,
0278,
0223,
01e5,
00e1,
0199,
00a5,
0191,
01f5,
0207,
00fe,
0103,
0118,
0242,
02f3,
01b6,
00e8,
0074,
0108,
0103,
0071,
01e8,
014a,
019d,
00e3,
01ce,
01dd,
01b7,
0233,
0419,
0219,
00d0,
0125,
00f9,
0140,
01a7,
0426,
0385,
0259,
0221,
014a,
00d1,
01eb,
033f,
0262,
01da,
0102,
0127,
0188,
01be,
03f4,
02c9,
0245,
021f,
026b,
02a7,
01d2,
026a,
0290,
01dd,
0125,
01ac,
0174,
01d8,
014c,
0261,
0227,
02b5,
02c7,
02ba,
0105,
0126,
031a,
01c8,
0128,
028d,
00d2,
01a3,
013f,
0183,
01b9,
026c,
0273,
019e,
007f,
00f9,
023c,
01f4,
01c2,
0328,
023e,
0185,
0068,
01c4,
03e5,
0328,
03e6,
0366,
031c,
0276,
02a3,
029b,
0287,
0340,
031d,
02b1,
00b3,
01b2,
02c6,
020b,
033e,
043d,
0401,
03f1,
01cc,
026a,
02e7,
02e0,
0274,
02bb,
0200,
0239,
017a,
01e0,
01de,
02b8,
02c6,
02ad,
02cd,
01fb,
013a,
0143,
01d7,
0294,
00f9,
0165,
00b8,
0087,
0106,
00f9,
0092,
0184,
005f,
0000,
0000,
0000,
0000,
0112,
016a,
01f0,
038f,
01be,
00b6,
00b3,
0098,
004f,
0044,
004e,
0002,
009d,
00fb,
017f,
0067,
02d8,
03f1,
0295,
0289,
0097,
0036,
0099,
0000,
0066,
0000,
0058,
0047,
008d,
00d2,
02a1,
034f,
0489,
03a9,
01fd,
0024,
002d,
012f,
0077,
0154,
01e5,
0298,
025f,
0199,
030e,
03de,
047c,
0383,
02ea,
013d,
0107,
0134,
0132,
0188,
0150,
0082,
0000,
0317,
04cf,
04b3,
03f6,
03af,
033c,
02aa,
00a8,
0000,
0000,
004c,
007e,
0000,
0000,
0188,
0527,
0466,
040a,
0341,
0398,
02e9,
00dc,
0000,
0000,
0044,
00a7,
0050,
001d,
0229,
0406,
0357,
0353,
0337,
0455,
03cb,
02da,
0078,
0000,
00b5,
00c3,
0068,
0000,
00ab,
02b5,
0324,
0446,
04db,
03d2,
03aa,
0359,
01be,
0000,
000d,
0010,
001c,
0000,
0049,
0005,
02a5,
02d0,
0489,
03dd,
03a6,
03db,
0289,
0109,
0000,
00ae,
0168,
0011,
0000,
0000,
01e2,
0214,
02f5,
02cc,
031e,
03dc,
0348,
0291,
02e0,
02c0,
0425,
01e0,
00a8,
0000,
027c,
01f8,
0192,
02e2,
02cf,
040a,
033b,
0422,
03d9,
03af,
03a8,
03f7,
0019,
0000,
0000,
0000,
0000,
011c,
021f,
0383,
03cf,
0366,
0297,
012a,
01ae,
00e8,
0000,
0000,
0000,
0000,
0000,
0000,
0000,
0000,
0000,
0000,
0000,
0000,
0000,
0000,
0221,
019d,
0411,
0386,
01f7,
02db,
033c,
039f,
02da,
016f,
01f3,
0215,
01d1,
0223,
00d5,
029f,
036d,
034a,
03a9,
025b,
0189,
0247,
01c1,
0158,
01ad,
015e,
012d,
0115,
00f2,
0233,
01b6,
01fb,
0341,
01a4,
0121,
015f,
0151,
0109,
006b,
01e7,
0150,
0203,
0186,
0285,
0184,
0186,
01cb,
0127,
00de,
01ab,
0198,
0134,
00f9,
0182,
00b5,
02c7,
03ea,
03ca,
03a9,
01dc,
00d2,
00da,
01ec,
0218,
02f4,
0227,
01bf,
0151,
0198,
02e3,
027c,
0171,
01bd,
01e7,
013c,
00fc,
0210,
02ad,
0121,
009c,
00a0,
009e,
00af,
00cd,
02b2,
01f9,
0190,
01b7,
01d3,
01cd,
00f3,
01cb,
0163,
0067,
0074,
003d,
0051,
00f7,
0250,
018d,
0215,
01f8,
0261,
0235,
0138,
0027,
01b8,
00d3,
005e,
0063,
00df,
0043,
025c,
0207,
024a,
0210,
01b8,
0133,
00e0,
002d,
010c,
010e,
0065,
00a6,
003d,
0026,
00a7,
0163,
0244,
0201,
01b1,
0154,
016c,
00a7,
0080,
0183,
0261,
02fc,
0222,
01a4,
00bd,
00a6,
02ab,
0242,
0261,
0278,
0214,
010e,
0084,
0097,
01ff,
012f,
00d3,
0119,
00ec,
01ec,
0339,
022e,
0261,
0289,
0149,
0158,
00f5,
01e8,
01dd,
00ff,
0080,
0143,
0081,
0142,
0247,
014a,
0186,
0333,
031e,
0267,
01b7,
0279,
029b,
0277,
01f5,
024a,
0161,
018f,
00e2,
00f8,
013f,
018c,
015c,
0238,
0231,
01c8,
0153,
0119,
01b4,
01d0,
0000,
00ba,
0167,
029f,
0105,
0222,
01a6,
0243,
028e,
019d,
0243,
01ff,
02e0,
0183,
0020,
00c2,
026f,
02d0,
0171,
024c,
01c4,
00f9,
01ce,
018d,
0250,
01c8,
020f,
0130,
0062,
020d,
012b,
00d8,
02ec,
02bd,
0229,
02b2,
0235,
01ba,
01d4,
02b8,
0133,
0194,
0213,
037d,
00f0,
012d,
027d,
01a4,
020b,
029a,
0191,
025e,
0249,
01bc,
01b2,
0233,
0211,
025d,
0114,
01d7,
014b,
005e,
0201,
00e9,
00f8,
01ef,
01b4,
0189,
017b,
0223,
030a,
01df,
01d3,
014b,
0116,
0154,
0211,
01ef,
0144,
0095,
015f,
01a5,
0195,
0168,
036d,
022a,
0195,
0176,
01fa,
020c,
00ed,
019e,
01cf,
01d8,
00f9,
018b,
00ef,
0154,
01d9,
00b5,
00f7,
00da,
01dc,
010d,
0108,
0126,
024f,
025d,
006c,
012d,
023f,
013b,
011f,
00d5,
016e,
012f,
004d,
00f8,
012d,
0141,
0172,
022d,
0155,
01d0,
011e,
0103,
003b,
01ab,
01c2,
00b0,
0000,
00e7,
01be,
011d,
010c,
01e4,
027d,
025c,
016c,
023f,
001b,
0143,
0168,
030d,
0199,
014d,
022b,
0219,
0221,
0295,
01c5,
01aa,
00c9,
0292,
002f,
022c,
0137,
01f4,
00f6,
00fb,
013e,
00df,
0218,
01d2,
015e,
00d4,
00f2,
0164,
00de,
01ec,
014d,
0024,
005f,
0164,
01ec,
009e,
0178,
0049,
01b7,
0172,
00a2,
01aa,
0122,
01bd,
01a1,
0259,
0194,
016e,
016a,
0131,
017f,
00f2,
0179,
011a,
01d4,
0163,
0000,
0000,
0000,
0000,
0000,
0000,
0000,
0000,
0000,
0000,
0000,
0000,
0000,
0000,
0000,
012f,
01a4,
0000,
0058,
0000,
0000,
0000,
0000,
0000,
0000,
0000,
0000,
0000,
0000,
016a,
010b,
0000,
0182,
0000,
0000,
0000,
0000,
0000,
0000,
0000,
0000,
0000,
0000,
0000,
0000,
0000,
0000,
0000,
0000,
0000,
0000,
0000,
0000,
0158,
0000,
002a,
0259,
0000,
0000,
000f,
0000,
0000,
0178,
0000,
0000,
0132,
007e,
0000,
0000,
0000,
0191,
00cd,
0187,
0000,
0040,
0000,
0000,
0000,
014c,
0010,
0000,
0000,
0000,
0000,
0279,
0083,
008c,
0023,
007d,
00b4,
0102,
0000,
0000,
0000,
0000,
0000,
0000,
0000,
0000,
0000,
0000,
00d2,
02a6,
0060,
0000,
0000,
0000,
0000,
0000,
0000,
0000,
0000,
0000,
0000,
000c,
00d0,
0070,
0000,
0000,
0000,
0000,
0000,
0000,
0000,
0000,
0000,
0000,
0000,
0000,
0000,
0000,
0000,
0000,
0000,
0000,
0000,
0061,
015a,
002a,
0000,
002e,
0000,
0000,
0000,
014f,
0310,
0000,
0000,
0000,
0000,
01a6,
00c6,
0000,
0000,
0000,
0000,
0000,
0000,
0000,
0000,
0000,
0000,
0000,
0000,
0000,
0000,
0000,
0000,
0000,
002e,
0386,
00c0,
0000,
00bd,
0000,
0000,
0000,
01ee,
0000,
0000,
0000,
0000,
0000,
0000,
0000,
0000,
0000,
0000,
0000,
0000,
0000,
0098,
0000,
0000,
0000,
0000,
0134,
00e8,
0115,
0357,
03fb,
04c8,
05b7,
0235,
030a,
051a,
03c1,
0557,
0493,
0230,
00fa,
0157,
0000,
0213,
0351,
050e,
050c,
04d3,
0542,
0448,
03fe,
044c,
038f,
0194,
0534,
017a,
0132,
0153,
0079,
0458,
04d4,
053c,
06ad,
05d2,
05d7,
046e,
04d3,
0532,
0487,
0114,
016c,
012e,
01ed,
02d9,
04b8,
0512,
0423,
04b1,
04c4,
0324,
01e0,
02be,
02b4,
0157,
01ce,
01e6,
021b,
0115,
036c,
03b7,
03c9,
0395,
04b7,
055f,
050e,
0750,
030d,
0143,
01cb,
01dd,
01b7,
01f1,
01df,
063e,
06d3,
06a9,
0674,
06ab,
06d9,
075c,
04d1,
0119,
016d,
019a,
01d9,
01c3,
011c,
03df,
06cc,
0699,
06c4,
0691,
06dd,
07a8,
034f,
0132,
0208,
0204,
01e6,
010e,
0147,
0172,
05cb,
07b7,
06bf,
0643,
0673,
07a9,
053d,
02d1,
0267,
01c3,
00f8,
0194,
01ab,
01e1,
029c,
074d,
07b5,
0706,
06be,
07ad,
06d5,
0653,
0312,
0245,
0133,
0191,
0160,
019a,
017d,
043e,
066f,
048c,
050a,
0778,
0713,
0714,
0275,
0377,
029c,
01ee,
0196,
01d2,
01dc,
0224,
01de,
01cf,
0124,
065f,
0672,
0598,
0224,
02c8,
02a3,
019a,
029b,
01af,
01e2,
0100,
0114,
00fe,
0119,
0290,
068d,
061d,
0533,
05e4,
05b4,
02f0,
03b3,
01d7,
00c2,
013e,
027a,
0388,
03e8,
0466,
0865,
0804,
07dc,
0868,
0831,
0787,
0710,
06bd,
06d6,
073d,
083e,
07c6,
087e,
0941,
0212,
02aa,
007f,
00db,
01ea,
012c,
0186,
01a9,
017c,
01ae,
01ff,
01bf,
0145,
019d,
02f8,
0224,
0000,
004a,
0000,
00b1,
015c,
00fb,
0165,
0193,
0172,
00f8,
0116,
02e9,
01fa,
01c4,
0186,
00e7,
004a,
0207,
0278,
02a2,
01a0,
014b,
0256,
0130,
014f,
00f8,
028f,
004c,
0136,
00d5,
02fb,
0265,
02a0,
021b,
013c,
01fe,
02bd,
0287,
02af,
0140,
0166,
0000,
0045,
013d,
0310,
0312,
01f8,
00db,
006a,
00f9,
012b,
022f,
0186,
00e8,
04ce,
04a9,
02e6,
0260,
02f2,
0360,
0221,
0165,
0197,
019e,
02bf,
0274,
038e,
0364,
02e6,
02e2,
0315,
0297,
02bb,
0325,
0373,
0119,
024f,
02ed,
031a,
0345,
03ca,
037f,
02a2,
0428,
02d9,
028d,
023a,
0279,
036f,
0397,
025d,
02e3,
0302,
0389,
0309,
03b9,
01a9,
02d6,
02cb,
031c,
021d,
0342,
0340,
0394,
03ef,
0292,
0306,
02b8,
0313,
034d,
03ac,
02d1,
021f,
0105,
02c8,
0337,
02e6,
034d,
038a,
00ad,
00a4,
00d9,
028e,
029e,
0380,
03d6,
0132,
00c7,
0242,
01f7,
00d6,
01a5,
02f6,
027d,
00b5,
01ea,
0373,
039d,
023a,
02a0,
005f,
0166,
0272,
025a,
01fa,
0242,
0231,
027a,
01e7,
02f6,
03c7,
03cc,
029f,
0164,
007c,
01de,
0290,
0026,
009a,
00b9,
00a8,
00e8,
00f5,
0128,
0191,
0141,
0259,
02ab,
02b2,
0377,
02c4,
0179,
0215,
0118,
00a9,
0194,
01d5,
032b,
02b9,
0248,
00c7,
0018,
0000,
0000,
0000,
02ff,
0139,
0187,
00a1,
0000,
0000,
0000,
0000,
0000,
0000,
0000,
0000,
0000,
0000,
009e,
01bb,
0056,
0223,
0000,
0000,
0000,
00b7,
0000,
004c,
0000,
0000,
0000,
0000,
014a,
0000,
0000,
0101,
0030,
0000,
0000,
0152,
0165,
0048,
0000,
0000,
00ca,
00e5,
0000,
0000,
000d,
0079,
0000,
000a,
0000,
024e,
01cc,
0000,
0000,
02c7,
0181,
0000,
0000,
000b,
00b4,
0125,
0080,
017c,
00a1,
01a1,
03e5,
0000,
0091,
00c3,
0077,
0000,
0000,
0000,
0000,
00d1,
00cd,
00c9,
0038,
017f,
0035,
0000,
0005,
0000,
0000,
0000,
0000,
0000,
0000,
0115,
0000,
0000,
0000,
00cb,
0000,
0000,
0000,
0000,
0000,
0000,
0000,
0000,
0000,
006b,
0000,
001d,
0064,
0000,
0000,
0000,
0000,
00e2,
0000,
0000,
0000,
0000,
0000,
0000,
0004,
0061,
0000,
0000,
0000,
0078,
0000,
0007,
0027,
0111,
0000,
0000,
000a,
0000,
0000,
0000,
0000,
0000,
0043,
0000,
0166,
02aa,
014d,
0122,
0000,
0198,
018c,
00c6,
0000,
0027,
002c,
0057,
0105,
00eb,
023c,
01fc,
0000,
0000,
0000,
0000,
000b,
0081,
00fe,
013e,
0037,
0005,
0054,
0000,
003a,
0000,
0042,
0000,
0000,
01ea,
0000,
0088,
0000,
00de,
0000,
014a,
0000,
0027,
0000,
0000,
0000,
0000,
008f,
0000,
010d,
0000,
0000,
0016,
0000,
0093,
0021,
01db,
032b,
0000,
0000,
0047,
023d,
00ae,
01c2,
0474,
00f9,
027f,
0098,
027c,
0289,
01df,
0000,
0000,
0000,
009c,
0098,
001e,
0000,
009e,
017d,
01be,
00ae,
007b,
0336,
0229,
0182,
0058,
0000,
0112,
0000,
00c8,
0060,
0000,
0000,
0053,
0131,
0176,
01e5,
0103,
02e4,
01f0,
0060,
007b,
0000,
010f,
0000,
0000,
0000,
00a2,
000e,
01b4,
003e,
0000,
01e8,
064a,
0129,
0000,
0000,
0000,
0000,
0000,
0124,
0147,
0089,
0000,
02b4,
016b,
0000,
0000,
0000,
0000,
0000,
0000,
0076,
0000,
002f,
0000,
0000,
0000,
0000,
0000,
0000,
0000,
0000,
0000,
0000,
0000,
0000,
0000,
0000,
002b,
0000,
001a,
0000,
0000,
0000,
0000,
0000,
0000,
0000,
0000,
0000,
0000,
004e,
0000,
0000,
0000,
0000,
0000,
0000,
0000,
0000,
0000,
0000,
0000,
0000,
0000,
0000,
0062,
0000,
0037,
0000,
0025,
0000,
0000,
0000,
00e8,
0064,
0000,
0043,
0000,
0000,
0000,
0000,
0000,
0000,
01d1,
0055,
0000,
0124,
0000,
00c5,
00e4,
0000,
0000,
0000,
0000,
0000,
000f,
0196,
00be,
0126,
0000,
0000,
0000,
0000,
0000,
0000,
0000,
0000,
0000,
0000,
0000,
0000,
0000,
0057,
0000,
0000,
0034,
0000,
0000,
0000,
0000,
0000,
0000,
0000,
0000,
0000,
0000,
0000,
0000,
0000,
0000,
0000,
0000,
0000,
0000,
0000,
0000,
0000,
0000,
001a,
04c4,
0519,
0467,
043e,
02f2,
00ef,
009f,
031f,
045d,
050f,
0220,
01ba,
00d5,
02f7,
0466,
03c6,
01d8,
03d1,
0372,
0212,
0000,
0000,
0226,
0121,
01c0,
0000,
0000,
03f2,
0334,
0232,
018b,
029f,
0000,
0295,
014b,
0028,
0222,
02a2,
0119,
0172,
01b7,
00f0,
0232,
0000,
0000,
019d,
0000,
023e,
0128,
02d3,
0127,
0244,
007f,
01ca,
035d,
0174,
02d6,
0000,
0000,
02f9,
028b,
0270,
02e1,
0239,
0006,
0000,
00b2,
004a,
01fc,
02e9,
0000,
01b5,
0078,
01dc,
010b,
0234,
0294,
0322,
03f3,
026d,
0368,
0201,
0331,
03ff,
0000,
0022,
01ab,
024c,
022b,
01fb,
01ee,
0163,
03aa,
020a,
0438,
0391,
03ab,
03b7,
0027,
0199,
009a,
00bc,
0000,
0090,
0345,
0294,
01b0,
0440,
03c3,
03b9,
0286,
030f,
02b9,
0147,
00af,
01a0,
0235,
02b8,
0280,
02b7,
008a,
03c3,
03e0,
0410,
03cb,
039f,
02f1,
02a9,
01e6,
002d,
0237,
02cf,
0280,
01fc,
034a,
0085,
0099,
0083,
00c0,
02b9,
0431,
03f7,
0275,
0157,
00a7,
0000,
0097,
0149,
0302,
0202,
0080,
01fb,
0238,
0143,
039e,
0375,
01eb,
0122,
016c,
015a,
0293,
01ed,
0351,
022d,
02a3,
0264,
02d5,
01bc,
0357,
0464,
0312,
04a3,
042a,
02af,
0194,
017a,
011c,
011a,
02c4,
0220,
01de,
00ca,
03d8,
036a,
03bb,
0357,
04c3,
02ae,
0283,
02c1,
027e,
03c3,
039d,
02cd,
021a,
0229,
0055,
007d,
026f,
0269,
00b1,
0000,
00e9,
0000,
019f,
0141,
0124,
00fc,
0137,
0058,
0000,
00e0,
0144,
036e,
001c,
0149,
006e,
00db,
00eb,
016d,
014d,
00c7,
004d,
0000,
009e,
01e9,
01fa,
0241,
0166,
01a1,
00e6,
01aa,
0119,
015e,
009d,
00fa,
0000,
00e1,
006b,
0000,
01d7,
0131,
0243,
031d,
018d,
016d,
010a,
00c9,
006d,
0003,
0000,
0000,
0128,
007b,
000b,
0015,
00ce,
01f5,
025e,
00a2,
0013,
0071,
0085,
0018,
0000,
0000,
0000,
0000,
0000,
0006,
002d,
01b7,
03b3,
023e,
0123,
011b,
012e,
0141,
008b,
0111,
002b,
0000,
0000,
0000,
0083,
00ec,
00dd,
035c,
021f,
015e,
00d3,
01e0,
0188,
010b,
0000,
0000,
0000,
0000,
0000,
0000,
0000,
00f6,
032f,
01ed,
017b,
0109,
0190,
016b,
0103,
0000,
0000,
0000,
0000,
0003,
0078,
004f,
02a0,
024b,
018e,
0169,
01bb,
0179,
0115,
0176,
00ca,
00a5,
0000,
0000,
0000,
0000,
0160,
018e,
025d,
0154,
0053,
0183,
0138,
0102,
001d,
0165,
000a,
0000,
0000,
0000,
0000,
0065,
00cc,
009b,
0000,
0068,
010c,
012f,
0000,
0000,
0089,
0000,
00b0,
0000,
0000,
0000,
0000,
0000,
0000,
0000,
014b,
0171,
0185,
00e9,
018c,
0044,
0021,
0000,
0000,
0000,
0000,
0000,
0000,
0000,
014c,
0213,
0252,
0286,
023b,
00d4,
010d,
00c2,
0097,
015f,
0183,
0155,
015e,
018e,
0287,
025b,
0137,
0000,
0217,
01e6,
0080,
00cb,
0000,
01ce,
01db,
0199,
0246,
0243,
02ed,
009c,
0000,
0000,
0108,
00d3,
0146,
00be,
0049,
01da,
013b,
01ef,
0204,
01e1,
0266,
0000,
0000,
0020,
0000,
0000,
01a6,
0195,
022d,
0253,
02bc,
0185,
029a,
01e9,
024d,
0000,
0000,
0000,
0000,
0107,
0062,
0180,
015c,
028a,
0237,
0293,
03cd,
0288,
0060,
002a,
005f,
0061,
027b,
01dd,
0000,
0159,
0071,
0157,
026a,
0269,
0324,
0378,
00d5,
0211,
0252,
01dc,
0294,
0267,
0125,
0132,
03dc,
0431,
043b,
02ec,
0287,
02aa,
0122,
02f1,
034c,
02cf,
0294,
022c,
02f9,
021d,
010f,
0398,
03b9,
0377,
038c,
034d,
0156,
0383,
0280,
02fa,
02db,
01af,
028c,
030e,
0111,
0288,
03ca,
0371,
0291,
0346,
02dc,
0341,
0274,
0325,
0272,
02bb,
033b,
03c5,
01f3,
0169,
0311,
0338,
0328,
0359,
0260,
028a,
01be,
0249,
027d,
03cc,
03a8,
03fa,
0275,
01a4,
0000,
00b9,
02c8,
0201,
03aa,
0295,
0000,
0154,
01db,
03bc,
031d,
0345,
03cd,
02eb,
01df,
0272,
032b,
0247,
028e,
0185,
0000,
0148,
017a,
01c6,
0245,
031b,
0347,
0148,
01dd,
032e,
0329,
01cb,
02cb,
02f5,
01be,
0146,
01d8,
013c,
00d5,
00ab,
0281,
0281,
0222,
023a,
0219,
021b,
02c0,
01fd,
031b,
0201,
0222,
0285,
0242,
01e6,
017f,
0160,
020c,
01d9,
02a6,
0223,
03cd,
03bb,
02ba,
0403,
03dd,
04b3,
0268,
0163,
0320,
0420,
0377,
044e,
03db,
047a,
037d,
0405,
0026,
0095,
042b,
0494,
0420,
02d4,
044e,
03bb,
0359,
0478,
0370,
025d,
0493,
030a,
005b,
0000,
0000,
0300,
0418,
02c7,
0441,
03d6,
0353,
031e,
02c0,
0372,
05a5,
022e,
0000,
00a0,
0000,
0266,
0428,
043b,
0478,
04a1,
0200,
00e5,
00ab,
00ab,
036e,
0008,
0000,
018e,
0000,
0112,
0302,
03fc,
03be,
025c,
020a,
02be,
027a,
02bf,
02cc,
0123,
01f2,
012e,
0028,
0000,
00e3,
0285,
028f,
0277,
01e2,
02dc,
02dc,
029a,
0339,
0120,
011e,
00e3,
002f,
0000,
0000,
0113,
0292,
0414,
0371,
030f,
03c1,
034d,
02c0,
0090,
011f,
0066,
00db,
018f,
00b6,
0073,
0298,
0387,
02e3,
038c,
02f1,
03b2,
0345,
00d3,
00bf,
016f,
026e,
0122,
00ea,
00a0,
0115,
034f,
02db,
0335,
0270,
03ea,
0378,
020e,
0221,
0199,
01f0,
0128,
00ff,
0094,
0000,
01d1,
02ef,
02ee,
0371,
02cb,
0452,
03bd,
0244,
011f,
0209,
01c8,
0110,
00dc,
00bd,
0065,
018a,
0000,
01e6,
041b,
0412,
0346,
0237,
024e,
025f,
025c,
00f0,
00f2,
017f,
0169,
0133,
0047,
0192,
0411,
04b3,
046b,
0257,
03c4,
03e5,
0366,
0176,
01b2,
0234,
0307,
0237,
01b7,
02fa,
0404,
0274,
01fc,
0254,
02f0,
01e3,
0341,
034e,
02a8,
02d6,
01b7,
032e,
0326,
0335,
0307,
0000,
0000,
0000,
0000,
0000,
0000,
0000,
0007,
0000,
0000,
0000,
0000,
0000,
0000,
0000,
0000,
0000,
0000,
0000,
0000,
00ed,
017b,
027b,
008d,
0194,
000a,
0000,
0000,
0000,
0000,
0000,
0000,
0000,
02d7,
005a,
0090,
0104,
0000,
0000,
00e1,
0000,
0000,
0010,
0157,
0000,
0000,
0000,
0000,
0000,
00b2,
0038,
0000,
0000,
0000,
0000,
0000,
0089,
0000,
0000,
0000,
0000,
0000,
0000,
006d,
011b,
0000,
0000,
0000,
0000,
0000,
0000,
0000,
0000,
0000,
0000,
0000,
0000,
0000,
0000,
0000,
0000,
0000,
029a,
007a,
0080,
0000,
0000,
0000,
0000,
0000,
0000,
0000,
00d2,
0000,
0000,
0000,
0000,
0000,
0029,
0000,
0000,
0000,
0030,
0000,
0000,
0000,
0000,
0000,
0000,
0000,
0053,
0000,
0072,
0000,
01a6,
0000,
0000,
0000,
0000,
0000,
0000,
00fb,
004e,
0013,
0000,
0000,
0068,
0000,
0000,
0000,
0000,
000f,
0000,
0000,
0000,
0000,
0251,
0078,
0000,
0000,
0000,
0074,
0235,
0000,
016e,
0000,
0000,
0000,
0000,
0000,
0000,
0000,
0000,
0000,
0000,
00f9,
02d1,
0000,
0045,
0000,
0000,
0000,
0000,
005d,
00d9,
0000,
0000,
0000,
0000,
0000,
0000,
0025,
0000,
0000,
0000,
0000,
0000,
0000,
0000,
0000,
0000,
0000,
01c8,
0070,
0000,
00ee,
00a5,
0000,
002c,
0000,
0000,
0000,
0000,
0149,
01f3,
0000,
00e6,
0000,
04e3,
0000,
0000,
0000,
0000,
01b7,
013e,
00f1,
02ff,
0199,
0000,
0000,
0000,
0135,
030c,
0000,
0000,
0000,
0000,
0000,
0000,
0000,
0000,
0000,
0000,
00c7,
0000,
01d5,
008a,
0000,
0098,
0000,
0000,
0000,
0008,
0000,
0000,
007a,
0045,
0000,
009b,
01ed,
0000,
0000,
0000,
0000,
0000,
00b5,
00b5,
0000,
016c,
0223,
0000,
0148,
05b1,
0000,
0000,
0094,
007c,
0000,
0000,
00f7,
0000,
0000,
01ab,
0000,
0012,
0000,
00c2,
0000,
0099,
0000,
0181,
0000,
0000,
0000,
00eb,
0000,
0000,
0000,
0000,
0047,
0245,
00ab,
00f9,
01c5,
01f8,
0000,
0000,
0000,
0000,
0000,
0000,
012a,
0000,
021f,
0314,
00c5,
0172,
0121,
043b,
0198,
002a,
0000,
0000,
0000,
0000,
0000,
00e0,
019e,
0000,
0000,
00c8,
02b9,
060b,
020f,
00f0,
0000,
0000,
0000,
0000,
005c,
0000,
0004,
0000,
0000,
0000,
0000,
0017,
0207,
0065,
0000,
0000,
0000,
0000,
0161,
0000,
0000,
0000,
0000,
0000,
0000,
0000,
00c5,
0000,
0000,
0000,
0000,
0000,
008a,
0000,
0000,
0000,
0000,
0027,
0035,
0181,
02ba,
015c,
0000,
0000,
0000,
0000,
0000,
0000,
0000,
0000,
0000,
0191,
011c,
0000,
0067,
0000,
0000,
0000,
00c4,
0000,
0000,
0000,
0000,
0000,
004e,
005a,
0000,
009e,
0000,
0000,
0000,
0000,
02f8,
0044,
0000,
0000,
0000,
029e,
02e0,
02e8,
0206,
035d,
02cc,
01c4,
01b0,
0276,
0214,
032b,
030b,
02d4,
039b,
02b9,
0336,
02b5,
027e,
02e5,
02b6,
0217,
0224,
0256,
038b,
02f9,
0314,
0324,
0341,
02d3,
0474,
050e,
033a,
0384,
0205,
01e6,
02dd,
0254,
028f,
035b,
033e,
031b,
0295,
0206,
0361,
050b,
0374,
0365,
03df,
02b2,
02c4,
0311,
0389,
02e6,
03ab,
0349,
02d1,
036b,
0455,
047b,
0245,
013d,
02f4,
02f5,
02e1,
0289,
0329,
0281,
0294,
028b,
023e,
0509,
0435,
0355,
0155,
0160,
01fb,
0326,
0232,
0257,
0245,
02c6,
0247,
01b7,
01cd,
03d0,
03b0,
0249,
0151,
01c8,
01ee,
0283,
0263,
0123,
01de,
0212,
0205,
01a3,
018a,
0320,
02bb,
0189,
01a1,
027b,
01ed,
014a,
0244,
028b,
01af,
018e,
018c,
022c,
0181,
01e8,
023b,
01ba,
0210,
01f6,
019c,
0113,
01bb,
0279,
014d,
020c,
0210,
01e5,
0172,
01ee,
0263,
019a,
013b,
00dd,
01b1,
023e,
0200,
0192,
0271,
0264,
03ad,
03d4,
0267,
01c5,
016f,
006c,
00f6,
0197,
0339,
028c,
0239,
0233,
0263,
0207,
028e,
03d6,
0404,
01c0,
01ca,
0081,
0170,
01df,
01dd,
0231,
0197,
014a,
0194,
01b2,
0277,
0326,
04e9,
0188,
0219,
020c,
0317,
02d1,
024e,
017d,
012c,
0269,
0384,
03b0,
0353,
02e8,
039b,
01a5,
0253,
02f0,
0331,
02a1,
0231,
0282,
0174,
0296,
0364,
01e5,
0320,
02d6,
0251,
0485,
0400,
02c9,
019a,
0000,
0000,
0000,
0000,
03c1,
014e,
01d6,
0057,
0230,
018e,
04ea,
02a6,
0000,
0000,
00a6,
014f,
0000,
00c9,
00d9,
009c,
0374,
01a6,
0219,
0404,
015a,
0000,
0000,
0000,
0000,
0001,
01cd,
00b7,
0000,
007f,
00a8,
00d9,
0033,
0030,
0000,
0000,
0000,
0000,
0000,
0000,
01b6,
0074,
0000,
000f,
0000,
0029,
0090,
0000,
0000,
0000,
0000,
0000,
0000,
0000,
0057,
0000,
0000,
0000,
0000,
0000,
0074,
0199,
0000,
0000,
0000,
0000,
0000,
0000,
0000,
019d,
012b,
00a2,
0158,
00e8,
019c,
012d,
0000,
0000,
0000,
0000,
0000,
0000,
0000,
0117,
02b2,
0219,
01aa,
00f2,
01f1,
0056,
0000,
0000,
0000,
0000,
0000,
0000,
0000,
0000,
00a7,
0313,
0188,
00b2,
005e,
00b0,
0000,
0000,
0000,
0000,
0000,
0000,
0000,
0000,
0000,
01ea,
0133,
0163,
0213,
01de,
008e,
0000,
0000,
0000,
0000,
0000,
0000,
0000,
0000,
0000,
0000,
0000,
0000,
00d2,
02c6,
0124,
0000,
0000,
0000,
0000,
0000,
0000,
0000,
0000,
0000,
0000,
0000,
0000,
0000,
0048,
0000,
0000,
0000,
0000,
0000,
0000,
0000,
0000,
0000,
0000,
0000,
0000,
024a,
0169,
01c7,
017a,
023b,
0071,
0000,
0000,
0000,
0000,
0000,
0000,
0000,
0000,
011d,
005a,
0258,
00f5,
01ca,
0207,
015b,
013b,
0030,
0267,
00f0,
0090,
0194,
0137,
032f,
0370,
0236,
010d,
00c3,
0228,
0000,
01ab,
022c,
0068,
00ce,
0072,
020e,
0199,
03b1,
0202,
01b7,
0170,
02b0,
00c6,
0000,
0000,
00a9,
001d,
0137,
009a,
01d5,
017c,
007e,
0000,
00f9,
013b,
0086,
0000,
007a,
0000,
0033,
0014,
0000,
0075,
0054,
0000,
0082,
00a6,
01c8,
01e6,
0090,
0000,
0000,
004c,
004b,
004b,
004b,
0000,
0108,
00d1,
0087,
01e5,
0326,
014f,
0000,
0000,
0000,
00c4,
00ef,
0162,
012e,
0000,
0000,
00c4,
0000,
0066,
0062,
0000,
0021,
00cf,
0044,
0056,
0000,
0000,
002a,
0000,
0000,
0000,
0000,
004e,
0078,
00c0,
0069,
0081,
016b,
000b,
0000,
0009,
0000,
0000,
0000,
0000,
0000,
001c,
0000,
0008,
001e,
0000,
0000,
00a6,
0000,
0000,
0000,
0000,
0000,
0000,
0000,
001d,
0087,
0042,
0000,
0000,
009f,
0122,
0000,
0000,
0000,
0000,
0000,
0000,
0000,
0000,
000d,
0000,
00b4,
016b,
0168,
017b,
00be,
0000,
0000,
0000,
0027,
0033,
0000,
0000,
0000,
003e,
0000,
003f,
006c,
0126,
01a5,
00a8,
008e,
0110,
0117,
0000,
0000,
0033,
0028,
0000,
0000,
0000,
0038,
0054,
00f5,
0000,
0009,
0048,
019a,
0014,
0000,
0000,
0000,
0000,
0000,
00b5,
000d,
0000,
00ac,
0158,
00ca,
0000,
00be,
0000,
0000,
0000,
0000,
0000,
0000,
0000,
0000,
0000,
0000,
0000,
0000,
0000,
0000,
0000,
0363,
0372,
0468,
0264,
0352,
0383,
0360,
053e,
0421,
0378,
0412,
039c,
02da,
0260,
02ad,
0545,
057a,
0204,
0425,
033c,
02cd,
02cd,
0334,
026b,
0337,
0274,
0325,
03de,
02f4,
0512,
03ae,
0255,
052a,
0332,
030a,
0368,
03b9,
0276,
0276,
0437,
0405,
03e4,
04b6,
03d8,
01b1,
0274,
049b,
0195,
0355,
0455,
03e3,
028d,
044b,
049b,
03dc,
0523,
0721,
03c8,
04aa,
0407,
031a,
0133,
03be,
047d,
03db,
03ca,
04ab,
0352,
03a8,
03fa,
044c,
035a,
0500,
040b,
03ad,
0246,
0281,
02e4,
03b4,
0273,
026f,
0283,
0332,
035d,
0457,
03f8,
0402,
0459,
0498,
0395,
02d1,
006a,
01dc,
0247,
02cb,
02a7,
02ee,
0443,
03d4,
02cb,
03cc,
03ce,
0572,
0426,
0320,
0133,
0212,
0212,
02ea,
025a,
03a7,
02cb,
0147,
0285,
03d7,
045d,
047e,
0375,
02dd,
01b8,
0143,
01f7,
02dd,
02f2,
02fa,
0231,
024e,
0228,
029d,
021b,
028a,
03c1,
0310,
02db,
0200,
0132,
035f,
0441,
0343,
03c7,
026f,
02ec,
03fd,
0266,
0374,
03fa,
0316,
02ae,
0256,
023c,
03ef,
036e,
02ae,
0318,
0238,
0472,
039e,
0325,
0273,
03e3,
02bc,
01b8,
0206,
03d7,
029b,
021a,
0291,
0174,
0204,
03db,
0467,
0431,
0264,
0347,
03c6,
0268,
0326,
0448,
033f,
0310,
030f,
020c,
0235,
032f,
0244,
02dd,
02a4,
022c,
020b,
02e9,
03f7,
03a2,
039b,
0385,
02c3,
017c,
019e,
00c4,
005b,
007a,
0161,
01f3,
01a3,
0000,
011e,
01b3,
0171,
01b4,
01e6,
0060,
01e2,
004f,
005d,
0000,
0095,
0268,
01ba,
01f1,
0184,
00e9,
01dc,
01c0,
0223,
0083,
024f,
004e,
0076,
0065,
0093,
014d,
01f0,
021c,
02cc,
01eb,
01d9,
011e,
0116,
013c,
01d0,
01e4,
0000,
0012,
0000,
0000,
016d,
017d,
017b,
0105,
0045,
0097,
002b,
0000,
0000,
0000,
0000,
0000,
002d,
001a,
0009,
0061,
0139,
0160,
00ba,
01a2,
018b,
0349,
0000,
002b,
0000,
0032,
002b,
0121,
0000,
0035,
02bf,
0290,
0246,
0301,
0375,
02ce,
015a,
002e,
0049,
0081,
003b,
00b5,
014e,
00b6,
022f,
0393,
0369,
0325,
03d1,
0310,
0000,
0000,
002e,
0000,
0000,
0000,
00fc,
01a6,
0153,
03e9,
03bc,
02de,
0322,
03cc,
00d6,
0000,
0000,
0000,
0001,
003b,
007e,
016f,
0008,
0258,
0370,
0309,
0308,
03a0,
034f,
0000,
0000,
0000,
0000,
007b,
00ee,
00c4,
01f1,
00e1,
015e,
0129,
00bf,
0223,
0414,
0333,
0000,
0000,
000f,
0042,
0069,
00d4,
0170,
0135,
00d8,
0138,
00f0,
0124,
02ef,
012a,
0000,
0000,
0000,
0000,
0000,
0000,
0109,
00cf,
0043,
0018,
0121,
0026,
0381,
0249,
011b,
0224,
01b0,
0000,
0000,
0000,
0000,
0000,
0000,
0000,
0013,
0000,
03a1,
025a,
02d8,
034d,
031d,
02e8,
018e,
0142,
01b3,
01e9,
025f,
02ae,
03e0,
02fe,
0333,
00fa,
040f,
0000,
0146,
0000,
0000,
02ae,
014f,
012c,
026c,
0119,
004e,
0000,
00c8,
01d9,
0349,
0000,
0031,
0000,
0000,
0000,
0000,
0000,
0000,
0000,
0000,
0041,
009b,
02bd,
0295,
0067,
0082,
0000,
004f,
005c,
0090,
0000,
004a,
0049,
0078,
0000,
022c,
01bc,
0000,
00ba,
00e9,
0000,
0040,
0105,
0178,
0000,
0101,
028f,
0000,
0060,
04e7,
014d,
0000,
00c9,
021a,
0000,
0031,
00f0,
0000,
00fb,
0180,
0061,
0059,
0000,
02ca,
0000,
0142,
00f5,
0161,
0000,
0000,
0000,
00ee,
002f,
0000,
0000,
0000,
0170,
03a7,
0116,
016a,
015f,
0219,
00b9,
00d3,
0000,
0000,
0000,
0023,
00a6,
00bc,
0262,
0247,
0156,
01c8,
0124,
02da,
01c8,
0129,
0000,
0000,
0031,
00bf,
0031,
00b9,
015e,
0011,
0000,
000f,
0175,
0319,
01f6,
00d5,
0000,
0000,
0000,
0000,
005b,
0042,
0120,
0113,
0000,
000c,
0000,
0000,
00d3,
005a,
0000,
0000,
0000,
0000,
030b,
0000,
0006,
0287,
0000,
0103,
0000,
00cc,
014d,
0000,
0000,
0000,
0000,
0098,
0131,
0000,
0000,
00e6,
0000,
00e4,
0008,
0070,
01a3,
003c,
0000,
0000,
006a,
0000,
0000,
0000,
0000,
012b,
0120,
023d,
0017,
0000,
0000,
0000,
004d,
0000,
0000,
0000,
0000,
0000,
0000,
0045,
0140,
006b,
0032,
00de,
000f,
0000,
0000,
0000,
00a5,
004f,
0022,
0000,
0000,
0187,
0379,
01c8,
036b,
01ed,
0294,
0115,
0406,
0350,
0456,
03d4,
02f0,
03ab,
03cd,
0175,
0259,
0148,
0262,
036d,
0341,
022a,
0152,
0306,
02ad,
02c5,
022b,
01f7,
0397,
0216,
037d,
0328,
01b0,
02ab,
03f8,
03bd,
0231,
03c7,
029b,
0254,
034f,
02ed,
0241,
0454,
01ce,
0152,
0113,
027a,
0175,
03b0,
0393,
03cb,
0395,
0298,
029e,
0383,
01f3,
0338,
01d4,
00be,
0298,
02f1,
0143,
02f1,
0244,
01e1,
0313,
0210,
0258,
023a,
0277,
026c,
026e,
022d,
035d,
0341,
01b4,
0166,
01fb,
0276,
0221,
020e,
018d,
019b,
011e,
0266,
0205,
02be,
0303,
0386,
02d2,
01f4,
008c,
023f,
0323,
0234,
0206,
0131,
01a1,
005d,
0178,
0147,
0223,
02b3,
0222,
0200,
016a,
00ee,
0208,
0137,
0234,
0211,
01b6,
006e,
01ed,
01ec,
01d1,
00cf,
0234,
0276,
01d3,
012c,
00fd,
00d4,
01cf,
0130,
0118,
0183,
01ea,
0237,
0268,
018a,
0229,
0350,
022e,
01c2,
00e0,
00f3,
011b,
0066,
01b7,
00c8,
0257,
0287,
03ce,
0146,
012d,
0311,
028c,
028d,
0345,
0236,
01fd,
0129,
0131,
02c6,
0436,
01e3,
0283,
0108,
01d5,
0303,
01c3,
0290,
019c,
02af,
01a0,
01ec,
000a,
018e,
023c,
003d,
00d8,
005d,
01a8,
00d2,
00ff,
0328,
0167,
01d3,
01aa,
012e,
0225,
007e,
00c7,
011a,
012b,
020a,
0256,
00e7,
0207,
01d9,
00d0,
021d,
010d,
0188,
0182,
02d2,
01bb,
041e,
0357,
0399,
01c6,
02dc,
0216,
0258,
0202,
01a0,
0280,
012d,
0237,
0428,
036f,
051a,
03e9,
03a3,
0324,
037d,
0304,
0294,
0391,
0226,
031c,
02ea,
026e,
02f3,
027c,
020a,
03e8,
03be,
02f8,
0249,
0309,
029a,
0358,
031d,
0279,
02d6,
0313,
0272,
02e8,
01bb,
0326,
02a1,
047f,
02e7,
0272,
0208,
0277,
029a,
032f,
0287,
033e,
0311,
0243,
0324,
02cd,
03cc,
0444,
02b5,
03e7,
0451,
029e,
036b,
02bd,
03a4,
0376,
029a,
03bb,
0410,
047c,
030c,
0423,
0350,
0239,
036f,
0400,
0422,
03a7,
0391,
0475,
0303,
0397,
0441,
0340,
037a,
0430,
044f,
0467,
032f,
026a,
02a4,
0381,
0416,
047f,
0289,
0371,
03ad,
039b,
03a3,
048e,
0449,
0486,
03e2,
032c,
0382,
02e4,
039e,
03e7,
039a,
0359,
036d,
0417,
04a7,
0304,
037a,
038a,
048c,
03df,
0449,
02f0,
039d,
03f5,
02cb,
0323,
0325,
034b,
0309,
03a2,
03c5,
02e6,
03e8,
045d,
046d,
032a,
04df,
046a,
02e7,
02ed,
03a0,
018e,
0446,
04b8,
0319,
0268,
0326,
02a0,
0408,
02e2,
0373,
03aa,
01cc,
01d4,
0323,
027c,
0462,
03c4,
014a,
033a,
03de,
045d,
0390,
0330,
024d,
0452,
02cb,
02c7,
0462,
046f,
0472,
0338,
032c,
02c4,
02c5,
03f9,
034d,
031f,
0257,
02fd,
0297,
042b,
0324,
042f,
03b5,
01eb,
02f9,
026e,
0243,
0366,
0387,
03b9,
039a,
0317,
0186,
0166,
0000,
00c2,
0000,
0000,
0185,
0161,
01ca,
0071,
00de,
00b6,
0000,
007a,
0000,
009e,
0000,
0000,
0015,
0000,
0000,
0000,
0000,
0000,
00d4,
0000,
0000,
019c,
0000,
0000,
0060,
0000,
0154,
0000,
00ee,
0000,
001f,
0000,
0017,
0000,
0000,
008b,
01b2,
0000,
0000,
0000,
013f,
0000,
00d5,
0187,
0000,
0000,
0000,
0000,
0000,
0116,
01da,
0000,
0008,
009c,
015a,
0000,
0184,
0000,
0066,
013b,
0000,
0000,
006e,
0000,
0300,
004f,
00b6,
0045,
0257,
0182,
0000,
0000,
01cd,
0000,
0000,
0000,
0028,
0000,
0135,
0007,
00ce,
019c,
0180,
0128,
0000,
0000,
0000,
009c,
017e,
00ff,
00af,
0095,
00a5,
0018,
0000,
0130,
01be,
00a8,
0149,
0000,
0000,
0000,
0152,
0127,
0134,
00f0,
0000,
0000,
0000,
0235,
017d,
00b8,
0113,
0000,
0021,
0000,
0094,
0027,
0000,
0000,
00be,
0000,
0000,
0000,
005e,
0116,
0125,
0130,
010a,
0000,
0066,
0000,
0000,
0000,
01a7,
0000,
0000,
0000,
0000,
0121,
0000,
0000,
0000,
0000,
0000,
009c,
0000,
0000,
012d,
0058,
0000,
021c,
0000,
00ae,
000f,
0000,
0000,
0000,
0000,
0000,
0000,
0000,
00e5,
0087,
025f,
018c,
0000,
0000,
0000,
0000,
0000,
0128,
003d,
0000,
0000,
0000,
0058,
0000,
0072,
0000,
00ba,
00f9,
0000,
0000,
00bc,
0130,
00eb,
00cd,
0000,
0027,
0078,
0000,
0117,
0000,
0000,
00a3,
0000,
0000,
0000,
0000,
0000,
0000,
0000,
0000,
018a,
004a,
0000,
008f,
0000,
0000,
0000,
0000,
0000,
0000,
0000,
0000,
0000,
0000,
0000,
0000,
0000,
00b7,
0000,
0000,
0000,
0000,
0000,
0000,
0000,
0000,
0000,
0000,
0000,
0000,
0000,
0000,
0000,
0000,
0000,
0000,
0000,
0000,
0000,
0000,
0000,
0000,
0000,
0000,
0000,
0000,
0000,
015b,
0000,
0000,
0000,
0000,
0000,
0000,
0000,
00ec,
0000,
006e,
0000,
0000,
0000,
00be,
008f,
0000,
0000,
0000,
0000,
0000,
0000,
0040,
0000,
0000,
0000,
0000,
0000,
0000,
0151,
0180,
0023,
0000,
0000,
0000,
0000,
0000,
0000,
0000,
0000,
0000,
0000,
0000,
00bd,
028b,
00fc,
0000,
0000,
0000,
0000,
0000,
0014,
0000,
0000,
0000,
0000,
0000,
0000,
0191,
01c3,
0000,
0000,
0008,
0000,
0000,
0000,
0000,
0000,
0000,
0000,
0000,
000b,
00a3,
02ca,
003d,
0000,
0000,
0000,
000d,
0000,
0000,
0121,
0000,
0000,
0000,
0016,
0026,
01b8,
0125,
0000,
0194,
00cc,
0000,
0000,
0000,
017b,
0000,
0000,
0000,
0000,
0000,
00ff,
0058,
0000,
0098,
021c,
00de,
0000,
0000,
0000,
0000,
0000,
0000,
000f,
0000,
0000,
0023,
0018,
0000,
00a0,
008b,
008b,
0000,
0000,
0000,
0000,
0000,
0000,
0000,
0000,
0000,
0000,
0000,
0000,
0000,
02b8,
0216,
01e1,
0306,
01ca,
019a,
03ec,
03ce,
02eb,
0320,
02f5,
0284,
01a3,
0283,
0068,
0065,
02c8,
0110,
003d,
024a,
0291,
0298,
00c7,
010e,
00fe,
016a,
00a0,
00f3,
01d3,
03c1,
0199,
0268,
04fb,
02eb,
019b,
0121,
0027,
0140,
01b9,
0063,
0025,
020e,
01ba,
037c,
0233,
0245,
0358,
030b,
010d,
0253,
022e,
0128,
0180,
0248,
0145,
00a3,
032b,
0452,
0321,
030f,
026c,
01ed,
0177,
0098,
00c0,
002f,
0164,
0117,
0272,
0308,
0488,
0217,
01ea,
02d1,
028d,
0262,
01ec,
02e5,
01a3,
014e,
013a,
01f7,
01c6,
01c4,
028a,
03ba,
024b,
028a,
02e4,
0231,
01f7,
0242,
012c,
0133,
0170,
01de,
01a5,
02e8,
0517,
02e0,
02ea,
019a,
01df,
039f,
0395,
020e,
01da,
02ad,
012e,
0154,
019b,
0281,
018b,
0144,
0205,
02e4,
0404,
0341,
0248,
01d5,
021c,
0148,
000a,
009d,
011a,
01c9,
034b,
0290,
03a9,
02a9,
02ec,
020b,
014c,
010a,
01f6,
0108,
01e5,
01f8,
004c,
00ea,
0255,
013c,
03db,
036f,
0194,
0178,
033e,
0250,
015f,
0229,
0230,
0265,
02f0,
01a4,
01a2,
010a,
021d,
00da,
021c,
0330,
018f,
0234,
028c,
02f6,
01e9,
01c7,
0158,
0212,
0281,
01d3,
0116,
00b4,
00ed,
004c,
026a,
028d,
0000,
0091,
0000,
0000,
0010,
00d0,
0054,
012d,
00c3,
00b9,
01c2,
01d0,
010e,
0000,
0117,
0168,
023e,
0196,
013d,
01d0,
0264,
012c,
028e,
00e9,
00b2,
0254,
00fd,
0000,
021e,
00e2,
0063,
00b8,
00a6,
00c1,
030a,
0176,
026a,
003f,
004a,
014f,
0000,
005c,
00d2,
0000,
00bf,
0000,
0081,
0066,
00e5,
01bf,
00fa,
009d,
01bd,
00b5,
0077,
0052,
00af,
0054,
0000,
0000,
0000,
0000,
0060,
01cb,
0000,
0000,
0000,
0000,
0000,
0000,
0000,
0000,
0000,
0000,
0000,
0000,
009d,
0000,
0000,
0000,
0000,
0000,
0000,
0000,
0000,
0000,
0000,
0000,
0000,
014b,
0088,
0000,
0000,
0000,
0000,
0000,
0000,
0000,
0000,
0000,
0000,
0000,
00ad,
0034,
0000,
0000,
0000,
0000,
0000,
0000,
0094,
01cb,
00e7,
0101,
00ac,
00a1,
010d,
00aa,
0000,
0000,
0000,
0000,
0000,
0000,
0000,
00e0,
01da,
02c7,
013e,
000a,
0000,
0190,
0000,
0000,
0000,
0000,
0000,
0000,
0000,
0000,
00de,
024d,
01a7,
00df,
00c3,
010b,
010b,
0000,
0000,
0000,
0000,
0000,
0000,
0000,
00f5,
0057,
017e,
014e,
01c8,
019d,
0201,
0146,
0000,
0000,
0000,
0000,
0000,
0000,
0000,
0000,
0000,
0000,
0152,
0182,
003c,
0000,
0000,
0000,
0000,
0000,
0000,
0000,
0000,
0000,
0000,
0000,
0074,
00c6,
01f0,
0000,
0000,
003a,
005c,
0000,
0000,
0000,
0000,
0000,
0000,
0000,
0000,
003b,
0271,
0136,
0051,
0163,
0106,
0024,
0000,
0005,
0078,
0035,
0109,
0185,
02d4,
01c2,
0133,
02bc,
01dd,
01d3,
026e,
0232,
0000,
0129,
01ad,
027c,
00e1,
0195,
02a6,
01ea,
0120,
0087,
0035,
0000,
012b,
003c,
0000,
0069,
0180,
019c,
009f,
012d,
00d0,
01c0,
0104,
0000,
0195,
008b,
0000,
0000,
0230,
0177,
0205,
0118,
00ff,
0151,
00d0,
00d1,
00cf,
0000,
00e2,
0000,
0000,
0000,
0290,
017c,
0189,
01e8,
00f8,
002d,
018e,
0154,
0000,
0000,
0000,
0000,
0097,
0000,
005a,
023b,
0219,
0195,
0026,
00bc,
0150,
019e,
0000,
0011,
00c6,
0066,
0083,
0009,
0000,
0000,
0209,
0145,
01f4,
00de,
0050,
018c,
0000,
0000,
00e8,
0012,
012e,
00d2,
00bd,
0000,
00fd,
01ad,
014f,
0190,
0154,
0117,
0000,
0100,
005f,
00b4,
000d,
0084,
00e1,
00d1,
0000,
0104,
013c,
0116,
0167,
00aa,
0000,
0000,
0000,
0003,
002b,
008b,
0019,
009f,
0000,
0000,
01f5,
01a7,
011a,
0124,
0043,
0000,
0000,
0042,
0000,
00f6,
018a,
011b,
0077,
0000,
0088,
0000,
0000,
014d,
0000,
0000,
0000,
00b9,
0000,
0000,
010e,
00b7,
0158,
010a,
0006,
004a,
0000,
0000,
0103,
0000,
0000,
0072,
002d,
0005,
00c4,
001d,
0168,
0000,
0000,
0000,
008a,
0000,
0062,
0172,
0000,
0115,
006c,
0048,
0000,
0000,
00cf,
0018,
0104,
0102,
0092,
007b,
0067,
0186,
0204,
02ce,
0224,
01a3,
014e,
0115,
011a,
0149,
01ad,
01cf,
01cc,
0138,
025c,
02ae,
00d2,
0000,
0170,
011e,
0000,
002f,
0224,
0132,
00d9,
002c,
0106,
004a,
0478,
0256,
009f,
0000,
0000,
000e,
000a,
0000,
0165,
0161,
0239,
00b0,
01bb,
0295,
026a,
0124,
0136,
012e,
0000,
0000,
0124,
01a3,
013e,
0141,
00c3,
0108,
01ac,
00bb,
00b7,
0000,
0103,
0115,
024b,
016b,
019a,
00b0,
0044,
005d,
0171,
0000,
0067,
0000,
0006,
0000,
00ae,
02b8,
0289,
02ca,
011f,
0119,
00d7,
012f,
00ff,
0124,
0000,
0000,
00ba,
01e1,
028d,
0223,
0274,
038d,
01d0,
0130,
00a4,
00c5,
0109,
014e,
00e0,
0173,
0167,
0164,
01d0,
0221,
0164,
028d,
02bf,
01a5,
0089,
019a,
01fb,
0239,
0231,
00c8,
0188,
00e6,
01ce,
0176,
015a,
0209,
01f1,
0231,
01a7,
012e,
0204,
0171,
0197,
00f7,
0157,
020a,
020e,
01d2,
0244,
01e8,
02e3,
02b6,
02b5,
01ae,
029b,
0203,
0248,
019c,
009a,
00c7,
0303,
02b4,
0270,
024b,
0209,
0336,
0290,
011d,
020b,
0297,
02c7,
0158,
00e7,
00e9,
0115,
025f,
0280,
023c,
013d,
023c,
028c,
015a,
01cd,
01e1,
0368,
0298,
018f,
0080,
0000,
0183,
024c,
0239,
0223,
025d,
0201,
010c,
01cd,
017d,
02ce,
0292,
0128,
00a7,
009a,
01ff,
0234,
0191,
017f,
0202,
017a,
021e,
0180,
0198,
0274,
00cb,
0038,
007e,
005a,
010b,
0000,
0000,
0049,
016c,
0000,
000b,
0009,
007b,
0000,
0000,
011d,
026f,
01d5,
025f,
029a,
0358,
015f,
012b,
0225,
02af,
02ad,
02c5,
031f,
038a,
02ce,
01a7,
0093,
015c,
02ea,
039d,
029b,
00f7,
026a,
033b,
0214,
028f,
0351,
01d0,
032a,
00c7,
00fd,
0234,
0005,
009f,
0198,
021a,
00fa,
03f4,
029b,
02e0,
02b8,
01c2,
007b,
01bb,
021e,
0243,
0113,
025e,
0224,
00f1,
01c5,
03ce,
02ab,
0123,
0282,
012b,
0000,
02f8,
02d6,
01f9,
00ae,
00f0,
004d,
020d,
00d3,
0190,
0160,
0292,
0148,
0178,
0000,
01dd,
01cb,
0223,
00f5,
0182,
02af,
0268,
008b,
0250,
02f8,
0327,
01f2,
01f2,
0000,
01df,
0177,
0112,
0133,
019b,
02a0,
02e3,
01a8,
0213,
0195,
01df,
0121,
00cb,
0000,
0205,
01ed,
0186,
00f4,
0188,
013f,
0172,
0126,
01b7,
010f,
011d,
01a1,
00b2,
0191,
0471,
023d,
0107,
0000,
00f1,
0160,
02da,
0000,
0171,
0217,
01b7,
029e,
013c,
0035,
033f,
024f,
02ef,
01a8,
00f3,
0181,
0240,
00fc,
04c5,
01e4,
01a2,
0366,
0214,
0074,
01ff,
002f,
01d3,
0100,
00ce,
0262,
036b,
032f,
03d3,
01b6,
0104,
02d3,
035e,
00af,
0176,
0000,
008f,
0291,
018a,
01b9,
033a,
03ec,
02c4,
02cc,
031b,
02d8,
0442,
00d0,
014d,
0065,
0200,
03ef,
01ba,
03fe,
020e,
0262,
01b6,
0273,
029a,
0398,
0359,
016d,
0287,
023d,
02cc,
019c,
008c,
0254,
028d,
0147,
017c,
0142,
01fe,
0297,
01da,
01e9,
016d,
0000,
008f,
0112,
00fc,
0212,
00ed,
01cd,
0063,
0163,
012c,
026a,
0240,
02ba,
01d3,
046e,
0404,
011c,
011f,
01c2,
028c,
02ba,
028b,
0356,
0292,
021f,
0195,
01d2,
01e3,
0000,
0000,
02b5,
0420,
0224,
0258,
0059,
0118,
0188,
0197,
000d,
021a,
02ff,
046d,
0291,
03e9,
0401,
02b6,
018f,
0259,
021f,
0160,
01b5,
0201,
019c,
0219,
041a,
0599,
045f,
01f1,
0220,
00f8,
02bb,
0228,
0261,
01d0,
0263,
012b,
005f,
0172,
02b1,
0192,
025c,
0240,
0243,
01a3,
0394,
00da,
0066,
0000,
013c,
0139,
01bb,
01a9,
0000,
0118,
0221,
0285,
01d3,
01fd,
0158,
009b,
00e7,
00ed,
0127,
00ff,
0199,
0206,
01ff,
003f,
0076,
00f1,
0151,
01d8,
01e3,
01e1,
019a,
0029,
0145,
0144,
0200,
0187,
022b,
0000,
020a,
015d,
018f,
0184,
023e,
0163,
015a,
010a,
0122,
00a0,
01a9,
00f7,
0218,
0091,
0000,
0000,
01f1,
0260,
01db,
01c4,
01f4,
01f2,
0111,
013a,
00de,
0165,
02c2,
0168,
01e2,
00f2,
009c,
0000,
0000,
0064,
0193,
0177,
0263,
00ca,
00c7,
0251,
0122,
0293,
0232,
0000,
0000,
0000,
0000,
0146,
0022,
0166,
011e,
00fe,
0006,
01ad,
015c,
02a7,
0259,
0112,
0229,
0000,
0000,
0000,
0000,
0000,
0000,
0000,
0000,
0000,
020b,
0000,
0000,
0147,
01b9,
01c1,
0177,
0000,
0067,
000f,
00a8,
016a,
0139,
0142,
014d,
0154,
0234,
0000,
0000,
008d,
014d,
02b0,
0011,
0000,
012b,
0004,
00b8,
013a,
027b,
01cb,
07c3,
0319,
009e,
0000,
0130,
01a0,
0000,
0030,
00c1,
0066,
0238,
031e,
0023,
032b,
041c,
03c5,
0812,
0185,
006c,
010a,
0000,
0000,
0117,
0169,
01f4,
0132,
00dc,
0784,
0442,
040f,
03d8,
0113,
001b,
0000,
00c9,
0000,
01bf,
0379,
04b1,
033d,
01a2,
05c3,
04fd,
038d,
02b8,
0275,
0038,
002b,
0078,
0227,
0265,
024f,
022f,
01ad,
022b,
0368,
0343,
02a9,
0345,
024f,
0186,
0000,
0000,
0005,
0014,
006d,
0000,
0000,
01bb,
0373,
033a,
02b7,
021d,
023c,
025a,
0142,
0000,
0000,
0000,
0000,
0000,
0000,
0246,
0359,
02a1,
0271,
01eb,
0267,
026d,
02d5,
0000,
0000,
0000,
0000,
0000,
0000,
0096,
020f,
0220,
0229,
027c,
0233,
028c,
023b,
01b0,
0000,
0000,
0000,
001c,
0000,
0000,
0010,
010e,
01a5,
02ee,
025d,
029b,
0289,
02a8,
010a,
000d,
00ab,
003d,
0000,
0000,
0000,
026d,
0147,
019c,
0232,
0297,
022d,
0214,
021f,
02b1,
0292,
0324,
0000,
0000,
0000,
03ba,
020b,
00f0,
01fe,
016c,
0216,
0242,
036e,
02e6,
0326,
02f0,
010d,
0000,
0000,
0072,
0000,
0000,
01bb,
0164,
0368,
03d3,
02f9,
01d5,
0171,
00bf,
0048,
0000,
0000,
0000,
0000,
0000,
0000,
0000,
0000,
0000,
0000,
0000,
0000,
0000,
0000,
0120,
01d5,
0000,
00b2,
017b,
00aa,
0099,
01e8,
0131,
00a4,
0000,
0000,
0000,
0000,
01bd,
0098,
0000,
0000,
0073,
00f1,
015b,
01ed,
0147,
00ce,
00e7,
013f,
00f1,
0277,
0185,
0000,
0000,
0000,
0000,
00af,
01e5,
0186,
01a6,
015c,
01c0,
00a9,
0179,
012b,
019f,
0000,
0000,
014e,
0009,
0000,
0155,
0134,
0196,
01bd,
01f9,
02b1,
0365,
0229,
0000,
0000,
0023,
0005,
0131,
0000,
002d,
01e3,
01fd,
01ad,
0232,
01d7,
02d9,
02d4,
0000,
0089,
0125,
0060,
010a,
00ea,
0000,
0163,
03e4,
0391,
0339,
0290,
0309,
035b,
0000,
00a6,
01d0,
0123,
0086,
009f,
006c,
0000,
025e,
0329,
034c,
0330,
03b4,
0343,
0000,
0111,
00a4,
0154,
00d9,
0085,
010b,
00b8,
0000,
02df,
0453,
034b,
0282,
02d5,
0019,
001e,
00c4,
01c1,
0153,
00b8,
00fd,
0099,
0000,
0142,
037b,
02a0,
0382,
0331,
0306,
0168,
00ac,
00ba,
0151,
012a,
0109,
01da,
009a,
0000,
0000,
0000,
0000,
00ea,
034d,
0309,
0174,
00db,
00a1,
011d,
0000,
0122,
009a,
0040,
002b,
008d,
0000,
0000,
0301,
02c0,
0122,
0033,
00a1,
0028,
0060,
0144,
00ac,
0000,
0022,
00ac,
0000,
0000,
02ee,
036c,
0231,
0241,
0286,
0000,
00f1,
0000,
0000,
0000,
0000,
001f,
0000,
0000,
020e,
0298,
037f,
029a,
031e,
0280,
01eb,
0130,
021b,
0257,
0251,
02b4,
027d,
0212,
0613,
062f,
06a9,
05a8,
0548,
04c0,
030e,
0495,
0620,
05ac,
0593,
0490,
0565,
0612,
0602,
065c,
03ca,
05a4,
054f,
0480,
03b5,
04f9,
052f,
052a,
058b,
0496,
04f4,
059b,
0500,
04fc,
040e,
0306,
02c7,
04cf,
043c,
03c3,
039c,
03b7,
038d,
0445,
0419,
0404,
0525,
04d1,
0472,
01eb,
01ac,
04cf,
0535,
04b2,
0488,
0494,
02f3,
022e,
0247,
0358,
05d7,
031c,
02e4,
0106,
0000,
031d,
05ca,
04d5,
03cf,
03f0,
02d5,
0264,
0191,
0199,
041d,
008d,
000c,
0000,
0000,
0022,
031f,
025f,
0192,
01a8,
017d,
01ac,
004d,
0147,
0388,
0000,
0000,
0000,
0000,
0000,
0000,
0307,
0262,
012d,
014d,
0156,
0100,
007a,
0395,
0052,
0000,
0000,
005e,
0000,
0000,
00cc,
032d,
017e,
0108,
0119,
015e,
0172,
02d9,
015c,
0005,
0000,
0019,
0000,
0000,
0000,
02cf,
0226,
0138,
01b1,
01cb,
0117,
01a0,
02bb,
00ba,
0176,
005b,
0000,
0000,
0000,
00f1,
01d4,
02ac,
0230,
01af,
021d,
01e8,
0318,
024c,
0255,
0179,
0000,
0000,
0000,
0000,
0000,
0043,
00b8,
0131,
02aa,
02b5,
0402,
028e,
035a,
038f,
01d3,
0181,
002c,
0012,
0000,
0078,
00aa,
0138,
0340,
0213,
02b8,
0302,
03c2,
035c,
0385,
0219,
01d7,
0183,
0225,
02fa,
02fc,
0298,
034c,
0170,
01ff,
01cc,
01cd,
0173,
0240,
024b,
02c4,
0395,
02f1,
025a,
01e5,
01b9,
01cd,
0159,
02bb,
0204,
0140,
009c,
02a9,
0121,
0103,
01df,
00af,
0263,
00f5,
022b,
01c6,
027d,
02a9,
00b9,
0112,
0027,
00f5,
0062,
01c6,
0132,
0151,
0219,
019c,
0234,
022d,
00eb,
01c7,
0013,
005d,
02e4,
0150,
0223,
03a2,
00f4,
00b3,
008c,
008c,
00b0,
020a,
0095,
020a,
01a9,
0000,
0328,
01b3,
02ec,
0102,
03a9,
00f2,
0101,
0174,
01d6,
016a,
00fa,
024a,
042a,
00c5,
013a,
00de,
0141,
0109,
019b,
01ef,
00c3,
0076,
00f9,
0083,
01a6,
0203,
0197,
01f8,
0251,
0254,
026d,
017f,
0054,
00f2,
00e6,
009b,
0000,
0000,
0000,
01a2,
012a,
01b9,
01a7,
01bb,
0195,
0000,
0025,
018e,
0070,
00a7,
0192,
0000,
0000,
0074,
021d,
0218,
0196,
015a,
00c5,
006b,
0091,
0035,
007a,
00b0,
00ec,
0101,
0000,
0067,
01fb,
01bb,
005f,
00a7,
0159,
00bc,
00de,
0000,
0093,
0016,
00a7,
00f1,
0015,
0000,
01a5,
031b,
0180,
008c,
00d4,
0136,
0100,
002f,
0030,
00fa,
0138,
00eb,
0000,
0075,
015a,
0364,
01fd,
0165,
0134,
00c8,
00ee,
0180,
0091,
01b4,
0120,
00d6,
007b,
0113,
012b,
0144,
01db,
01e2,
015b,
00c7,
0093,
00c7,
00d9,
01eb,
01b2,
006f,
007f,
0020,
00f1,
0033,
011c,
00bf,
0104,
0162,
00d0,
0044,
0013,
009a,
014c,
0168,
0000,
0000,
0000,
00a2,
0103,
0112,
00d6,
00e2,
0000,
0000,
0041,
0108,
00e0,
00ee,
0000,
006d,
0000,
00ee,
0016,
0000,
0000,
018f,
0000,
0028,
0000,
0000,
0000,
0000,
001f,
00df,
0292,
0225,
011e,
0100,
0000,
0000,
0000,
000f,
0000,
00e6,
0000,
0044,
001f,
00d1,
0268,
0265,
0040,
00de,
0000,
0000,
0000,
00a9,
0000,
0000,
0000,
0000,
0000,
0000,
0109,
03ce,
0204,
0190,
0000,
00af,
0000,
0127,
0097,
00b3,
0000,
0000,
016b,
010d,
0000,
02bd,
0282,
024a,
010c,
014e,
0080,
0000,
0007,
005f,
0000,
0000,
016b,
0381,
0274,
019d,
0150,
0275,
01d9,
017f,
0161,
0090,
0082,
00c8,
008f,
0195,
020f,
0296,
0298,
0295,
020b,
01a6,
017a,
0121,
001d,
0147,
0189,
015a,
009e,
01cb,
0294,
02d7,
0168,
01ca,
01cd,
0215,
0172,
01a2,
00ab,
011d,
01ae,
0126,
0088,
00a1,
023b,
028d,
02b2,
02ca,
0383,
02ba,
0256,
019a,
0053,
013a,
003b,
008d,
00b9,
0082,
0036,
01d6,
0338,
0253,
025e,
03aa,
028a,
0266,
011e,
00ac,
00b5,
00d1,
00a1,
0000,
0181,
00b6,
0293,
0289,
0201,
0124,
006e,
01d2,
0148,
00ee,
02e7,
0151,
01e0,
0054,
01cc,
00e2,
01ac,
021c,
029a,
02e9,
02c6,
02fb,
0242,
0155,
025a,
0127,
00ef,
0277,
0086,
0120,
0129,
00e3,
0136,
00fa,
01d1,
01de,
008a,
0184,
010b,
00bd,
0000,
0000,
0000,
0000,
008b,
00b6,
0000,
0000,
0000,
0000,
00c0,
0000,
0000,
0000,
0000,
0000,
0178,
0181,
0068,
012b,
0103,
013d,
005b,
003e,
0000,
0139,
01d0,
018e,
0218,
00c5,
0187,
0057,
0000,
0000,
004a,
0131,
0208,
0097,
00a4,
0217,
01fd,
0305,
022f,
0038,
0121,
0000,
0000,
0000,
0000,
0000,
010e,
0124,
00fd,
0114,
010e,
016b,
0236,
01c1,
0134,
0000,
0000,
0000,
0000,
00f3,
00f7,
0145,
0188,
011c,
00d7,
0051,
005b,
0048,
00c1,
00f7,
005a,
0117,
01f3,
01ba,
00e6,
0185,
022f,
0131,
013c,
009e,
00b3,
0030,
00de,
00f3,
01c1,
0241,
0230,
01d3,
00b5,
0000,
00af,
0186,
008e,
00fd,
0079,
0018,
01ee,
02be,
020a,
027f,
021b,
0194,
0178,
0192,
007d,
024a,
01cf,
01de,
020f,
00cc,
01ac,
022f,
02bc,
022c,
0265,
024b,
0171,
0133,
01d8,
0076,
0190,
017d,
0158,
0168,
0182,
0311,
01cd,
01c9,
026c,
0204,
01b9,
01bf,
01d4,
00a0,
00a0,
009b,
008a,
010a,
0047,
0089,
010b,
0354,
02fc,
0291,
0259,
0236,
014d,
014b,
018b,
02b7,
022e,
00dd,
00cd,
008b,
0136,
01f4,
03a7,
031b,
022e,
019d,
01a9,
0126,
02b8,
0259,
029f,
012e,
00ac,
0159,
0054,
0150,
027a,
01e6,
00ff,
01bd,
0155,
007f,
01ea,
02e0,
0192,
0145,
00bc,
00c9,
0029,
0068,
0062,
013d,
0076,
0246,
0257,
01eb,
00b0,
01b0,
0185,
014e,
0000,
0000,
0000,
0000,
0000,
00a7,
0000,
0193,
0004,
0016,
0001,
0000,
008a,
0009,
02ac,
01a6,
0185,
0265,
01b7,
0044,
01c7,
01c2,
0149,
0000,
00e8,
00c1,
019d,
011d,
027a,
0000,
0000,
00d5,
012a,
0302,
0307,
00e1,
0134,
00bd,
01cd,
02fb,
021c,
00b6,
0000,
0000,
0000,
0000,
0000,
0048,
014e,
008d,
008a,
012b,
0000,
0164,
00e3,
013c,
00d8,
0081,
0000,
0000,
0000,
0000,
0000,
0137,
0131,
005a,
0075,
00a8,
0058,
01a6,
0000,
0046,
000c,
0000,
005f,
0000,
0000,
0196,
01f8,
00ac,
008e,
0105,
0000,
0000,
0000,
0000,
0000,
00a2,
0091,
006e,
0000,
0000,
0020,
0117,
0084,
00da,
0142,
0076,
00d1,
0079,
0165,
0105,
00e6,
01b9,
007b,
0000,
0111,
0155,
0177,
010f,
011a,
0131,
0000,
002b,
014d,
009f,
00c4,
00b2,
014e,
00ab,
0000,
0000,
0189,
014e,
0154,
0172,
0031,
003b,
0188,
0099,
017d,
00b4,
0131,
0099,
0000,
0000,
012b,
0000,
00c0,
0130,
005a,
0000,
0000,
00dc,
014a,
0168,
00ce,
0058,
00e4,
0000,
00f0,
0000,
0000,
0000,
0045,
0127,
0144,
0089,
019a,
0078,
0000,
0100,
011f,
0000,
0133,
0078,
0000,
0000,
0118,
01fa,
016d,
0000,
0057,
0000,
0000,
00da,
00e1,
00f1,
0217,
00b9,
0000,
0000,
0106,
0000,
0000,
0096,
0056,
000a,
01c5,
0000,
0000,
0000,
0000,
0000,
0000,
0000,
00c2,
003d,
0000,
0000,
0106,
004e,
0000,
0000,
0000,
0000,
0000,
0000,
0010,
0000,
010b,
0110,
01a2,
035d,
01fa,
025f,
0023,
000b,
019c,
00dc,
007a,
00cf,
0190,
0221,
0300,
0000,
0000,
032b,
014e,
012b,
00ee,
00e4,
01cc,
028a,
01ef,
0103,
0230,
0233,
008f,
0000,
0000,
0054,
0000,
00e9,
0039,
010f,
00e7,
0273,
0059,
018e,
0125,
006f,
0000,
0012,
0124,
009a,
0035,
02a9,
010e,
0000,
0094,
01fd,
0038,
0006,
0105,
00bf,
0000,
01b7,
0072,
0055,
00d9,
0148,
01b6,
0131,
017a,
00fb,
0000,
00fd,
000e,
0000,
0000,
00a0,
0000,
00b0,
00c3,
01ac,
02ad,
017f,
0000,
012c,
01f7,
00c6,
004a,
00a4,
0000,
00b9,
00c1,
0081,
000a,
0175,
0214,
02a5,
024a,
011e,
0123,
00cf,
011f,
0000,
0000,
0000,
0000,
004e,
0000,
0003,
00b2,
01d0,
01a8,
011b,
00de,
00af,
00e5,
0062,
0341,
0392,
0127,
0029,
0000,
001d,
0145,
0285,
01af,
02a7,
01c2,
0163,
019f,
0094,
0000,
0078,
01ec,
032c,
01d5,
00eb,
0157,
01e0,
01d3,
03aa,
0183,
0046,
01bc,
0155,
00e9,
0000,
0000,
0047,
0105,
006f,
0104,
0307,
039c,
024b,
0164,
01a9,
0220,
01a9,
01f5,
0049,
0087,
0000,
0200,
0000,
00a6,
02a7,
0202,
0068,
02cd,
0303,
02a4,
02e9,
0075,
0025,
0046,
0068,
0238,
01e8,
014a,
00fc,
0263,
017f,
0282,
0299,
02a3,
02de,
01cc,
0084,
016c,
01e7,
0100,
0056,
01b6,
0198,
0042,
0000,
0000,
0009,
004d,
0000,
0000,
0000,
005b,
01bb,
03f7,
058e,
068d,
03c3,
006d,
0237,
0166,
040b,
00a5,
01d9,
0000,
0011,
0172,
016c,
026f,
0220,
026e,
04f9,
03d1,
029e,
0113,
01cf,
023d,
0092,
025d,
0476,
0b0d,
0626,
03a3,
013e,
002a,
01c1,
0369,
033f,
020a,
031b,
01a5,
022e,
00a4,
02f0,
07e5,
0999,
0718,
0184,
003f,
013f,
03a7,
0304,
02e2,
0291,
0000,
004a,
0246,
05e2,
055f,
056a,
0000,
0000,
0226,
0296,
03ea,
03f4,
0278,
02e9,
0127,
0000,
024d,
0173,
01cf,
0184,
00ca,
0000,
0320,
0423,
00cf,
0059,
0000,
00a1,
0000,
0014,
01ff,
01b3,
005f,
0053,
00c6,
002f,
0056,
008e,
0000,
0000,
0051,
0000,
0000,
001f,
022b,
0000,
0009,
004a,
011e,
018b,
0000,
0000,
00dd,
0000,
00be,
001e,
007d,
0000,
00f5,
01ca,
00e9,
00e0,
002c,
0000,
0000,
0000,
0076,
001c,
0000,
006a,
0000,
0000,
02a3,
01ed,
02e5,
020c,
00ad,
0000,
0000,
0000,
0000,
0248,
031c,
029a,
0103,
0000,
0024,
0047,
02c8,
01de,
004e,
0000,
0000,
02dc,
0000,
003f,
03c9,
0296,
0151,
0000,
0641,
0246,
023f,
00bf,
0000,
0042,
02dd,
01e8,
0000,
016e,
02de,
01a1,
0275,
027f,
0056,
00e0,
0000,
012f,
0014,
0000,
0222,
0236,
035b,
0367,
0324,
02b2,
026f,
042b,
01c3,
0186,
01d0,
0207,
0022,
0000,
001d,
0000,
04fc,
0000,
00e0,
0147,
0021,
0067,
0278,
02a5,
00e0,
00e0,
016c,
0284,
0202,
0264,
0160,
01dc,
021c,
0196,
01e5,
01e3,
0398,
01b5,
01e5,
0168,
00e6,
0144,
019f,
0169,
0130,
01da,
023b,
0216,
0261,
027e,
019e,
018b,
01fa,
02f2,
01ef,
010a,
019a,
01cd,
01c5,
0196,
01a7,
01c1,
01a8,
00d9,
0098,
00ed,
01f4,
02b0,
0227,
0130,
007d,
0170,
015b,
017c,
0201,
0234,
02c3,
017e,
011b,
0294,
0216,
0338,
0295,
02a8,
00d1,
0105,
015d,
01ef,
01ff,
01ef,
0244,
025c,
02eb,
03b2,
02f4,
029d,
02f8,
038f,
0246,
0210,
01d7,
0199,
01d8,
0179,
018e,
010d,
0277,
032f,
0322,
0309,
02e5,
0338,
0396,
01fe,
00ab,
01ca,
01cf,
018d,
016b,
0138,
02b3,
03a2,
02e7,
02c8,
027c,
0291,
02f0,
0304,
01e3,
0173,
0183,
0185,
00fc,
0116,
01e4,
0396,
03cd,
0323,
0252,
02a7,
0361,
0375,
0285,
0138,
0104,
0152,
00b9,
0084,
00ef,
024d,
0401,
0316,
031e,
0398,
03b2,
038c,
0311,
01da,
0178,
0225,
01b7,
00a1,
0148,
0191,
02b8,
0332,
0391,
0334,
02e8,
035c,
039c,
02f3,
0317,
038b,
03f3,
01e8,
01a0,
0122,
0216,
02d5,
02c0,
0319,
036a,
039c,
0371,
0298,
03b7,
03ea,
0450,
02e0,
00ae,
00a8,
008b,
00c4,
00df,
01ce,
01e8,
0277,
029e,
02ca,
02ef,
02af,
02cc,
027c,
0059,
0000,
0017,
0000,
000c,
0013,
003d,
0131,
00e0,
0000,
0079,
0000,
0095,
0055,
0076,
0033,
0000,
0000,
0000,
01c1,
0000,
0000,
0000,
0000,
0000,
0000,
0001,
0000,
00a2,
0000,
0000,
0000,
0000,
0000,
0000,
0000,
0000,
0000,
0000,
0000,
0057,
0000,
0000,
0000,
0000,
0000,
0000,
0000,
0000,
0000,
0000,
0000,
0000,
0000,
01e9,
0000,
0000,
0000,
0000,
0000,
0000,
0000,
0000,
0000,
0000,
0000,
0000,
0000,
030f,
005d,
0000,
0000,
0155,
0000,
0000,
0000,
0000,
0000,
0000,
0048,
0000,
0000,
0170,
031f,
0000,
0000,
0000,
0000,
0000,
0000,
0000,
0000,
00c0,
0170,
01de,
0000,
0000,
0000,
0000,
0000,
0000,
0000,
0000,
0000,
0000,
0000,
0000,
0000,
0000,
0000,
0000,
0000,
0000,
0000,
0000,
0000,
0000,
0000,
0000,
0000,
0000,
0000,
0000,
0000,
0000,
0000,
0000,
0000,
0000,
0000,
0000,
0000,
0000,
0000,
0000,
0000,
0000,
0000,
0000,
0000,
0000,
0000,
0000,
0000,
0000,
0000,
0000,
0000,
0000,
0000,
0000,
0000,
01b3,
0000,
0000,
0000,
0000,
0000,
0000,
002a,
0237,
00e3,
0045,
0000,
0000,
0000,
00e9,
0030,
0000,
0000,
0000,
0000,
0000,
0000,
0000,
0000,
0000,
0000,
0000,
0000,
0075,
0000,
0000,
0000,
0000,
0000,
0000,
0070,
0000,
0000,
0131,
003b,
0248,
0170,
028f,
010f,
0000,
0000,
0000,
0000,
0000,
001c,
0000,
0090,
0000,
0000,
0000,
0000,
008c,
0000,
0134,
01ff,
02d7,
0574,
0136,
02c4,
0429,
025f,
03d1,
0323,
01f1,
0243,
00cc,
02f0,
00fe,
03b1,
0627,
04cf,
02ff,
0308,
035c,
009b,
026f,
0232,
01a5,
0099,
01bd,
0289,
020e,
06ba,
0433,
032a,
05a0,
04c8,
0195,
02af,
0174,
01b7,
016c,
0260,
01c3,
0235,
0298,
0523,
039e,
05b6,
05d6,
05f9,
038e,
02f0,
01c3,
0238,
0229,
015a,
00e6,
00dc,
047f,
03b7,
0463,
056d,
027d,
04a1,
0550,
029f,
033e,
0193,
025e,
019b,
00d6,
0094,
06d7,
041e,
0317,
0381,
01a9,
02e9,
04b4,
044f,
0048,
0000,
0121,
0255,
0235,
0285,
049f,
02c6,
0175,
01a0,
01d0,
02f2,
024f,
0441,
0346,
00ee,
0075,
018c,
00ea,
01ad,
0449,
01ef,
017f,
0179,
0220,
0380,
019d,
0268,
065a,
030e,
00e5,
011b,
0229,
010c,
0297,
0253,
01ae,
0265,
020c,
01b6,
018e,
021e,
050a,
0469,
00f4,
00e3,
0161,
002b,
01ed,
0431,
047d,
0298,
01d8,
0054,
0113,
01d8,
0277,
043e,
0460,
038e,
03b8,
03ba,
0123,
02ba,
06e8,
0278,
034d,
01ba,
0220,
0194,
01ee,
01bb,
0377,
01f1,
02df,
047d,
0099,
0307,
04a3,
02c3,
0270,
0259,
01d4,
019a,
0228,
0286,
022b,
01ac,
0254,
0598,
00f5,
013c,
022f,
02d0,
023f,
02a9,
03d1,
02b9,
0238,
031d,
02b4,
0258,
02b8,
04b6,
00e4,
022a,
00ea,
029e,
00cd,
002e,
0223,
01fc,
0237,
028d,
01c7,
020d,
0184,
01d1,
0176,
0278,
0000,
01fb,
02b6,
02c9,
01d4,
0359,
02f2,
02b0,
035e,
0333,
02fd,
02d7,
00be,
00af,
0000,
0000,
0101,
02ed,
0370,
017c,
024d,
02b5,
026d,
0319,
0285,
0294,
0236,
0000,
0000,
0000,
0000,
006e,
0368,
0305,
0335,
02c5,
0346,
02d1,
0375,
0415,
040f,
0000,
0000,
00cb,
000b,
0000,
026f,
0385,
03e0,
0353,
0412,
0368,
03e2,
0371,
004e,
0000,
00cf,
0180,
012b,
0000,
0093,
02dc,
0191,
02ec,
0410,
03a9,
0309,
01e6,
0080,
0046,
017a,
00ec,
017f,
0000,
0000,
016b,
02e0,
0313,
0349,
033d,
0333,
02b7,
00b7,
018a,
01d7,
0114,
00fe,
00bc,
0000,
0000,
013f,
0387,
02e7,
0391,
02be,
0320,
0000,
0000,
005c,
009d,
0189,
00d4,
0000,
0000,
0000,
0207,
02f6,
031d,
0378,
02bd,
0000,
0000,
00fd,
0170,
0104,
0017,
008b,
0000,
0000,
0042,
02c6,
024f,
029a,
0310,
0226,
0082,
0025,
0039,
0032,
0048,
008a,
0091,
0000,
0000,
0000,
0000,
0000,
01e8,
0287,
026d,
0000,
01b2,
0000,
0000,
006b,
0110,
0000,
0000,
0000,
0000,
0000,
0095,
02f2,
03b5,
0000,
0169,
0000,
0000,
0051,
0052,
0014,
0000,
0000,
0000,
0000,
0000,
027b,
02cb,
00f8,
024a,
0123,
0000,
00dd,
0000,
0067,
0000,
0009,
0000,
0000,
0000,
0228,
01f0,
02cb,
0226,
024d,
01de,
018e,
0094,
00d1,
01ee,
0281,
0285,
01d9,
0167,
0420,
0319,
0608,
04d2,
0524,
0492,
045d,
045e,
0520,
03a5,
035b,
036a,
02d0,
03a7,
02a8,
0435,
0453,
04aa,
04c9,
0444,
03b9,
04e2,
0468,
031a,
0315,
031c,
0346,
032b,
038b,
0451,
053f,
03ba,
0362,
0382,
0311,
036e,
036f,
03b9,
02ff,
03c3,
0360,
03ba,
03fc,
058b,
04c6,
054f,
0334,
037d,
0352,
0363,
03c9,
03fe,
02d9,
03d5,
02e3,
03e3,
04a1,
03f0,
04d2,
030b,
01f5,
029b,
03e2,
047b,
0446,
03e3,
037e,
0332,
02b7,
02e2,
027f,
0213,
025b,
01f3,
0165,
01ee,
0343,
0350,
030e,
02c6,
02eb,
0319,
029b,
035a,
02d5,
0233,
021a,
023d,
01af,
0195,
01bd,
03a3,
038d,
0223,
028a,
028e,
02e6,
02ba,
02c1,
0211,
0269,
025f,
0271,
021d,
01c3,
0291,
0368,
03a1,
0389,
02f0,
034e,
02cf,
039c,
012a,
0190,
026c,
030b,
01ef,
0150,
0191,
0281,
0368,
0391,
036a,
03c7,
0313,
03ed,
02c3,
0143,
01fa,
0287,
0196,
012d,
01ad,
026f,
032e,
02d5,
0329,
02da,
0337,
03e7,
0367,
02c0,
01ee,
0244,
0299,
01e4,
020a,
01cc,
0197,
0246,
0229,
01ec,
029c,
0433,
03c5,
03e2,
02ba,
030f,
02c2,
0213,
0273,
01fb,
02f1,
024e,
020c,
01fa,
038f,
03f7,
048d,
0490,
0439,
04a7,
03c8,
044a,
03d2,
02b8,
02d6,
032a,
02c2,
02e3,
034f,
045c,
04a7,
0444,
0473,
0435,
0459,
042b,
034c,
0468,
0481,
039e,
0439,
0392,
037a,
020d,
0236,
00cc,
00a8,
0202,
01a3,
0242,
023a,
014d,
01b5,
022b,
01ab,
01ba,
00e7,
030e,
0163,
0170,
010e,
0000,
01a0,
02a2,
02ad,
014a,
021d,
0262,
0204,
02c3,
026b,
01e6,
0000,
00c5,
0218,
0073,
0166,
02cd,
031e,
0247,
022b,
024d,
01ad,
01ac,
021d,
01e5,
0000,
00a7,
0148,
0240,
0114,
01a3,
01b0,
0233,
0187,
028d,
0367,
0327,
021a,
002a,
012a,
0127,
01a7,
03a3,
0277,
0096,
0113,
010b,
01f1,
028c,
02d7,
028d,
01f5,
00fa,
02c8,
021d,
02ef,
03db,
03b6,
0187,
01c0,
0278,
02ea,
02fa,
032e,
02ee,
02a7,
016b,
02fb,
0342,
0354,
03c7,
0420,
03eb,
01d9,
017e,
02c7,
02cf,
0339,
0314,
0339,
014a,
02c2,
02db,
02d4,
02a8,
0311,
03ec,
03da,
0150,
02b2,
033f,
02df,
02e8,
034a,
0199,
01f3,
02e2,
0306,
0241,
02f3,
038e,
03d6,
02c0,
01ce,
0243,
0253,
0338,
02b2,
027e,
01af,
01b7,
021a,
0262,
02d7,
02ea,
0323,
045f,
0160,
0091,
0085,
008d,
01d8,
0293,
02bc,
0252,
02be,
0227,
017f,
0263,
0301,
0398,
0386,
0238,
039e,
01fd,
0063,
0228,
01e0,
0207,
0186,
0139,
0178,
0199,
0267,
032c,
0282,
0257,
02d5,
033a,
0034,
0279,
0175,
0148,
00d0,
0129,
0000,
00ce,
01d0,
01cf,
00e3,
0039,
008b,
001a,
0000,
01c8,
01c2,
01db,
0187,
0212,
0172,
0122,
00db,
0052,
0065,
0168,
01b0,
01da,
0180,
0696,
06da,
0501,
04d2,
048b,
03d5,
02c8,
0419,
06cf,
03df,
046d,
03fc,
05ab,
05d6,
0723,
05ea,
02af,
03a7,
0512,
03a5,
0333,
0383,
047b,
051a,
05fc,
04af,
0568,
0768,
0549,
02ec,
0026,
0000,
0106,
034d,
03b6,
0306,
0209,
0319,
02ef,
0493,
041d,
042f,
041b,
03b0,
018a,
0060,
001b,
0275,
0486,
02b8,
0332,
02f4,
02b3,
01fc,
034a,
03c1,
02f1,
02e6,
02f1,
0000,
0000,
0049,
049d,
047f,
0430,
0435,
031d,
0253,
0212,
01b1,
01a8,
0000,
0074,
0000,
0000,
0000,
016f,
029b,
019f,
01c6,
01b8,
01cd,
0124,
01a5,
0217,
0041,
0048,
0000,
0000,
0000,
0000,
007b,
01f9,
01fc,
01fa,
01c7,
013b,
0108,
0160,
0000,
0000,
0000,
0000,
0000,
0000,
0000,
0149,
0192,
015b,
00b8,
015b,
00b2,
00cc,
004a,
0000,
0000,
0000,
0000,
0000,
0000,
001a,
021e,
0268,
01c6,
0239,
01b5,
0167,
0124,
0070,
0000,
0000,
0000,
006b,
0000,
0000,
0073,
0263,
01bc,
0219,
0218,
0112,
01e2,
008f,
018e,
0000,
0003,
0000,
0000,
0000,
0000,
0000,
0000,
0040,
021e,
0245,
0399,
016c,
0082,
0195,
0000,
0000,
0000,
0000,
0000,
0000,
0000,
0000,
00fd,
022e,
025e,
016f,
031c,
032e,
0230,
011a,
0000,
0000,
0000,
00e2,
011d,
0018,
0000,
01ac,
0192,
0219,
01fd,
01aa,
0096,
016b,
0189,
0146,
024f,
0184,
021a,
0138,
01af,
0171,
0172,
02c1,
0022,
011d,
01ff,
0281,
0352,
00df,
004b,
0258,
010d,
0193,
0161,
0390,
0321,
05f5,
03a7,
01d8,
0168,
02ac,
0329,
00da,
01fd,
0298,
0204,
0338,
03db,
018d,
020f,
01f8,
034c,
05cf,
0258,
01c7,
0308,
0124,
0136,
0259,
0297,
03da,
0317,
01e3,
05aa,
0305,
026e,
031c,
01fd,
0180,
0193,
0206,
0105,
037f,
04b6,
0518,
04ea,
02a1,
05f3,
0590,
0349,
0312,
0300,
0170,
01e3,
0263,
02cf,
03d3,
03bc,
0361,
0297,
02ab,
0417,
03ad,
02dd,
039d,
02ad,
01b4,
0142,
00d9,
0153,
017c,
018f,
00b9,
0100,
023a,
03d7,
034c,
02db,
02ad,
02e3,
027c,
01e2,
009d,
0000,
009b,
00bf,
00dd,
00d4,
0360,
040c,
034f,
0324,
030b,
0299,
02c1,
0284,
018e,
0000,
00a0,
00c2,
0116,
011e,
0318,
0459,
033b,
032f,
0300,
0263,
02cc,
024c,
02b6,
0086,
004a,
00fb,
0154,
008c,
0064,
024a,
0290,
035b,
0377,
0328,
02c3,
029d,
02bb,
01a4,
00ee,
01bd,
0160,
00fa,
0050,
016c,
03ab,
02a4,
031a,
0300,
029d,
0227,
0258,
0237,
029c,
0315,
0352,
01db,
0000,
013e,
04ed,
03a0,
0309,
0302,
01fe,
0297,
0281,
02cd,
02e7,
03f5,
0352,
0280,
0074,
0032,
0252,
013c,
0145,
0390,
03a9,
046f,
0408,
042d,
03ea,
0423,
032a,
0262,
0087,
0046,
0000,
0000,
0000,
00ee,
0177,
027b,
01dc,
0171,
00c6,
0020,
00a0,
00b6,
05f3,
0434,
04a2,
05f9,
051d,
044b,
04f4,
0717,
06b1,
060f,
05d4,
04f1,
045e,
0427,
0450,
0340,
021c,
0250,
0383,
0424,
0414,
033b,
0325,
0367,
02cd,
0260,
0224,
0333,
0476,
0542,
0258,
0183,
046f,
0485,
03e8,
0339,
0297,
02ca,
022e,
02fc,
02eb,
0365,
0525,
0679,
0181,
0000,
0253,
02b4,
04e6,
03d7,
0323,
0257,
0268,
01e2,
0179,
02ea,
0538,
01ec,
020d,
0252,
02f9,
01db,
042a,
02f7,
0380,
0251,
01e7,
026c,
0265,
029c,
04d5,
0190,
0299,
0449,
037c,
02ca,
00c1,
0115,
014c,
01ed,
014b,
01e4,
0322,
0326,
0569,
02e4,
02da,
031e,
0377,
03b5,
01aa,
006b,
03dd,
0246,
0263,
02a6,
0337,
040f,
03e0,
02ff,
03c0,
0275,
0317,
0445,
045c,
012b,
0237,
034f,
0200,
01e5,
035b,
0403,
030a,
0273,
0327,
036a,
0494,
0363,
02fc,
01b9,
01d5,
02c2,
0280,
0214,
0206,
02ec,
04b6,
0321,
0455,
03b8,
03cb,
02e3,
0288,
0143,
01fb,
016a,
03f6,
01a4,
00b6,
02a3,
02d3,
03fb,
0665,
03e9,
03f3,
0309,
02ec,
0150,
0160,
01a1,
01a2,
0147,
020a,
02d1,
03e1,
040a,
0346,
02ec,
058e,
05aa,
01c1,
02be,
0319,
0495,
03cc,
02e2,
0131,
02b8,
033f,
01ee,
0164,
032c,
035b,
0311,
038e,
03fb,
0151,
014f,
01d1,
020e,
01ec,
01a8,
01ad,
0367,
017e,
02ae,
03f4,
01fe,
01b0,
0232,
0157,
025f,
03b9,
0349,
0214,
026d,
029b,
013b,
03c9,
0336,
019d,
002a,
0311,
0377,
03ab,
01bc,
0286,
01b2,
01ae,
0182,
029f,
01ee,
039c,
0401,
0011,
020e,
02c4,
028d,
01b8,
01ca,
02a0,
0193,
00d9,
01f1,
01df,
0232,
0000,
0000,
0230,
03c7,
01c5,
01ea,
00cc,
00e6,
0071,
00e3,
0000,
024d,
036a,
04b6,
0000,
0000,
019b,
0265,
0195,
01fe,
021e,
002f,
00ee,
0084,
0000,
00c1,
028f,
0130,
0000,
0104,
00ed,
00eb,
0190,
01ae,
012a,
008e,
00d8,
0118,
000f,
0000,
009b,
0000,
0000,
0133,
015b,
007c,
00cd,
00a4,
0000,
0000,
0000,
0022,
0088,
0164,
019f,
0000,
0006,
00ae,
009a,
010d,
0000,
00a7,
0069,
0000,
0000,
0052,
00a8,
01a8,
0222,
0000,
0051,
0000,
0058,
0165,
0126,
0000,
01a5,
006e,
0048,
002e,
012d,
01b5,
0238,
0000,
005a,
0010,
024d,
0075,
0152,
0000,
0246,
015a,
0000,
0000,
005f,
012e,
0166,
001d,
01da,
0186,
009c,
0000,
0000,
0000,
007d,
0000,
01fb,
009d,
0000,
0000,
018f,
0188,
04ea,
0273,
00bb,
0000,
0000,
0000,
0000,
0000,
00b2,
0000,
0000,
0000,
01dc,
0216,
0407,
00eb,
012c,
0000,
0000,
0000,
0000,
002d,
00a3,
0000,
0000,
0000,
01ed,
0086,
00b4,
0062,
010c,
003d,
0140,
0126,
0000,
0000,
0000,
0000,
0000,
0000,
0016,
0000,
0000,
0000,
003b,
0000,
0016,
0000,
0000,
0000,
0066,
0000,
0000,
0000,
0000,
0000,
0000,
0000,
0000,
0000,
0000,
0000,
0000,
0000,
0000,
0000,
0000,
0000,
0000,
0000,
0000,
0000,
0000,
0000,
0000,
0000,
0000,
0000,
0000,
0000,
0000,
0000,
0000,
0000,
0000,
0000,
0000,
0000,
0000,
0000,
0000,
0000,
0000,
0000,
0000,
0000,
0000,
0000,
0000,
0000,
008f,
0000,
0000,
0000,
0000,
0000,
0000,
0000,
0000,
0014,
0000,
003c,
0056,
0000,
000b,
0000,
0000,
0000,
0000,
0000,
0000,
0000,
0000,
0000,
0000,
0000,
0000,
0000,
0041,
000d,
0000,
0000,
0000,
0000,
0000,
0000,
0000,
0000,
0000,
0000,
0000,
0000,
0000,
0089,
0000,
0000,
0000,
0000,
0000,
0000,
0000,
0000,
0000,
0000,
0000,
0000,
0000,
0000,
0000,
0000,
0000,
0000,
0000,
0000,
0000,
0000,
0000,
0000,
0000,
0000,
0000,
0000,
0000,
0000,
0000,
0000,
0000,
0000,
0000,
0000,
0000,
0000,
0000,
0000,
0000,
0000,
0000,
0000,
0000,
0000,
0000,
0000,
0000,
0000,
0000,
0000,
0000,
0000,
0000,
0000,
0000,
0000,
0000,
0000,
0000,
0004,
0000,
0000,
0000,
0000,
0000,
0000,
0000,
0000,
0000,
0000,
0000,
0000,
0000,
0000,
0000,
0000,
0000,
0000,
0000,
0000,
0000,
0000,
0000,
0000,
0000,
0000,
0000,
0000,
0000,
0000,
0000,
0000,
0000,
0000,
0000,
0000,
0000,
0000,
0000,
0000,
0000,
0000,
0000,
0000,
0000,
0000,
018d,
0180,
00b9,
00aa,
00ff,
0000,
00fc,
0020,
0000,
011b,
00f2,
001c,
0000,
00e5,
02bb,
0309,
00fb,
00fc,
01df,
02a8,
033e,
0084,
00dc,
00f7,
0061,
00cb,
000a,
0455,
0420,
018d,
04df,
0358,
0130,
01d4,
0384,
0205,
008e,
0240,
01a7,
018c,
0149,
0513,
0288,
03ad,
0337,
015c,
0174,
024e,
032d,
0263,
0204,
01cf,
012c,
0155,
0208,
0356,
0222,
0279,
0008,
0000,
0174,
0287,
01ea,
01bc,
01c6,
017e,
01ae,
007a,
0000,
00e8,
00c1,
00d5,
0053,
0000,
02f1,
01de,
01d2,
008d,
00cf,
0108,
01a2,
012c,
0000,
0070,
0087,
0090,
00c1,
0023,
0000,
019d,
01b7,
0133,
01af,
0107,
0081,
0152,
0000,
0000,
0000,
0000,
007c,
0056,
0040,
0000,
0200,
0125,
0111,
01ef,
0169,
0024,
00c1,
0000,
0000,
0000,
00c6,
011a,
0000,
0000,
0006,
025e,
02b4,
02fa,
0164,
0186,
01c3,
018a,
00e9,
0092,
0000,
0000,
0000,
0000,
0000,
0129,
01ee,
0268,
0163,
01e5,
0000,
0000,
0174,
0156,
0000,
0000,
00c7,
0149,
000b,
01b0,
0220,
01eb,
0000,
01a5,
01d4,
01b7,
036b,
0044,
0000,
0000,
0289,
0000,
0000,
00b4,
013a,
0001,
006a,
0000,
01cc,
0334,
01e1,
0149,
0115,
020f,
02e3,
01a3,
01da,
00b2,
016d,
01df,
01e8,
0292,
03d5,
03c6,
02f8,
03ea,
0343,
0305,
03e2,
025c,
0426,
02ec,
02cd,
03cc,
0323,
03a6,
0126,
00f9,
0139,
00e2,
0029,
0000,
0084,
0000,
0000,
0000,
0000,
002c,
00db,
0203,
01e6,
0000,
0000,
011c,
009a,
0271,
0000,
0000,
0000,
0000,
0053,
00af,
0162,
01fa,
02c3,
00f7,
0149,
0240,
0000,
01b1,
0000,
0000,
0159,
01ad,
01f1,
011f,
01fa,
010f,
01ba,
0000,
0000,
005d,
00b4,
022f,
0000,
0076,
0197,
0201,
0182,
01ac,
0229,
0000,
0000,
013f,
0061,
010a,
0015,
01c8,
0246,
000c,
0000,
00e6,
004e,
020c,
01ba,
007b,
02b4,
02e0,
0087,
0000,
0023,
017f,
027d,
035e,
02be,
0354,
0357,
026d,
0095,
006c,
0243,
0171,
0090,
0000,
0000,
0000,
0287,
0320,
008c,
0221,
02e7,
01e9,
017b,
0085,
00f3,
0003,
0000,
0000,
0000,
0000,
0000,
01a9,
0331,
0182,
01d2,
0264,
00d5,
011f,
01cb,
01a0,
0000,
0000,
0000,
0000,
0008,
018d,
032d,
027f,
010d,
01be,
0136,
01ce,
00d4,
025e,
01c4,
0021,
0000,
0000,
00a9,
01b2,
0144,
00e3,
0000,
0000,
014b,
00a8,
0083,
01e3,
0000,
0000,
0000,
0000,
0000,
0173,
01a7,
0106,
00a1,
0142,
02f8,
02ed,
01ce,
00e8,
0000,
0000,
0000,
0000,
0032,
0000,
005b,
0000,
0000,
0000,
01ec,
01fb,
0224,
00e5,
0000,
001d,
00b4,
0000,
0000,
0000,
0008,
007d,
008e,
0000,
0000,
010a,
01d2,
0188,
0297,
0159,
0106,
0142,
012c,
0000,
0126,
0122,
0098,
0105,
0143,
0076,
000f,
0000,
0000,
0000,
0000,
0071,
0000,
0000,
0000,
0080,
0000,
0000,
0000,
0000,
0093,
001f,
0000,
0000,
0000,
0000,
0000,
01c4,
0000,
0000,
0000,
0000,
0000,
0000,
0000,
0000,
0000,
0025,
0000,
0000,
0000,
0000,
0000,
0000,
0000,
0000,
0000,
0000,
0000,
0000,
0000,
0000,
0000,
0000,
0000,
0000,
009a,
0000,
0000,
0000,
0000,
0000,
0000,
0000,
0000,
0000,
0000,
0000,
0000,
00e6,
0142,
00dc,
0022,
0000,
0000,
00d2,
0000,
0022,
0000,
0000,
0000,
0000,
0000,
0000,
001b,
0000,
0000,
0000,
0000,
0000,
0000,
0000,
0000,
0000,
0000,
0000,
0200,
0000,
0000,
0000,
0000,
0000,
0000,
0000,
0000,
0000,
0000,
0000,
0000,
0000,
0000,
0092,
0000,
0000,
0000,
0000,
0000,
0000,
0000,
0000,
0000,
0000,
0000,
0000,
0000,
0000,
01e4,
0000,
0000,
0000,
0000,
0000,
0000,
0000,
0000,
0000,
0000,
0000,
0000,
0000,
00c9,
0000,
0000,
0000,
0000,
0000,
0031,
0000,
0000,
0000,
0000,
0000,
0000,
0000,
0000,
0000,
0000,
0078,
0000,
0000,
0000,
0000,
01a6,
0000,
0000,
0000,
0000,
0000,
0000,
0000,
0000,
0000,
0000,
0000,
0000,
0000,
0000,
0000,
007a,
0000,
0000,
0000,
0000,
0000,
0000,
0000,
0000,
0000,
0000,
0000,
0000,
0000,
0000,
0156,
0000,
0127,
0000,
0000,
0000,
0000,
0000,
0000,
0399,
042a,
057c,
02d4,
0278,
02ad,
017b,
029e,
0398,
0325,
0244,
01d0,
0210,
02d1,
03c6,
0502,
05a8,
0343,
022d,
0111,
00b1,
0244,
01e4,
01c7,
02b6,
010d,
023e,
0393,
02c2,
04a8,
0522,
04bf,
04b0,
01c8,
0170,
024b,
0183,
01df,
0149,
01b0,
019c,
01d6,
00a9,
0448,
059e,
039b,
04dc,
040a,
0280,
024a,
02c4,
01e0,
020f,
00a3,
00ce,
0205,
0390,
028f,
032d,
033e,
024e,
0397,
0357,
0318,
0210,
029d,
011c,
015c,
0137,
0000,
0142,
0233,
021d,
01c8,
01e7,
031a,
0386,
02a3,
0166,
00fe,
0102,
0126,
0093,
0157,
00a4,
00fe,
00be,
018f,
01dc,
01b8,
027a,
02ac,
0064,
0069,
011c,
0119,
0080,
0000,
0380,
011f,
01bd,
0198,
013f,
0175,
01ee,
022e,
01ea,
0099,
00c9,
004b,
00b6,
0000,
0114,
00a5,
0177,
013a,
022d,
01fc,
01d8,
0249,
0235,
013f,
01c0,
01cc,
01c7,
009b,
0000,
010b,
0322,
02dd,
018a,
0136,
00e5,
0233,
0280,
02dd,
0410,
0338,
011b,
00b5,
0000,
0045,
0257,
035c,
010c,
00c7,
0146,
01d5,
01f4,
0247,
0258,
03a8,
031b,
0192,
00b2,
0043,
02b7,
045a,
02aa,
0314,
03bd,
0248,
0286,
021a,
01dc,
0261,
0392,
038d,
004d,
0123,
02d9,
0365,
0214,
02ac,
0304,
038d,
02f9,
036a,
0332,
02b9,
0377,
032a,
008c,
018b,
00fb,
0195,
00af,
0056,
01ef,
0219,
0288,
0224,
01af,
0201,
00ba,
00f7,
02b3,
0367,
007f,
01e4,
0139,
028f,
0000,
0178,
01cb,
0122,
016d,
0000,
0120,
02c9,
0173,
00d3,
0000,
0000,
0000,
0000,
0000,
0000,
0000,
003b,
0023,
004c,
0000,
0000,
0000,
0000,
0000,
0000,
0000,
0000,
0000,
0000,
0000,
0000,
0000,
0000,
0000,
0000,
0000,
0000,
003a,
0000,
00b0,
00f4,
0000,
0000,
01b0,
0121,
0000,
0000,
0000,
0000,
0159,
00dd,
0100,
010d,
0000,
0000,
0087,
0069,
0000,
0000,
0000,
0000,
0000,
0000,
024d,
0289,
00cc,
015e,
0093,
005e,
00a7,
0000,
0000,
0000,
0000,
0000,
0000,
0000,
0000,
02f4,
008e,
0176,
01c0,
012b,
0000,
0000,
0000,
0000,
0000,
0000,
0000,
0000,
0000,
0000,
0003,
005b,
0242,
01cc,
0000,
0000,
0000,
0000,
0000,
0000,
0000,
0000,
0000,
000f,
010b,
0159,
0116,
009b,
0078,
0000,
0000,
0000,
0000,
0000,
0000,
0000,
0000,
0000,
010a,
02cf,
00f6,
0052,
0020,
0000,
0000,
0000,
0000,
0000,
0000,
0000,
0000,
0000,
0000,
032e,
01ca,
002a,
00cf,
00e9,
00ca,
00d7,
003f,
012a,
0157,
0000,
0000,
0000,
0000,
00e8,
0143,
0196,
00f9,
00d2,
00cd,
0095,
022f,
01b0,
00de,
030a,
0000,
0000,
0000,
0000,
0000,
0000,
0000,
0097,
0183,
0031,
0024,
0000,
0000,
0000,
0000,
0000,
0000,
0000,
0000,
0000,
0000,
0000,
0000,
0000,
0000,
0000,
0000,
0000,
0088,
0154,
031c,
0139,
0000,
0000,
0000,
0000,
010c,
016d,
01a7,
0000,
0159,
0020,
00cf,
029a,
03b9,
0433,
0187,
0068,
0000,
0000,
0000,
00a7,
0202,
00a4,
003d,
00f2,
0000,
030e,
0499,
06b2,
0352,
01b7,
01ba,
0126,
0000,
0038,
0190,
011f,
0063,
002c,
0092,
00bd,
03c1,
01f8,
0296,
03f0,
0228,
0176,
0000,
0116,
0000,
0095,
0029,
0000,
0232,
0171,
0000,
01f0,
0491,
0700,
02a5,
0000,
0000,
0000,
0000,
0023,
0009,
0032,
01ef,
02cd,
012c,
0276,
0357,
05b6,
0662,
0320,
00f5,
0095,
012e,
0101,
0153,
00f7,
019a,
01f4,
01b3,
0336,
03f9,
0370,
071d,
0782,
0329,
0282,
01b2,
01d0,
0210,
00d9,
0299,
0376,
039e,
0371,
027a,
020c,
04b6,
079b,
050b,
03b4,
0166,
01c6,
0200,
01e4,
02d7,
01ff,
016b,
0225,
01d8,
0411,
03b0,
066c,
079e,
0360,
012c,
02ea,
02f9,
024a,
004f,
0299,
0275,
01d5,
01e6,
029b,
0310,
0469,
07cb,
05b9,
02e1,
0508,
045d,
02c1,
0298,
01df,
0205,
020f,
015b,
030b,
046d,
035a,
0524,
06cd,
035c,
0542,
0503,
02f2,
0000,
0138,
0209,
032a,
0274,
0372,
03cb,
0273,
0466,
033e,
01b3,
03a6,
0591,
0268,
022e,
034a,
03f4,
00c3,
0246,
0440,
0109,
03a4,
036f,
02ca,
01ff,
0304,
03bf,
0442,
00ec,
0227,
02e7,
01f0,
02a8,
03d9,
0334,
03c5,
020d,
02c2,
01ea,
01b6,
0131,
0249,
0226,
029d,
01e4,
010b,
0265,
0486,
00b7,
015f,
01ea,
01e9,
01dd,
015b,
026c,
0251,
0189,
02d8,
001a,
0000,
041a,
0281,
012b,
0113,
011d,
007e,
00ba,
0157,
02e1,
0158,
0203,
03f8,
0423,
0205,
0295,
0117,
0179,
00f5,
0279,
019f,
0137,
01f4,
0335,
028c,
028e,
01a3,
03f1,
01ad,
00f0,
00b3,
0176,
0167,
01e2,
023f,
0170,
0187,
031a,
02aa,
0291,
0287,
04a2,
01a0,
0012,
0100,
025f,
01ae,
0160,
0328,
02d2,
02aa,
0277,
037f,
0515,
0318,
01a9,
00ad,
00ea,
00e4,
0141,
032b,
0224,
0235,
0285,
022b,
002c,
0000,
049a,
0364,
012b,
00a9,
008d,
00c8,
011c,
004e,
0042,
0178,
00d2,
007e,
00a1,
0014,
01c4,
0164,
006c,
015f,
0140,
0087,
0000,
00b6,
0005,
01e3,
0044,
00f8,
00f0,
0036,
0000,
0230,
00f8,
01d6,
0000,
0073,
004e,
011d,
00db,
0099,
00ab,
0122,
00b4,
0115,
0066,
01de,
0152,
0192,
003a,
0037,
00ba,
00e5,
0050,
0027,
0000,
0130,
0343,
0291,
0000,
01ac,
0000,
021e,
00fd,
0439,
0458,
0236,
022c,
0177,
0000,
0155,
0364,
04fe,
0078,
021d,
0000,
018f,
0137,
023b,
0246,
00c8,
01c9,
015b,
0053,
0099,
0226,
031b,
0089,
01fd,
0138,
00f2,
00f5,
0453,
0236,
011f,
032e,
03a3,
0351,
0188,
02dc,
03ee,
0000,
0123,
0180,
00a3,
0040,
017f,
0103,
01d8,
017d,
00c4,
00a0,
00d5,
00a4,
0100,
02b9,
0304,
019b,
0365,
0361,
03a7,
03e4,
04a1,
02da,
039f,
0376,
039e,
0337,
02fb,
02a6,
0248,
0081,
01bd,
02c6,
0278,
030c,
02c7,
0315,
03a8,
02c2,
035c,
02d1,
02a1,
02fb,
020e,
0073,
004c,
0101,
02a0,
02f0,
0309,
02be,
02e9,
026b,
0284,
0273,
02d7,
028a,
0198,
01ee,
01e3,
025a,
0213,
02bc,
02f0,
035f,
02c3,
03e2,
029b,
02c7,
0310,
02d6,
0315,
037c,
02b0,
022d,
0114,
02c1,
037c,
0370,
032f,
032c,
02e6,
02ba,
01e6,
03c0,
025c,
02de,
0298,
0309,
01ab,
016d,
0316,
01c0,
0201,
01e5,
01dd,
0195,
0200,
0367,
02c8,
0295,
025f,
0282,
0275,
0014,
0000,
01a7,
0192,
018b,
01a9,
012c,
021b,
0389,
02b9,
0295,
0314,
0328,
02bf,
01a7,
0000,
0145,
0141,
0159,
01f5,
01bc,
0199,
0276,
0417,
0451,
0366,
0299,
0243,
027f,
00d8,
0068,
0155,
013d,
0173,
010a,
0128,
0204,
037b,
0544,
04a4,
030d,
02b6,
0272,
021a,
0000,
00ec,
0207,
018e,
0138,
019d,
0126,
0202,
050b,
0588,
03ff,
02d8,
0253,
01f6,
0120,
0113,
018e,
00f3,
00b5,
01f1,
0315,
02e4,
0380,
044e,
0462,
03b8,
03f7,
0339,
01b9,
01c5,
02b4,
025f,
011e,
0235,
0179,
01a1,
01e4,
01f3,
01c3,
02af,
046a,
0336,
01bf,
0240,
0376,
038a,
027d,
023b,
00c4,
0138,
00b1,
00f0,
01c0,
012c,
017d,
01cf,
01ed,
011e,
01ad,
00f0,
00a9,
014d,
0235,
0312,
0255,
02d0,
0178,
02a9,
0000,
03b4,
017d,
02f7,
0180,
01d8,
01fa,
0228,
023c,
01b6,
00c5,
01e1,
03ac,
02a3,
0201,
0191,
02a1,
0107,
00b4,
0214,
0205,
02ba,
0177,
0099,
00f0,
00a5,
0130,
0399,
035b,
0134,
0338,
0203,
01d7,
00cf,
023c,
00bb,
04d7,
0015,
0033,
0075,
0000,
0151,
0204,
0235,
0224,
02c7,
0269,
0223,
042f,
017c,
01cb,
0000,
0000,
00a8,
0258,
00e0,
0149,
021b,
00e5,
01b1,
026e,
01a1,
02a0,
0498,
029e,
02c3,
0134,
010c,
0150,
00be,
000b,
009b,
0316,
02d6,
02d7,
0216,
025a,
0284,
0195,
0250,
0237,
022e,
01d6,
00bf,
00f0,
0179,
03c3,
0391,
0233,
02b3,
023c,
02a0,
0000,
02f0,
001e,
014d,
011d,
0046,
00ac,
0294,
0148,
02b7,
02b1,
0383,
01f4,
0304,
0000,
0182,
00f0,
015b,
0083,
01ba,
01ad,
0205,
013a,
01cf,
01b7,
021d,
01e0,
02bb,
0227,
0103,
0049,
0048,
01c4,
026b,
02a9,
01e6,
01e1,
005e,
0000,
0000,
000a,
02d7,
0296,
03af,
0191,
0200,
0092,
01b8,
0259,
01a2,
0227,
024e,
0012,
0162,
0126,
0226,
033f,
041e,
0296,
0197,
0040,
00a7,
0230,
016b,
023f,
0085,
00ce,
014b,
012d,
0149,
02fd,
0286,
0000,
0000,
0000,
00a8,
00b9,
00a5,
01f4,
0042,
007a,
0000,
0000,
0128,
0333,
016b,
018d,
015a,
0204,
032f,
0088,
0104,
00ca,
00b8,
0173,
0119,
0234,
0204,
0229,
023b,
0055,
0275,
02c1,
0201,
032a,
0347,
02d5,
02df,
0357,
029c,
0312,
02d5,
024d,
00f7,
0000,
0000,
00cc,
0229,
0396,
0328,
0230,
02a8,
0295,
0249,
032c,
0375,
02ed,
0066,
0000,
0000,
0000,
02b8,
0345,
03a9,
02de,
022d,
02e0,
02d0,
030e,
0343,
03f9,
02bc,
0000,
0000,
0000,
0043,
03ce,
0338,
0252,
0294,
0368,
02fe,
02d4,
03d0,
0057,
0000,
000e,
0000,
0000,
0000,
02fa,
0215,
01e9,
02d7,
0390,
037f,
02b5,
0238,
0144,
0000,
0000,
0000,
0000,
0000,
0000,
0166,
01d5,
0233,
025f,
02fc,
02e2,
0342,
01d5,
0000,
0000,
0000,
0000,
0000,
0000,
0000,
0334,
0248,
0202,
0237,
02c5,
02f5,
00f1,
0000,
0000,
0000,
0000,
0000,
0000,
0000,
009a,
02fa,
028e,
025f,
030f,
0351,
0244,
0082,
0023,
0000,
0000,
0000,
0000,
0000,
0000,
0220,
020e,
01e6,
0250,
029d,
0403,
0385,
00b1,
0000,
0000,
0000,
0000,
0000,
0000,
0000,
0000,
0000,
0000,
0150,
038b,
0397,
00e4,
00b1,
0082,
0000,
0000,
0000,
0000,
0000,
0000,
0000,
0000,
0000,
0322,
02c4,
0046,
009c,
0185,
0000,
0000,
0000,
0000,
0000,
0000,
0000,
0000,
0000,
02e4,
0214,
0236,
021a,
029a,
012f,
0121,
0000,
0000,
0000,
0000,
00da,
0000,
0000,
0214,
02d7,
02fb,
0296,
0285,
0192,
0263,
0144,
01b1,
01c4,
01da,
015a,
01e1,
01af,
02a4,
015d,
047c,
0149,
0269,
017c,
01b6,
03b9,
0299,
0253,
02f9,
0251,
015d,
0111,
01e2,
0287,
0474,
0227,
0158,
0190,
01a1,
01b7,
0190,
00d6,
0138,
0099,
00e0,
010f,
0175,
0371,
0244,
0108,
0231,
0215,
0178,
0185,
01a2,
00ea,
00c7,
01a3,
017c,
00c3,
02c4,
048e,
0156,
008e,
018c,
01b9,
00b5,
01da,
023e,
013d,
017c,
0239,
00de,
018f,
04d4,
026c,
0072,
01b5,
0185,
012f,
0002,
0252,
0119,
00f9,
0193,
01a0,
0115,
0237,
0305,
00be,
01e5,
024a,
019d,
0092,
0115,
0100,
0061,
0087,
0050,
0114,
01e6,
02bc,
039e,
01c1,
01da,
022a,
026b,
01e6,
00f8,
018d,
0105,
0085,
00a5,
00d4,
0150,
02de,
0338,
024a,
02cf,
01bc,
030b,
030a,
0206,
00ca,
00bb,
0148,
009a,
00b6,
01b7,
023c,
01b0,
00da,
0296,
01f7,
034a,
02a1,
01e0,
00a9,
009e,
013a,
00aa,
0140,
0126,
018e,
01f9,
0147,
013b,
0163,
013a,
01bd,
0134,
0055,
00c9,
0112,
00ba,
0381,
0166,
0116,
028e,
01e9,
034c,
0132,
01d5,
013d,
0199,
0089,
0086,
00f5,
0101,
013a,
008c,
00c2,
01a9,
01bc,
039f,
0147,
02dc,
0254,
01b6,
009f,
0092,
02a8,
01af,
002a,
0083,
0107,
0138,
00f2,
0136,
0101,
01b4,
01cb,
027d,
0209,
0067,
009b,
0092,
0055,
0146,
00e0,
0206,
01fd,
00be,
0142,
01c8,
00a6,
014a,
0126,
0046,
00e8,
0105,
0173,
019b,
00cb,
02f8,
0228,
0437,
01c8,
013c,
0098,
03da,
034b,
02ff,
046e,
04fa,
04ef,
022b,
039b,
02f1,
0546,
0460,
0216,
0278,
0286,
01ee,
02b3,
0216,
0390,
03f9,
03a5,
03e0,
03f9,
03fd,
0542,
0367,
028b,
022e,
02b3,
0223,
042f,
027a,
02c0,
041d,
02db,
024e,
0292,
0276,
0365,
02df,
042e,
049d,
0427,
0363,
0333,
02c4,
0210,
0469,
0378,
020d,
019d,
043c,
028b,
01fc,
046c,
03c4,
0350,
02c3,
020a,
02a4,
0351,
0242,
01da,
0370,
016e,
0226,
01fe,
0259,
02c5,
0376,
03a6,
02e3,
0239,
0336,
0235,
014c,
02cd,
0345,
0336,
02a3,
010c,
01d4,
02c1,
0323,
02c0,
02fa,
0185,
00d1,
02d4,
0291,
02bd,
01a5,
0243,
01e2,
00b7,
01fb,
022f,
0313,
02da,
032b,
0256,
02e2,
0149,
02eb,
017c,
0243,
0242,
0015,
0000,
01d2,
01ca,
02f0,
029e,
0342,
02bd,
0268,
01fe,
0260,
01fe,
01ae,
0194,
01f0,
00b4,
0159,
00c0,
0167,
0323,
0406,
039f,
02b0,
03db,
055d,
03a5,
00ea,
01b4,
0389,
02d4,
0194,
0139,
00f0,
010c,
027f,
036f,
0267,
036d,
0500,
02a1,
019d,
00dd,
02a0,
0255,
01bc,
0462,
0000,
0157,
033f,
02eb,
0249,
02dc,
0218,
0338,
0346,
0379,
02c9,
01ac,
036c,
04ae,
0093,
00ba,
0097,
01fb,
0475,
0533,
038d,
0452,
0399,
03c9,
0211,
008b,
0188,
01d8,
016f,
0122,
007e,
012f,
0347,
039b,
02ba,
0216,
01a0,
00b2,
0000,
0000,
0063,
0065,
0003,
0013,
0000,
00e7,
0032,
0038,
0000,
0000,
0000,
0000,
0056,
0045,
0093,
015a,
0000,
0000,
000d,
001c,
0000,
0073,
0000,
0000,
0000,
0000,
0014,
00a8,
00ca,
01c9,
0175,
0119,
0000,
008a,
0000,
0000,
0000,
0000,
0000,
0030,
00f1,
0000,
01ed,
00f0,
0392,
0338,
008b,
0013,
0025,
0000,
007c,
0047,
0013,
0072,
0086,
0000,
01d9,
0164,
02ad,
0285,
00f6,
00da,
011e,
00d4,
0079,
004b,
0071,
000d,
0185,
01b3,
0178,
026b,
02fd,
03a5,
0262,
00a3,
0052,
00f2,
00e2,
00aa,
00aa,
0103,
00bd,
01f9,
018b,
01fa,
0295,
034c,
02d4,
01ee,
00bb,
00dd,
0033,
009c,
0131,
00e5,
003f,
008c,
0111,
01e9,
02e2,
0312,
021e,
0239,
017f,
003d,
007c,
0027,
0125,
0043,
000a,
00eb,
021c,
0214,
01be,
01b9,
0254,
0204,
0334,
0031,
008e,
0019,
00ad,
005b,
007a,
0072,
024f,
02b2,
013f,
0184,
0242,
0292,
0263,
0184,
00b8,
00b8,
00d7,
00f0,
002e,
007e,
023c,
0268,
0185,
0242,
02b9,
0235,
0202,
0279,
01a5,
0201,
0129,
0135,
0049,
0187,
0124,
007a,
015b,
017b,
014f,
017f,
0142,
0130,
011d,
013a,
00d2,
0176,
0000,
000a,
0042,
0000,
005a,
0000,
010b,
0080,
0062,
001b,
0000,
0000,
000d,
0093,
0000,
0017,
002e,
0093,
0050,
0000,
0000,
0000,
0000,
0000,
0000,
0000,
0000,
000c,
028f,
0349,
011c,
024f,
0194,
00d9,
00da,
023e,
02c9,
0201,
0109,
011d,
00b2,
021c,
038e,
029f,
033c,
0278,
01b0,
02c1,
01c9,
0000,
0269,
012d,
00e2,
012a,
00ab,
0260,
01ed,
0417,
0300,
01f8,
025c,
031f,
0219,
0103,
02ba,
02d4,
017b,
0151,
01b3,
0167,
02ed,
0214,
004d,
0264,
024a,
01b7,
01d0,
0211,
016e,
0204,
01be,
0261,
03e5,
0165,
02e8,
005d,
00dd,
03fd,
0438,
0270,
01f1,
0162,
0000,
001a,
0215,
0173,
01ca,
014c,
02a9,
0374,
0309,
0459,
03a1,
03a8,
01d0,
0211,
02b7,
0271,
0323,
0284,
02eb,
0299,
011c,
0287,
0427,
0435,
0384,
0423,
02f4,
0102,
02ea,
0269,
0302,
035a,
0348,
036d,
00bc,
022c,
0220,
0256,
0219,
0377,
047c,
03a8,
014c,
0308,
02fb,
03ab,
02c6,
0331,
00f8,
01ae,
0336,
0370,
03f5,
03af,
0527,
0413,
01db,
02d0,
035b,
0278,
02ce,
0347,
0256,
0239,
035c,
01ec,
0375,
03c7,
03d6,
0352,
03bc,
00de,
0129,
0047,
0103,
022c,
0250,
03a3,
0326,
0367,
026f,
020c,
02b1,
032c,
0444,
02f2,
021d,
0216,
0390,
0358,
02a3,
030f,
019e,
0144,
017f,
02a8,
02f9,
03b4,
04da,
03e6,
040e,
027f,
02ec,
02de,
02f4,
02cd,
0120,
0200,
020f,
016c,
0270,
01a5,
01b5,
0116,
01e5,
0056,
00d2,
002c,
01b7,
01f3,
0171,
01a4,
02d8,
0041,
0100,
00a6,
0000,
007a,
01f8,
0176,
00be,
00b4,
0673,
05fd,
04a4,
042d,
0550,
046a,
0493,
04a5,
053e,
04c1,
04d2,
0429,
0450,
050b,
05cb,
03d0,
0000,
011f,
0322,
0411,
045e,
0470,
03be,
0417,
0458,
0438,
0498,
058b,
0518,
00a8,
0000,
002a,
0000,
0239,
0425,
0429,
03d9,
0409,
03e1,
03b3,
0490,
049f,
03af,
00a1,
004e,
0046,
0000,
019b,
0390,
0402,
0445,
03fd,
03c6,
042f,
0461,
046b,
021c,
0174,
029d,
0009,
0042,
00dd,
0317,
0423,
037e,
03e3,
03dc,
03db,
0425,
0458,
018c,
00fc,
004b,
0000,
0032,
00a0,
00c1,
0329,
045f,
048d,
0488,
0409,
03bb,
042b,
01c0,
00d4,
00dc,
004c,
0042,
0079,
002c,
011e,
0308,
037e,
043f,
03cf,
0401,
03e0,
0219,
010e,
0110,
00cf,
0054,
0000,
0052,
005f,
01c9,
03dc,
045c,
03b4,
034d,
03e7,
0294,
0133,
014e,
00ff,
00ca,
0087,
0064,
0049,
005c,
029a,
0415,
0359,
03fe,
0411,
046d,
03aa,
016d,
016f,
00fb,
00b0,
0031,
0057,
0060,
0000,
0155,
0059,
00bf,
02f3,
0437,
049f,
0145,
024c,
017e,
0109,
009d,
0072,
0043,
0000,
0000,
00d1,
0055,
012b,
0456,
03cc,
0173,
0218,
027a,
0104,
0141,
009a,
0093,
0000,
0050,
00ad,
00d0,
00ac,
0402,
0367,
02f0,
047a,
0453,
01c2,
027c,
0081,
0000,
00a9,
01e6,
0217,
016b,
0127,
03b9,
0407,
03f9,
0382,
0472,
03ac,
036d,
02cd,
0342,
0412,
03d7,
03e8,
03dd,
03e6,
007b,
0222,
0000,
02a5,
01d8,
02b6,
0199,
0000,
011c,
0000,
0000,
0000,
0208,
026f,
01a4,
0000,
0000,
01e4,
0000,
018f,
01b1,
0058,
02e1,
01c3,
0061,
0138,
0000,
00d7,
00c3,
0000,
004c,
0178,
0000,
00bf,
01e1,
0067,
009a,
0262,
0054,
0075,
0000,
0000,
0000,
0000,
0000,
0000,
0000,
00e5,
0125,
0000,
0000,
0342,
0000,
0000,
00b6,
0000,
0000,
002f,
0000,
0000,
0000,
0130,
0017,
0000,
0000,
0000,
0000,
014f,
0000,
0000,
0010,
0239,
0000,
002d,
0000,
0128,
02be,
0186,
0000,
006c,
025b,
0121,
0075,
0091,
0000,
0030,
0096,
0000,
0000,
0097,
0304,
0434,
029e,
01c9,
0204,
014b,
0236,
0062,
0000,
0160,
00a7,
0000,
0000,
0000,
0114,
02e3,
020f,
0276,
0102,
0204,
00bc,
00eb,
0427,
0324,
0021,
0000,
0000,
0000,
0071,
0254,
02a0,
0218,
0177,
00dd,
01c7,
00ff,
01af,
033e,
023f,
01fc,
01e4,
0000,
0000,
009a,
029c,
01cd,
0000,
0000,
0172,
001f,
0060,
007b,
0000,
0143,
0008,
0000,
0000,
0107,
0248,
019d,
0000,
0035,
030c,
0290,
021d,
0000,
0000,
0000,
01c2,
0000,
0000,
0122,
0241,
0000,
019d,
0098,
01d9,
0273,
0145,
0000,
0000,
0000,
0395,
0000,
0059,
0000,
0000,
0000,
0000,
0000,
0000,
0009,
013e,
01c6,
0218,
0333,
0227,
0124,
02f5,
0134,
0000,
0000,
0002,
0126,
0238,
02e6,
013f,
02a0,
02aa,
02db,
00f4,
025f,
00ec,
021b,
0195,
0320,
01ea,
018a,
02be,
01ff,
02d4,
0408,
066d,
04d7,
02d8,
01e8,
0192,
0229,
0179,
0205,
0295,
01e3,
0259,
0204,
0143,
055d,
051a,
0664,
06e2,
042c,
02d5,
028d,
0277,
01e1,
0201,
01f6,
00f3,
013a,
020d,
03c1,
0535,
03a2,
0468,
0491,
02e7,
035a,
022c,
0224,
01c4,
0052,
00c9,
0167,
043e,
02d9,
018f,
039c,
0338,
0518,
03a8,
0215,
01d6,
0206,
01be,
01e2,
0198,
020b,
0486,
040d,
0316,
038b,
0286,
044d,
0529,
0362,
017e,
00ba,
0187,
019f,
0122,
00da,
0400,
0268,
0247,
02d1,
03b5,
0365,
0475,
047b,
019c,
019a,
00b1,
0139,
00b9,
009b,
04a1,
02a4,
02f1,
02b2,
0250,
0297,
02db,
042f,
03bc,
0219,
002d,
00e1,
0123,
0086,
021e,
02ae,
02d8,
029b,
01cd,
02be,
02bc,
03a0,
0502,
02bc,
00ad,
021d,
012d,
00a4,
0000,
0309,
04ae,
0371,
0172,
0270,
02a1,
0294,
046a,
0467,
04b0,
03dd,
032e,
0254,
0000,
0192,
04f5,
050a,
02f7,
0224,
0325,
027c,
03b6,
0420,
03cf,
0401,
0437,
03cc,
0000,
013c,
03a3,
0576,
03db,
04b6,
0437,
02c2,
0496,
039a,
0333,
02d4,
046d,
03b5,
001d,
01df,
02a6,
015a,
00e7,
0422,
02ad,
039e,
03af,
03b0,
0314,
02cb,
032c,
0484,
0000,
0117,
007d,
010d,
0022,
00db,
0195,
0262,
02aa,
00af,
021e,
00a4,
00e4,
00fc,
01c7,
019f,
0000,
0000,
0000,
01ec,
014b,
0132,
022c,
0000,
000b,
0000,
0160,
0000,
01a4,
0000,
0000,
0000,
0000,
0089,
0061,
00e4,
0205,
0000,
00a8,
0000,
0094,
0092,
0117,
0000,
0000,
0000,
0000,
00c3,
01af,
0064,
01a9,
0015,
002c,
0016,
01a8,
00f3,
00d2,
0000,
0000,
0000,
0000,
0000,
0000,
0003,
011e,
0000,
00b6,
0092,
0254,
0079,
0000,
0000,
0000,
0000,
0000,
0000,
0000,
0000,
0061,
007c,
0135,
0138,
0157,
0288,
0000,
0000,
0000,
0000,
0000,
0000,
0000,
00f1,
0102,
00ae,
0073,
00b1,
0144,
0000,
0000,
0000,
0000,
0000,
0000,
0000,
0000,
0000,
003f,
00f6,
012a,
003b,
00af,
002e,
0000,
0000,
0000,
0000,
0000,
0000,
0000,
0000,
0000,
000f,
0097,
0144,
0000,
00d2,
0000,
0000,
0000,
0000,
0000,
0000,
0000,
0000,
0000,
0000,
00fc,
008a,
006b,
0103,
0212,
0000,
0000,
0000,
0000,
0000,
0000,
0000,
0000,
0000,
0000,
0000,
0000,
0014,
00e2,
01e6,
0000,
0024,
0000,
0000,
0000,
0000,
0000,
0000,
0000,
0000,
0000,
0000,
020f,
023a,
0036,
0000,
0000,
0000,
0000,
0000,
0000,
0000,
0000,
0000,
0000,
0000,
01d6,
00c6,
0000,
0000,
0000,
0000,
0000,
0000,
0000,
0000,
0000,
0000,
00b6,
0000,
02bc,
0025,
00fd,
0000,
008e,
01a8,
0107,
01e6,
0112,
0088,
01dc,
01ca,
0169,
0192,
0000,
0000,
0301,
00c6,
0000,
0000,
011f,
0138,
0000,
0000,
0037,
0000,
0000,
0032,
0000,
0029,
01cc,
0326,
02ff,
013e,
0000,
0000,
0000,
0000,
00c7,
01a3,
016b,
0000,
0000,
0000,
0000,
0000,
0033,
00fc,
0000,
0000,
0000,
0000,
0000,
012a,
0000,
0000,
0058,
01a1,
0000,
0058,
0000,
0000,
0000,
0000,
0000,
0000,
0000,
0000,
0000,
0000,
00a2,
02ad,
00ac,
0000,
0000,
0000,
0000,
0000,
01aa,
0058,
0000,
0000,
0000,
0000,
0000,
0000,
0000,
0000,
0000,
0000,
0000,
0000,
0000,
0000,
0000,
0000,
0000,
0000,
013c,
0057,
000c,
00e9,
0000,
0000,
0000,
0271,
0000,
0000,
0000,
0000,
0000,
0000,
0064,
0189,
0085,
007a,
0000,
0000,
0000,
0000,
00b1,
0000,
0000,
0000,
0000,
0000,
0000,
00ec,
00c6,
0048,
0000,
0000,
0000,
0000,
0000,
0000,
0000,
0000,
0000,
0000,
0000,
0000,
0000,
0049,
00fc,
0149,
0142,
0000,
0000,
0000,
0000,
0000,
0000,
0000,
0000,
000c,
0000,
00b9,
0131,
00e3,
0000,
0000,
0000,
0000,
006a,
0000,
0000,
0000,
0000,
00f4,
025a,
0064,
0108,
00ba,
0000,
00fc,
0000,
0000,
00a7,
0129,
0000,
0000,
0000,
0000,
0000,
0000,
0000,
0000,
0130,
0152,
002f,
0000,
0000,
0076,
0000,
0000,
0000,
0000,
0000,
0000,
0000,
0000,
0000,
0000,
0000,
0000,
0000,
0000,
0000,
0000,
04b4,
04fb,
02b6,
031c,
04cc,
04c5,
042b,
04c6,
039a,
04c7,
0475,
03f0,
0433,
03cc,
055b,
02dc,
0000,
0087,
0259,
02dd,
03d9,
03e4,
0320,
03fa,
0407,
0413,
0412,
047e,
0436,
002f,
0033,
0111,
0000,
01ad,
044b,
03df,
038c,
039e,
0356,
0343,
0337,
0332,
0386,
00ac,
0125,
01c2,
01c3,
0178,
02f5,
038d,
03b8,
0388,
03b6,
032b,
035a,
02cc,
01f8,
01d4,
020f,
0228,
02e3,
01f7,
023d,
039d,
03a0,
03d4,
0360,
03d3,
033b,
02c9,
0297,
0302,
02ca,
02a5,
033d,
030e,
0101,
029e,
0322,
0367,
0380,
0362,
036b,
03c5,
030a,
034b,
0360,
0341,
0312,
02f3,
022c,
0169,
0212,
03f5,
0403,
03e5,
03af,
03f9,
039c,
03f2,
0385,
032e,
0293,
029f,
02e8,
021a,
0181,
0361,
03fb,
03a7,
0355,
039b,
0341,
03ab,
03f5,
03b6,
0302,
02ec,
02f4,
02b5,
0158,
021f,
0332,
0321,
0343,
032b,
03cd,
03b9,
0412,
041e,
03c9,
039a,
02ed,
02eb,
021d,
00e0,
01d6,
019e,
014a,
0245,
035a,
03e1,
0365,
04b4,
03dc,
02c4,
01b5,
024c,
0274,
0208,
0223,
02c5,
025c,
0199,
0457,
0395,
0274,
03bc,
0431,
03be,
0337,
035d,
02ef,
022f,
030c,
0369,
02f8,
022c,
02dc,
0271,
01ae,
02db,
034f,
019c,
02e5,
02ef,
01be,
01db,
0221,
0262,
019c,
0194,
023d,
026a,
0205,
0265,
02ba,
022d,
0200,
0213,
0207,
018f,
0288,
0269,
025a,
029d,
0248,
01e4,
027c,
0385,
0155,
0379,
01b3,
00f1,
02b4,
021e,
0215,
010d,
0245,
04e4,
00bb,
0000,
0000,
00ff,
0239,
01ff,
0116,
0000,
0000,
01ac,
0000,
0000,
00b8,
0000,
0233,
011b,
01a0,
0281,
01a5,
0000,
0000,
00f1,
0000,
011a,
0034,
015a,
0136,
01a8,
00bb,
0000,
016e,
0275,
016e,
0261,
0121,
0053,
0000,
026c,
0013,
0000,
0030,
0000,
0000,
0172,
03a9,
0145,
0000,
0130,
01db,
0000,
0000,
010c,
004a,
0033,
0000,
0042,
0000,
0000,
0000,
0000,
0000,
003b,
0310,
00a3,
0000,
0004,
0156,
005e,
0000,
0000,
0000,
0000,
0000,
0000,
0000,
0000,
0109,
0265,
0000,
002a,
0000,
0000,
0000,
0000,
0000,
0000,
0000,
0000,
0000,
0000,
0000,
0000,
0336,
0000,
0000,
0000,
0000,
0000,
0202,
0045,
0000,
0000,
0000,
0000,
0000,
0000,
01ab,
0000,
0000,
0000,
0000,
0000,
0000,
0287,
02ba,
0081,
0000,
0000,
0000,
0020,
0000,
02bd,
01fc,
0000,
0034,
0094,
0000,
0000,
0000,
00e5,
0000,
0000,
0147,
00d9,
0000,
006b,
01fc,
0000,
00e4,
0140,
0000,
0068,
0000,
0000,
0000,
0000,
0000,
001e,
014d,
0000,
0000,
0025,
0075,
0361,
0000,
0000,
0000,
0000,
016d,
0140,
0131,
0000,
01a3,
0118,
018c,
012c,
00e5,
0298,
0000,
0000,
0000,
0000,
0000,
0000,
0000,
007b,
0000,
0000,
0000,
0000,
001c,
000d,
0376,
00c0,
0175,
0063,
01c5,
0165,
0375,
01ee,
00cc,
00e2,
0133,
0169,
0000,
0112,
02f0,
0213,
028d,
0170,
00a7,
0089,
02b9,
028e,
00fe,
01e2,
0075,
00c1,
013e,
0140,
02d1,
02ac,
0127,
0274,
0307,
01b5,
0041,
01ab,
0127,
01ac,
0290,
00be,
034c,
02bb,
0141,
0250,
0211,
02fc,
02d3,
03b8,
00aa,
00b9,
0083,
0046,
021e,
0363,
0398,
032d,
03c4,
0332,
04bf,
0364,
03b5,
04a8,
021a,
0171,
01c1,
0117,
0375,
0280,
0383,
03c3,
049b,
030f,
0375,
03c8,
0372,
03d1,
0337,
02f4,
02bb,
0399,
037a,
0309,
0383,
036b,
0376,
0331,
036b,
030d,
0235,
02f3,
0308,
0307,
02bb,
010c,
026a,
0299,
03c6,
038f,
0488,
03d9,
0413,
03c2,
038a,
03d5,
0364,
030e,
03a2,
01fb,
0341,
02de,
0232,
03d1,
047d,
04e1,
0461,
0418,
049d,
033c,
03b3,
0300,
049a,
0397,
034c,
0245,
030a,
0378,
043e,
04aa,
0363,
03c7,
04bc,
0378,
0287,
02fc,
0321,
0343,
0345,
02c2,
04d8,
038f,
04c8,
0444,
0429,
013b,
050b,
0544,
02eb,
0220,
0265,
010e,
02d1,
028d,
04db,
0503,
0276,
0206,
02c1,
0264,
0476,
0401,
0265,
03e4,
0220,
0382,
037a,
044c,
02fc,
052f,
02d9,
01b6,
03e2,
03d6,
03b6,
02f3,
035f,
037d,
0272,
043f,
0363,
0370,
041c,
03d9,
03dc,
0330,
025a,
01d2,
0274,
01be,
030d,
0362,
0299,
0397,
036c,
0321,
0274,
0333,
01b7,
025b,
02c3,
0335,
0323,
0450,
03ca,
02ce,
0479,
0313,
03a4,
03ed,
0444,
046d,
017c,
0335,
032b,
0390,
03ca,
030e,
035a,
0455,
0532,
043f,
03de,
0308,
039e,
039e,
032f,
03a3,
0284,
0172,
0365,
03e0,
0387,
0395,
03c1,
0339,
0342,
04b1,
0369,
03f7,
0324,
04e9,
0330,
017f,
0328,
0235,
0489,
0303,
03db,
0428,
0362,
0340,
02d9,
03d4,
0422,
0469,
03a4,
015b,
0020,
006c,
041c,
0393,
03ad,
047b,
0302,
02ee,
02fe,
03a7,
0306,
00f3,
0196,
00fd,
010d,
0000,
032c,
037b,
0251,
0230,
0219,
0222,
0226,
0258,
0276,
0089,
0099,
0097,
00b9,
00aa,
00aa,
0209,
02d7,
01e0,
01a2,
0101,
0155,
017c,
01ea,
0056,
0037,
0112,
01dd,
011d,
000c,
0083,
0291,
01ef,
00fa,
016e,
024e,
01d5,
02c9,
01f1,
01d3,
0040,
0000,
0088,
0086,
0089,
01d5,
026b,
023c,
0218,
01f5,
0184,
0285,
02d5,
0127,
012e,
00c2,
0056,
00df,
006d,
0089,
030c,
0360,
0301,
02b2,
0301,
021b,
01fb,
00ea,
01e1,
0120,
0135,
0165,
0159,
0105,
01c0,
01a9,
0150,
00b4,
034d,
02d2,
0330,
0285,
0206,
0187,
00e0,
01b3,
00db,
007a,
0171,
0160,
00cf,
00d2,
01d1,
01f5,
02aa,
0314,
02d4,
0341,
02b9,
0276,
00bf,
01f1,
018c,
0322,
0320,
0369,
03a9,
03a3,
0306,
034a,
03ec,
0361,
03b7,
042a,
040d,
03f8,
02e0,
0336,
03be,
03c5,
0453,
0293,
01e7,
00f8,
01a8,
018d,
026e,
029e,
0330,
0287,
021b,
01a0,
017c,
018f,
012a,
02aa,
01e1,
01c7,
01cd,
019d,
01ae,
02df,
021b,
027c,
014a,
0161,
013a,
0193,
0185,
021e,
0246,
01b1,
016e,
0217,
032e,
0278,
01f3,
0240,
0148,
0127,
010e,
0177,
01a6,
036f,
02f4,
0211,
0244,
0266,
019c,
0215,
01f1,
0181,
014d,
01f0,
010b,
019c,
0166,
01c8,
009d,
015b,
020b,
0206,
020e,
01a2,
01c2,
01e9,
01cf,
01ec,
0228,
0177,
0218,
02ee,
01de,
0147,
01ef,
020a,
01dc,
00f4,
00f2,
00de,
00ee,
0115,
01b1,
02d1,
0275,
02de,
0104,
0143,
019a,
019e,
0221,
0177,
00b0,
023d,
01aa,
0141,
0129,
01b0,
0220,
01b9,
0136,
0134,
0160,
018c,
01ee,
01f3,
01d9,
01d9,
01c2,
0195,
0213,
01da,
0200,
0188,
00ae,
0210,
0157,
015e,
01a5,
023c,
01aa,
027c,
01f4,
0180,
014f,
016d,
01e3,
02df,
01d9,
0225,
017b,
01de,
018f,
0197,
01a2,
0237,
012c,
00f3,
007c,
002c,
01da,
025b,
03c0,
04f8,
02e5,
023e,
014f,
0199,
0148,
0174,
018d,
012c,
0107,
00b4,
01a1,
0297,
03a1,
03f3,
02ad,
0157,
0170,
01a5,
016d,
01a1,
0248,
01bc,
00f3,
0153,
01f5,
021b,
0174,
0119,
0131,
014f,
0163,
0272,
01b5,
0144,
00ed,
0120,
007a,
0123,
014b,
0213,
015a,
00df,
0103,
0160,
01a0,
0153,
01a2,
00f0,
006c,
015e,
0128,
0157,
01e4,
027a,
013a,
00dd,
00b5,
0174,
01e0,
00d4,
0209,
0397,
027a,
0030,
00a4,
0000,
0000,
0309,
0182,
03e0,
00e2,
0060,
0000,
0000,
0139,
02a7,
022e,
00cb,
0000,
0086,
025c,
029f,
030c,
03e9,
0352,
04ef,
01fc,
0095,
017a,
01bd,
018d,
01f7,
0076,
01de,
00a9,
0048,
0227,
02d8,
0334,
0472,
03c5,
02ce,
0000,
0000,
0034,
015e,
0134,
0325,
010a,
007c,
0000,
02ea,
02b7,
0277,
01f4,
0116,
0207,
01fe,
01c0,
01f1,
007f,
0304,
0378,
0121,
014d,
0331,
0337,
0293,
035c,
02b5,
01e3,
02c4,
02ca,
02ff,
0191,
0306,
038d,
0000,
0093,
0232,
01ab,
01fe,
02cc,
035c,
017a,
026f,
0136,
012e,
01c9,
0361,
01e4,
0000,
0095,
018f,
025c,
02b1,
0385,
029f,
0246,
0277,
021d,
022c,
0120,
0245,
0121,
0000,
00db,
01e3,
0227,
0187,
00a1,
0214,
01e1,
028f,
0215,
041d,
02cc,
0305,
01cc,
01c7,
0135,
0334,
01a4,
00cf,
00e7,
0266,
030c,
027b,
0358,
044e,
0297,
0473,
0278,
0285,
016d,
03d6,
0088,
0234,
03de,
0288,
020a,
020a,
024b,
01f1,
01ac,
029e,
02df,
021a,
00e4,
00c9,
002c,
0282,
025e,
0102,
01c3,
01a8,
0291,
01db,
0171,
016e,
022b,
0135,
02a8,
03c5,
039b,
031f,
0116,
0104,
0085,
00bd,
01a2,
0145,
01da,
0310,
01ed,
01a2,
031e,
0387,
0411,
0338,
002a,
01c5,
0244,
0192,
0256,
032b,
030a,
0274,
022f,
0000,
0000,
0000,
0000,
0000,
0000,
0000,
0000,
0000,
0000,
0000,
0000,
0000,
0000,
0000,
0000,
0383,
0000,
0000,
0000,
0037,
0000,
0000,
0000,
0000,
005b,
00a1,
0031,
0000,
00fb,
020c,
013c,
02f2,
0000,
0000,
0000,
0000,
0000,
0000,
0000,
0000,
0000,
0000,
046d,
01d2,
0149,
00ab,
0000,
0000,
0000,
0000,
0000,
0000,
0003,
0000,
0000,
0000,
017a,
0023,
0062,
0036,
0045,
0000,
0000,
0000,
0000,
0000,
0000,
0000,
0000,
0048,
011f,
00e3,
004a,
0054,
0013,
0000,
0000,
0000,
0000,
0000,
0000,
0000,
0000,
006e,
010c,
0083,
009e,
0018,
0009,
006c,
0000,
0000,
0000,
0000,
0000,
0000,
0000,
00ec,
020c,
0060,
0032,
0000,
0011,
00cb,
01dc,
0000,
0000,
0000,
0000,
0000,
0000,
0000,
0000,
0000,
0000,
0058,
008e,
003b,
0110,
0000,
0000,
0000,
0000,
0000,
0000,
0000,
0000,
0000,
0000,
0094,
0085,
0000,
0038,
0164,
0000,
0000,
0000,
0000,
0000,
0000,
0000,
0011,
0000,
0000,
0000,
0000,
0000,
008f,
009f,
001e,
0069,
00c1,
0000,
0000,
0000,
00c3,
0000,
0000,
0030,
0000,
0061,
00bb,
0157,
0099,
012d,
014f,
0000,
0000,
0000,
0000,
0000,
0000,
0000,
0000,
01b5,
00a9,
000a,
0000,
0000,
0000,
0000,
0000,
0000,
0000,
0000,
0000,
0000,
0000,
0000,
0000,
0000,
0000,
0000,
0000,
0000,
0351,
02fa,
01bd,
00f4,
015a,
01be,
0177,
02de,
028c,
0196,
01b7,
0110,
01c3,
00fe,
037e,
0163,
0000,
0001,
0014,
00a8,
013d,
025a,
00ed,
0106,
01bd,
00d4,
0213,
0290,
014b,
0000,
0000,
00de,
001d,
007b,
01a3,
01b0,
01a9,
00ff,
00d6,
00df,
016a,
017d,
007f,
0000,
006d,
0000,
0111,
000e,
011e,
00d9,
01a1,
0085,
0165,
020c,
0282,
01e0,
0000,
00aa,
0113,
000f,
0148,
008c,
002e,
0104,
0157,
024a,
01f7,
01b6,
026a,
0241,
0000,
0136,
003d,
011e,
023e,
0268,
00d0,
00db,
01ca,
01fe,
0245,
01b8,
020d,
017b,
0000,
00e8,
0141,
0104,
01af,
0259,
02f1,
0050,
00da,
0178,
016f,
0168,
01f9,
012a,
0000,
000d,
00ea,
00df,
00e6,
011e,
01df,
020f,
0000,
012a,
01bc,
0172,
01a9,
010d,
0000,
0000,
00f6,
00b2,
0000,
0098,
016e,
0243,
00be,
0000,
0127,
011e,
017c,
012e,
0172,
0000,
0064,
0097,
0065,
008c,
0155,
01a5,
02d4,
0047,
0000,
0000,
0000,
00ac,
012f,
00db,
0000,
0105,
0004,
0000,
014c,
0171,
0219,
01ea,
0082,
02a4,
0103,
0000,
018f,
00e1,
0063,
0000,
0000,
0000,
006e,
006f,
0160,
00d5,
00c5,
00f2,
021b,
0000,
00ba,
0041,
002b,
0057,
0064,
0000,
0000,
0000,
0000,
0000,
0000,
0000,
0000,
0000,
00f4,
0069,
0108,
0091,
012e,
0076,
0000,
0011,
0000,
0001,
0091,
00cc,
0124,
007a,
033b,
0445,
035c,
0248,
01be,
00c4,
0080,
0365,
02cc,
00ec,
0239,
00e2,
01a6,
0364,
039d,
038d,
05d8,
0395,
0211,
014b,
00fc,
00ca,
00d1,
0170,
01e9,
016e,
01f4,
040b,
0080,
0442,
0542,
0479,
0572,
01bd,
0170,
0134,
0000,
00c5,
00de,
01f3,
0192,
0138,
00ed,
0503,
0449,
0472,
040d,
022f,
0163,
018a,
01f9,
017a,
01c3,
032d,
0467,
03a0,
02e6,
0490,
0447,
0497,
0416,
03d5,
0242,
01a8,
0108,
01f5,
01ba,
0131,
0150,
0000,
02cf,
049a,
0468,
0441,
041d,
03ba,
0363,
00b8,
0012,
001b,
0083,
000e,
0000,
0000,
013c,
04a3,
0498,
0470,
0431,
0430,
041b,
01a2,
0000,
0000,
0031,
0049,
0000,
0000,
02ba,
04bf,
03f9,
03e3,
039f,
0424,
0483,
03d7,
004d,
0000,
0000,
004c,
003c,
0000,
00f1,
035f,
03c1,
0412,
0486,
0443,
042a,
03d0,
0275,
0000,
0000,
0001,
0051,
0000,
0000,
0094,
0304,
033e,
0470,
0432,
0403,
03e4,
03f2,
0188,
00bd,
0167,
00f6,
0000,
0000,
0000,
0334,
033d,
031c,
0343,
03db,
03d8,
0401,
03bb,
0381,
0402,
046a,
005b,
0000,
0061,
0327,
0377,
0322,
0418,
03b7,
042e,
0439,
04df,
04f6,
04ef,
049e,
02b3,
0000,
0030,
0127,
00b1,
0094,
02dc,
02ea,
0464,
04b4,
03df,
03bc,
02d1,
0209,
013c,
0000,
0000,
0000,
0000,
0000,
0000,
0000,
0016,
0000,
0000,
0000,
0000,
0000,
0000,
0341,
0361,
049b,
035d,
02c7,
0387,
0265,
02cd,
03df,
02b8,
022e,
024b,
02fe,
02e9,
02f9,
043e,
0449,
043d,
04d6,
0277,
02d0,
037b,
0328,
01e4,
01ce,
01d6,
01b7,
0272,
02a8,
03b7,
0209,
0235,
0471,
0329,
02ae,
0216,
028f,
021a,
0141,
01bc,
0276,
02aa,
03aa,
0507,
036a,
02d1,
01ff,
0270,
0292,
024e,
0270,
0272,
01ef,
0135,
01f5,
02c5,
0432,
03aa,
034c,
021c,
01ec,
01a3,
02f1,
02f5,
02ae,
0270,
02f9,
01dc,
022b,
03f3,
02be,
01fd,
0171,
01fe,
0157,
0125,
02dd,
0334,
027a,
01e2,
022a,
01dc,
020b,
0309,
014f,
01d0,
0190,
024e,
0193,
00f4,
00e9,
02f8,
0384,
022a,
0210,
01fb,
01f2,
0310,
0291,
02f0,
0177,
01e0,
0195,
0192,
01cb,
01e1,
02e6,
02fb,
0269,
0285,
018f,
0283,
02ea,
0250,
01f1,
0216,
02a5,
02a0,
0223,
01d8,
021a,
0334,
02d3,
027a,
0245,
0368,
036f,
034a,
02b7,
023b,
031c,
026c,
01b1,
012e,
0154,
0228,
0147,
023a,
029b,
040f,
02b4,
031b,
0321,
0321,
0250,
026e,
01ae,
00c5,
00f2,
0193,
011c,
01b8,
0203,
0383,
02e9,
03de,
053a,
0317,
028f,
02fb,
02ee,
0236,
020a,
01f2,
0172,
01d6,
013a,
02f3,
0300,
032b,
02d0,
0207,
032a,
03d2,
044f,
0363,
0208,
021d,
0283,
01ee,
032f,
02fb,
0452,
0372,
029a,
02b2,
032b,
03cb,
0352,
0409,
0322,
0306,
02f6,
02f3,
0376,
04db,
0000,
0000,
0000,
0277,
0000,
00b9,
0033,
0000,
0000,
0000,
0000,
0000,
0001,
0079,
0000,
0000,
0000,
04d0,
0000,
0000,
0000,
0000,
0000,
01b8,
0000,
0000,
0000,
0000,
0000,
0000,
0000,
017e,
0000,
0000,
0000,
0000,
0000,
0000,
0000,
0084,
0000,
0000,
0000,
0000,
0000,
0000,
0000,
0378,
013c,
0000,
0000,
0072,
0000,
0000,
0000,
0000,
0000,
0014,
0000,
0000,
0000,
04b6,
0454,
0000,
0000,
0000,
0000,
0000,
0000,
0000,
007c,
00b3,
0000,
0000,
0000,
00e0,
05d4,
00d6,
0000,
0000,
0082,
0000,
0000,
0000,
0000,
0000,
0000,
0000,
0000,
0000,
00bd,
0705,
0414,
0000,
0000,
0033,
00cd,
0000,
0000,
0000,
0000,
0000,
0000,
0000,
0000,
02f9,
0717,
0132,
0000,
0089,
0000,
0009,
0637,
0387,
0000,
0000,
0000,
0000,
0000,
0143,
0674,
0302,
0000,
0000,
0000,
0000,
00ca,
045a,
0281,
009f,
00b0,
0000,
0000,
0017,
01c1,
02bc,
0000,
0000,
009d,
019a,
0000,
0000,
0000,
0062,
0127,
0000,
0000,
0000,
005d,
0000,
002d,
0000,
016b,
030e,
0049,
0000,
0000,
0000,
0081,
0000,
0000,
0000,
0000,
0000,
0000,
0067,
0037,
02d2,
0000,
0000,
0000,
0000,
0149,
0051,
0000,
0000,
0000,
0000,
0000,
0049,
0000,
00c4,
0000,
0000,
003d,
0122,
0000,
0000,
006e,
0042,
0000,
0000,
0000,
0000,
0000,
0110,
0000,
0000,
01a4,
0191,
03b1,
04d9,
06d4,
024a,
0248,
0416,
0487,
055e,
04d7,
01a3,
014e,
00a3,
0303,
018a,
0355,
041e,
0563,
0492,
03f6,
04c8,
047d,
03fe,
04d0,
02c1,
043d,
0034,
0000,
002c,
0277,
032f,
0453,
04ae,
04d8,
0511,
0657,
0604,
0599,
0531,
03d5,
0430,
0000,
0000,
0000,
0000,
03b7,
0384,
026d,
02ec,
04ec,
041a,
028c,
02ec,
01fc,
0346,
01f4,
0002,
000a,
0000,
01e7,
0285,
0326,
03f6,
049d,
0600,
04ab,
0642,
0113,
0000,
01ad,
0000,
009e,
0000,
0000,
03f8,
03bf,
041f,
03f3,
047c,
046e,
04eb,
05f0,
0000,
007a,
0000,
0000,
0000,
0000,
032c,
043c,
02b1,
033b,
0336,
02e2,
0431,
046d,
0120,
014a,
012a,
0062,
0000,
0000,
007d,
0498,
054b,
038f,
02f3,
045d,
04cf,
0588,
02cd,
012f,
0039,
0000,
0000,
0000,
0065,
01ad,
04e9,
0430,
053c,
04f9,
0353,
03e5,
05a7,
01ac,
00d4,
0010,
0039,
004a,
008f,
0000,
0366,
05b0,
0425,
0328,
0498,
03f6,
04be,
02d3,
0169,
018e,
01c3,
0010,
0000,
0045,
001a,
00f6,
0000,
0000,
0321,
0268,
028e,
02ed,
02a9,
023e,
00e4,
0000,
008f,
00f0,
0039,
0005,
006b,
000b,
0009,
03ed,
0350,
03eb,
0431,
0368,
026f,
0311,
0237,
0100,
01d7,
02e5,
0491,
0228,
0315,
0583,
057e,
048b,
0492,
04b4,
0529,
04f8,
0521,
0635,
05cd,
064c,
04a0,
05e2,
068f,
02ae,
0402,
0215,
0326,
0384,
0366,
0249,
0216,
0348,
0435,
0261,
025b,
048c,
023c,
028f,
0245,
0460,
03da,
03a3,
024e,
0251,
032b,
0379,
02dc,
037a,
02e3,
0203,
02af,
021e,
00e4,
02aa,
033e,
01cd,
00f6,
0367,
01b9,
039e,
0332,
0177,
02bb,
0348,
03f8,
01db,
0198,
01bc,
01e7,
0033,
0000,
027f,
0235,
034e,
01ed,
011b,
0098,
022f,
0462,
01d6,
02a7,
0261,
03f1,
0387,
014e,
01fb,
0436,
032f,
0306,
039a,
033e,
0229,
02e0,
0000,
0045,
0310,
058d,
04c4,
027f,
02d3,
04a2,
02f8,
02d5,
022c,
01e1,
0132,
0149,
00a5,
02c8,
03df,
05cf,
04d0,
0390,
028e,
02d3,
02ba,
023f,
031a,
0212,
0222,
029f,
020a,
03d7,
0522,
0623,
044d,
04d0,
03e4,
01d7,
00a9,
0362,
031b,
02cd,
0225,
01f4,
03f8,
05ab,
048c,
0496,
0470,
049e,
044c,
0352,
00a7,
0294,
0300,
03e1,
0372,
02c1,
0142,
0307,
04a9,
073b,
0566,
03c7,
02a4,
037d,
02bb,
0307,
02b4,
04fd,
04df,
027c,
017f,
0102,
040e,
0653,
0464,
0335,
03f2,
0377,
0330,
02b3,
02c2,
0364,
01eb,
006e,
0318,
01d2,
059e,
04dc,
0606,
057c,
05db,
0482,
03e9,
03ac,
057a,
039d,
025d,
0000,
0236,
0423,
0538,
02c6,
0363,
0610,
058b,
0748,
04ac,
0374,
03ea,
04bc,
04f5,
026b,
029c,
034e,
02c3,
012b,
027a,
03ba,
042d,
06d2,
04af,
0286,
035f,
0155,
01b8,
0358,
05e1,
05b3,
049a,
057d,
057d,
05ef,
0511,
04fc,
0502,
05e4,
05c2,
05bc,
04f0,
05ed,
05f5,
052b,
0000,
014a,
0565,
05e5,
0560,
0498,
056d,
0520,
0537,
05a5,
0544,
0576,
05e5,
022c,
0000,
0000,
0000,
03de,
057d,
04d8,
0582,
055b,
04a0,
0477,
051d,
0503,
05aa,
00df,
0000,
00b6,
0000,
0265,
04f8,
0576,
0599,
056a,
04b3,
0429,
03ce,
0407,
0426,
023a,
0229,
01ce,
00c0,
00ca,
042e,
052f,
04fd,
044d,
0446,
04da,
04b1,
04ab,
0332,
0267,
0205,
0177,
011a,
003a,
011e,
0481,
042d,
0436,
0414,
0433,
0448,
046d,
03a2,
01dc,
01db,
015c,
00f8,
00c6,
0000,
0113,
043f,
0488,
0497,
0432,
0431,
04c9,
03a7,
01c2,
025a,
01e3,
01c0,
0116,
00d5,
0000,
02bf,
044b,
0426,
0492,
03b6,
04b6,
0478,
03a1,
0327,
0295,
01fd,
0171,
016f,
002d,
0037,
03ee,
03d2,
03d2,
0378,
0469,
04dd,
04dd,
045f,
0392,
02af,
01a9,
0116,
007d,
0000,
014d,
02ac,
023c,
02e4,
0423,
04ee,
0538,
0383,
034d,
0359,
0232,
016d,
013a,
0070,
0034,
016a,
0049,
0100,
0387,
0582,
04d7,
03d2,
043c,
045e,
032f,
02e1,
01eb,
017d,
0143,
01f8,
0158,
0164,
031f,
053e,
042e,
03c0,
055a,
0545,
047d,
03e1,
028e,
022e,
0392,
0444,
0438,
0402,
0449,
0436,
03bb,
033b,
0393,
0411,
044d,
044c,
047a,
04a3,
042f,
04a6,
03f5,
044e,
0467,
0000,
0000,
0000,
0000,
0000,
0000,
0000,
0000,
0000,
0000,
0000,
0000,
0000,
0000,
0013,
0092,
0000,
0000,
0009,
0000,
0000,
0000,
0000,
0000,
0000,
0000,
0000,
0000,
005e,
01fe,
016f,
0111,
00af,
0000,
0000,
0000,
0000,
0000,
0000,
0000,
0000,
0000,
0000,
0000,
0210,
004b,
010f,
01a1,
0000,
0000,
0000,
0000,
0042,
00dd,
00ca,
0000,
0000,
010d,
02a3,
0000,
0000,
00be,
0000,
0000,
0000,
0000,
0000,
0000,
0000,
005c,
02b1,
0250,
0000,
0000,
0000,
0000,
01b0,
0035,
0000,
0000,
0028,
0000,
0000,
0000,
0000,
0000,
0000,
0000,
0000,
0000,
00f7,
0096,
0000,
0000,
0000,
0000,
0000,
0000,
0000,
0000,
0000,
0000,
0000,
0000,
0000,
0124,
0112,
0000,
0000,
0000,
0000,
0000,
0000,
0000,
0000,
0000,
0000,
0000,
0000,
004d,
01c7,
0000,
0000,
0000,
0000,
0000,
0000,
0000,
0000,
0000,
0000,
0000,
0000,
003a,
0016,
0000,
0000,
0000,
00b7,
0030,
003d,
0000,
0000,
0000,
0000,
0031,
0040,
0000,
0000,
0001,
0000,
0000,
0339,
045a,
0000,
0000,
0000,
0000,
0000,
0000,
0000,
0000,
0000,
0000,
0000,
0000,
0185,
047a,
0000,
0000,
0000,
0000,
0000,
0000,
0000,
0000,
0000,
0086,
0000,
0000,
00a1,
0148,
0000,
0000,
0101,
006c,
0000,
0000,
0000,
0000,
0000,
0000,
0000,
0000,
0000,
0000,
0379,
02dd,
0393,
0208,
0186,
012f,
015a,
0253,
0135,
01fd,
0165,
0141,
00e2,
018e,
03af,
0318,
0306,
0284,
01e0,
0152,
0154,
026c,
00f8,
018c,
01b3,
0116,
018a,
0286,
0202,
01be,
0172,
03ec,
02c6,
022b,
01ae,
01c9,
01ca,
01a3,
0272,
00d0,
020b,
015a,
0190,
0012,
020b,
020d,
023f,
0376,
0144,
020f,
011f,
014e,
022a,
0262,
0277,
01c5,
0267,
013f,
01a1,
0202,
03f8,
0501,
0244,
017e,
0128,
019e,
0227,
024f,
0316,
03d6,
024e,
0360,
02af,
0253,
02df,
0439,
0376,
030e,
03a8,
037e,
03cb,
02db,
0310,
031b,
0255,
0250,
02e5,
02dc,
02b0,
02e0,
045b,
0448,
0323,
0273,
02d2,
033f,
037a,
0296,
03e4,
03a0,
032d,
0319,
022c,
0207,
0337,
04a9,
03bc,
0305,
0378,
035d,
022c,
0316,
0349,
0336,
02f5,
02d2,
02b0,
0324,
03a1,
042a,
04cc,
033d,
02c3,
0348,
0373,
0354,
025f,
02e8,
02ed,
0255,
0391,
03e4,
034d,
0416,
0489,
0309,
0273,
026f,
02f8,
02fc,
0441,
02ff,
023f,
0185,
030b,
03b0,
02dd,
02a1,
0366,
028a,
02d1,
038a,
044d,
02c9,
01c6,
011f,
021c,
0304,
0370,
0331,
02fb,
037f,
033a,
0209,
0212,
0322,
0431,
0365,
02d4,
0246,
0305,
0288,
024c,
0287,
015b,
02c3,
0250,
0387,
023c,
026b,
0287,
02ad,
02de,
0276,
028f,
01e7,
01de,
024e,
0240,
0282,
0286,
02c8,
02a4,
01fb,
02e1,
0289,
0405,
02d8,
05fc,
014d,
0570,
0490,
0284,
0000,
0468,
0000,
0000,
0000,
00a5,
0000,
045f,
04fd,
057c,
0202,
0294,
0133,
048d,
06f0,
0416,
000e,
0000,
0000,
01f9,
0127,
028a,
041f,
0417,
0445,
0757,
0272,
02b8,
042b,
04c4,
02e7,
0083,
0102,
0364,
049f,
036e,
068d,
0721,
0588,
052c,
035d,
02ed,
034c,
03c5,
032f,
03f1,
02e2,
01a4,
055f,
023a,
0224,
0561,
01fc,
01ae,
01fd,
0213,
056e,
04a3,
03ac,
0577,
055c,
04b4,
0306,
0031,
0316,
029a,
01c0,
019f,
0205,
04db,
0368,
03db,
0333,
0485,
040b,
0449,
04cd,
0000,
021e,
017e,
0150,
00c0,
01c8,
036a,
04bb,
0376,
011b,
0295,
0282,
0489,
0459,
0446,
013f,
0330,
02a6,
0259,
0269,
0365,
03c1,
0440,
046d,
04e9,
0464,
036e,
0311,
04a2,
0083,
01e3,
0312,
052b,
0375,
030d,
026e,
05fa,
04f9,
06f5,
05af,
0643,
05e0,
068f,
03f6,
04a9,
03eb,
0387,
0103,
0000,
01b0,
0405,
02e2,
00d4,
0227,
044c,
0610,
0370,
0180,
039b,
0180,
01b1,
0499,
0323,
02a1,
01df,
0175,
01c0,
03cc,
0332,
045b,
030f,
00e3,
06fb,
0375,
0341,
03bb,
0367,
0228,
02a4,
03e4,
0081,
00b7,
039f,
0428,
0595,
05e9,
0723,
0460,
06c3,
0697,
0870,
05e8,
03c4,
05e7,
0434,
02ae,
0684,
0536,
06ce,
0888,
0621,
06a6,
044a,
054e,
08a3,
0595,
0518,
0458,
04e3,
07f0,
06d4,
06c5,
0289,
0285,
05b2,
03b2,
03b9,
03b9,
01af,
03da,
03e6,
03c8,
03e5,
02e0,
0344,
0352,
01b4,
030b,
01f3,
02d3,
04cd,
010a,
00b6,
0195,
011c,
01d3,
01a4,
0002,
010e,
0230,
00ed,
01dc,
03f0,
01cd,
01d6,
001c,
0179,
0197,
0192,
013c,
003f,
0315,
01e2,
01ae,
0304,
0428,
0411,
021c,
024f,
0109,
01e4,
028b,
016d,
01cb,
012f,
0058,
0001,
0289,
0398,
01a8,
02d8,
01e8,
0193,
004c,
020c,
02b9,
023b,
02da,
0191,
01b0,
0092,
00af,
00e7,
0015,
0179,
0219,
01b7,
0124,
00f6,
014d,
0055,
0048,
00d3,
0000,
002c,
013c,
023f,
00dc,
017f,
024f,
023b,
01b5,
00e6,
00fc,
011e,
00ef,
00c5,
0068,
00e0,
013a,
018d,
01a4,
01ef,
0240,
0302,
0171,
0117,
0053,
0065,
0150,
00e0,
000b,
017e,
00d2,
01f5,
0243,
021d,
0270,
01e3,
0180,
013a,
0100,
009d,
00d5,
01d7,
01e1,
0188,
0077,
0083,
009e,
021b,
0259,
0200,
0241,
019c,
015a,
0055,
01c8,
0322,
0295,
027a,
0232,
0186,
0060,
0066,
0114,
0145,
0227,
0125,
0101,
013c,
0114,
014f,
00e1,
006b,
00ac,
01db,
0286,
01e1,
0301,
0343,
0347,
0210,
01bf,
0155,
01ed,
0216,
0219,
01d7,
0146,
0000,
015d,
01db,
0191,
0221,
03b7,
0320,
02d1,
02f7,
02a2,
02aa,
02cb,
02da,
030e,
00e1,
01ec,
0137,
0226,
018a,
00c0,
0105,
01c4,
00f4,
0000,
00d3,
00dc,
00e1,
0071,
0000,
0000,
0000,
0000,
00c9,
009c,
0106,
0000,
0000,
0056,
0000,
00bd,
0000,
0000,
0000,
0000,
0000,
0000,
0000,
0000,
0163,
0000,
0000,
0000,
0000,
000f,
0003,
0000,
0000,
0000,
0030,
0000,
0000,
0000,
0000,
0000,
00c9,
005d,
0000,
0000,
0034,
0000,
0000,
0000,
005c,
0000,
0000,
0000,
0000,
010e,
00f2,
0053,
00e3,
000d,
0000,
0011,
0000,
0043,
0018,
012f,
009a,
0000,
0000,
0036,
006c,
0000,
0000,
013a,
0000,
0000,
0170,
0227,
0127,
01e7,
0104,
008c,
0000,
0000,
0000,
0000,
0000,
006a,
006a,
0000,
01b0,
01ee,
0103,
0108,
014b,
011d,
0057,
0000,
0000,
0000,
00f0,
0000,
0000,
0010,
01a4,
0216,
015d,
00eb,
00c7,
00eb,
010b,
0019,
0000,
0000,
0062,
0067,
0000,
0000,
0000,
0183,
017f,
0119,
014e,
01c8,
0066,
00d7,
0000,
0000,
0000,
0000,
0000,
0000,
0125,
0014,
0002,
00f4,
0227,
00f6,
0000,
0000,
009b,
0000,
0000,
0000,
0000,
0000,
0000,
0000,
0000,
007c,
00e3,
0000,
0000,
0066,
0110,
0042,
00b8,
018f,
0145,
0000,
00e2,
0000,
0000,
018e,
0000,
00d0,
01fc,
0156,
00d0,
01b9,
0272,
02bf,
0244,
014e,
0000,
0000,
0000,
0000,
0000,
0000,
0046,
016d,
019c,
011e,
0147,
0028,
00cb,
0112,
0000,
0000,
0000,
0000,
0000,
0000,
0000,
0000,
0000,
0000,
0000,
0024,
0000,
0000,
0330,
03c5,
0105,
0127,
0251,
0218,
0032,
01ad,
02ca,
02e7,
01a4,
0128,
029b,
0228,
02ce,
035f,
0205,
01c5,
01fe,
0045,
00e9,
029e,
0184,
022a,
028a,
014d,
0124,
0274,
0292,
01e3,
042a,
0375,
015d,
0000,
014a,
0106,
014a,
0140,
017e,
010a,
0194,
0290,
012b,
0116,
04a4,
038d,
0292,
02d9,
01ce,
01a0,
019e,
01b5,
00ec,
0000,
00d5,
021f,
01fe,
01be,
028d,
0306,
027c,
02dd,
023d,
0295,
01a6,
0295,
021b,
0178,
0129,
00ba,
0200,
02e5,
0255,
028b,
023a,
02ec,
02da,
0249,
0170,
0101,
01a7,
014d,
00c1,
00c1,
00b6,
027b,
01bd,
0251,
029b,
020e,
02cc,
01a4,
0000,
00ed,
018c,
0168,
00f2,
007f,
01cd,
0220,
0178,
01a3,
01f8,
02b5,
0230,
0279,
0085,
012a,
0118,
0104,
00ec,
0000,
00de,
0166,
00ec,
0221,
01f7,
01fd,
0163,
02d8,
0217,
0080,
01a0,
01f9,
01aa,
018a,
00c7,
0140,
01df,
01bf,
0133,
0149,
0150,
01ee,
02bb,
0305,
0233,
0393,
0346,
01e5,
0089,
0023,
0045,
033b,
00d6,
00cc,
01b1,
0105,
01b2,
026a,
00e7,
039b,
03e7,
02d7,
0182,
014b,
017a,
0339,
022f,
02b5,
0290,
01ad,
021b,
0164,
0164,
01ed,
02f0,
0342,
006b,
020b,
0244,
022e,
0245,
01c6,
00d2,
02bf,
020e,
01d2,
0154,
00dd,
01f9,
0192,
00e6,
0154,
01e3,
0168,
008c,
012a,
01d2,
022e,
0152,
01d5,
0197,
01ae,
00e5,
0240,
01ec,
004b,
02c3,
0181,
01f5,
0231,
0252,
0282,
026d,
007a,
0000,
0114,
0016,
0000,
01cd,
0219,
036b,
029a,
02b5,
0223,
0261,
02a4,
02db,
012e,
00f3,
015a,
0197,
00b7,
01ec,
01e8,
01d2,
0223,
026a,
02be,
018e,
0189,
0229,
01b9,
0161,
0121,
0225,
01fd,
0241,
02f1,
0221,
01f6,
020b,
0206,
0152,
0103,
010b,
00d4,
019c,
01ed,
01be,
01c5,
029a,
01da,
0347,
01b1,
0275,
023b,
0118,
0240,
0319,
01c4,
0268,
01cd,
0280,
03d5,
0161,
019e,
020f,
01cb,
01b2,
0234,
00c4,
018c,
0262,
026a,
022d,
0251,
0288,
0333,
022e,
018f,
01cf,
018b,
014c,
01df,
01d3,
026e,
02e1,
012b,
0194,
01ce,
0295,
02ae,
0155,
00cc,
00e3,
00ef,
0141,
0235,
027f,
0301,
0260,
0214,
0248,
01fc,
0231,
026e,
0104,
0000,
0126,
0104,
026d,
0168,
01d0,
01ea,
02bc,
0269,
032f,
020d,
028e,
0306,
027b,
0090,
007f,
0063,
0191,
01d6,
0247,
01ab,
027a,
0241,
027f,
0235,
01ea,
0371,
0257,
028e,
027b,
0181,
0157,
02f8,
02c4,
019e,
01bc,
019f,
0176,
01b8,
01e4,
0325,
0202,
023a,
02f7,
00fd,
007f,
0101,
002d,
0148,
01ba,
0225,
009d,
004c,
0083,
02be,
02ae,
0245,
020b,
0202,
01c9,
0161,
0291,
0180,
00e1,
014f,
017a,
0066,
0172,
0174,
033e,
0299,
01a8,
024e,
02c8,
0239,
01b0,
0183,
014e,
0224,
0229,
02d8,
02b6,
02f2,
0293,
0256,
00cc,
0000,
00f3,
0000,
0068,
048e,
0186,
02b9,
029f,
0205,
007d,
0000,
0253,
031f,
02c7,
0000,
0132,
0023,
013b,
0026,
0061,
001a,
00e2,
0078,
0003,
0237,
00d0,
00f6,
00c4,
0000,
006f,
00af,
0284,
0138,
0141,
0000,
00e0,
0000,
0016,
0002,
0399,
01ca,
0006,
0000,
01ac,
0000,
0116,
01d8,
011a,
0000,
024c,
00bb,
0055,
003a,
0378,
0000,
0000,
0191,
03d4,
0000,
0000,
01ca,
0024,
00a0,
015e,
011a,
0002,
0000,
02a8,
0224,
0316,
0329,
03b6,
01d3,
0000,
0000,
0088,
0007,
0000,
00da,
0349,
0362,
03bb,
0226,
0336,
044c,
041d,
02c5,
009f,
0000,
0000,
0209,
01a1,
0228,
0192,
03e2,
026a,
03b8,
0297,
02b1,
03a3,
03ea,
0384,
0110,
0000,
010f,
0217,
01b1,
0271,
030a,
0000,
0000,
0337,
037b,
046d,
03bd,
0361,
021e,
0000,
0000,
01b2,
01a8,
0253,
0272,
01ad,
0000,
0000,
0000,
0201,
0445,
0322,
025d,
0140,
0000,
005d,
0114,
0000,
0142,
02f1,
02c6,
0301,
018a,
00ae,
0136,
0000,
0000,
00cc,
012b,
0000,
00c2,
0000,
0000,
01d3,
02c6,
02fc,
039a,
012c,
0368,
01e4,
0123,
0188,
02aa,
0134,
0052,
00cf,
0000,
0169,
0069,
0071,
0196,
0000,
0000,
00b4,
0171,
0009,
0039,
0000,
0000,
0000,
0000,
011a,
00e7,
0007,
00b7,
0191,
0000,
0000,
0000,
0000,
007b,
011e,
018a,
0029,
0000,
02d0,
02c3,
0363,
01b1,
018f,
02b9,
0138,
0226,
025f,
01f4,
01df,
0174,
01ab,
0277,
022e,
0301,
0301,
0108,
02ee,
0188,
009e,
01da,
01e4,
0104,
01be,
018b,
01ea,
02e3,
01d6,
0311,
0321,
0296,
0435,
0148,
00a3,
00b9,
01e0,
019c,
01a1,
01cb,
02f6,
0273,
00d6,
01e3,
02c5,
0188,
024f,
01a3,
0171,
018e,
0238,
017c,
0198,
0215,
02f1,
0342,
035a,
0252,
03e6,
0212,
00f9,
00e6,
020d,
02c1,
021b,
02a7,
0228,
013d,
032a,
03db,
0286,
0262,
02b2,
01b1,
014e,
0160,
019e,
029a,
035a,
02f8,
0285,
0146,
00de,
00fe,
0144,
026d,
01e5,
01c9,
01a9,
010c,
01a2,
018d,
013c,
0133,
017d,
00e7,
015c,
009c,
01fb,
01f2,
01d0,
0263,
02ad,
018c,
0084,
00d5,
0133,
00db,
0107,
00d2,
00fb,
0054,
0063,
0282,
0209,
0266,
01c1,
00ff,
0101,
00f4,
00d7,
00ed,
01c5,
0178,
010f,
0135,
003b,
00e2,
01ea,
0264,
0136,
0176,
014f,
016b,
00c6,
017f,
021c,
02fb,
0348,
01b1,
00d3,
0056,
004c,
0143,
01e2,
03dc,
02ca,
01e9,
0198,
0137,
01cf,
02a8,
0305,
02a0,
0115,
0173,
0176,
0201,
028d,
0289,
0279,
01a1,
0174,
0159,
01eb,
01ef,
01f2,
01f5,
0084,
0205,
0345,
0327,
01cc,
0353,
025b,
016b,
02a1,
03ae,
0371,
02f5,
0356,
0378,
017b,
019b,
0206,
017f,
0189,
021e,
01fc,
02be,
02fe,
034f,
0286,
01fa,
0210,
0208,
0268,
01c8,
03fe,
02ab,
021c,
0199,
0290,
0445,
031b,
0269,
02ca,
0255,
0154,
00f8,
00f9,
033e,
053e,
023d,
02ac,
0271,
02ce,
0206,
01f0,
012a,
016f,
017e,
014e,
01f4,
0168,
041d,
030a,
01c4,
047c,
02c6,
0200,
0184,
01dc,
015d,
012b,
024a,
01e8,
01dd,
032f,
0484,
0100,
0177,
02cf,
0138,
0227,
0243,
0232,
0145,
0264,
02b0,
0136,
0277,
05b2,
02ec,
0200,
02ae,
024f,
0117,
02a3,
02ec,
0206,
01dd,
02ea,
01b9,
0188,
01c0,
03a0,
01b6,
02cb,
02a5,
0269,
0164,
015d,
024d,
01a1,
0121,
006a,
0155,
01ee,
029b,
048e,
02c1,
0273,
0310,
02e2,
01de,
0128,
0175,
01e5,
013b,
013e,
0198,
01c0,
0333,
0434,
0295,
02d6,
0286,
03b8,
0351,
0218,
0103,
01cd,
020b,
0190,
014b,
024b,
0277,
017e,
01d8,
02cc,
02fc,
043f,
02e3,
0220,
00ff,
014e,
0210,
0140,
0182,
01f1,
01e7,
01e0,
01ed,
026a,
01fd,
024e,
0247,
0146,
010e,
0116,
00d0,
0264,
0356,
01ac,
0204,
0206,
0232,
046a,
0240,
0304,
02d3,
015b,
00a1,
0064,
00f1,
022d,
0204,
0159,
01c4,
01a8,
02ce,
0453,
0294,
037e,
0411,
01e4,
00ed,
0123,
02e6,
01ae,
00a0,
006e,
00a6,
01c7,
0220,
02f4,
020b,
01cb,
0279,
038d,
02d6,
0114,
017c,
00bf,
00a9,
0106,
0054,
0180,
0290,
0143,
01ac,
01f5,
0151,
0129,
01d3,
01d3,
0248,
022f,
01f0,
0104,
010b,
0000,
0000,
00c3,
01ac,
0014,
0000,
0099,
0000,
0000,
0000,
0079,
0119,
00b2,
0000,
0000,
01c6,
029f,
036f,
024f,
0121,
02b1,
0265,
0071,
030c,
02a3,
03a1,
034e,
00c8,
0000,
024f,
02e7,
036e,
0346,
01d2,
0091,
01a0,
0000,
015d,
027a,
0369,
01a9,
015d,
0000,
028c,
036a,
042b,
02a5,
0423,
0212,
0163,
0109,
01c5,
0210,
01d9,
00ba,
01bf,
0052,
0342,
021c,
01e1,
0140,
045a,
03dc,
027c,
02d5,
02cb,
0284,
0175,
0159,
0000,
007d,
018b,
0207,
00cd,
0156,
0214,
057c,
0266,
00b3,
0152,
004a,
01cf,
0141,
0109,
026b,
0351,
0197,
0109,
01a9,
01e8,
01eb,
048c,
01c0,
0136,
0034,
013c,
00db,
0008,
02db,
024e,
01fc,
024b,
02bc,
0232,
00f2,
030d,
0426,
00f5,
00a4,
00fd,
0231,
0000,
01a6,
032c,
01b2,
0216,
01f4,
01f3,
007a,
025c,
036e,
0210,
0000,
0177,
013c,
0095,
0000,
02d2,
01bf,
01bd,
0099,
0112,
01d9,
025e,
027b,
03f4,
02a4,
0318,
02cd,
00ba,
0020,
0119,
0341,
0212,
03da,
03d2,
036d,
02e6,
01c8,
036e,
03f2,
0342,
01ac,
00d3,
0000,
018d,
02f8,
02d5,
0263,
01d7,
0291,
01a9,
0105,
01ef,
0166,
027b,
021f,
0122,
0000,
023e,
0371,
0117,
00dc,
02fc,
01f6,
02a2,
0331,
031e,
0204,
0375,
013d,
01aa,
0000,
012f,
0238,
0126,
000f,
004a,
00ca,
0035,
01ae,
01c9,
0000,
0000,
0000,
0000,
01e4,
032e,
032a,
0535,
0350,
01f2,
033c,
0448,
04a7,
0280,
0367,
036a,
03b4,
0333,
01ff,
0276,
0526,
042a,
021f,
0452,
0391,
03a5,
0482,
03b1,
04e2,
048c,
02e6,
02dd,
00b2,
02c2,
034f,
0278,
04a5,
045e,
0402,
0402,
02df,
02ed,
0240,
03ad,
00a9,
01c6,
017e,
042f,
0139,
01c2,
03c5,
01b1,
038b,
040e,
03ac,
03a6,
025a,
0289,
006d,
0236,
02d8,
021e,
0000,
015d,
01b0,
00d6,
0265,
033b,
0422,
02c2,
00ff,
013a,
011b,
00b1,
016a,
01b9,
0256,
0322,
01a5,
01bc,
0210,
00af,
0177,
00a2,
007b,
012b,
023e,
0185,
029d,
0185,
02d0,
02dc,
03c5,
0389,
0287,
0181,
0172,
0293,
01a4,
020d,
0182,
01df,
0247,
0173,
0332,
0216,
02d9,
0391,
034e,
0197,
01ba,
01b4,
0109,
0142,
02a8,
01b0,
0131,
0089,
02d4,
01a2,
023f,
0233,
0217,
00cc,
01d3,
019d,
01b9,
014b,
0152,
00c9,
00aa,
0038,
014b,
01d9,
00fd,
0255,
028a,
00db,
0264,
0193,
050a,
0399,
00f0,
0044,
0058,
0063,
02f5,
02c6,
028c,
00d3,
00f9,
0210,
01c4,
0246,
041f,
0277,
003c,
0000,
0124,
0210,
027d,
0261,
033e,
02af,
0098,
01b3,
0288,
0356,
03e9,
0183,
0101,
0000,
0165,
0232,
0276,
0251,
0215,
016f,
0226,
018c,
0162,
0083,
0173,
0228,
0085,
001d,
006b,
021d,
0177,
0347,
02b8,
01a0,
0199,
01c2,
02b0,
01f1,
0292,
02b4,
0317,
0151,
020e,
02b7,
03a2,
03e7,
02b8,
0113,
01f6,
017f,
0131,
0280,
0236,
0222,
024e,
041b,
01db,
01be,
04cc,
0358,
03eb,
034a,
0177,
00d9,
00f7,
01e7,
01da,
020c,
01b8,
0377,
020d,
024b,
0387,
042e,
03cf,
01b3,
01ed,
0155,
01e5,
0264,
028b,
02c1,
02ad,
01f5,
0182,
01e2,
0202,
0392,
0204,
01b6,
01ed,
021e,
035a,
0330,
024c,
0330,
02db,
031a,
01bc,
03c6,
01ac,
0308,
027e,
012d,
0300,
035f,
0333,
02a3,
020d,
0295,
0309,
0289,
01a1,
0289,
0341,
033b,
028f,
01af,
0219,
0477,
0427,
03de,
0376,
029d,
01d1,
0296,
01a0,
0318,
0368,
02fa,
0329,
0265,
0305,
030e,
0235,
033f,
039b,
0311,
01d2,
0379,
0306,
0498,
0306,
03d1,
0338,
030e,
028b,
0185,
020e,
031d,
0325,
0258,
01ca,
02d1,
03ab,
04c5,
02da,
03a9,
036f,
034e,
0299,
0200,
00af,
0322,
02ae,
0285,
02b1,
027a,
01d4,
0351,
0434,
042d,
02ed,
02c8,
02d7,
02b0,
00de,
02d2,
0368,
0373,
0396,
0207,
01e8,
00e5,
02aa,
0126,
023d,
0263,
0162,
025e,
0200,
0237,
03ac,
02ef,
01d1,
0017,
0253,
00fb,
0449,
01ec,
03b1,
0338,
0333,
02dd,
028a,
0266,
034d,
030c,
01be,
0044,
0291,
02b4,
035e,
037e,
038c,
037e,
033f,
0303,
0339,
035d,
037b,
03cb,
02ab,
0269,
0325,
0441,
0404,
0372,
03e3,
03cb,
03e4,
040e,
04ea,
047c,
039f,
0384,
035d,
02d7,
0275,
022a,
0000,
00b5,
02a2,
0285,
0000,
025d,
017a,
02a1,
022c,
0009,
0035,
0137,
0274,
0076,
023d,
0000,
00a4,
019d,
0118,
006d,
0031,
00e3,
00c7,
009a,
0000,
0090,
0080,
024c,
05ea,
0407,
0262,
0000,
00f6,
0124,
00b5,
00dc,
0056,
0048,
004c,
0000,
0031,
031e,
0540,
03f5,
02a1,
0032,
0000,
01b6,
0106,
01ca,
010a,
0106,
00eb,
00d7,
0000,
008e,
032f,
0472,
02ea,
0120,
0000,
0180,
0000,
00e4,
00a5,
0175,
0003,
0000,
03f9,
041d,
0378,
0363,
02f0,
03c5,
0000,
0000,
00cf,
00bb,
012e,
0119,
00e1,
006b,
02b1,
041d,
0314,
0444,
0364,
03ec,
02ad,
0000,
0000,
0127,
017b,
0172,
0167,
00bb,
02e8,
0568,
031f,
03af,
0378,
03ca,
032c,
01df,
0000,
01ad,
019c,
00e2,
016c,
0142,
0209,
031a,
04e8,
0472,
04d0,
03d8,
040b,
031b,
0000,
0000,
0178,
00fe,
019d,
009a,
00c6,
000a,
0324,
0372,
051b,
04d7,
02e6,
0389,
0297,
0000,
0038,
00f0,
0059,
0000,
02ad,
00b4,
01b3,
02dc,
0370,
0458,
02d6,
0381,
03d4,
0287,
01ba,
0308,
043d,
01f8,
0207,
0019,
0117,
03d5,
04fb,
0635,
046d,
057d,
0486,
03fe,
0580,
04ec,
0486,
052e,
0065,
0154,
0173,
0249,
02ca,
037b,
0440,
061d,
02c7,
0296,
03a3,
0292,
0346,
00db,
0000,
0099,
009b,
00c5,
00e1,
0072,
00ae,
00fe,
0000,
0000,
0000,
0000,
0000,
0000,
022b,
0224,
0319,
0397,
0302,
014d,
03de,
03b8,
025e,
0397,
0331,
032a,
02ee,
0264,
0243,
024f,
04cd,
04df,
0257,
01c5,
0345,
0384,
02ac,
0363,
0396,
0316,
01a6,
024c,
0201,
00ba,
0000,
0105,
01b0,
034c,
0390,
02d2,
01cd,
021b,
01cb,
0255,
0000,
01c6,
02e5,
03ef,
00b7,
00dc,
0185,
0192,
0284,
029c,
0259,
01c1,
0125,
00fa,
0000,
0141,
036e,
028a,
0000,
012f,
039a,
0333,
0205,
02c8,
0365,
0205,
0094,
0186,
0067,
009f,
00af,
00e8,
0213,
038c,
03aa,
02bd,
01a0,
0140,
0094,
0080,
0000,
012a,
0246,
033c,
0376,
0183,
02cf,
03fc,
03c3,
0321,
0172,
02f1,
0222,
020b,
020a,
01ba,
0186,
0368,
03f9,
0358,
0352,
0353,
0319,
0408,
0443,
035e,
0203,
02c0,
01f3,
01f5,
026d,
0347,
047c,
01db,
03a5,
02e0,
0441,
042a,
03b1,
02bd,
02fe,
02bb,
0170,
0211,
0250,
0256,
031c,
0244,
0280,
03be,
0381,
03da,
033a,
022e,
0327,
02f1,
03b9,
03a5,
0155,
00e8,
0303,
0288,
05d0,
0511,
034d,
0174,
00f5,
00d1,
018c,
027a,
02e3,
01b1,
0000,
0000,
030d,
0267,
05d8,
04b2,
048b,
0430,
0296,
031c,
02af,
0364,
03ca,
0285,
007b,
0000,
02d1,
01e1,
02bd,
01af,
0269,
01fe,
02f0,
0477,
0174,
007e,
00e7,
0218,
001c,
0020,
0216,
0198,
0097,
01c8,
02e5,
02d0,
026f,
0259,
01e1,
00d6,
021c,
0185,
018d,
032f,
0114,
00f9,
03a3,
01f1,
0084,
00cd,
0144,
007c,
00b5,
0000,
0062,
0127,
0153,
0099,
0175,
025b,
06b9,
0624,
022e,
0183,
0087,
0044,
015d,
00d6,
0156,
0166,
0170,
0000,
0000,
0545,
087a,
0927,
060a,
02bd,
008f,
00b9,
00e4,
013a,
00b1,
00d8,
004f,
0000,
0000,
03cb,
077a,
0610,
074d,
04bf,
00c0,
00e8,
00c6,
00a4,
00d9,
003c,
0037,
0037,
045a,
05b7,
0441,
0635,
0703,
08c6,
02ac,
0099,
0183,
0117,
006d,
008d,
0000,
0000,
0487,
060c,
05c5,
070e,
06b9,
086b,
0771,
0283,
0075,
0094,
00aa,
00d9,
0071,
0000,
04b7,
05c4,
057f,
0677,
070d,
073f,
09c9,
0837,
015e,
00c6,
0101,
00ff,
0083,
0000,
04e6,
059b,
05dd,
05ee,
058f,
0663,
0774,
0981,
054c,
0068,
00b6,
0165,
0142,
0071,
021b,
04cc,
04e9,
04aa,
0526,
068a,
06c4,
08cb,
092d,
022d,
00a8,
0131,
00e2,
0021,
0000,
0112,
0437,
050a,
05bb,
0633,
06b4,
0777,
0980,
077f,
0512,
06a4,
0520,
0212,
0000,
0027,
0453,
0428,
0531,
05be,
0670,
0708,
0879,
083f,
079d,
081d,
0887,
0414,
0000,
004a,
0330,
0385,
0266,
0450,
05b5,
067a,
06c0,
0713,
06b3,
0706,
0844,
05d2,
003d,
006c,
0151,
0002,
0000,
02e7,
02cd,
050e,
06a9,
06a5,
04ce,
03ac,
0523,
05c9,
006b,
0040,
0000,
0000,
0000,
008a,
0062,
019a,
01a1,
0069,
0000,
0073,
0069,
0000,
04af,
0364,
013a,
00cd,
01ae,
0000,
0000,
0000,
031e,
0233,
03ac,
0012,
01aa,
0355,
0358,
0000,
0000,
0000,
0000,
007f,
0180,
0088,
0000,
00c9,
0155,
0080,
0157,
0115,
0000,
0000,
0000,
0000,
0000,
0000,
018b,
008e,
0000,
0000,
0000,
0000,
0000,
0000,
0000,
0000,
0000,
0000,
0000,
0000,
00db,
00a6,
0000,
004f,
0000,
0000,
0000,
0000,
0000,
0000,
0000,
0000,
0000,
0000,
0000,
0000,
0000,
0000,
0000,
0000,
0000,
0000,
0000,
0000,
0000,
0000,
0000,
0000,
0000,
0000,
0000,
0000,
0000,
0000,
0000,
0000,
0000,
0000,
0000,
0000,
0000,
0000,
0000,
0000,
0000,
0000,
0000,
0000,
0000,
0000,
0000,
0000,
0000,
0000,
0000,
0000,
0000,
0000,
0000,
0000,
0000,
0000,
0000,
0000,
0000,
0000,
0000,
0000,
0000,
0000,
0000,
0000,
0000,
0000,
0000,
0000,
0000,
0000,
0000,
0000,
0000,
0000,
0000,
0000,
0000,
0000,
0000,
0000,
0000,
0000,
0000,
0000,
0000,
0000,
0000,
0000,
0000,
0000,
0000,
0000,
0000,
0000,
0000,
0000,
0000,
0000,
0000,
0000,
0000,
0000,
0000,
0000,
0000,
0000,
0000,
0000,
0000,
0000,
0000,
0000,
0000,
0000,
0000,
0000,
0000,
0000,
0000,
0000,
0000,
0000,
0000,
0000,
0000,
0000,
0000,
0000,
0000,
0000,
0000,
0000,
0000,
0000,
0000,
0000,
0000,
0000,
0000,
0000,
01bd,
0227,
029b,
0255,
020b,
0200,
01de,
0377,
0290,
0182,
0245,
0176,
0189,
02b8,
01ba,
0275,
028e,
02bb,
01e6,
018c,
0212,
020b,
0182,
0214,
0196,
0154,
01c1,
02b6,
0176,
031a,
02c4,
0221,
0389,
0236,
0186,
022a,
013f,
0148,
0158,
021e,
0242,
0279,
01f1,
038b,
02f9,
0233,
0382,
02a2,
0221,
01b5,
024d,
0213,
0264,
02f9,
0327,
039a,
02e7,
035f,
03db,
029e,
0275,
022b,
02c6,
0231,
01f4,
0298,
0283,
01e1,
022b,
016d,
02f0,
02a2,
028d,
027f,
02c9,
0231,
029b,
01ea,
0148,
0192,
0195,
0147,
00d0,
014c,
01c8,
02f4,
0267,
022a,
0258,
02b3,
01b6,
0161,
0141,
00d0,
00b5,
00e1,
00d9,
0116,
01f9,
0232,
01b8,
0244,
0301,
02a6,
01e4,
0177,
016f,
0080,
0092,
00cd,
0169,
00e3,
019d,
029e,
02cb,
0294,
0295,
0210,
0238,
018d,
0211,
00cc,
00b4,
006f,
00cc,
00df,
0124,
0216,
02c7,
02e9,
0242,
01f5,
01ff,
01d6,
0185,
0162,
0114,
00f1,
00b2,
0134,
006e,
0139,
02b3,
0369,
0266,
028d,
02cf,
0237,
01c9,
0208,
01f0,
0239,
01e1,
01c1,
0151,
026d,
0285,
027b,
027e,
024c,
0260,
024a,
01cc,
022f,
0269,
0272,
0195,
023d,
0070,
00da,
0165,
010e,
0197,
0212,
0324,
023d,
024d,
01e7,
0276,
0225,
0183,
01b6,
0046,
00fd,
00c7,
00d5,
0140,
00d2,
0140,
0144,
0098,
00b0,
00ac,
00f5,
006f,
00f5,
0542,
0292,
01dc,
006d,
01f4,
0095,
00fc,
023e,
019d,
0212,
02aa,
0084,
00bf,
0249,
04fc,
0221,
018d,
012e,
0166,
0290,
01c1,
0169,
0043,
01a7,
016d,
00ec,
0114,
02a9,
0301,
01ff,
012e,
0299,
01c7,
0278,
021f,
01b4,
021a,
01d2,
02a0,
014f,
037c,
02c5,
0333,
00ba,
0244,
01cf,
01c6,
02a6,
01d5,
0256,
02e8,
016d,
0183,
0492,
03c8,
0232,
0222,
0210,
02c7,
021a,
04b5,
0420,
019b,
01ec,
01fc,
01c2,
0311,
03e0,
03a7,
03c6,
010f,
027d,
02b4,
03e5,
04d8,
04b6,
0102,
0213,
0443,
0559,
04f3,
032a,
032c,
02ad,
016f,
019a,
0386,
038a,
02b8,
0393,
04e0,
016f,
02f1,
0379,
03de,
033e,
0517,
03a6,
0146,
01d9,
0387,
03c4,
0342,
02db,
03ad,
03a7,
01c0,
034b,
04ce,
0334,
02d6,
04e5,
03d0,
01ef,
031d,
0341,
0403,
02bc,
04d1,
0368,
03a2,
0237,
031b,
0288,
044b,
03b6,
0463,
023a,
02a8,
0412,
0476,
0399,
0345,
0445,
03fa,
01a5,
0108,
00dc,
011f,
0177,
069d,
03c9,
0368,
0072,
0200,
0364,
0280,
021f,
031e,
014d,
028a,
0234,
034a,
0124,
03a7,
0216,
01af,
00fb,
0390,
02c5,
0187,
0345,
027e,
01a4,
02a2,
02bb,
0312,
01b7,
0405,
029a,
0392,
03f9,
046a,
02cf,
007d,
0259,
01a0,
034c,
00e3,
016a,
01c9,
0141,
01b7,
014b,
024d,
0123,
0350,
03a9,
02d8,
02fa,
016f,
0285,
0390,
02c9,
02c0,
01ef,
003b,
0000,
0252,
00fa,
0000,
0000,
0089,
0058,
00b5,
00d0,
008d,
008f,
0072,
0091,
0045,
01d9,
05e7,
04a5,
01b9,
00aa,
0038,
00ad,
009c,
00d1,
00f5,
0000,
0068,
0088,
00d3,
04c0,
0540,
05da,
061c,
02fd,
0097,
00cd,
00d4,
00ac,
01a7,
0165,
014e,
00b7,
015c,
03ea,
04bb,
03a2,
0480,
04a0,
017b,
010b,
004f,
00d5,
0102,
016c,
0174,
0156,
02d4,
02b7,
025d,
03a3,
0400,
053d,
02a1,
00c2,
0106,
0109,
0116,
0112,
01d4,
025e,
02fc,
02b9,
030e,
0399,
03b3,
0495,
050c,
029d,
0200,
01d7,
01b3,
01bf,
0214,
01ec,
028e,
02b0,
02b9,
0349,
03bb,
03fa,
0533,
0570,
02d3,
01a1,
0187,
01bb,
01f4,
019b,
02b1,
02f8,
02ca,
0334,
0397,
03f4,
0438,
0547,
0446,
0219,
0172,
017b,
0200,
01af,
026b,
0268,
0261,
02b3,
0323,
03d1,
03e6,
04a9,
05b9,
02f3,
01da,
025f,
0221,
01dc,
016f,
0223,
028d,
021c,
027e,
032d,
0418,
0457,
0537,
0531,
03c6,
045c,
0403,
0259,
0224,
01c1,
02bd,
0180,
023c,
0399,
047d,
0406,
0468,
0505,
040c,
0428,
0447,
0375,
0071,
0150,
02c8,
01de,
01e3,
02e5,
0330,
0331,
0396,
0405,
030e,
036f,
03c9,
0371,
018c,
0236,
02ec,
0191,
0186,
02e8,
01d0,
02e3,
039b,
0351,
029a,
02cb,
037d,
03ad,
0235,
025d,
02cc,
0245,
01f8,
0211,
0252,
0262,
0238,
0279,
01db,
0207,
0225,
022a,
0000,
0000,
00a6,
0000,
0000,
003f,
008d,
013c,
0000,
0000,
0000,
0000,
0000,
0000,
0085,
0080,
036f,
014c,
0000,
0000,
00b5,
0062,
0004,
0000,
0000,
0000,
0023,
009d,
0075,
0185,
01a6,
0329,
02be,
013b,
008b,
009b,
00de,
007f,
0134,
0076,
0113,
00c9,
015d,
00bc,
008a,
02b0,
0373,
0243,
0000,
002d,
00f5,
005d,
016d,
0221,
0253,
00b1,
013b,
0125,
0068,
0377,
047e,
03c1,
0055,
009c,
005f,
009e,
018a,
016d,
01cf,
0134,
016b,
03dd,
03ef,
03c6,
0439,
0410,
02b9,
013e,
0186,
017b,
01a4,
01a4,
01da,
01ed,
0109,
03bb,
03df,
03bc,
03ca,
03ae,
044a,
0321,
00b9,
0122,
0137,
01d6,
01cd,
01c1,
01dd,
034b,
032d,
02f7,
02e5,
03c5,
0437,
04a4,
027b,
010e,
01b1,
023f,
01cd,
0139,
0106,
016c,
0250,
0332,
036b,
0365,
03b5,
044c,
0435,
0191,
00d6,
01a8,
0177,
01b5,
0150,
013a,
02b1,
0200,
02bd,
02ed,
03a4,
043b,
0490,
02d1,
00b7,
0250,
0149,
00da,
00cd,
0189,
0387,
02c4,
0272,
0244,
0309,
0321,
0393,
03c5,
036a,
0434,
03d1,
01aa,
00d4,
00f1,
031c,
019d,
00a0,
01e9,
0230,
02e0,
0380,
0366,
029f,
02b6,
0355,
025b,
0142,
0131,
0020,
0000,
0000,
0000,
00ee,
027c,
026b,
011a,
0037,
0000,
0000,
0074,
0135,
00cb,
0081,
0051,
0010,
007e,
0099,
0015,
0000,
000c,
00dd,
00ca,
008f,
00ad,
0178,
0338,
01ac,
02a2,
02e5,
0114,
0220,
0133,
028e,
012d,
025d,
02d1,
0342,
037e,
007e,
009f,
0000,
0000,
00cf,
0247,
01c6,
006b,
0164,
01eb,
0188,
01f8,
01e6,
02bc,
0148,
00ae,
01cf,
0000,
0000,
0061,
02f1,
01ff,
01e8,
023b,
02df,
030c,
0289,
0317,
03cc,
0000,
0000,
0100,
01ae,
00e0,
0292,
0224,
023d,
02dc,
0244,
035e,
03be,
02bd,
00ca,
0000,
00b6,
014f,
02d1,
0121,
01d3,
0126,
006d,
01a2,
028c,
02fd,
01e8,
009c,
024f,
0151,
02ac,
033b,
0353,
0210,
029f,
032c,
024a,
031d,
0397,
033c,
0295,
01db,
026a,
0399,
0454,
0390,
0327,
02fe,
0321,
025e,
0249,
03f9,
03ac,
03e7,
03fe,
037c,
009c,
0282,
03b3,
0354,
0318,
0378,
0301,
02e1,
012c,
03c1,
0404,
0403,
03e2,
03c6,
008d,
023c,
01b0,
0374,
025b,
0328,
02bb,
031d,
02b9,
025c,
0355,
032c,
03f5,
035e,
0311,
0231,
00f6,
01a4,
025d,
01d0,
026f,
0349,
0278,
00c3,
00bf,
0174,
0402,
028a,
0305,
0273,
0000,
0099,
00cd,
0222,
031c,
039f,
0303,
0212,
0162,
0142,
0210,
0162,
0256,
028d,
0000,
0000,
00c9,
00ca,
0110,
01f2,
01ce,
0213,
0181,
0144,
01ec,
0000,
036f,
0310,
008b,
004f,
01b3,
0000,
0000,
0000,
0149,
003f,
0000,
0006,
0000,
0041,
020f,
03d6,
044c,
0360,
02b6,
015a,
021c,
0003,
0093,
00df,
0196,
031d,
027c,
012c,
0083,
016a,
003b,
01ae,
0117,
0148,
010e,
0115,
0067,
030f,
01f5,
0190,
01c1,
01a8,
0188,
01dd,
016e,
0268,
01e6,
01b2,
01a9,
0073,
00ba,
019e,
01e7,
01c6,
00f9,
0131,
01ea,
02c3,
0217,
02ba,
0196,
024f,
01cf,
01dc,
0208,
01e3,
0179,
00ef,
0137,
0150,
01b3,
0105,
027b,
01f3,
01d3,
02de,
0184,
029e,
0182,
01a0,
0177,
0000,
00ae,
01ab,
0249,
0155,
0119,
0353,
0334,
0331,
0243,
01ac,
0103,
00ef,
0134,
01d3,
0107,
01aa,
03b8,
0340,
025d,
03b5,
02e5,
0361,
022d,
02cf,
020a,
01d2,
0208,
025b,
0266,
02a1,
0390,
030e,
026d,
0330,
0393,
03aa,
01e9,
01cf,
021b,
02b9,
02c1,
029e,
019f,
033a,
0364,
034b,
0277,
0313,
02de,
02da,
02eb,
01d8,
01e0,
028f,
01ae,
0222,
0207,
0244,
02db,
03e2,
03de,
0399,
02f0,
03a1,
035c,
02d4,
015c,
029b,
0222,
0241,
019b,
02c5,
0182,
03e4,
0449,
0433,
0247,
0336,
02cd,
025d,
01f2,
0239,
02ad,
0268,
0283,
02b2,
0136,
0385,
03fb,
053a,
03a5,
0290,
02e8,
0292,
02f8,
0368,
0234,
0278,
0250,
03a8,
01a9,
030a,
02d8,
049f,
0383,
03e0,
04f8,
037d,
0371,
02d6,
03e9,
035f,
027a,
0324,
010b,
01ae,
023d,
029c,
01ef,
037d,
03d1,
035b,
02a8,
02ab,
0390,
037c,
0308,
035d,
0151,
0202,
0196,
01ad,
0263,
01bc,
0239,
0306,
027f,
022f,
022a,
011a,
0128,
02d8,
02f9,
0394,
056c,
047d,
03c5,
038e,
054a,
03f0,
0573,
0258,
0441,
046a,
04d5,
040e,
0348,
0278,
0000,
034b,
0247,
02ec,
02c4,
0452,
0489,
03bd,
0492,
02f7,
03ed,
04d1,
032a,
0000,
0000,
0000,
0000,
03ea,
0335,
044b,
02a1,
02fb,
02d9,
02e7,
024e,
032f,
0300,
0235,
0000,
0000,
0000,
0034,
031d,
0284,
033f,
0253,
025b,
025c,
01e8,
02a7,
01de,
01c9,
0119,
0000,
0000,
0000,
02f7,
0178,
0158,
023f,
020c,
013c,
00d8,
01fb,
0000,
0000,
0000,
0000,
0000,
0000,
00da,
0277,
007a,
008e,
00e2,
006e,
006a,
01c4,
0000,
0000,
0000,
0000,
0000,
0000,
0000,
0000,
0237,
0000,
001c,
004c,
0009,
00df,
0000,
0000,
0000,
0000,
0000,
0000,
0000,
0000,
01be,
010c,
0098,
0130,
013b,
01c2,
00cb,
0000,
0000,
0000,
0000,
0000,
0000,
0000,
0000,
020a,
00bb,
015e,
0149,
0101,
0263,
024f,
0000,
0000,
0000,
0000,
0000,
0000,
0000,
0000,
0000,
0000,
0000,
0156,
018f,
033d,
0016,
0000,
0000,
0000,
0000,
0000,
0000,
0000,
0000,
0000,
0000,
0000,
0301,
036e,
000b,
0000,
0000,
0000,
0000,
0000,
0000,
0000,
0000,
0000,
0000,
0000,
028e,
0132,
00c5,
00a6,
0165,
0000,
0000,
0000,
0000,
0000,
0000,
0000,
0000,
0000,
0379,
0273,
026a,
024e,
0383,
01da,
01d0,
0000,
0302,
0257,
0217,
01e2,
0297,
02e6,
01ee,
0177,
00e7,
00d5,
0056,
0148,
00f5,
02ba,
0215,
0269,
0358,
0240,
0131,
01f4,
029b,
0281,
0017,
001d,
005b,
01f4,
01cb,
0060,
0135,
0183,
01d1,
010f,
0285,
0264,
0280,
0326,
000c,
0000,
0088,
0319,
01a5,
0246,
016d,
0113,
0228,
01e1,
01ed,
00f6,
030e,
027a,
00e5,
0000,
0232,
02d0,
0264,
02b3,
01d0,
0199,
0367,
0237,
020d,
00fe,
030c,
00b0,
0125,
01df,
00d0,
0181,
0260,
0088,
001a,
0172,
0156,
0144,
0170,
00f7,
0480,
0249,
0127,
0000,
0024,
00fc,
0036,
0000,
0091,
00a9,
00b3,
0171,
01ee,
017b,
03a3,
00e5,
0000,
0000,
001e,
007b,
0000,
0000,
0196,
0106,
009c,
012d,
00b1,
005d,
029c,
0017,
0000,
0000,
0088,
0000,
0000,
002a,
0236,
0051,
001a,
0068,
0132,
0133,
0000,
0000,
00c9,
0000,
0021,
0029,
0096,
00b0,
013c,
010b,
0043,
006c,
0046,
0035,
0111,
00e0,
0083,
0000,
0016,
0117,
0120,
00cd,
0048,
0052,
00ee,
0000,
0000,
01b4,
013a,
0289,
0159,
007d,
00cc,
0000,
00aa,
00e2,
00fe,
0102,
0074,
0093,
012d,
0373,
0099,
022c,
00a3,
0218,
0000,
0000,
00e9,
000b,
00a6,
0061,
0000,
00b9,
01bd,
0436,
00a5,
0000,
0000,
014e,
0000,
0000,
0000,
0000,
00ac,
00da,
0145,
006c,
0114,
01a1,
006f,
0000,
0000,
0031,
0000,
0000,
0000,
0000,
0000,
00d7,
003d,
009c,
0094,
0000,
01db,
00ac,
001b,
018b,
00b0,
0094,
00be,
0185,
00f7,
008d,
0000,
008b,
0073,
00c0,
0102,
0000,
00c5,
0000,
00ec,
01d9,
026a,
00b4,
015b,
0045,
00fb,
0162,
00d9,
00a0,
00cd,
0000,
0000,
003a,
0000,
008f,
016e,
001f,
01da,
0149,
0101,
01f5,
01c5,
00cf,
0196,
0000,
0000,
0104,
0000,
001b,
0056,
0173,
00c6,
01cb,
014d,
01d5,
01c6,
01c0,
0000,
0000,
0000,
0220,
0278,
0013,
0000,
0226,
02d6,
014e,
018b,
023c,
02f2,
0315,
0000,
01f0,
0288,
02bb,
027e,
0202,
0000,
0128,
02e8,
02cb,
0289,
02ff,
045d,
0303,
021f,
02c6,
0353,
02b3,
02c5,
0347,
02e9,
01cd,
02f3,
03d1,
0397,
0304,
0358,
034f,
0146,
024e,
02b3,
0213,
034c,
0439,
03a6,
020c,
00fb,
02a9,
02c5,
0299,
02a1,
01fc,
0255,
01fb,
02ba,
02b8,
0380,
0309,
0326,
0281,
0065,
0273,
0347,
0277,
027c,
02de,
0218,
00b6,
01e3,
01b2,
023a,
02ae,
0366,
02d3,
0215,
027b,
02fc,
02b2,
023c,
01d3,
0283,
014c,
0198,
00a3,
01e3,
0341,
036a,
0355,
0324,
031b,
036d,
02a7,
01de,
016e,
01b7,
01a7,
0284,
00fe,
01e9,
0208,
00e3,
01f6,
0312,
0328,
02f9,
0164,
013b,
0141,
0264,
0280,
01a9,
0203,
024d,
024e,
0277,
01bd,
023c,
0160,
00f0,
00c4,
0168,
00d7,
0365,
02a1,
02a9,
0295,
0204,
0259,
02a2,
0262,
00d2,
0221,
0220,
02ea,
0308,
0239,
0159,
03ba,
0000,
00f7,
0000,
0000,
0000,
0000,
0000,
0079,
0000,
0000,
009a,
0140,
0008,
007f,
0047,
0182,
0044,
0000,
0000,
0000,
0000,
0000,
0000,
0000,
0000,
0000,
0000,
0290,
02b1,
013b,
0000,
002d,
0022,
0000,
0000,
0000,
0000,
0000,
0000,
0000,
0000,
0000,
0261,
01d2,
0143,
012b,
0000,
00a5,
0037,
0018,
0000,
0000,
0000,
0000,
002f,
0000,
0000,
0242,
0275,
0258,
00f8,
0000,
0000,
0000,
0000,
0000,
0000,
0000,
007b,
0072,
004e,
0150,
01c8,
023b,
01ea,
0000,
0000,
0000,
0000,
0000,
0000,
0000,
0000,
00a7,
0151,
0283,
024e,
01e8,
0124,
0000,
0060,
0195,
0109,
00bc,
0004,
0000,
0000,
0168,
0110,
012d,
008a,
01ba,
0242,
014f,
0000,
0000,
0000,
00dc,
0000,
0000,
0000,
0000,
0138,
00f7,
0213,
0408,
0349,
025b,
0000,
0000,
0000,
0009,
0000,
0000,
0000,
0000,
0185,
0102,
0271,
0393,
041c,
038c,
017d,
0000,
0000,
0000,
0000,
0000,
0000,
0000,
007c,
0361,
008d,
001e,
02bf,
02cd,
02a3,
029e,
010d,
0162,
017e,
0000,
00a6,
0000,
0000,
0128,
001c,
0265,
04b6,
023f,
0234,
015a,
01c9,
0126,
0200,
0030,
0000,
007a,
0000,
0000,
0000,
0081,
0000,
010b,
0109,
0000,
0000,
0000,
0000,
0000,
0000,
0000,
0000,
0000,
0000,
0000,
0000,
0000,
0000,
0000,
0000,
0000,
0000,
0000,
02dd,
0428,
020a,
0389,
0474,
0479,
02e0,
031e,
03ea,
0386,
0452,
03f8,
0497,
049a,
041a,
031d,
0035,
001c,
0315,
045b,
03e1,
02f5,
0412,
0443,
03d7,
04e0,
0426,
03c4,
0331,
0287,
0000,
0000,
0096,
0246,
0462,
0435,
03dd,
03c2,
0307,
0355,
0314,
0356,
02c7,
0343,
0070,
001d,
0000,
0000,
03fb,
03e6,
0488,
040f,
0368,
025a,
02df,
0345,
0216,
01c8,
01f2,
0129,
0000,
0000,
0228,
0397,
0364,
035c,
02ae,
0347,
0259,
01fb,
0286,
013a,
0240,
0152,
008d,
0000,
0000,
01cc,
01f3,
01f9,
0203,
0222,
0183,
01ad,
02e4,
0196,
01ba,
0118,
0074,
0094,
0000,
0000,
0167,
026d,
0202,
01ee,
0180,
01ec,
02b6,
01a0,
0210,
01e2,
0132,
00e4,
0033,
0000,
0000,
01ee,
0193,
0215,
01e6,
0268,
0268,
02c7,
031e,
01d3,
0205,
00fc,
0128,
0000,
0000,
00f4,
01ff,
01ad,
014d,
01fa,
018f,
02b1,
0308,
03a5,
0271,
01e4,
00e0,
002c,
0000,
0000,
0191,
00d7,
00b0,
017b,
0118,
022d,
021d,
03c5,
0371,
0274,
0124,
0147,
006a,
0000,
00c6,
0000,
003c,
01b8,
026d,
01e0,
0116,
03e6,
0442,
032e,
02c4,
0272,
0192,
0188,
02b5,
0155,
00c1,
01a2,
0209,
01f0,
0204,
036b,
0301,
038c,
0403,
0266,
01e1,
0303,
0468,
0412,
034a,
02d8,
002c,
0182,
00f7,
0188,
01e3,
01b2,
026f,
02e1,
0346,
01e0,
024a,
017b,
01d3,
0193,
026c,
01b9,
025f,
020f,
045b,
05b3,
0540,
03b7,
03b8,
0341,
0509,
043a,
0538,
0342,
03c9,
03e2,
0424,
0219,
0408,
04c0,
071a,
079f,
040c,
05b5,
045b,
0540,
05b0,
0433,
0430,
0269,
0376,
0354,
053c,
03f5,
05a1,
0667,
0524,
03a4,
052b,
04f9,
05c4,
071c,
054e,
064a,
055c,
02e2,
04ce,
02ef,
065d,
0427,
0656,
04e5,
0615,
05f0,
0355,
0530,
02bb,
061e,
05ae,
02a1,
02da,
025a,
02d1,
05aa,
0761,
077f,
06e3,
07be,
0630,
0519,
0488,
048c,
0430,
03bd,
04f4,
02d6,
0185,
0387,
0354,
045a,
03bc,
0433,
02db,
0312,
0550,
03bb,
02d7,
0205,
02ac,
02ea,
0438,
029e,
01b9,
039b,
020c,
01ee,
0339,
0335,
0367,
02b9,
0324,
03ae,
048e,
042b,
01eb,
02a7,
036b,
02da,
02c8,
01d3,
03ad,
03f7,
0463,
03c6,
02b6,
02d5,
02ba,
010c,
022a,
020b,
05d9,
020b,
024b,
024d,
0330,
02d8,
03af,
033f,
038c,
0583,
02f9,
0191,
01f9,
0258,
02a4,
03d3,
030e,
03bf,
02b3,
03c5,
0315,
0200,
0430,
029f,
0225,
0329,
0277,
0171,
015f,
0231,
0368,
031f,
025e,
0319,
0318,
0346,
05ef,
04af,
0482,
02d8,
00c8,
015a,
01b2,
01d3,
0178,
01f3,
02c8,
0322,
02f1,
021b,
0404,
035b,
04a4,
0473,
037d,
041c,
04b9,
058d,
031b,
03e0,
046b,
0585,
01b3,
0253,
02e9,
035a,
0240,
057a,
04f0,
0612,
0402,
0317,
0447,
0492,
04fc,
052c,
0000,
005a,
003e,
0287,
0282,
0121,
03c9,
0221,
02d1,
02e9,
020c,
0310,
022e,
016b,
0000,
02b0,
0112,
025c,
035b,
04bb,
04b1,
0488,
03e0,
03c1,
03a7,
02f3,
0272,
03df,
0493,
017c,
0000,
007b,
015a,
047e,
03a5,
03f9,
04de,
04e5,
0553,
0534,
0498,
0592,
03e8,
016c,
0000,
00ae,
00de,
021b,
045a,
0452,
0448,
04e3,
04dc,
0574,
0363,
048b,
022e,
029a,
016a,
0216,
0127,
0060,
03cc,
041a,
03b9,
03b4,
04f7,
0574,
0580,
0489,
0000,
0128,
01f0,
00b3,
0132,
004b,
0206,
0613,
05fc,
0558,
04b6,
0568,
0564,
0578,
0193,
00db,
0150,
0054,
0084,
0073,
0000,
01e0,
0497,
041c,
052f,
04f0,
047a,
05ba,
01b2,
0000,
0067,
0051,
0120,
00c4,
00ca,
0007,
03b2,
05d2,
04c8,
04a3,
0518,
0528,
04f5,
0193,
0045,
0133,
0194,
00b2,
003e,
006d,
0173,
05d5,
0551,
0620,
0629,
05ca,
054d,
0652,
0264,
0136,
0000,
0000,
0077,
007e,
0093,
0261,
03df,
0259,
0293,
0504,
0455,
04ec,
02bf,
0262,
0024,
0000,
00c6,
00ff,
0008,
0151,
0156,
0124,
0000,
03a7,
0475,
04a5,
0380,
0277,
0171,
00dd,
00b2,
0000,
00ff,
004a,
0000,
0000,
0000,
0021,
05b1,
0617,
05b7,
05c4,
05e7,
02f4,
02fe,
0124,
011d,
017c,
0270,
0352,
0247,
026e,
05ab,
0709,
07e6,
071a,
06b4,
061a,
0763,
05cb,
06ba,
07b5,
0785,
076b,
0605,
06f3,
0264,
0426,
0000,
01f7,
014a,
0246,
010d,
01da,
0123,
036e,
034f,
02d4,
04b0,
0320,
043a,
0256,
033e,
02a9,
012c,
01eb,
0264,
0138,
0188,
03c1,
03e3,
03a7,
036d,
025f,
0221,
02cd,
02c9,
03a8,
0388,
0269,
0326,
02e4,
02f8,
02a2,
02e1,
02ae,
025b,
0286,
0189,
0194,
0381,
01fa,
0388,
034b,
0287,
03c3,
02da,
0260,
02af,
00d5,
0225,
01e5,
02a0,
0342,
0197,
03f2,
03bc,
03e5,
029f,
01f3,
014d,
0260,
028f,
02ab,
0212,
01c9,
0515,
0421,
036a,
0449,
03b6,
042f,
036d,
0282,
01a8,
01e3,
0270,
0232,
01b7,
006d,
049a,
037f,
0346,
03a5,
0486,
0462,
03b4,
0213,
00b2,
0296,
0229,
0257,
0154,
00e9,
0490,
0327,
0384,
031d,
02cf,
033c,
0327,
02af,
0211,
0163,
00b2,
0197,
0172,
0105,
023a,
0460,
047b,
02dc,
01ff,
0351,
03d5,
03aa,
031a,
01ad,
012c,
01e8,
00fb,
00ca,
0000,
030f,
0552,
048a,
0262,
0389,
03d3,
0322,
0331,
032f,
04e0,
03e1,
0304,
01e7,
0000,
0139,
0417,
0682,
0417,
022e,
03af,
030b,
03eb,
03c2,
03c9,
0441,
048d,
0397,
0007,
0128,
01f3,
054b,
03e0,
041c,
04d7,
035d,
0475,
02b6,
0443,
03db,
0479,
034a,
0000,
00cd,
0135,
013d,
0049,
0304,
01c1,
035f,
039c,
02f9,
0349,
0342,
02af,
02c8,
0000,
0002,
0000,
0000,
0000,
0000,
00ba,
0222,
00f8,
0000,
019b,
0000,
00c4,
00c0,
0252,
0389,
02cc,
03f0,
0408,
01de,
0258,
0369,
03e5,
0460,
042f,
0405,
03f6,
047e,
0171,
0399,
02ae,
0265,
03e7,
033b,
03a6,
03a3,
037e,
0474,
0389,
034d,
02b1,
045c,
03d9,
0467,
03ba,
016d,
03dc,
03d9,
0488,
03b7,
031f,
033d,
0470,
0432,
03d2,
0403,
0569,
0467,
0345,
0298,
02a7,
039b,
05a1,
042b,
040c,
0489,
040b,
03b8,
035c,
03b2,
034f,
017a,
01d3,
01ed,
02a5,
01f1,
04aa,
041a,
0369,
03da,
0380,
0387,
030f,
0196,
02ab,
0131,
027c,
024d,
029d,
00e8,
01f4,
0287,
030c,
034c,
02dc,
035b,
035c,
039e,
02c8,
022e,
0278,
0230,
0269,
01e1,
00a7,
018e,
03b9,
03e7,
033e,
03f6,
0307,
03c8,
0283,
02b7,
0203,
0279,
0320,
0311,
0219,
0130,
01e9,
037b,
0342,
0369,
03fb,
03bf,
02d0,
020d,
018f,
02aa,
0316,
02e9,
01da,
0130,
017e,
02bb,
0341,
039d,
03f8,
03ee,
0473,
03cd,
01ca,
01ef,
0201,
01db,
01fa,
01d2,
00f6,
01ea,
02a5,
01ce,
0257,
0315,
037a,
035a,
022e,
0248,
013d,
01f5,
0228,
019c,
00b4,
0204,
0183,
00e7,
006e,
0215,
03a4,
0415,
022d,
02d7,
030d,
0322,
0283,
01d9,
015e,
01d9,
0149,
0160,
0083,
0150,
0414,
0446,
038f,
03d3,
03e6,
02ac,
0244,
02b3,
0254,
01a7,
0191,
02a2,
0154,
0174,
032e,
04da,
052e,
04d2,
0486,
03ef,
043d,
02f2,
0390,
04b9,
0415,
04cf,
0370,
03fd,
03c3,
04e0,
04df,
0307,
03b0,
029c,
01d8,
040e,
0467,
02f0,
03bf,
028c,
02f7,
04fa,
0586,
05ae,
0678,
03a2,
039e,
029d,
022e,
0282,
0323,
034f,
0385,
02c5,
03a9,
063c,
033e,
063d,
043c,
02e8,
0592,
03d1,
0373,
0350,
01e1,
027f,
02f1,
0350,
039e,
02ee,
0400,
0686,
039f,
034f,
0365,
038a,
03d2,
02df,
0346,
02ff,
0340,
03f1,
058e,
04bb,
0553,
03be,
045c,
03e3,
0396,
039c,
0414,
0364,
0221,
034a,
02c5,
02a5,
0262,
0102,
0517,
03c2,
04ac,
03b0,
0305,
0279,
033d,
01d0,
0121,
0177,
01ec,
018a,
0110,
015a,
0374,
03cf,
0432,
03db,
02d3,
02bc,
01dc,
01c6,
01a7,
00d8,
011b,
017c,
00e8,
00f1,
03ee,
0451,
03a4,
03b8,
02fd,
031e,
02ee,
0274,
0173,
00fe,
0100,
0180,
016d,
0154,
0254,
0360,
03d0,
03e7,
041b,
0367,
0349,
0240,
022d,
01ae,
01b2,
01ab,
01d8,
013f,
0104,
02f9,
0314,
0370,
03f6,
037f,
02ff,
02a3,
0217,
017e,
01c1,
01e8,
02ba,
01b3,
00a0,
029d,
0375,
03bb,
03bf,
0415,
035a,
02a8,
0271,
01fd,
0238,
01ee,
037b,
0328,
00eb,
024c,
034d,
0445,
0485,
049f,
03dd,
03fa,
0318,
041e,
03dd,
03ac,
02c2,
03fb,
016f,
01b3,
0294,
02d5,
02ba,
03d4,
03b9,
0455,
040e,
03d1,
04d3,
03ef,
02b5,
02d0,
005d,
01e1,
007f,
00da,
0139,
0058,
01fe,
01b8,
01e5,
01ae,
014e,
016f,
003d,
0051,
0000,
0000,
0000,
0000,
0000,
0000,
008f,
0000,
0000,
0000,
0000,
00c0,
0000,
0000,
0000,
0000,
0000,
00df,
0000,
0000,
015e,
003d,
00cc,
0109,
00bc,
0148,
001f,
0000,
0000,
00e0,
010c,
0000,
0000,
0229,
008c,
0123,
0032,
009f,
01b7,
0077,
0000,
0000,
0048,
00cf,
0199,
0070,
01d1,
02bc,
00e8,
00de,
0000,
0038,
00bc,
0000,
0000,
0000,
0000,
0000,
0000,
0000,
00d9,
027b,
0125,
0000,
0000,
0000,
0000,
0020,
0000,
0000,
0313,
0150,
00fe,
007e,
004c,
00a1,
01aa,
0000,
0000,
0000,
0000,
0116,
027d,
020e,
034f,
01ac,
00c0,
007c,
0137,
0173,
0000,
015f,
01dc,
0109,
00cb,
01aa,
0132,
020c,
02b9,
016d,
0100,
0010,
00cc,
014e,
0185,
01c3,
0294,
0108,
0074,
01a0,
0253,
0205,
00d4,
0087,
00c4,
007b,
0108,
01d1,
008d,
0167,
02b9,
024b,
00cc,
0129,
00ba,
01e1,
0270,
01af,
0000,
0000,
0000,
00b9,
00a7,
0038,
017f,
0191,
01d3,
0129,
012a,
010f,
00df,
0240,
0148,
010e,
0177,
0000,
0024,
00fd,
0119,
01e1,
0063,
006c,
0080,
0294,
00c0,
018b,
0000,
0051,
0000,
0000,
0096,
0077,
003e,
0196,
011a,
00ef,
006e,
0213,
00f1,
0026,
0000,
0000,
0000,
0000,
0000,
0000,
0000,
0000,
0000,
0000,
0000,
0000,
0192,
017b,
01ae,
0245,
0176,
005e,
00d9,
0000,
0000,
011c,
0089,
016b,
0110,
0152,
01c4,
04a9,
04de,
0525,
0451,
0393,
0352,
04be,
0553,
0392,
0495,
0470,
0552,
04ec,
01e6,
0240,
041b,
04fc,
0463,
045f,
02cd,
027d,
0496,
0422,
0559,
04ff,
0405,
055c,
0219,
01da,
03c8,
0324,
0407,
0399,
04d9,
031d,
01e9,
02cd,
02f9,
0545,
00e5,
0124,
0359,
04ec,
02ed,
021a,
01ed,
007f,
03a1,
036b,
03eb,
0471,
02cf,
0219,
016f,
0225,
0000,
00fb,
0092,
0071,
0000,
0085,
01f6,
03af,
0397,
03a7,
008e,
012e,
0096,
018b,
0000,
0012,
01a0,
0000,
0057,
004c,
010c,
00a9,
01a7,
011c,
0000,
0095,
0189,
0279,
00e5,
014a,
0164,
01b0,
01fa,
012b,
0109,
02b4,
0252,
037e,
021d,
01c5,
00c3,
01a0,
00c2,
02e6,
0080,
012a,
0181,
013c,
018e,
02aa,
019f,
028f,
01bb,
012f,
02e5,
01aa,
0000,
0000,
013e,
00c0,
013b,
01e3,
00d9,
01d8,
00ad,
0099,
0171,
021c,
01ef,
00ac,
015e,
0000,
0048,
0000,
00ce,
02ce,
037b,
02d1,
018d,
0099,
019e,
0178,
0000,
0000,
012f,
01b9,
01c0,
02a7,
0052,
0042,
0104,
035e,
020a,
036d,
01c3,
016d,
0000,
0000,
0331,
0380,
030a,
01a8,
00ff,
0118,
01e7,
01c1,
021f,
01c9,
025f,
017d,
0146,
0000,
01ef,
029e,
0011,
010e,
0149,
0000,
0264,
0071,
0048,
0000,
0106,
01be,
0000,
0000,
011b,
01d8,
03a2,
0367,
0332,
0276,
00f8,
0000,
021f,
0151,
0071,
01cd,
02ac,
01b3,
0241,
02cc,
01e3,
0167,
006f,
0000,
0000,
0000,
0124,
013a,
01f2,
010e,
013d,
0278,
021c,
01b8,
0069,
00d7,
003c,
002d,
0000,
0000,
0000,
00f5,
00df,
0093,
0121,
0147,
0113,
03ca,
03a8,
02b1,
014c,
001e,
0095,
006d,
0000,
000a,
007b,
00c1,
009f,
0000,
0151,
0176,
0377,
02cc,
031b,
035b,
01c8,
00f0,
00c1,
00bc,
00f4,
0026,
0108,
0000,
0092,
0094,
0122,
0349,
0370,
03b7,
026d,
0000,
0000,
00b3,
0000,
0000,
0000,
0000,
019a,
0175,
01bd,
02ce,
0361,
03f1,
0360,
0000,
0000,
0039,
0000,
0049,
0000,
0000,
00c9,
0279,
0238,
02e0,
02cf,
0350,
039b,
01de,
0051,
0129,
00bd,
0164,
0080,
0000,
00cc,
01f2,
0254,
024c,
0262,
02eb,
0334,
0308,
0100,
0000,
0090,
008f,
005a,
0000,
0000,
0172,
01a0,
0246,
02e6,
03b8,
03b5,
03a7,
0267,
0000,
0000,
0000,
0000,
0000,
0026,
0000,
0227,
0230,
036d,
02ec,
038b,
0427,
032e,
01b4,
0095,
0059,
0061,
0000,
0000,
0000,
0000,
0141,
01e5,
0256,
038c,
0410,
0378,
0370,
0311,
028d,
036c,
009d,
0023,
0000,
0000,
0111,
00cd,
0266,
0388,
0385,
02a3,
02b8,
029d,
03de,
03d8,
02d6,
004b,
0000,
0000,
0000,
0000,
005a,
0000,
0251,
0396,
02af,
0151,
015f,
0166,
011e,
0000,
0000,
0000,
0000,
0000,
0000,
0000,
0000,
0000,
0000,
0000,
0000,
0000,
0000,
0000,
0000,
0000,
0000,
0000,
0000,
0000,
0000,
0000,
0000,
0000,
0000,
0000,
0000,
0000,
0000,
0105,
0000,
0000,
0000,
0000,
0000,
0000,
0000,
0000,
0000,
0000,
0000,
0000,
0000,
02af,
02fd,
0000,
0000,
0000,
0000,
0000,
0000,
0000,
0000,
0000,
0000,
0000,
0000,
006b,
0026,
0009,
0000,
0000,
0000,
0000,
0000,
0000,
0000,
0000,
0000,
0000,
0000,
0000,
0000,
0000,
025b,
0000,
0000,
0000,
0000,
0000,
0000,
0000,
0000,
0000,
0000,
0000,
0000,
0000,
0000,
01bb,
0000,
0000,
0000,
0000,
0000,
0000,
0000,
0000,
0000,
0000,
0000,
0000,
0000,
01c7,
037f,
0000,
0000,
0000,
0000,
0000,
0000,
0000,
0000,
0000,
0000,
0000,
0000,
0000,
0281,
0076,
0000,
0000,
0000,
0000,
0000,
0000,
0000,
0000,
0000,
0000,
0000,
0000,
012a,
0305,
0000,
0000,
0000,
0000,
0000,
0000,
0000,
0000,
0000,
0000,
0000,
0000,
0000,
02d9,
03c2,
010e,
0229,
0000,
0000,
0000,
0000,
0000,
0000,
0000,
0000,
001a,
0028,
00f0,
01fe,
01f2,
01c7,
01cd,
0000,
0000,
0000,
0000,
0000,
0000,
0000,
0000,
0000,
0000,
0094,
0000,
0000,
0105,
005f,
0000,
0000,
0000,
0000,
0000,
0000,
0000,
0000,
013d,
0000,
0000,
0000,
0000,
00d8,
0000,
0000,
0000,
0000,
0000,
0000,
0000,
0000,
0000,
0000,
0000,
0000,
0000,
0000,
06e5,
0634,
0658,
04de,
0539,
04df,
03c1,
05db,
065c,
065a,
062a,
050d,
04f5,
0661,
0697,
060f,
023f,
029d,
048d,
0400,
03c6,
049e,
0482,
0485,
0506,
03da,
0485,
0616,
057b,
03e7,
0000,
002a,
014a,
044d,
049f,
03a3,
036f,
0340,
0378,
0395,
03df,
0366,
051b,
0394,
00cf,
0000,
0000,
02ee,
0434,
0425,
03db,
03a6,
037b,
0280,
02e0,
03a4,
050d,
017a,
0199,
0073,
0000,
0175,
040f,
0416,
035d,
03d2,
02d6,
02e7,
02fb,
040a,
0473,
00c3,
008f,
0000,
0000,
0000,
00db,
02b6,
025b,
0241,
01fb,
025e,
026e,
02f2,
04b5,
0073,
0026,
005b,
0007,
0000,
0000,
013a,
02bd,
0231,
01f9,
01fe,
0185,
0227,
0496,
01c9,
00d8,
00b8,
00dc,
006a,
0000,
0000,
01b0,
0270,
0164,
0196,
0194,
026c,
0352,
0282,
0208,
00f7,
0105,
00c8,
007e,
0000,
00cc,
024d,
0199,
021b,
01d0,
0238,
02d0,
0377,
01c6,
01aa,
0190,
0172,
0089,
0000,
0000,
0019,
015e,
018e,
0158,
025d,
0302,
03f3,
01f7,
0231,
0258,
0171,
0092,
0000,
0000,
0000,
0000,
0000,
005c,
02f4,
02ce,
034b,
0270,
03f0,
04f4,
0366,
0208,
010a,
0097,
008f,
010d,
008e,
0074,
02f9,
029d,
01b8,
0271,
0427,
0384,
039f,
02bf,
01d9,
00a2,
01f5,
02cc,
0300,
02c7,
02d8,
0284,
025b,
0226,
01c7,
01a4,
0207,
025f,
031f,
033c,
0385,
02d6,
023d,
02bc,
0301,
0170,
0000,
0488,
0000,
01d7,
0000,
0000,
00e7,
00e0,
001b,
0260,
0076,
0000,
0000,
001d,
000b,
010b,
0000,
0000,
00e7,
0000,
0000,
0000,
0000,
0000,
0000,
0000,
0000,
0000,
0453,
01e9,
00c1,
0107,
0000,
0000,
0023,
0092,
0000,
0000,
006d,
014e,
0000,
00d5,
03a4,
0000,
0000,
0000,
0000,
0000,
0091,
024a,
003a,
0043,
02f7,
0000,
0000,
024a,
01cb,
0000,
005c,
006d,
0000,
0000,
0000,
0000,
0000,
0000,
00c3,
00f8,
0000,
0302,
0000,
0078,
0168,
016c,
001a,
0000,
0000,
0081,
00aa,
0000,
0046,
0000,
0000,
0452,
02c6,
0191,
014d,
01df,
0217,
00df,
0000,
0000,
0000,
0045,
0073,
002d,
019d,
02f6,
021c,
0212,
00cb,
026e,
02ce,
0248,
0000,
0000,
002d,
0000,
0000,
004e,
0183,
0017,
0000,
0103,
01f3,
0449,
0308,
01bf,
0000,
0000,
0000,
0000,
0000,
0000,
0111,
0158,
0000,
00ee,
006f,
0000,
00ab,
00f8,
0000,
0000,
0000,
0000,
02b7,
0000,
0000,
00d2,
0000,
0000,
0000,
0107,
038e,
02bb,
0060,
0000,
0000,
0000,
01bd,
00bf,
0000,
004b,
0000,
002e,
0000,
0164,
02f5,
017c,
0000,
0000,
0182,
0086,
0000,
001c,
0000,
0104,
0000,
0000,
0000,
0000,
011e,
0082,
01e4,
0000,
003c,
003a,
0000,
0000,
0000,
0000,
013e,
000d,
0000,
00cb,
0000,
0000,
0000,
0000,
0000,
0000,
0000,
0000,
0000,
0826,
07d6,
07aa,
074e,
0775,
0726,
05de,
067d,
0833,
0791,
07be,
06d5,
076a,
084a,
073e,
06ef,
02bb,
04e4,
0725,
0651,
0555,
05fa,
067a,
067b,
06ef,
0642,
06e2,
0784,
070b,
0525,
029a,
0127,
026b,
054b,
05ac,
054b,
04cd,
056f,
04c3,
0623,
05be,
0605,
0694,
053b,
0359,
01fa,
0153,
043c,
0650,
05ba,
0619,
05b4,
0494,
03e5,
0409,
051f,
05d5,
0433,
0495,
017a,
0000,
0182,
06a1,
065c,
05de,
05dc,
04b2,
0409,
039e,
039e,
04bb,
0136,
0129,
0073,
0001,
0000,
0294,
03b2,
033f,
0340,
032e,
0351,
0232,
0306,
0493,
0152,
00cb,
00bb,
007e,
0034,
0000,
01f0,
0363,
031b,
030c,
02ff,
029f,
02b9,
03c3,
0135,
00d9,
00d0,
011e,
0070,
0000,
0000,
034e,
0354,
02de,
029e,
032d,
02f8,
036f,
024e,
0117,
0163,
00f6,
0059,
0000,
0000,
016f,
034b,
02e3,
02f4,
02f1,
02bb,
03f3,
039e,
01df,
0204,
0142,
00c4,
0066,
0000,
0000,
0180,
02b7,
025b,
02ba,
0362,
0354,
041e,
0241,
02c2,
023a,
010e,
00a0,
003c,
0007,
0000,
007d,
002d,
00c3,
033e,
04f8,
054c,
02e3,
032a,
03f8,
024b,
017d,
00cc,
0086,
0055,
0116,
0103,
00d3,
0309,
03ea,
0407,
0380,
0538,
04d7,
0485,
0342,
0216,
01b7,
0244,
0372,
039c,
02b2,
02ca,
0343,
035c,
0352,
03a5,
035a,
0373,
0335,
035d,
041c,
0431,
03c4,
037e,
034d,
0338,
016f,
01fd,
01c7,
0181,
00f1,
006b,
00c2,
01f2,
029e,
01ae,
01f5,
00bf,
0145,
01a3,
019e,
0331,
04a9,
03ef,
0177,
010b,
01e0,
0237,
014c,
020f,
0255,
0151,
01af,
02e1,
00ca,
031b,
0427,
0448,
0304,
0200,
019f,
020d,
00af,
0110,
018c,
0290,
0198,
0223,
012e,
030a,
0360,
033c,
0404,
0313,
0292,
01dd,
0146,
0205,
0225,
0300,
0295,
0333,
0319,
03a6,
02a0,
034c,
03c8,
03dd,
02fa,
01d6,
0148,
023e,
0254,
01ba,
0168,
002d,
0284,
03c0,
0297,
034d,
035f,
03dd,
0479,
018d,
00b7,
0048,
0109,
0145,
00ca,
00a4,
01a8,
02eb,
02ae,
0326,
039d,
039d,
0486,
0318,
00da,
0021,
0074,
00ad,
00ba,
002d,
01fa,
029c,
023f,
028c,
0316,
0358,
0398,
047d,
0233,
00e6,
0059,
0070,
0166,
0000,
019a,
01e1,
01d7,
026c,
0294,
030a,
02f1,
0400,
0450,
00fa,
0070,
010d,
019e,
0042,
0032,
0173,
014b,
0167,
0204,
0266,
0294,
02e6,
0510,
0379,
0197,
0252,
01d0,
0180,
0065,
004a,
0169,
0225,
016f,
0188,
02ff,
0288,
0386,
0444,
0328,
0418,
03aa,
0233,
0000,
012e,
0290,
031a,
01eb,
0281,
0215,
021e,
0343,
0354,
026a,
02e2,
03aa,
02a4,
003b,
01b8,
02c2,
012c,
0194,
0294,
01cb,
030b,
0369,
022e,
022c,
0212,
020c,
0175,
0000,
00ad,
00ec,
0102,
0074,
0112,
018d,
01ae,
00a1,
010c,
00b1,
00ac,
0000,
003a,
01fa,
0225,
0037,
024e,
01f2,
0105,
004f,
0168,
022b,
0286,
0126,
0119,
0137,
01e5,
0175,
01a7,
0000,
007e,
0109,
013e,
0142,
01dd,
01fd,
023c,
0213,
010b,
0151,
020a,
026a,
0000,
0000,
0000,
0000,
013f,
01b8,
019f,
022e,
0196,
0158,
01cb,
0204,
0201,
0258,
0000,
0013,
0062,
0094,
02b0,
0293,
0247,
020e,
0258,
019b,
013b,
014b,
026d,
00a4,
0000,
0024,
0093,
00ac,
0072,
0312,
02e5,
02d7,
025c,
0204,
01ac,
01dc,
0139,
0000,
0000,
0014,
009a,
00a0,
00c4,
01ca,
022b,
02a2,
02b4,
02a5,
027e,
0275,
025c,
0000,
0011,
0047,
0057,
0098,
0125,
002d,
00a3,
02e5,
02d0,
029b,
02ba,
02c3,
0254,
0000,
0000,
0000,
007a,
01a1,
0138,
0000,
0000,
0137,
01f6,
0295,
020a,
024e,
0198,
0139,
00ff,
00c4,
00f4,
0082,
007d,
0050,
0000,
002a,
01e9,
02a3,
01ff,
0257,
022b,
028b,
01fe,
00ef,
0184,
001e,
0000,
001c,
0076,
0000,
00e8,
0123,
002c,
0136,
026c,
0250,
01db,
0000,
0105,
0096,
0000,
00b7,
0103,
004b,
002b,
006a,
007c,
0000,
0144,
02d8,
030a,
0000,
0088,
018a,
001b,
0107,
0033,
0000,
0000,
0011,
0000,
0000,
0031,
0191,
0255,
01fd,
02bd,
02d9,
00d2,
0065,
0000,
000e,
0000,
0002,
00a8,
00d7,
0096,
0224,
026b,
0339,
02ea,
0205,
016d,
0228,
01d5,
0151,
0234,
01c3,
0288,
020a,
01cf,
03e1,
03e5,
04c1,
0302,
02d4,
02ce,
01c6,
026f,
01d9,
01dc,
00c4,
019a,
0253,
01d9,
03c0,
0464,
047f,
0338,
032b,
023e,
0225,
039b,
0237,
0126,
01ca,
023f,
02b8,
021b,
02bf,
03a6,
0422,
0478,
03e3,
028d,
0315,
02b1,
033b,
0230,
01c9,
0191,
01fc,
0215,
0304,
032c,
054a,
04b8,
02ef,
0335,
025b,
030b,
031b,
0288,
02bc,
01d7,
01f2,
02ce,
0309,
0279,
02c2,
02e2,
037f,
0412,
0334,
038e,
033f,
0314,
02f9,
036d,
02d9,
0299,
021f,
033d,
02a2,
01d2,
0295,
036d,
03a7,
0396,
0371,
030d,
0357,
03b6,
0324,
0379,
0296,
02c6,
0281,
0261,
0256,
028e,
032a,
0403,
03b1,
0349,
0335,
0389,
0340,
0306,
0438,
0314,
0324,
02bd,
01ec,
0253,
02f4,
03d7,
02be,
036d,
03bb,
03fc,
02af,
02bc,
0360,
01ae,
0297,
02db,
03c3,
03dd,
0340,
0364,
028d,
03b6,
039a,
03ff,
03a7,
0465,
0336,
02d1,
039a,
0306,
0335,
0312,
025a,
035c,
0397,
02ea,
021d,
0295,
0238,
039b,
02f6,
0299,
0335,
03d9,
0293,
0309,
0346,
02f5,
02ea,
02dd,
02c3,
03e9,
0344,
02f6,
02e9,
01a6,
043e,
0449,
0327,
03af,
04aa,
0313,
0364,
02e9,
01a6,
01dc,
0388,
0365,
03e4,
0389,
0398,
02b1,
02ec,
045b,
03cc,
0472,
0301,
0390,
026e,
01a8,
02ab,
02cb,
0427,
0415,
0399,
033d,
02ab,
035d,
03fd,
02f7,
035a,
033f,
02aa,
0359,
02ff,
033c,
022b,
0235,
01a9,
01db,
01f1,
02d1,
0229,
0115,
01d6,
0272,
0182,
0215,
0282,
0344,
0304,
0457,
05f9,
0508,
047e,
0297,
0253,
038c,
0461,
03e2,
040e,
03af,
0482,
02fe,
039b,
048e,
01b0,
0290,
0457,
0415,
01e7,
0289,
029b,
0338,
0379,
039d,
032d,
031e,
0230,
0327,
0315,
045c,
02f8,
0427,
02e6,
01ba,
0201,
02c0,
0228,
0211,
02c6,
02a5,
0544,
0557,
0458,
02e4,
0186,
03d0,
052a,
03a3,
045d,
0409,
03ae,
0133,
023e,
0375,
0338,
020d,
0337,
01c9,
00f3,
01e1,
05fe,
035f,
02ed,
0200,
0276,
02d1,
01ad,
01e7,
02b6,
01b8,
01e0,
0208,
0109,
00db,
021c,
04aa,
0229,
01ae,
0149,
01a7,
0140,
0101,
02cb,
00ed,
00a3,
018c,
01c4,
01e6,
001e,
02d6,
0478,
01a3,
01b9,
01ff,
0204,
0109,
026a,
026b,
01a5,
0135,
00f7,
0100,
0118,
024a,
03c5,
039e,
01ed,
021d,
0223,
01ac,
01a7,
02e0,
0000,
00d0,
013e,
0211,
025f,
022f,
0295,
05d3,
03b9,
0544,
06a0,
0432,
01e8,
01f3,
007b,
01ee,
02a2,
02c2,
0254,
0208,
0296,
0224,
041a,
0222,
03bd,
0583,
01e4,
0280,
0161,
01a9,
012c,
012f,
016a,
0206,
01cf,
01cf,
019f,
0192,
013c,
03bd,
0225,
0400,
0414,
034d,
02f0,
0381,
0164,
011a,
02ca,
030b,
02be,
0269,
02bf,
02cd,
0325,
0186,
01b5,
0295,
0111,
0261,
027d,
0374,
03f1,
033d,
0294,
0215,
023b,
0270,
0037,
0000,
0076,
0000,
0000,
0000,
00ae,
0036,
0054,
0000,
0000,
0000,
0000,
0000,
0000,
005d,
0000,
0000,
0000,
0000,
0000,
003d,
0000,
0000,
0000,
0000,
0000,
0000,
0000,
0088,
00e6,
01ae,
01c8,
0000,
0000,
0000,
0000,
0000,
0000,
0000,
0049,
0023,
0000,
0000,
0210,
02d1,
02ad,
01a4,
0000,
0000,
0000,
0000,
0000,
0247,
0000,
0046,
0003,
012f,
0354,
0029,
0000,
011a,
0064,
0000,
0000,
0000,
006f,
0044,
015d,
01a5,
0000,
0095,
0000,
0000,
0000,
0000,
0159,
01c2,
00df,
0136,
01d3,
0000,
01cc,
01d8,
0000,
0000,
0000,
0000,
0000,
0000,
00e1,
0000,
00dd,
0000,
0000,
0000,
017c,
008e,
0000,
0000,
0000,
0000,
0000,
0000,
0000,
0000,
012b,
0000,
0049,
0000,
0018,
0075,
01be,
0000,
0000,
0000,
0000,
0000,
0000,
0000,
0182,
0085,
005e,
0000,
000d,
005a,
02a9,
0177,
00a5,
0000,
0000,
0000,
0000,
0000,
0000,
0000,
007f,
0000,
0000,
000b,
0359,
00ac,
0000,
0000,
0000,
0000,
0000,
0000,
0000,
0000,
0041,
0000,
015b,
00d5,
0120,
00a9,
0000,
0000,
0000,
0000,
0000,
0000,
0000,
0000,
0000,
0000,
00cd,
0337,
0000,
0000,
00e6,
02e6,
03da,
0000,
0000,
0000,
0000,
01a1,
002e,
0000,
0117,
01bf,
0157,
00ac,
0216,
01b0,
0170,
0000,
016b,
002f,
00a0,
0229,
017f,
02da,
027b,
01c6,
028a,
01ee,
0000,
0078,
00aa,
01a6,
0174,
02e1,
0199,
01bc,
0191,
01f6,
0227,
0015,
02a2,
01c9,
001f,
0000,
02a2,
01d0,
02bd,
01d7,
0307,
00e4,
0213,
01b8,
0201,
0068,
0183,
0103,
0070,
0000,
010f,
039e,
026e,
00c9,
01df,
018b,
00f3,
0000,
00ed,
009c,
01b0,
0353,
02ef,
008f,
00ab,
0000,
01c4,
0123,
0106,
0000,
0136,
0000,
0016,
0040,
0080,
0000,
0054,
00bb,
0148,
0076,
00b3,
00d2,
0161,
01d2,
0102,
0157,
003f,
00fa,
017a,
017b,
00e3,
016b,
01e7,
007c,
0000,
0000,
0000,
0063,
0000,
00d0,
039e,
0124,
0309,
0074,
009f,
0198,
0147,
0182,
0000,
0000,
023b,
01a7,
00b0,
0051,
0029,
005a,
0174,
0155,
010d,
0174,
00e4,
014b,
01a4,
0001,
0000,
00a8,
003d,
0192,
0122,
0109,
0000,
0102,
02f5,
0087,
0000,
014c,
0211,
0188,
0000,
0135,
00d3,
00b4,
00b4,
0161,
01e9,
0000,
0037,
008c,
01d9,
01c5,
018b,
00f1,
00b2,
00c1,
0084,
0000,
0000,
0127,
0167,
0317,
0437,
02cb,
01ea,
00a9,
00f6,
007f,
0106,
0163,
0000,
0000,
0000,
010d,
01e3,
031b,
046d,
03cf,
0154,
0156,
01f5,
0195,
01a4,
02c1,
0243,
0142,
00b4,
00fe,
0130,
0000,
009c,
0162,
0000,
019a,
0134,
01fb,
01b3,
014b,
00eb,
0000,
0160,
0000,
023a,
002c,
0000,
0000,
011b,
0184,
0017,
01e5,
0001,
00ff,
00fc,
014a,
0176,
01c0,
0440,
02ae,
022e,
0349,
022e,
017d,
03e7,
0297,
02ad,
01cb,
02a0,
03c9,
02a6,
0363,
02dd,
01e7,
0000,
01ab,
020f,
03aa,
03a0,
02f0,
02a8,
035c,
0271,
0484,
0350,
0209,
029f,
00da,
0000,
0000,
0000,
0241,
021b,
0214,
0208,
0301,
02e3,
0174,
016d,
0248,
0191,
0044,
0000,
019c,
0000,
0150,
01c0,
0133,
024b,
01de,
01b6,
0282,
023f,
00e4,
0122,
01f5,
0091,
0000,
00ab,
00d4,
013d,
015a,
0248,
0193,
020d,
0166,
024c,
0252,
007c,
0020,
0000,
00b2,
00b1,
00ac,
00ef,
01f7,
026a,
02be,
020c,
0248,
0241,
0169,
017d,
0015,
012d,
0098,
0073,
0073,
0121,
0087,
0169,
0278,
01f2,
01ee,
01cb,
01da,
0000,
0000,
006f,
003c,
0012,
00ec,
0126,
0144,
0146,
01b2,
029f,
0203,
0122,
0255,
0000,
0000,
0018,
0000,
0067,
0000,
00fe,
00d8,
00f3,
01d7,
0198,
00c2,
0143,
01e6,
023e,
0064,
0000,
0000,
0053,
0085,
019c,
00d8,
00c1,
016e,
01fc,
0058,
0047,
00d5,
0311,
0292,
0124,
0000,
0051,
000d,
0070,
00e2,
0099,
0031,
015f,
0000,
0022,
0000,
02e9,
01fd,
00cb,
0000,
0000,
0000,
0000,
00db,
0091,
003a,
0090,
0068,
003a,
0090,
036c,
01a3,
0114,
0197,
0084,
0000,
0000,
0000,
001e,
00a4,
0000,
0000,
0000,
0039,
0202,
0083,
01a1,
00ce,
01f3,
01ad,
0037,
0035,
01a9,
01c6,
0213,
0174,
01b4,
0113,
00c9,
004a,
02b1,
00f1,
006e,
0000,
00b6,
0000,
00c0,
007c,
00e2,
0111,
0142,
0109,
00a2,
017d,
062b,
0529,
016d,
0107,
004d,
0064,
0112,
00e0,
0106,
0088,
00d2,
0000,
0074,
0557,
077a,
07b2,
0695,
029c,
009f,
00e3,
00e3,
012b,
018c,
0163,
015e,
00b6,
00c9,
046f,
066b,
0513,
05f1,
0499,
0168,
012e,
00c7,
00e5,
0146,
016d,
01b5,
014d,
032f,
0461,
037d,
0510,
0588,
0692,
026c,
008f,
00f3,
00d6,
00d2,
00f1,
011a,
0048,
032d,
03d6,
0447,
05e6,
05a3,
0644,
060d,
0177,
0123,
013d,
015a,
0163,
014d,
0076,
02b4,
03e9,
044a,
050e,
05cc,
05fb,
07d8,
065b,
01d9,
00f7,
015e,
0195,
013f,
00c7,
02f6,
0428,
04b4,
04d2,
050e,
0585,
0658,
074e,
0422,
00a5,
012b,
01a2,
01c5,
0149,
021b,
03c6,
0361,
03c4,
0444,
058a,
05b1,
06c0,
0739,
01ff,
0184,
01d7,
01b2,
00f0,
00db,
0166,
0284,
0377,
0444,
04a3,
0557,
05ed,
07b0,
0669,
0443,
050d,
0483,
01ff,
009b,
00a8,
027b,
01a8,
032c,
041a,
0545,
05e1,
06e6,
06f6,
0602,
0621,
065e,
0366,
0034,
0087,
01e9,
01ef,
01ac,
0363,
0453,
0501,
0555,
0631,
059a,
061a,
067b,
0446,
013a,
018a,
022b,
014a,
00b8,
02d2,
0234,
040e,
05f5,
0538,
03f0,
03b3,
04cc,
04d4,
01e9,
01c5,
0172,
015d,
013c,
01a5,
01dd,
023b,
0256,
021b,
0192,
0202,
0193,
00da,
024b,
032e,
027c,
01df,
0414,
0188,
019d,
0254,
0132,
00f8,
0139,
0133,
01d7,
00b7,
0131,
01fe,
03f5,
0205,
0226,
017e,
01d8,
0110,
0133,
00bc,
00e5,
010e,
0044,
01fb,
004e,
0221,
044e,
01d3,
033c,
0108,
0175,
005d,
01e0,
0139,
0052,
01fa,
01c2,
022b,
0246,
0143,
00de,
0076,
017a,
003b,
003b,
0200,
0239,
0140,
00c0,
0292,
01c5,
0422,
049b,
0240,
02dd,
0229,
025a,
01e7,
0139,
03fa,
0162,
0137,
0304,
02fe,
00f1,
01e0,
0684,
0476,
0596,
04bc,
0339,
018f,
0271,
0370,
017b,
01cb,
022f,
015a,
0187,
01ed,
06e1,
06a1,
05d1,
0547,
0500,
03c3,
029e,
024c,
00de,
0120,
0244,
019a,
02cc,
0461,
05fb,
06dd,
066f,
05f9,
05df,
05cc,
0348,
01e2,
00d6,
035e,
0202,
027c,
02db,
02c0,
038b,
0645,
056f,
06aa,
05e8,
04f5,
02d7,
01db,
0279,
027b,
0203,
0309,
0325,
02d9,
018b,
0392,
03e9,
04d5,
0399,
03eb,
01e2,
01f8,
019b,
0000,
008a,
0589,
07fe,
0283,
0192,
00e1,
03b6,
02ae,
0552,
05d3,
035f,
0147,
0180,
0080,
00d4,
0283,
0356,
02a2,
0135,
015d,
03fb,
0180,
0751,
0644,
031c,
018d,
017b,
03a0,
03a8,
00fe,
0188,
0000,
010b,
02a0,
0388,
0154,
0372,
04ea,
0457,
03dd,
00b5,
01dc,
0197,
019d,
0182,
0007,
00e5,
0493,
02fb,
02c2,
02de,
013d,
032e,
02a8,
018f,
018a,
016d,
0232,
022a,
01b0,
0340,
027f,
033a,
03cc,
04f6,
0346,
0436,
01ff,
046e,
040d,
04b8,
04ea,
03f6,
0496,
017e,
036d,
00f0,
0258,
0427,
0487,
048c,
040d,
04a6,
04db,
0388,
03f1,
0370,
0387,
051b,
0465,
02d1,
0051,
01e6,
037e,
0364,
044a,
0473,
050f,
0543,
04cd,
0601,
06ab,
04eb,
0462,
01ed,
025b,
0250,
03bb,
053c,
03c1,
04e1,
04fa,
0479,
0569,
04d8,
056f,
047c,
03ea,
0482,
02a6,
01c0,
0111,
051b,
04c0,
0387,
0413,
04ed,
045f,
049a,
0306,
039f,
0167,
0256,
027e,
0295,
007a,
0327,
049a,
0498,
0507,
04a8,
04b3,
0476,
0459,
02da,
026b,
0224,
01e9,
0188,
0144,
004a,
0176,
0449,
0402,
049c,
0483,
04a4,
04ee,
0220,
013c,
022f,
02b4,
0364,
0291,
0157,
0004,
031f,
0464,
04b8,
04ce,
0518,
0577,
04b8,
036b,
01cd,
02a9,
0323,
021c,
019e,
00a3,
01df,
04df,
0583,
04d7,
0552,
05f1,
0617,
04e9,
017b,
02cd,
023c,
00c7,
00cf,
011f,
005e,
030c,
037a,
03cf,
0557,
0560,
0572,
04b2,
0142,
0126,
01e3,
0276,
01e2,
01b7,
00f0,
0148,
015d,
00f6,
019d,
0528,
0575,
0551,
0224,
01c0,
02fb,
0207,
021e,
01b0,
00a6,
0235,
0206,
023b,
00bb,
033c,
0631,
0606,
061d,
068f,
06c0,
04ba,
03ff,
02f3,
0387,
034e,
03ff,
049b,
044e,
0409,
0731,
0704,
0774,
06dd,
0713,
06b7,
0729,
0689,
0607,
07cb,
06c6,
0799,
0578,
0661,
055a,
055d,
04c8,
0489,
05ae,
0483,
054a,
0490,
05ad,
04bf,
05ae,
04e8,
0512,
0469,
0565,
03ce,
0000,
02d0,
035a,
0462,
0453,
04f6,
0408,
04f0,
04fc,
047e,
054c,
0524,
04e8,
012c,
0032,
0098,
0000,
02f1,
045f,
056c,
03fa,
0497,
043a,
03ff,
042c,
0501,
0387,
01b5,
0185,
00c1,
010a,
0221,
048a,
03e1,
0467,
03a1,
0402,
0435,
03e1,
042c,
01b4,
020e,
0367,
0000,
0084,
0146,
03eb,
0371,
0319,
0427,
0445,
0399,
0358,
032d,
0112,
003f,
0000,
0000,
00af,
014e,
01e2,
0361,
03cb,
045c,
046e,
040b,
02ff,
03fe,
015c,
006f,
0094,
004b,
00a2,
0143,
005c,
0133,
034a,
0309,
037d,
03f1,
03f5,
03e9,
00bb,
0005,
0085,
00ae,
0050,
0000,
0039,
010b,
024f,
040b,
045d,
03b5,
041c,
048c,
01b7,
00af,
00df,
00dc,
0000,
0000,
0061,
00df,
0125,
02f8,
03ea,
035c,
044e,
0427,
0481,
035b,
00cf,
00e9,
0021,
0041,
0011,
0056,
0146,
0046,
00e9,
0000,
004c,
037f,
0406,
04e1,
012d,
02ac,
018d,
0015,
0000,
005a,
00a6,
0020,
0000,
00d0,
0000,
00c5,
04ba,
044e,
00bb,
013a,
01af,
0000,
00b3,
0076,
0056,
0000,
0000,
00da,
00f1,
0000,
040a,
032c,
02f5,
03b5,
03b4,
0091,
018e,
0000,
0000,
0000,
00f3,
0190,
0033,
0014,
0368,
0405,
0444,
03f0,
0519,
0315,
0282,
01a2,
0289,
0359,
0369,
0365,
034d,
0355,
00a4,
024b,
011c,
0000,
0074,
0357,
0148,
0151,
0131,
00cd,
0041,
00ab,
01db,
0299,
00b2,
01a4,
016d,
002f,
0291,
0060,
0102,
0075,
0112,
0031,
0014,
0091,
00ff,
0125,
0133,
0005,
0108,
00be,
0308,
0000,
00b2,
0034,
00e2,
00d1,
00dd,
00b6,
01db,
0283,
01e6,
014c,
02b3,
01a0,
0143,
003d,
0000,
011c,
007d,
0110,
0080,
0000,
02c2,
02e5,
01f5,
010a,
0585,
0142,
0000,
00d9,
0000,
018e,
00fa,
0133,
01ee,
0110,
0196,
046c,
0119,
00a0,
0122,
0072,
0000,
0039,
0000,
00fb,
01a2,
01ac,
0203,
0155,
00d5,
0103,
0000,
00c2,
008b,
0079,
0033,
0000,
0000,
0121,
0000,
012a,
00dc,
0024,
004e,
00a6,
0000,
003f,
0000,
0082,
00b3,
001b,
0000,
0085,
0000,
0000,
0032,
0052,
00a4,
0000,
0000,
0050,
0083,
00a7,
0000,
0000,
0000,
006f,
0000,
0000,
01ce,
00b0,
0130,
00f4,
0000,
00fe,
0000,
0125,
0000,
00c3,
0073,
00a1,
0000,
0043,
00e5,
0066,
0263,
0293,
0000,
021d,
0000,
02ae,
0000,
0196,
0245,
0164,
017a,
00fa,
0000,
000b,
0123,
0303,
0000,
0382,
0000,
01bc,
0000,
0000,
00a5,
0033,
018d,
0040,
0053,
0075,
0092,
01bc,
0000,
0141,
011c,
016f,
0089,
00bc,
0341,
0000,
0190,
0206,
024f,
00eb,
01cf,
0432,
00bd,
00b6,
0118,
00c5,
009c,
0183,
01c7,
01a1,
01ad,
0151,
01b3,
01d4,
0205,
0351,
029b,
01b5,
00d0,
01c1,
0271,
0317,
0248,
00c8,
0308,
035f,
0354,
0331,
0391,
04aa,
034e,
01ea,
0071,
0123,
028d,
0326,
0365,
0319,
0261,
040d,
02bb,
03af,
04a6,
022a,
0486,
0492,
0570,
037d,
01bb,
0279,
0245,
0353,
01f3,
037c,
049d,
02b3,
03ab,
0352,
0247,
05d9,
08d5,
08b0,
0404,
050d,
03d7,
0225,
0340,
03b9,
03b1,
01a9,
0355,
00f3,
0000,
02e0,
04aa,
03bf,
01ad,
0220,
0319,
0236,
02d9,
042b,
0347,
032d,
0323,
0148,
003e,
0000,
0000,
0000,
00ee,
01c9,
0175,
0258,
0286,
03ca,
03df,
0404,
0296,
024e,
0000,
0000,
0000,
0000,
0000,
003b,
012f,
00cd,
01b9,
036c,
01c5,
0261,
015f,
007a,
0000,
0000,
0000,
0000,
0000,
0000,
0000,
0109,
0190,
0169,
023a,
0142,
01b4,
0144,
000a,
0000,
0000,
0000,
0000,
0000,
00ae,
0184,
002b,
01dd,
0303,
0155,
020c,
027d,
0247,
01a0,
00c0,
00cb,
0000,
0000,
00ed,
01fa,
002e,
044e,
03c9,
0000,
0000,
0234,
0247,
02ee,
0092,
0108,
0000,
0000,
0132,
02f8,
01ff,
02ad,
0229,
00e4,
012e,
02c4,
02bf,
030e,
002c,
0198,
0000,
0000,
0149,
0224,
01b7,
00af,
0024,
021a,
0217,
0591,
0234,
021a,
01a0,
03cd,
025a,
0089,
0140,
0079,
02d6,
025f,
01fa,
0153,
01ed,
038e,
0206,
013f,
032a,
025c,
0220,
0271,
01fc,
00f2,
0233,
02c1,
0272,
02b1,
0160,
01a8,
0000,
0000,
0000,
0000,
0000,
0000,
0000,
0000,
0000,
0000,
0000,
0000,
0000,
0054,
0000,
0000,
0216,
0000,
0000,
0000,
0000,
0000,
0000,
0000,
0000,
0000,
0000,
004d,
0000,
00d4,
00f2,
001a,
0272,
0000,
0000,
0000,
0000,
0000,
0000,
0000,
0000,
0000,
0000,
01b1,
00ea,
009d,
00e4,
0000,
0000,
0000,
0000,
0000,
0000,
0000,
004d,
0016,
0035,
00ef,
00ae,
002d,
0010,
0000,
0000,
0000,
0000,
0000,
0000,
0000,
0000,
0000,
00da,
007b,
00bd,
0070,
002c,
0000,
0000,
0000,
0000,
0000,
0000,
0000,
0000,
0000,
0000,
0091,
0097,
0083,
000e,
0000,
0000,
0000,
0000,
0000,
0000,
0000,
0000,
0000,
0057,
010e,
008c,
0090,
0040,
0063,
0000,
0000,
0000,
0000,
0000,
0000,
0000,
0000,
0000,
0042,
0063,
0067,
004c,
0024,
0000,
0000,
0000,
0000,
0000,
0000,
0000,
0000,
0000,
0000,
0000,
003c,
009b,
004b,
0000,
0000,
0000,
0000,
0000,
0000,
0000,
0000,
0000,
0000,
0000,
0000,
0000,
0094,
001c,
0000,
0000,
0000,
0057,
0000,
004a,
0000,
0000,
0000,
004e,
004c,
003b,
00ab,
0000,
004a,
0000,
005e,
005f,
007f,
0000,
000c,
0000,
0000,
0000,
0000,
0000,
0000,
0000,
00d3,
00e6,
0047,
0000,
0000,
0000,
0000,
0000,
0000,
0000,
0000,
0000,
0000,
0000,
0000,
0000,
0000,
0000,
0000,
0000,
0000,
01e9,
00c4,
047e,
018d,
0075,
0040,
022f,
0000,
0198,
0061,
00e2,
0197,
01c9,
00c4,
026f,
0235,
05b0,
0639,
025a,
023a,
00d6,
00d7,
01be,
010e,
021c,
018e,
0222,
00fb,
01dd,
0403,
0582,
07c5,
0575,
0364,
011b,
0107,
016d,
01b9,
0232,
01c0,
01a2,
0120,
0166,
03a7,
0468,
02d6,
0430,
03f4,
01a8,
00b4,
004d,
008a,
00c0,
00dc,
009c,
0052,
0286,
036e,
022b,
0306,
03d2,
070a,
027c,
0041,
013a,
00ce,
009e,
00d7,
013d,
01f6,
01d0,
027c,
027b,
0388,
03ea,
063d,
0632,
02b1,
0242,
0257,
018e,
0220,
0208,
01fd,
02cc,
0239,
028d,
035d,
03cc,
0468,
0820,
08dc,
033f,
0204,
0293,
0224,
0287,
01b3,
023d,
028e,
02d0,
02e7,
02ab,
035b,
0517,
08ba,
065a,
027a,
02b1,
024f,
0295,
02df,
0248,
0213,
015e,
01ab,
0286,
03d2,
0452,
071a,
0923,
03d0,
0294,
02c8,
02de,
025e,
01e1,
0158,
014d,
0182,
02b7,
0350,
0488,
0563,
08c9,
06b1,
046e,
0527,
046f,
029f,
027a,
02c8,
0241,
00ba,
01f4,
031c,
03fc,
04e0,
066a,
0642,
051d,
059d,
05bc,
031b,
0173,
0171,
01f2,
0043,
0000,
0105,
0268,
0348,
0470,
0457,
0383,
042b,
05b8,
02be,
0311,
0217,
0204,
0178,
013e,
01a4,
00da,
01bc,
03ae,
0414,
02a0,
02a8,
03ef,
044d,
039b,
0287,
02d3,
0230,
026a,
02a0,
01f9,
0270,
02d1,
02d4,
01fe,
029c,
02f2,
0286,
0000,
0000,
0502,
0284,
0000,
0000,
0000,
0187,
001f,
0000,
0096,
0000,
0000,
0027,
0000,
0057,
0045,
0378,
00f6,
010a,
0000,
0000,
0000,
0000,
00bf,
0000,
0000,
0000,
0000,
00af,
039f,
0253,
0000,
0000,
0000,
0000,
0000,
0000,
0000,
00f1,
0000,
0000,
0000,
0000,
01c3,
020e,
0000,
015c,
0000,
0000,
0000,
00b8,
0000,
006d,
0000,
0000,
019c,
0228,
0000,
0006,
0085,
0262,
01d5,
0000,
0000,
0000,
0000,
0000,
0000,
0000,
0000,
0000,
0000,
0000,
0000,
00b2,
02a0,
032d,
0000,
0000,
0000,
0000,
0000,
0000,
015d,
00ab,
0000,
0000,
0000,
0018,
009d,
03c6,
00c6,
0049,
0000,
0000,
0000,
0000,
00e6,
0000,
0000,
0000,
0000,
0000,
0000,
018a,
00a8,
0067,
0000,
0000,
0054,
0000,
01de,
0000,
0000,
0000,
0000,
0000,
0000,
00ac,
0000,
0107,
0000,
0000,
0000,
0000,
0000,
0000,
0000,
0000,
0000,
0000,
0000,
002b,
0118,
0253,
0000,
02ce,
0000,
0000,
0000,
0000,
0000,
00da,
0000,
0000,
016a,
0181,
0196,
0310,
0040,
016b,
0000,
0000,
0000,
00b0,
0047,
0000,
0000,
0000,
0000,
0000,
0049,
0031,
0000,
0000,
0005,
009d,
0000,
00fd,
00b4,
0000,
0056,
02d7,
0000,
003a,
0070,
0000,
0000,
0000,
0000,
0000,
0000,
0000,
011f,
0000,
0037,
01e8,
0091,
0000,
0000,
0078,
0000,
0000,
0000,
0000,
0000,
0000,
0000,
021f,
0000,
0000,
0000,
0000,
0000,
0000,
0000,
0000,
0000,
0029,
0000,
0000,
0000,
01f8,
0000,
0000,
015d,
0000,
0000,
0157,
0000,
00f0,
0000,
0000,
0000,
0000,
0000,
0080,
0000,
0000,
0000,
0000,
0000,
005d,
0009,
0000,
0000,
0000,
0000,
0000,
0000,
0000,
0000,
031b,
0019,
0000,
0000,
00a5,
0000,
0000,
0000,
0000,
0000,
0000,
0000,
0000,
0000,
03b0,
0110,
0000,
0000,
0000,
0000,
0000,
0000,
0000,
0000,
0000,
0000,
0000,
0000,
006e,
016c,
0000,
0000,
0040,
00bc,
007c,
0000,
004e,
0000,
0000,
0000,
0000,
0000,
0000,
0000,
061c,
015d,
0000,
0000,
007a,
001a,
0000,
0090,
0000,
0000,
0000,
0000,
0000,
0000,
0324,
03a6,
00e5,
0000,
003c,
0000,
005b,
0340,
0086,
0000,
0000,
0000,
0000,
0000,
00e1,
0418,
00d5,
0000,
0000,
0000,
00c7,
0000,
0244,
0128,
0185,
0000,
0000,
0000,
0000,
00f8,
00a8,
0000,
0000,
0000,
0000,
0000,
0000,
0000,
010a,
0000,
0000,
0000,
0000,
0000,
0000,
0008,
0000,
00af,
0000,
0000,
0000,
0000,
0000,
0000,
0000,
0000,
0000,
0060,
0000,
0000,
0000,
0000,
013b,
0000,
0000,
0000,
0000,
0000,
0000,
0000,
0000,
0000,
0000,
0000,
0000,
0000,
0000,
0000,
0000,
0000,
0000,
0000,
0000,
0000,
0000,
0000,
0000,
0000,
0000,
0000,
0093,
0177,
01e4,
01af,
01f6,
01a4,
00e6,
0239,
026d,
0160,
05b7,
0375,
0311,
02c6,
01e8,
01d0,
018b,
028a,
00d7,
0273,
0043,
00e4,
01fa,
0154,
01d9,
01fb,
026b,
007f,
00f9,
0158,
0000,
0000,
0000,
0000,
0000,
02ea,
015c,
0138,
01a6,
004e,
001a,
00b9,
0193,
01eb,
0000,
0000,
0000,
0000,
0000,
01b8,
0161,
0107,
0000,
001f,
0000,
0000,
0112,
024f,
0027,
0000,
02a7,
05aa,
0050,
0000,
01fe,
02c7,
00fe,
008a,
0068,
00db,
014b,
0000,
0000,
01b5,
07b3,
05e4,
0302,
0000,
001d,
00af,
00ba,
0000,
007b,
00cb,
0190,
0000,
016f,
0415,
06fe,
0610,
03ec,
0120,
00e7,
0154,
0214,
0202,
01c4,
0120,
0334,
0000,
0491,
05ce,
0657,
0469,
059c,
0578,
015f,
0000,
0132,
0227,
0132,
00b4,
0254,
017b,
04a4,
0496,
04f7,
04c8,
055e,
0526,
02c4,
0000,
0067,
0180,
00c8,
00b2,
0152,
011c,
010d,
027c,
070d,
062a,
0508,
03de,
0231,
0208,
025d,
021a,
0273,
01d6,
0149,
00f5,
0132,
02b8,
0576,
036b,
019a,
022e,
014b,
01e1,
0276,
0321,
0143,
0000,
0000,
01dd,
01e4,
03dd,
05a2,
0543,
05a4,
04a2,
0559,
042c,
045c,
05f1,
0591,
0023,
0000,
00cd,
00a9,
0243,
01cb,
00f7,
02b5,
0365,
0724,
04fc,
02bf,
0215,
03ee,
02bc,
01eb,
00e3,
0000,
0000,
0000,
00bc,
01ab,
0024,
0461,
0158,
0049,
025a,
0000,
000a,
0205,
03b4,
0462,
018d,
0182,
02e0,
030c,
00c7,
02c6,
03d6,
044f,
0337,
024b,
037a,
04f9,
0202,
0337,
03fe,
01fd,
01f3,
00ce,
0162,
0215,
0255,
0228,
0152,
0135,
00da,
0206,
034b,
0832,
0a4b,
049c,
0677,
0261,
022a,
00db,
0182,
00e1,
012f,
01dc,
005e,
00f6,
03c7,
07a5,
0a2e,
0745,
056a,
032e,
034b,
0339,
0342,
032d,
0112,
0000,
004f,
0000,
0456,
029b,
0380,
0338,
0000,
0179,
0340,
0263,
013e,
02b7,
00b0,
00d1,
0000,
0000,
03cc,
009f,
0031,
0004,
0000,
0020,
0158,
0000,
0000,
0000,
0000,
0000,
0000,
0000,
016b,
0000,
0000,
0000,
0000,
0000,
0000,
0000,
0000,
0045,
0000,
0000,
0000,
0000,
01ec,
0000,
0000,
0000,
0000,
0000,
0000,
0000,
0000,
0000,
0000,
0000,
0000,
0000,
0000,
0000,
0000,
0000,
0099,
0031,
0000,
0000,
0000,
0000,
0000,
0000,
0000,
0000,
0181,
00d5,
00f8,
0000,
0000,
0000,
0000,
0000,
0000,
0000,
01ec,
0001,
0000,
0000,
0000,
00df,
020d,
02d0,
0000,
0000,
0000,
0000,
0000,
008a,
00ad,
0027,
00dd,
00f6,
0229,
0273,
005e,
0255,
0000,
0165,
0280,
0000,
0000,
00a5,
0065,
0000,
0117,
0379,
0000,
0123,
0000,
01ae,
00f5,
002f,
00c0,
00ac,
007f,
0046,
0037,
0000,
0000,
0103,
0000,
0000,
0000,
003e,
0000,
0024,
0000,
0000,
0085,
0000,
005f,
008c,
0000,
0040,
0306,
0113,
0000,
0000,
0000,
0000,
0000,
0000,
0094,
0000,
0000,
0000,
0000,
0000,
0480,
0000,
0000,
0000,
0000,
0000,
0000,
0000,
0000,
0000,
0000,
0000,
0000,
0000,
0000,
0000,
0000,
0000,
0000,
0000,
0000,
0000,
0000,
0000,
0000,
0000,
0000,
0000,
0000,
0000,
0000,
0000,
0000,
0000,
0000,
0000,
0000,
0000,
0000,
0000,
0000,
0000,
0000,
0000,
0000,
0000,
0000,
0000,
0000,
0000,
0000,
0000,
0000,
0000,
0000,
0000,
0000,
0000,
0000,
0000,
0000,
0000,
0000,
0000,
0000,
0000,
0000,
0000,
0000,
0000,
0000,
0000,
0000,
0000,
0000,
0000,
01b3,
0000,
0000,
0000,
0000,
0000,
0000,
0000,
0000,
0000,
0000,
0000,
0000,
0000,
0000,
0000,
0000,
0000,
0000,
0000,
0000,
0000,
0000,
0000,
0000,
0000,
0000,
0000,
00a5,
0000,
0000,
0000,
0000,
0000,
0000,
0000,
0000,
0000,
0000,
0000,
0000,
0000,
0000,
0000,
00df,
0000,
0000,
0000,
0000,
0000,
0000,
0000,
0000,
0000,
0000,
0000,
0000,
0000,
003b,
0000,
0000,
0000,
0000,
0000,
0000,
0000,
0000,
0000,
0000,
0000,
0000,
0000,
00b5,
0000,
0000,
0000,
006f,
0000,
0000,
0000,
0000,
0000,
0000,
0000,
0000,
0000,
0000,
0000,
0000,
0000,
0000,
0000,
0000,
0000,
0000,
0000,
0000,
0000,
0000,
0000,
0000,
0000,
0000,
0000,
0000,
0000,
0000,
0000,
0148,
00ac,
0000,
0000,
0000,
014e,
003c,
0000,
0000,
0000,
0000,
0000,
0000,
0000,
0000,
0000,
0000,
0000,
0000,
0000,
0000,
0000,
0000,
0000,
0000,
0000,
0000,
0000,
0000,
0000,
0000,
0075,
0000,
0000,
0000,
0000,
0000,
0000,
0000,
0000,
0000,
0000,
0000,
0000,
0000,
0000,
0000,
0000,
0000,
0000,
0000,
0000,
0000,
0000,
0000,
0000,
0000,
0000,
010f,
0000,
0000,
0000,
0000,
0000,
0000,
0000,
0000,
0000,
0000,
0000,
0000,
0000,
001a,
0082,
0000,
0000,
0000,
0000,
0000,
0000,
0000,
003d,
0000,
0000,
0000,
0000,
0000,
001c,
0000,
0004,
0039,
0000,
0000,
0000,
0004,
0024,
0000,
0000,
0000,
0000,
0000,
0000,
01a6,
01b5,
0000,
0000,
0000,
0000,
0000,
005d,
0000,
0000,
0000,
0000,
004a,
0035,
0006,
0038,
008f,
0000,
0000,
0000,
0000,
0000,
0014,
0000,
0000,
0000,
0000,
0085,
00f1,
0000,
01a3,
0000,
0000,
0000,
0000,
0000,
0000,
0000,
0000,
0000,
0000,
0000,
0000,
0000,
0000,
0000,
0000,
0000,
0000,
0000,
0000,
0000,
0000,
0000,
0000,
0000,
0000,
0000,
0000,
0000,
0000,
0000,
0000,
0000,
0000,
0000,
0000,
0000,
0000,
0000,
0000,
0000,
0000,
0000,
0000,
0000,
0000,
0000,
0000,
0000,
0000,
0000,
0000,
0000,
0000,
0000,
0000,
0000,
0000,
0000,
0000,
0000,
0000,
0000,
0000,
0000,
014b,
0000,
0000,
0000,
0000,
0000,
0000,
0000,
0000,
0000,
00dc,
0000,
0000,
0000,
0000,
0000,
0077,
0000,
0000,
001b,
0000,
0000,
0005,
0000,
0000,
0000,
0000,
0000,
0000,
0000,
0000,
0000,
0000,
0023,
0000,
0028,
0000,
0000,
0000,
0045,
0000,
0000,
0000,
0000,
0000,
0000,
0000,
0000,
0010,
010c,
008f,
011c,
0000,
0000,
0000,
0000,
003a,
0000,
0000,
00e2,
00b7,
0000,
0000,
0000,
0050,
0000,
0008,
01a0,
0308,
024b,
013c,
0135,
001c,
0000,
0000,
00d1,
00ad,
00af,
01de,
014d,
00d9,
0321,
0318,
0212,
016b,
0290,
018a,
0000,
0000,
0000,
00ee,
009e,
0218,
0184,
0097,
029b,
02db,
02a3,
0334,
0407,
02df,
0146,
0000,
007b,
0114,
008d,
0184,
00e0,
003a,
0240,
0334,
02f9,
03fb,
02b2,
0281,
019c,
00cf,
0037,
0268,
0076,
0184,
00ef,
00c3,
0000,
0087,
0189,
01f6,
0272,
020a,
01eb,
00a2,
0000,
0023,
014e,
03ce,
0000,
006d,
0000,
0000,
0000,
0325,
04f9,
0214,
01ec,
01d9,
0087,
00f4,
006a,
0176,
002d,
0000,
0000,
0000,
0000,
0330,
0280,
0000,
01e0,
0145,
0379,
02e8,
01ea,
005e,
00bc,
0000,
0000,
017e,
01a5,
0250,
0058,
01e6,
005f,
0029,
0122,
013b,
0161,
0128,
0000,
0000,
0181,
00cf,
01e1,
00a4,
0000,
00b0,
0000,
0000,
0000,
0000,
0178,
00fa,
0000,
0081,
0014,
0000,
0000,
00c8,
0134,
01b0,
005c,
0000,
0180,
0000,
0123,
0000,
0000,
0138,
00c1,
0189,
008a,
014e,
0000,
0014,
00cc,
01a6,
00a9,
0000,
0000,
00c2,
008e,
02b1,
0147,
01bc,
02b0,
0254,
0140,
00e8,
005e,
01cb,
012a,
0119,
007e,
0107,
0056,
018b,
00c9,
01c0,
0124,
01ce,
013b,
01cb,
006d,
00b0,
005a,
0163,
001e,
00e4,
0075,
0062,
0000,
017d,
018a,
0074,
014c,
00c6,
01ab,
0281,
0144,
00a4,
0144,
01e8,
022b,
001d,
00c9,
0196,
01e0,
019b,
018a,
011f,
00a4,
0162,
0193,
00b8,
014f,
01da,
026a,
0000,
0000,
008f,
007e,
00e6,
012a,
01a8,
015d,
0178,
0071,
017b,
00d0,
01aa,
01e2,
0000,
00bf,
007f,
013b,
0112,
01d8,
0184,
01a2,
0113,
0071,
0192,
0140,
0130,
0162,
004e,
0145,
0108,
00ef,
00e1,
0159,
011f,
016d,
0135,
009b,
01fa,
018a,
0141,
00c7,
0282,
0187,
01e7,
014e,
0153,
00cd,
0176,
0189,
01a6,
01eb,
018a,
003d,
0190,
012f,
0102,
0223,
028c,
00a9,
00c2,
00ce,
00c2,
0128,
0132,
019e,
014a,
00b8,
00c7,
00ff,
0253,
0091,
0181,
00c7,
002e,
016e,
0217,
010d,
0111,
0274,
0188,
015a,
0147,
0099,
010f,
00ad,
00d9,
0237,
012d,
0007,
010d,
007a,
0150,
0215,
01cd,
01a9,
02e6,
028b,
01ae,
01b8,
012e,
01cf,
015f,
0081,
010d,
00ba,
01d4,
00d3,
0179,
01eb,
019d,
01ac,
0083,
002b,
0000,
022f,
01ac,
025e,
0252,
0000,
0000,
0048,
0000,
0000,
018d,
0155,
0181,
0000,
0000,
0493,
0037,
0016,
00e4,
0246,
01a5,
01b2,
016d,
016b,
01f1,
00a2,
01e5,
0000,
0000,
017f,
0000,
0354,
011e,
00f1,
00ad,
0157,
0103,
00a9,
0000,
0107,
01e1,
0000,
01b7,
0178,
0165,
045a,
018b,
00ae,
0000,
0153,
0000,
0000,
0076,
0176,
0000,
00cf,
00be,
0000,
00bc,
042b,
0587,
0042,
021d,
0144,
0059,
00a3,
0094,
0064,
02ca,
01d3,
0020,
0000,
0014,
01f1,
04e7,
01b5,
007b,
00a6,
0145,
00b2,
006f,
00dd,
014d,
00e4,
0021,
0000,
0000,
001b,
00a1,
04b7,
036b,
0151,
017a,
013b,
0243,
00b1,
02b0,
009a,
0000,
0000,
0000,
0000,
005c,
0321,
05d9,
01f7,
017e,
0216,
0130,
018e,
04ff,
0288,
0000,
0062,
0000,
0004,
0033,
01e4,
0688,
0474,
0135,
0141,
00b0,
017e,
02a1,
0351,
0224,
0182,
01d0,
00a5,
0078,
00e2,
02a8,
02e0,
0174,
0000,
016a,
0190,
0112,
0211,
018e,
0243,
024c,
0000,
0000,
00b6,
01a2,
00f4,
0099,
0109,
01e7,
0376,
0299,
020b,
01cb,
00b8,
014c,
0000,
0000,
0111,
010a,
003d,
00b5,
0272,
0124,
0351,
01ca,
010d,
002d,
0000,
01b5,
0108,
0000,
005a,
00dd,
0000,
0102,
00bb,
0018,
0133,
01d6,
002a,
00be,
0175,
0083,
0203,
015c,
00a6,
009c,
0000,
0015,
0039,
0089,
01aa,
00ec,
013e,
04e9,
026d,
0000,
0000,
0124,
0000,
0341,
010d,
0217,
00ea,
0124,
010f,
017f,
03d1,
05f9,
061b,
027c,
0162,
0000,
0000,
009c,
015f,
0283,
00ef,
00c2,
025e,
0096,
049c,
03be,
056f,
04ff,
034f,
015d,
01e7,
0000,
00b3,
01fc,
019c,
005a,
010a,
0068,
02f8,
022f,
0176,
0308,
0449,
02ac,
0032,
0000,
00a0,
0036,
01c2,
0127,
006c,
01e6,
01ac,
01aa,
0201,
037b,
05c0,
028f,
0000,
0000,
0021,
0057,
0000,
0184,
025f,
019e,
01a2,
011e,
01d5,
0356,
053a,
06ad,
054a,
01de,
018a,
016b,
0144,
0197,
0219,
0097,
0097,
0163,
024a,
0295,
031b,
05f5,
06b5,
03a5,
0285,
0143,
017e,
02d7,
0168,
0034,
0149,
0214,
0291,
01db,
025b,
040a,
067b,
0598,
0434,
016d,
0151,
027d,
0290,
01d0,
0084,
013f,
0199,
013c,
023e,
03d2,
0561,
0765,
047e,
0203,
02c1,
0311,
0305,
003a,
0194,
02bb,
00f1,
00e2,
01f0,
03cd,
048f,
063a,
0575,
037b,
051e,
04ad,
0267,
03c4,
0255,
020e,
0165,
0085,
02ae,
0435,
0335,
042c,
0589,
0273,
02e9,
0329,
02d8,
0000,
01b3,
0276,
0136,
01fa,
01f0,
01c6,
01cf,
037b,
02a8,
00c9,
01b1,
0373,
01ca,
0312,
035e,
0492,
0155,
0330,
03e4,
0153,
01a9,
0176,
016b,
0181,
02bb,
034d,
0340,
0174,
01e6,
040d,
030c,
03db,
02f8,
02ff,
0378,
012e,
0275,
0204,
01c8,
01b2,
02bb,
00fa,
0248,
0000,
0000,
0000,
0000,
0000,
0000,
0000,
0000,
0000,
0000,
00b8,
0000,
03ef,
0000,
0000,
0000,
0000,
0000,
0000,
0000,
0000,
0000,
0029,
000f,
00e9,
0000,
0000,
0000,
0000,
0000,
0000,
0000,
007a,
0000,
0000,
0000,
0000,
0000,
0000,
0000,
0000,
0000,
0099,
0000,
0000,
0000,
0000,
0000,
0000,
0000,
0000,
0000,
0000,
0000,
0000,
0000,
0000,
0000,
0131,
0000,
0000,
0000,
0000,
0000,
0000,
0000,
0000,
0000,
0000,
0000,
0000,
009f,
00e3,
01d8,
0000,
0000,
0000,
0000,
0000,
0000,
0000,
0000,
0039,
0000,
00d9,
00fc,
0081,
01b3,
0039,
0000,
0000,
0000,
0000,
0000,
0000,
0000,
0005,
0172,
00e6,
00ca,
0000,
0000,
0000,
001c,
0000,
0000,
0000,
0000,
0000,
0000,
0000,
000e,
0110,
00c1,
0000,
0035,
0142,
0108,
0000,
0000,
0000,
0000,
0000,
0000,
0000,
0000,
0000,
0140,
0125,
0171,
008e,
0182,
0000,
0000,
0000,
0000,
0000,
0000,
0000,
0000,
0000,
0132,
0169,
00e3,
0000,
0000,
0128,
0000,
0000,
0000,
0000,
0000,
0000,
0000,
0000,
00a6,
0187,
00f0,
0094,
0195,
00b1,
0000,
002d,
013d,
0173,
0000,
0000,
0000,
0000,
0000,
0000,
0000,
0000,
007a,
0000,
0000,
0000,
0000,
0000,
0000,
0000,
0000,
0000,
0000,
0000,
0000,
0000,
0000,
0000,
0000,
0000,
0000,
0000,
0000,
02b8,
02ea,
014d,
01c0,
027b,
04a8,
01eb,
01e0,
0251,
01f8,
017e,
01b6,
02e3,
02da,
02a9,
01c3,
006b,
0147,
02f0,
02a1,
01f9,
024f,
02b4,
0183,
01ab,
01cd,
0317,
01ce,
02a7,
0352,
02c1,
01f8,
026b,
0234,
0146,
017b,
02df,
027d,
01fe,
0262,
0436,
036d,
01bc,
025f,
0405,
0274,
01e0,
01f8,
0179,
01d5,
02cc,
0268,
01b0,
01a2,
0455,
0322,
00ee,
028a,
0410,
01fc,
0069,
0111,
020d,
0249,
0241,
02b7,
028e,
02b4,
03b5,
057d,
029a,
01e6,
01b8,
0145,
0098,
0099,
0209,
0321,
032b,
0373,
03da,
02b3,
0203,
011c,
0179,
0217,
013a,
00ce,
00b4,
0112,
0138,
00c0,
0223,
01e2,
01fc,
0115,
01c1,
00b4,
011c,
00fd,
0106,
0137,
00a8,
00a6,
0069,
0099,
01cd,
01fd,
017f,
01f5,
0123,
00c4,
009f,
0247,
016b,
00d2,
0000,
0087,
00b8,
011a,
00f6,
0250,
0275,
020c,
0175,
020e,
01b5,
020e,
01f4,
022f,
00f7,
00ac,
0153,
016d,
0097,
0206,
019a,
0208,
0313,
02d5,
0122,
0276,
01ac,
02a4,
01b1,
02d6,
0471,
0333,
029b,
0197,
00ec,
01da,
031d,
03c3,
01d2,
0304,
01bb,
013f,
0108,
0077,
0239,
01eb,
020a,
017d,
01d7,
0201,
026a,
0319,
0174,
02bc,
0148,
0226,
01a1,
0343,
0342,
0190,
031d,
02c6,
03dd,
02bc,
03d0,
03ff,
0261,
021b,
0261,
015d,
019b,
02e3,
028f,
0332,
02f2,
01ee,
0272,
0223,
0304,
02ac,
0084,
013f,
0202,
01fb,
01f0,
039f,
00d9,
00e7,
00e5,
014d,
0144,
01c9,
01ef,
011a,
0112,
016f,
02b9,
0138,
01c4,
0227,
0101,
00ee,
026b,
016b,
0159,
0247,
01bf,
002f,
00f5,
0297,
02fe,
01e4,
024c,
017d,
0214,
0209,
0272,
01e4,
0142,
013a,
0173,
010d,
01d8,
02d0,
0279,
02c7,
02c6,
01bc,
01da,
01af,
02ff,
01ee,
0147,
0076,
0116,
006d,
0245,
019a,
023a,
0317,
02ce,
01ef,
0166,
0236,
0296,
01c5,
00ec,
014a,
0092,
00e1,
026a,
0273,
03b7,
034a,
02b7,
0241,
016f,
0103,
0133,
014b,
012d,
0126,
00d6,
00e5,
01fd,
02f4,
02f2,
0372,
02b6,
021b,
01e4,
0135,
0181,
0263,
0194,
020c,
020b,
011f,
0221,
02c0,
037f,
0347,
0275,
02b8,
0253,
01bb,
0183,
0140,
01d3,
0249,
01d4,
01ce,
0133,
01f2,
02b4,
029e,
0317,
02af,
02b2,
023c,
00dc,
016c,
01f6,
01f9,
015b,
01cd,
00a0,
0000,
0209,
039f,
03e3,
0351,
031b,
0345,
0167,
01da,
0270,
038c,
02b3,
01f4,
0107,
0112,
0220,
028a,
03a9,
0351,
0237,
02fa,
02e1,
0231,
0309,
0287,
0346,
02dd,
01bc,
014a,
0204,
026a,
02aa,
0330,
02f8,
0364,
02bf,
0307,
0348,
0336,
030a,
03ac,
018c,
01d9,
011f,
017d,
0114,
0208,
0234,
039c,
03a0,
02f1,
029b,
01ed,
02ff,
035a,
0186,
010d,
007f,
0194,
00ef,
01e1,
014e,
0212,
0257,
010b,
0164,
0188,
01c0,
0100,
022d,
0160,
0000,
0007,
0000,
0000,
02d0,
0000,
0039,
0000,
0065,
0262,
02de,
01a0,
019f,
002e,
0000,
0000,
00fd,
0136,
004e,
0000,
0084,
0000,
0077,
0214,
01a0,
0033,
020a,
0000,
0000,
0000,
0000,
0000,
00f0,
0000,
0000,
002d,
0056,
0060,
0000,
009e,
00d1,
00f7,
0000,
0000,
0000,
0000,
013a,
0000,
0032,
0000,
0068,
0000,
0000,
0000,
0000,
00e2,
0000,
0000,
0000,
0000,
0000,
0000,
0119,
0063,
0000,
005f,
004c,
0000,
0000,
0000,
0000,
0000,
007e,
0000,
0000,
0000,
0000,
00b1,
0000,
00dd,
00b1,
0000,
0000,
0000,
0000,
0000,
0000,
0000,
0000,
0000,
0026,
0198,
018d,
0059,
0056,
0103,
0000,
0000,
0000,
0000,
0000,
0000,
005d,
0000,
0000,
0000,
00aa,
00ba,
0000,
0140,
0000,
0000,
0000,
0000,
0000,
0000,
003b,
002b,
0000,
0007,
00f4,
0000,
0000,
014b,
01cd,
0000,
0000,
0000,
0000,
0000,
0079,
0000,
0000,
0000,
0022,
0000,
0000,
0000,
0015,
003f,
0000,
0000,
0000,
0000,
0000,
0000,
0000,
0000,
0000,
0000,
0000,
0000,
0159,
0000,
0000,
0000,
0000,
0000,
0000,
0000,
0000,
0000,
0000,
0000,
0000,
0000,
0285,
0000,
0000,
0000,
0000,
0000,
0000,
0000,
0000,
0000,
0000,
0000,
0000,
0000,
0222,
0011,
0053,
004a,
016b,
0048,
0000,
0000,
0000,
0000,
0006,
0174,
00b1,
00bc,
01e8,
019c,
01e6,
026d,
016f,
016b,
02ae,
01cf,
0232,
01f7,
0311,
02eb,
03ce,
0375,
028e,
0186,
0318,
03bb,
02ab,
0252,
01c5,
0193,
0235,
02f2,
02bf,
02c1,
02c5,
012d,
01d2,
0398,
0264,
02b9,
0403,
02f8,
0210,
01a3,
01a0,
016b,
0137,
02b1,
0138,
0189,
013e,
04b4,
0393,
0191,
01e7,
01b8,
02b2,
01f7,
01e2,
0123,
00b6,
0024,
0000,
00dd,
02aa,
041a,
01a1,
011e,
002b,
0177,
0314,
0152,
02f9,
0227,
0103,
00ce,
006b,
00c3,
01f0,
0000,
0000,
01af,
00e5,
00d4,
01f7,
00b5,
0000,
0060,
0000,
004b,
0019,
0045,
027c,
0000,
0018,
0011,
0111,
01af,
0169,
015c,
0108,
008d,
0000,
0000,
0000,
0098,
0123,
0000,
008d,
0058,
00cf,
0127,
00c7,
0071,
00fa,
0000,
0000,
0000,
0072,
00ce,
0164,
0152,
019f,
0000,
0000,
0070,
00cf,
0061,
00f5,
00a1,
0000,
0000,
0000,
0000,
0093,
0178,
01e5,
01b1,
002f,
0090,
0126,
0000,
00a2,
023f,
0382,
018d,
000d,
0088,
0000,
0081,
028c,
0202,
0200,
0000,
00a1,
0065,
0093,
00da,
0287,
00e1,
001c,
0031,
00ce,
0111,
0115,
00ee,
0133,
00c8,
0105,
0085,
00bf,
01cd,
022d,
00c7,
002a,
0006,
0000,
0000,
0082,
00fe,
0087,
0185,
0042,
0000,
006d,
0107,
0154,
0177,
00ed,
0160,
0000,
0000,
0000,
0000,
00bf,
0000,
0000,
00a8,
010b,
0000,
00ab,
0000,
0043,
0035,
0000,
0000,
0000,
0000,
0000,
0000,
0000,
0000,
0000,
0000,
0000,
0000,
0000,
0000,
0000,
0000,
0000,
0000,
0000,
0000,
0000,
0000,
0000,
0000,
0000,
0000,
0071,
0000,
0000,
0000,
0000,
0000,
0000,
0000,
0000,
0000,
0000,
0000,
0000,
0000,
0000,
0000,
0000,
0000,
0000,
0000,
0000,
0000,
0000,
0000,
0000,
0000,
0000,
0000,
0000,
0000,
0000,
004d,
0065,
0000,
0000,
0098,
0000,
0000,
0000,
0000,
0000,
0000,
0000,
0000,
0000,
0000,
0000,
0000,
0000,
0000,
00dc,
0000,
0000,
0000,
0000,
0000,
0000,
0000,
00aa,
0000,
0000,
0000,
0000,
0000,
0000,
0000,
0000,
0000,
0000,
0000,
0000,
0000,
00b0,
0000,
0000,
0000,
0000,
0000,
0000,
0000,
0000,
0000,
0000,
0000,
0000,
0000,
0000,
0000,
005c,
0000,
0000,
0000,
0000,
0000,
0000,
0000,
0000,
0000,
0000,
0000,
0000,
0000,
000e,
0000,
0000,
0000,
0000,
0000,
0000,
0000,
00df,
0000,
0000,
0000,
0000,
0000,
0000,
0000,
0017,
0000,
0000,
0000,
0000,
0000,
0069,
0000,
0000,
0000,
0000,
0000,
0000,
0000,
0000,
0000,
0000,
0000,
0000,
0000,
0000,
0000,
0000,
0000,
0000,
0000,
0000,
0000,
0000,
0000,
0000,
0000,
0000,
0000,
0000,
0000,
0000,
0000,
0000,
0000,
0000,
0000,
0000,
0000,
0000,
0000,
0000,
0000,
0000,
0000,
0000,
0000,
0009,
0000,
02a2,
0000,
0242,
02f9,
001b,
0000,
013e,
0000,
0000,
0000,
0000,
0000,
0000,
01a3,
0298,
0177,
0125,
0000,
011d,
0458,
024c,
0000,
0000,
0000,
0000,
0000,
006f,
0199,
037b,
0293,
0367,
0000,
0000,
00b8,
01ab,
00f9,
0000,
0000,
0109,
0164,
008e,
03c4,
04f0,
041f,
01dd,
020d,
0021,
0000,
0046,
0118,
00cc,
0027,
009b,
0158,
0018,
0000,
0335,
0021,
0000,
0003,
001b,
0285,
0156,
0078,
0268,
00ba,
011f,
00cf,
0000,
0000,
0000,
0000,
0000,
0000,
01ba,
0074,
015a,
003c,
0176,
0131,
00e6,
0258,
0000,
0000,
0000,
0000,
0000,
0000,
0000,
023b,
01bd,
0000,
0000,
00b4,
016a,
009b,
0072,
0000,
0000,
0000,
0000,
0000,
0000,
00eb,
01e0,
014d,
0233,
020d,
0176,
0000,
0164,
0000,
0000,
0000,
0175,
0000,
0000,
0000,
00a3,
0135,
02fa,
0346,
02f7,
02ae,
02ba,
0062,
0000,
0000,
0000,
0000,
0000,
0000,
00fe,
010c,
0000,
005a,
00bd,
02b0,
0187,
0000,
0084,
0000,
0000,
00d5,
002a,
0046,
0000,
0000,
0000,
0135,
0182,
0280,
0205,
0069,
02ec,
0000,
0000,
0000,
002a,
0000,
0000,
0000,
0000,
0000,
00f6,
032f,
0284,
0495,
033b,
0145,
0281,
01bc,
03cf,
0263,
000f,
010b,
00f2,
0000,
0262,
0136,
04b5,
0519,
04f0,
0417,
024d,
02ac,
03f1,
0141,
02d3,
032c,
0195,
0365,
02a4,
0305,
0000,
0000,
018b,
034b,
0052,
0220,
03d4,
01b7,
00c5,
0473,
02a9,
0408,
01b6,
034c,
001e,
012a,
0063,
011d,
0060,
009a,
0265,
0416,
0138,
03b8,
02b8,
043c,
0413,
0146,
02ff,
0094,
0000,
0011,
0000,
01e1,
00b0,
03d2,
0000,
02f2,
03ab,
0071,
0002,
015c,
0000,
02ec,
02a9,
04b6,
0324,
060f,
02de,
003e,
0044,
01f2,
0297,
0000,
0000,
0000,
0000,
007a,
0000,
0184,
0255,
01ef,
02c0,
0006,
02a8,
01e3,
0000,
0000,
012b,
0000,
0000,
0000,
0000,
0026,
000d,
01ba,
01b5,
0000,
0012,
001e,
0000,
01e5,
014a,
01b8,
0000,
0000,
0000,
0000,
0000,
0000,
0000,
01ba,
0055,
0212,
0000,
0187,
0000,
0000,
001c,
0000,
0000,
0000,
0000,
0000,
0092,
0065,
02d4,
0000,
0024,
0000,
0000,
0000,
0000,
0000,
0000,
0000,
0000,
0000,
0000,
00c4,
00ae,
025a,
00d6,
0000,
0000,
0000,
0000,
0063,
0000,
0171,
0000,
0000,
00e1,
0085,
0023,
065c,
0627,
0000,
0000,
0079,
0000,
01c3,
00e4,
0321,
0000,
0000,
0000,
0232,
00f0,
034e,
03b5,
00c0,
0000,
0093,
0073,
0255,
00b2,
0535,
0000,
0000,
0099,
03c4,
02e1,
0161,
016b,
0576,
0054,
0683,
0093,
0000,
0067,
0261,
0000,
0000,
0147,
02ea,
0594,
0249,
025d,
03b2,
00ca,
04bb,
01b6,
0000,
0000,
0135,
0000,
0102,
0000,
00b4,
0339,
02eb,
0268,
012e,
0000,
018f,
0315,
0378,
03b5,
0410,
0382,
028a,
0233,
0404,
03a8,
032b,
030f,
02bd,
02d6,
03d8,
02db,
03be,
02fb,
0410,
03c8,
0307,
0258,
020c,
0330,
0341,
02f4,
02fa,
0270,
02f3,
0299,
047c,
049a,
0417,
0293,
0349,
02cc,
0281,
027c,
02ee,
026c,
0315,
0309,
02da,
02f9,
026d,
0468,
045a,
0466,
044b,
0351,
0335,
0344,
039b,
035e,
02fe,
0366,
0407,
0490,
03a5,
03cb,
04ab,
0509,
0477,
0484,
03cb,
0391,
0341,
02f0,
029c,
0258,
00bf,
03ac,
03df,
0479,
051f,
0506,
0485,
047e,
0371,
024f,
0286,
02a0,
022b,
018b,
01cd,
035e,
0441,
048d,
049e,
04f0,
0505,
0434,
0336,
028c,
021e,
0219,
024e,
019b,
01ec,
0398,
03e8,
0444,
04e5,
055a,
0500,
047d,
0381,
0296,
0148,
01a6,
0254,
0256,
0163,
0302,
04e3,
04d2,
04e0,
04a2,
048f,
04cc,
03f6,
03a7,
021f,
01ea,
01dc,
01d6,
01bb,
0184,
0362,
050c,
058f,
045f,
045d,
0465,
0480,
0390,
03d0,
0332,
035d,
030c,
0266,
00d3,
01d6,
0432,
0546,
047e,
0473,
04b1,
04aa,
0475,
0446,
043f,
03d9,
03ca,
0359,
0265,
037d,
0321,
0492,
04d5,
04b4,
0522,
0521,
0444,
0470,
04db,
047e,
03a3,
0439,
019f,
02b9,
032c,
02d3,
02d3,
0425,
04d6,
0454,
04ab,
0478,
04dd,
0461,
03cc,
03f1,
0104,
021d,
01b1,
01a1,
0214,
01d4,
0272,
02e2,
0293,
0275,
020f,
0200,
00cc,
011b,
0091,
0056,
0294,
0194,
0000,
0065,
0120,
02e1,
0130,
0096,
0000,
0000,
0000,
0000,
004e,
024e,
0552,
0532,
025e,
00ff,
0034,
0186,
00a2,
0000,
006f,
0000,
0000,
00b4,
0003,
0267,
0387,
0625,
052d,
029a,
0015,
00b8,
00ce,
0081,
0083,
00c0,
00e5,
00ca,
0000,
01ae,
0348,
03f7,
040d,
035f,
0007,
010e,
0047,
0089,
00d6,
025e,
0208,
0278,
02c0,
0392,
0377,
03fe,
042b,
04c5,
01be,
00fc,
0190,
00ef,
01e8,
00c1,
0265,
03f9,
010a,
03fb,
02c6,
0380,
0331,
04cc,
04b3,
02f8,
02c0,
01c5,
023c,
017d,
021c,
024d,
0000,
02ab,
02bf,
033e,
03da,
040c,
053a,
04a4,
0319,
00d8,
0136,
016d,
01b4,
01b5,
0132,
030b,
02b2,
02e0,
032c,
032c,
040c,
04ed,
03a6,
01f1,
019f,
018b,
019f,
012d,
024a,
0276,
02a6,
02c6,
02b7,
031e,
0336,
045d,
04b3,
029c,
0166,
01db,
01c9,
017e,
0144,
0215,
02a5,
01ea,
0297,
0358,
03c9,
03a4,
05a7,
047b,
0225,
02ce,
0221,
02c3,
01d6,
0188,
03b4,
02b0,
0240,
023c,
03e1,
034e,
0417,
047e,
03cc,
051d,
03f2,
0239,
00f8,
0208,
0441,
02f4,
01cd,
02b3,
02e2,
0315,
0428,
03aa,
033a,
038a,
03ec,
02f4,
00f9,
01ec,
0335,
01a8,
01c4,
02bf,
02cd,
030b,
0303,
02ec,
02b6,
025d,
0325,
0333,
0286,
01fa,
0256,
01e7,
0248,
02a0,
0236,
0315,
026a,
0331,
027f,
0201,
0283,
02a3,
0000,
0007,
0000,
0109,
0000,
0144,
00aa,
043c,
0237,
010c,
0078,
0189,
0000,
0000,
0000,
00c0,
0227,
012b,
001b,
0077,
00db,
01f8,
031e,
01cd,
0145,
0065,
0000,
00a3,
0083,
025b,
0000,
0000,
03f6,
04a1,
021d,
01a0,
00f4,
0073,
017e,
0170,
0000,
0000,
0137,
0357,
011b,
0000,
02bd,
024a,
0269,
021d,
0014,
0105,
0194,
01aa,
00bc,
0000,
02c8,
001d,
00ae,
006c,
0199,
01b3,
00cd,
0000,
01cb,
0049,
0036,
0000,
00bb,
0323,
0347,
0294,
025e,
0020,
007e,
013b,
0000,
0000,
000c,
0000,
0000,
0059,
02b8,
02b7,
01e1,
0182,
0172,
00b9,
00c4,
014a,
0000,
0000,
03d5,
00b6,
0028,
01b1,
0245,
0160,
0222,
0201,
0050,
0000,
0019,
0193,
0201,
01cd,
01ac,
0174,
0000,
00fb,
0264,
01ec,
0000,
0000,
014b,
0045,
0177,
016f,
00db,
011d,
0129,
00b6,
00ab,
0154,
00e8,
009b,
02fc,
0076,
0000,
0000,
0183,
0316,
034a,
00ee,
01bf,
0000,
00b7,
0000,
0000,
01c5,
0245,
0155,
01a9,
014a,
0127,
0126,
01bf,
00b0,
0114,
017e,
0014,
0056,
01f1,
03ee,
0117,
019b,
0000,
008c,
0110,
0201,
0000,
00cd,
0174,
0164,
003f,
0033,
008e,
03e0,
00a4,
004a,
0000,
000a,
0000,
0000,
0000,
0000,
0000,
0000,
0000,
0000,
0000,
0000,
006f,
0010,
0072,
02ac,
01d0,
0000,
0000,
0000,
0000,
0100,
00f6,
0207,
0289,
01e2,
0124,
0233,
0199,
0129,
02f3,
01dd,
0077,
0000,
0009,
01be,
0266,
019c,
0367,
030d,
0238,
0123,
0000,
0144,
0296,
01e9,
0119,
0050,
0054,
0226,
0222,
0321,
0347,
020a,
0244,
017f,
02c3,
0202,
0000,
0000,
018c,
0214,
01a6,
02a1,
02f0,
02fc,
03aa,
0317,
023b,
012e,
0336,
03c0,
012d,
021b,
0217,
01e2,
028f,
031a,
0219,
01d0,
0349,
02d8,
0000,
0196,
0254,
01f7,
021e,
0208,
0354,
0287,
0173,
02c2,
02a3,
028c,
01c9,
002c,
0176,
0195,
01fd,
01c5,
0226,
0224,
02f9,
027e,
0302,
03cf,
0419,
0302,
010c,
017d,
00f4,
02f5,
0286,
0254,
01ed,
01dc,
022c,
0234,
015d,
0396,
035c,
033a,
02e7,
0230,
00f1,
0311,
023c,
0355,
0219,
00bb,
011a,
0240,
0206,
02a4,
0397,
0346,
02d7,
028c,
025a,
0395,
0183,
0333,
01c7,
0227,
0213,
02f5,
016c,
02af,
0353,
0304,
02f4,
0389,
01aa,
02df,
01bb,
030c,
0204,
023d,
0219,
035f,
0180,
0247,
0098,
0191,
038b,
0265,
01cb,
027f,
0000,
016d,
028e,
030c,
01e0,
02e0,
0348,
0279,
01ea,
025e,
0277,
0254,
0203,
029e,
0000,
012c,
01da,
0103,
0329,
02f6,
022d,
015f,
0209,
03fc,
02fc,
01e7,
022d,
03b0,
02ba,
0294,
0317,
0330,
020e,
0221,
0393,
02a5,
02f9,
032f,
01dc,
0227,
0227,
02f8,
03ca,
02b8,
02b6,
0310,
02d4,
0257,
0278,
025f,
01a3,
01e4,
012c,
0138,
0282,
0216,
023f,
02c6,
01ba,
038d,
01f0,
01e7,
0345,
0059,
00dd,
00f7,
01b8,
0229,
028b,
01f8,
0103,
0077,
036a,
0418,
01fc,
0300,
0253,
00a4,
0288,
0221,
038e,
01ad,
012b,
0287,
0291,
01c1,
0305,
017e,
00a3,
0208,
030a,
02ab,
00df,
023f,
038d,
02ea,
0000,
01d1,
00b7,
0200,
010d,
0000,
0030,
0123,
02c7,
024d,
014a,
02b6,
033c,
032b,
00ff,
03c6,
0555,
0322,
0043,
0000,
003e,
019e,
0336,
0393,
030b,
0235,
0406,
03b1,
00e6,
00b1,
017c,
0205,
00de,
00fd,
0159,
03a2,
033f,
0366,
02ed,
0261,
002a,
0000,
0140,
027c,
0246,
0166,
00f8,
0255,
01f6,
004a,
0000,
0156,
0117,
00a9,
00d2,
0000,
0000,
0000,
017f,
013a,
0169,
01ee,
008b,
0000,
0000,
00cd,
005d,
00ba,
00b0,
0000,
0033,
0114,
01ed,
01f6,
0066,
0000,
0115,
0000,
0000,
0101,
0188,
013b,
007b,
0098,
0000,
0000,
01ca,
0294,
0076,
009d,
01a6,
00ac,
0071,
0120,
0170,
0246,
03ac,
01c6,
0000,
0000,
0000,
015d,
01f4,
04e1,
0647,
04b3,
029a,
017f,
0349,
0265,
02c4,
0234,
00b8,
0002,
0039,
0000,
0054,
0100,
007f,
018a,
020f,
0180,
01df,
0000,
016d,
0064,
011d,
0297,
02e6,
00c9,
00b6,
0561,
0252,
0155,
040a,
047c,
0455,
02ec,
03b0,
0397,
004a,
0143,
012a,
006a,
0085,
0088,
0136,
01f4,
019c,
0026,
00a1,
0063,
0124,
0000,
0009,
0120,
0000,
012e,
0280,
0319,
02b1,
012f,
0213,
02c3,
02b9,
035a,
03c4,
021e,
0258,
030a,
04de,
01c7,
0301,
039f,
0484,
0468,
0471,
049c,
03d3,
042c,
03e9,
036b,
03f2,
048f,
0301,
01ce,
05bf,
042e,
0473,
04bc,
04ae,
03f1,
04d0,
03e0,
047c,
047f,
041d,
059e,
0389,
027c,
0343,
02c8,
053c,
03c0,
03f0,
0355,
046e,
032d,
0388,
035f,
033e,
03a9,
0440,
037b,
02a1,
016b,
02e2,
03d5,
03cf,
0404,
0466,
04e1,
040c,
0461,
04d7,
030a,
049a,
039c,
02be,
01a2,
0166,
032f,
0388,
03bc,
03a2,
044a,
03f1,
03b1,
051e,
0338,
0325,
02de,
0237,
0217,
00e8,
017e,
03a3,
03c1,
0368,
03b8,
0356,
040e,
03c4,
02bb,
02e0,
0308,
0301,
033e,
0192,
00d7,
02ee,
03b2,
0347,
0334,
0394,
043b,
0387,
03cd,
037c,
02e4,
0316,
0255,
023c,
0123,
0171,
03bc,
04a6,
0422,
0424,
042d,
0356,
0477,
0335,
03b9,
02c7,
0271,
0228,
01ad,
00a1,
02e0,
057a,
0450,
053a,
052d,
02b9,
03f9,
03b8,
03d8,
03b4,
042c,
02db,
0207,
014b,
01e2,
02bd,
0178,
02b9,
060b,
029e,
0333,
032e,
03fe,
03e3,
040a,
030a,
029d,
01fc,
0281,
029c,
01fa,
0146,
037c,
036a,
0380,
041e,
049f,
03fb,
040e,
03fb,
0419,
0353,
03cd,
03f0,
046a,
043d,
041d,
036e,
0488,
039d,
0484,
03c1,
03b9,
04e7,
0529,
051f,
0497,
0511,
04b3,
04bc,
057b,
0000,
010f,
0146,
021a,
0037,
0000,
0037,
0000,
020c,
005e,
011a,
018f,
02ed,
023d,
0000,
0382,
0497,
04da,
0324,
00f9,
0184,
01e6,
021a,
02ce,
02df,
0252,
01ea,
0184,
00c2,
03c3,
0000,
0000,
0418,
03e6,
01f8,
01e7,
0089,
00c8,
017a,
03b3,
00f9,
029a,
0193,
05f1,
01c4,
00a3,
010f,
02e9,
041f,
031c,
0258,
0217,
0108,
00ea,
0000,
027e,
0339,
03ec,
01f2,
0000,
0000,
00da,
04a2,
02dd,
0386,
0270,
01b8,
009f,
016d,
0154,
0002,
0000,
006d,
0000,
0000,
0000,
0411,
025a,
00b3,
0062,
000f,
0091,
0095,
00b3,
0027,
0000,
0000,
0000,
0000,
0000,
0000,
01f8,
0265,
008b,
002f,
0000,
0098,
007c,
0159,
0000,
0000,
0000,
008c,
001e,
0000,
0009,
031c,
017c,
0000,
0000,
00c4,
0096,
01ac,
0000,
0000,
0000,
0096,
0084,
0000,
0000,
01ec,
02e8,
013e,
0103,
0126,
00c5,
0081,
0272,
002a,
005f,
0000,
0000,
0000,
0000,
0000,
025c,
0379,
02c3,
02b9,
020c,
0005,
0000,
0130,
0102,
0068,
0044,
002f,
0000,
0000,
0000,
00dd,
0000,
0000,
0131,
0000,
00e1,
02ab,
01e6,
020f,
0091,
005f,
0000,
0000,
0013,
0000,
0000,
0000,
0000,
0049,
026b,
047f,
028c,
02b8,
03b6,
0164,
0075,
0033,
00d3,
0126,
0286,
014e,
0157,
0000,
0106,
0113,
0225,
01a2,
0254,
0389,
0260,
0205,
0233,
0203,
02a5,
0232,
029f,
010d,
00f3,
0000,
004f,
0033,
0000,
0000,
02ac,
00d5,
01b7,
0046,
0000,
0003,
0096,
001b,
0000,
00f8,
0011,
001e,
002f,
0127,
00a1,
0000,
003d,
002a,
0000,
0000,
0150,
00f2,
0036,
00fd,
0026,
0076,
00c9,
0054,
0000,
0105,
0029,
0102,
01c2,
0128,
0042,
01bd,
00f9,
00cb,
019b,
006f,
011c,
0019,
0206,
0000,
01cd,
01d3,
024c,
02f3,
0293,
0000,
0000,
0000,
0272,
0136,
0000,
0061,
0123,
0070,
016b,
0208,
0229,
02d6,
035c,
01d5,
02bf,
01d3,
0047,
00b0,
0081,
0000,
0000,
0252,
015e,
021c,
024c,
034f,
0242,
020f,
02a8,
01bd,
00d5,
0150,
01c6,
003b,
0000,
01fd,
019b,
01ef,
01ff,
01a6,
01a4,
01b7,
0218,
0000,
0000,
01e8,
020c,
013c,
0057,
0000,
0214,
00fc,
0124,
01b1,
005c,
01f7,
0154,
00e7,
01a4,
021c,
01c9,
0138,
011b,
0000,
00c9,
013c,
0215,
01a1,
011b,
01e9,
0169,
00ef,
0000,
0077,
01e3,
0228,
0170,
0098,
002b,
0000,
0000,
0000,
0120,
0217,
007b,
003a,
004e,
0000,
00a1,
027e,
01e3,
01d3,
01e7,
0093,
0171,
017b,
021e,
010e,
0130,
0122,
019c,
010f,
0147,
00da,
0091,
0215,
0142,
0123,
0073,
0120,
0268,
0090,
01bd,
00b1,
014b,
010e,
01c1,
00bf,
00e5,
0176,
0079,
00dc,
003e,
004a,
0000,
0197,
0157,
0304,
01f9,
0075,
00f8,
0187,
0077,
0000,
01af,
00fb,
0114,
019c,
00ee,
02da,
02ec,
0379,
033e,
038f,
0538,
03d2,
0377,
033b,
0344,
02db,
02d1,
037d,
0394,
0307,
0348,
03c7,
041e,
034d,
030e,
031d,
03a9,
03d7,
0300,
0339,
034f,
03c3,
032d,
032c,
0321,
038f,
036e,
0284,
034a,
02ec,
02e6,
032d,
031f,
0249,
0375,
036b,
0395,
0332,
035e,
03f9,
0429,
030e,
0322,
028a,
02f8,
0397,
0328,
02fb,
02bd,
039a,
0472,
03f2,
0491,
046d,
03ab,
01d1,
0258,
03d4,
040e,
03f3,
037b,
037d,
035d,
02e1,
0368,
0346,
02cc,
02ba,
0259,
0202,
01a9,
03bc,
03e3,
0244,
01e0,
0264,
0244,
01ac,
022c,
0264,
029f,
0217,
024a,
0237,
01cb,
019d,
0323,
02a9,
01c9,
01fa,
0185,
0193,
01f3,
038e,
0235,
0273,
027c,
0242,
01fe,
019c,
017a,
0327,
01d3,
01b6,
01ca,
01c1,
0143,
0373,
0397,
02c2,
026c,
0232,
01ee,
01ac,
017e,
0222,
02df,
020a,
022a,
01a8,
0198,
01bf,
034d,
035c,
03eb,
02b4,
01fb,
019f,
01ca,
016c,
02fa,
02e0,
0325,
0297,
02c8,
00f6,
025c,
039a,
03fe,
02cd,
014e,
022a,
02c2,
026b,
022e,
02ae,
029e,
0286,
0394,
0290,
039d,
04c2,
0397,
031a,
0234,
033c,
0292,
0275,
02aa,
032a,
02f0,
028d,
0389,
01a2,
02b9,
02ab,
02be,
02ee,
03f8,
04dc,
0387,
0383,
02e6,
0417,
038a,
0408,
042b,
02bf,
0200,
01b6,
01d4,
01a2,
02f3,
0315,
03f8,
040a,
028a,
0292,
0205,
0207,
028a,
018c,
00e2,
0105,
02db,
0395,
03ff,
047d,
0213,
028d,
03da,
0288,
0394,
02e2,
013c,
00e3,
00d9,
0000,
00f6,
024b,
0342,
038a,
03be,
038f,
031c,
02ac,
02e8,
025f,
00f4,
0359,
0017,
008d,
00b2,
0000,
025d,
0304,
0393,
044b,
03e7,
035a,
025a,
028b,
0336,
0271,
0000,
0153,
00f0,
014d,
01f5,
02c3,
0302,
0271,
02dc,
02a8,
019f,
0084,
01c4,
01a7,
0055,
0156,
006f,
0103,
00b4,
0230,
02e6,
0314,
0277,
02ef,
0336,
02e1,
04a5,
0241,
00dd,
00e0,
010e,
00c9,
0182,
015b,
0465,
0470,
0439,
0462,
044d,
04b6,
0538,
0369,
00fb,
00cc,
0107,
0156,
014a,
00d6,
02b8,
047d,
0476,
0454,
0437,
0464,
0569,
0255,
00ee,
0192,
01ac,
0194,
00e8,
00ad,
00ca,
03e1,
058d,
04d0,
03f5,
0450,
04e2,
0342,
01f8,
01e9,
0191,
0091,
00bd,
0087,
00fd,
01c2,
04d2,
0538,
0478,
0483,
04e4,
04e3,
0459,
0239,
0213,
0079,
00ab,
0061,
00c3,
00da,
02c1,
0434,
0330,
03c6,
0542,
04db,
04b0,
0204,
0282,
01f2,
01a7,
00ec,
0118,
00f9,
011c,
00e1,
0126,
0054,
03bc,
04de,
0433,
0189,
01bc,
0265,
013a,
019f,
0130,
00e4,
005a,
00ac,
0099,
0059,
0186,
042c,
040d,
03a1,
0408,
042d,
01a1,
02dd,
00e4,
0000,
009d,
0159,
0228,
0285,
0300,
05ac,
05c3,
058e,
060a,
0606,
050d,
0492,
0485,
04d2,
0512,
055e,
055d,
05bd,
0656,
037c,
00e4,
0363,
00f6,
018b,
0000,
0000,
01b0,
016c,
0000,
010a,
0000,
0000,
0000,
031a,
0000,
0049,
0000,
0000,
001a,
0031,
0000,
0000,
00e4,
0000,
0000,
0000,
0000,
0000,
0000,
0000,
00d5,
00ac,
0000,
0000,
0000,
0000,
0000,
0000,
0000,
0000,
0000,
0000,
00bb,
0000,
0000,
0000,
0000,
0000,
0000,
0000,
0000,
0000,
0000,
0000,
0000,
0000,
0058,
00cc,
0000,
0000,
018f,
0000,
0000,
0000,
0000,
0000,
0000,
0000,
0000,
0000,
0000,
0000,
0000,
0000,
000d,
0000,
0000,
0000,
0000,
0000,
0000,
0000,
0063,
0000,
008d,
0000,
0000,
0000,
005b,
0000,
00e6,
0000,
0000,
0000,
000e,
0000,
0000,
014e,
00fc,
0000,
0000,
0000,
0000,
0020,
0093,
0000,
0000,
0000,
0000,
0000,
0000,
0117,
0081,
0000,
0000,
01ae,
0000,
0000,
0013,
0000,
0000,
0000,
0000,
0000,
0000,
0000,
0000,
0000,
0000,
011d,
00f7,
0000,
0000,
0005,
0000,
004e,
0000,
0000,
0000,
0000,
0000,
0084,
0000,
01ff,
018c,
0000,
0000,
0000,
0000,
0000,
001e,
0191,
0000,
0000,
0000,
0000,
0000,
0069,
0000,
0000,
0048,
0000,
0000,
0061,
00ab,
0000,
015a,
0000,
0000,
0000,
0000,
0000,
0000,
0000,
0000,
0000,
0000,
0000,
0000,
0000,
0000,
0000,
0000,
0000,
0000,
0000,
0000,
0000,
0000,
0000,
0000,
0000,
0000,
0000,
0000,
00be,
029d,
0058,
041c,
0344,
0288,
0278,
0099,
00f8,
0070,
0000,
005e,
01ac,
023d,
01ff,
010c,
020e,
05ae,
020c,
0289,
027d,
01da,
0216,
0299,
01fd,
0213,
0167,
0282,
0083,
0239,
04b1,
04ca,
0298,
0348,
0157,
00fb,
00eb,
028b,
00c8,
0214,
0047,
0111,
0000,
0003,
02fa,
02aa,
034d,
0463,
0155,
00e4,
00a4,
02ce,
0000,
0142,
00df,
0184,
0166,
0432,
0280,
01fa,
0236,
0569,
0437,
01e1,
01af,
00f6,
00e4,
0279,
0000,
0068,
06dc,
06bb,
03f4,
042c,
0231,
0447,
07a4,
055f,
0028,
00f0,
0282,
0180,
00be,
007e,
0618,
05e5,
0492,
03c3,
0338,
03e0,
053e,
066a,
0224,
017f,
01eb,
0137,
0268,
01b2,
0534,
057e,
048a,
03f7,
0230,
03fc,
0338,
04ff,
052a,
0435,
0140,
0210,
0194,
0150,
057a,
07b8,
045e,
0467,
0239,
0361,
029a,
0401,
07a0,
04e0,
0168,
020f,
025f,
0156,
0151,
05d5,
05fe,
05a5,
03d3,
0296,
0241,
0282,
046f,
03d0,
0297,
0478,
08a2,
0207,
00b1,
01b2,
0399,
0403,
0557,
0469,
031e,
02b4,
0382,
02ae,
023b,
0312,
0684,
0571,
0119,
0144,
0294,
00e2,
075b,
054e,
0245,
0373,
036a,
035a,
04af,
032f,
03bb,
0484,
00b0,
019c,
016c,
0000,
0494,
044b,
0369,
037c,
0131,
0113,
025d,
028d,
024a,
029c,
0000,
02c7,
021b,
031a,
0199,
0064,
02c0,
023e,
0138,
0000,
000d,
00a1,
0166,
01fc,
0190,
0268,
0000,
009e,
01da,
01b3,
0000,
00d2,
00bb,
02f3,
01f0,
009f,
016a,
019d,
0406,
020c,
008b,
0000,
000d,
0000,
00b1,
010f,
00c2,
020b,
0231,
00e8,
016f,
020f,
01a4,
0166,
0000,
0000,
002c,
0189,
0210,
01dd,
0175,
00db,
0058,
0081,
0000,
000e,
01d0,
0156,
01d5,
0183,
016c,
0205,
01e4,
0240,
01a5,
010d,
007b,
0000,
0008,
0003,
0139,
0000,
001c,
0180,
015f,
0135,
0200,
019a,
0169,
01bc,
003d,
0145,
0000,
0000,
0240,
0274,
01a8,
01ea,
0184,
01cc,
00eb,
000a,
0000,
0000,
00d5,
00b7,
017d,
0154,
015f,
0163,
013f,
01c7,
017c,
01e0,
004e,
0000,
0081,
01a4,
011b,
0115,
012b,
0136,
0236,
0123,
0163,
017d,
0114,
015d,
011a,
0000,
0000,
013e,
00a8,
00b8,
0100,
00b5,
01f8,
01c6,
02f6,
020c,
0170,
0183,
01a8,
0071,
0000,
0092,
00ae,
00d8,
00a0,
0083,
0120,
01cb,
02de,
02fb,
01fd,
01c4,
00f5,
00b0,
0000,
0000,
008a,
007c,
005b,
00b2,
00da,
015a,
02a8,
02da,
02c6,
00cc,
0000,
002d,
00cb,
0093,
00c2,
007a,
00ce,
0150,
00dc,
010a,
015d,
02b7,
0394,
02fe,
028f,
01d0,
0130,
0190,
028d,
01ef,
014b,
0250,
0000,
0000,
00d0,
01d8,
021c,
0193,
0055,
01de,
008f,
0116,
0098,
00d3,
0058,
0076,
0000,
0000,
0000,
0060,
0000,
0000,
0018,
003e,
0000,
0000,
0000,
0000,
0000,
000c,
0000,
0023,
00ee,
0000,
006b,
0000,
0000,
006a,
0000,
001a,
0157,
00b7,
0079,
0000,
0073,
0235,
0252,
0000,
0000,
0000,
0000,
0000,
0000,
0000,
0000,
0000,
0000,
0000,
0000,
0000,
0078,
0000,
0000,
0000,
00a4,
0175,
0000,
0000,
0000,
00ed,
0010,
0000,
02a5,
013d,
0023,
0000,
0000,
0000,
0000,
019f,
00a6,
0000,
01fb,
00a0,
0000,
0169,
0181,
0000,
0000,
0099,
014a,
0000,
0000,
01c6,
0000,
0000,
0103,
0127,
0000,
0000,
0000,
0000,
01a1,
01bc,
0147,
0000,
0000,
0000,
0000,
0000,
0000,
0053,
0000,
01f1,
0000,
001e,
01c2,
0227,
02c2,
0181,
0000,
0000,
0000,
0000,
002a,
00a0,
0068,
0315,
0000,
0258,
0258,
01b2,
0324,
0250,
0135,
0000,
0000,
0000,
00ae,
0000,
0141,
0184,
0000,
0000,
017f,
0264,
0342,
02bb,
0162,
0000,
0000,
0000,
009f,
00a1,
0106,
00d1,
0000,
0000,
0000,
0000,
0024,
037d,
0187,
00b7,
0000,
0000,
0000,
0000,
0000,
0073,
0023,
001c,
0000,
0000,
0000,
0000,
0000,
0000,
0000,
0000,
0000,
0000,
0000,
0000,
0000,
00fa,
0000,
00ef,
0000,
0099,
011a,
0000,
0007,
010e,
0000,
0000,
0000,
0000,
0000,
0008,
0000,
003b,
0000,
0000,
01ed,
00bc,
0018,
0053,
0000,
0019,
0009,
0000,
0000,
0012,
0000,
0019,
0000,
0000,
0000,
0000,
0000,
0000,
0000,
0000,
0000,
0000,
01f6,
01cd,
055b,
042c,
038b,
03b7,
04a0,
0362,
0410,
0334,
0379,
03bc,
02d5,
03e2,
013a,
046f,
0548,
04eb,
04a4,
03d8,
03d0,
0463,
03fd,
035c,
0311,
033f,
0328,
031a,
0353,
052c,
0440,
0371,
04ce,
046a,
0301,
0347,
02e6,
032e,
0308,
0406,
0325,
041d,
046a,
061e,
03ca,
03a8,
03e6,
0434,
03d4,
0348,
0362,
03ad,
0315,
0383,
0247,
03f9,
05a8,
049e,
0479,
0329,
0243,
031c,
04a9,
0413,
0407,
0390,
031e,
0312,
0303,
0321,
03b1,
021f,
02b2,
02c5,
0266,
0224,
043c,
03e3,
0296,
027e,
01f8,
02ba,
0275,
0330,
03b4,
0271,
0222,
028b,
023d,
01db,
0209,
0455,
0376,
0240,
0236,
0200,
0272,
0303,
0376,
0218,
025d,
02a7,
0337,
02fc,
023b,
02cc,
0434,
02fb,
0266,
021e,
030b,
0300,
03b4,
0266,
023a,
0293,
0348,
0283,
01fa,
0206,
0405,
03b3,
02cc,
029e,
02c8,
02c1,
0338,
0392,
0218,
02df,
02a9,
01ed,
01df,
01d7,
027c,
03ff,
03ee,
03c0,
035a,
032e,
031c,
03b0,
0303,
0268,
024b,
02d7,
02b3,
027e,
01f0,
0281,
0321,
0262,
022b,
03cc,
02f3,
0456,
0455,
0328,
0322,
0314,
026b,
029a,
022f,
0369,
02a4,
0290,
01d5,
03db,
032a,
03af,
044f,
03be,
040e,
03c3,
0466,
0366,
035e,
035d,
0399,
03aa,
03a7,
04de,
0398,
03af,
0367,
03dc,
0369,
03cb,
040f,
03ba,
047f,
03d1,
0379,
03df,
032f,
03ef,
0000,
0000,
0000,
0000,
002a,
0000,
01f1,
0000,
0000,
0000,
0000,
0127,
0000,
0000,
0000,
0000,
0000,
0018,
0062,
0127,
0147,
0075,
0007,
0000,
000b,
00d3,
0067,
0000,
00c0,
0000,
0000,
0036,
0000,
00aa,
0000,
0000,
0000,
00ef,
01a4,
00d1,
00ea,
0057,
0057,
0000,
0000,
0000,
0000,
0000,
0000,
0061,
0000,
0034,
00ed,
00b5,
0000,
000f,
0097,
012d,
0000,
0000,
0000,
005c,
0000,
0000,
0000,
0000,
0061,
00f5,
0110,
013e,
010f,
0000,
0000,
0000,
0000,
0000,
0000,
00d4,
009f,
0061,
003a,
0125,
0134,
00c6,
029e,
005d,
001e,
0000,
0000,
0000,
0000,
0206,
0095,
0000,
00c5,
00b9,
0000,
0135,
0344,
0176,
0085,
0000,
0000,
0000,
008f,
00b4,
01b9,
009c,
004d,
00e4,
0039,
0121,
029b,
01e6,
0000,
0028,
0073,
009b,
0000,
007f,
0180,
01df,
0004,
00ed,
003f,
00b2,
0179,
0232,
0000,
0000,
0034,
0066,
0000,
0000,
0076,
0118,
00bb,
00d3,
0106,
00a7,
00ca,
0133,
0004,
0000,
003c,
0000,
0000,
0013,
0064,
0000,
0087,
0000,
00bb,
0163,
0000,
0000,
0060,
0000,
0000,
0000,
0000,
0053,
008c,
00de,
0060,
006a,
005a,
0111,
0181,
008e,
0015,
00b2,
0011,
00a4,
009f,
0059,
0093,
0144,
0186,
016e,
00b0,
0116,
0275,
0192,
0115,
0034,
0012,
010f,
012b,
0094,
01fb,
0287,
01b8,
011a,
0118,
010b,
0246,
0160,
0083,
0000,
0000,
0000,
0000,
0000,
0000,
0000,
0000,
0000,
0000,
0000,
0314,
00ec,
0054,
0000,
0000,
0000,
0000,
0000,
0000,
0000,
0000,
0000,
0000,
0000,
0000,
0000,
0000,
02ed,
0000,
0000,
0000,
0000,
0000,
0000,
0000,
0000,
0000,
0000,
0000,
0000,
042d,
0156,
0000,
0000,
0000,
0000,
0000,
0000,
0000,
0000,
0000,
0000,
0000,
0000,
0000,
0000,
00de,
0282,
0000,
0000,
0072,
0000,
0014,
014d,
0000,
0000,
0000,
0015,
0000,
0000,
0025,
01c4,
0000,
0017,
0000,
0000,
00d0,
00c7,
0000,
0000,
0000,
0000,
0000,
0000,
0000,
0005,
01f2,
0009,
0000,
0000,
0000,
0000,
0000,
0000,
0115,
0000,
0000,
0000,
0000,
0000,
0000,
0211,
0000,
0000,
0000,
0000,
0000,
0000,
0000,
0000,
0000,
0000,
0000,
0000,
0046,
01e6,
0000,
0000,
0000,
0000,
0000,
0000,
0000,
0000,
00c2,
0069,
0000,
0000,
0000,
0001,
021b,
0000,
0000,
0000,
0000,
0000,
0000,
0000,
010e,
01a4,
0000,
0000,
0000,
0000,
00ef,
0000,
0000,
0186,
00c3,
0000,
0000,
0000,
005a,
01ea,
0000,
0000,
0113,
0000,
0160,
0000,
0000,
0000,
01bd,
0000,
0000,
0000,
0000,
0000,
0000,
0060,
0000,
0000,
0000,
00ad,
0000,
0000,
0000,
0000,
0000,
0000,
0000,
0000,
0000,
0000,
0000,
0000,
0000,
0000,
0000,
0000,
0000,
0000,
0070,
00d7,
0166,
0048,
016f,
0485,
02be,
021d,
0133,
0189,
0166,
00e4,
020c,
0068,
02f5,
0268,
037c,
025a,
02d1,
022a,
0215,
02ae,
01c0,
0163,
0212,
01d3,
0332,
0151,
02b1,
004d,
0000,
0219,
0213,
0214,
01ff,
0274,
0295,
0220,
0219,
0264,
02c1,
0354,
01ec,
0333,
01ef,
025f,
0211,
01b2,
0123,
01e4,
024d,
01c3,
0250,
023e,
0319,
02e3,
01df,
0463,
04d9,
0317,
0293,
02b8,
01ab,
0264,
0324,
0338,
035a,
0375,
039a,
05b5,
023a,
0383,
032b,
01af,
0250,
0312,
0164,
03d8,
0308,
0320,
03a3,
034f,
0245,
0346,
024a,
0306,
01f5,
0202,
01a2,
01d8,
01d7,
022b,
0243,
01f0,
0202,
01cb,
0288,
0267,
030a,
029b,
020a,
0247,
0183,
011b,
01b3,
02b2,
0295,
0345,
020a,
022f,
0243,
026d,
03a7,
02dc,
02da,
0256,
0199,
014c,
0217,
0333,
01ec,
0325,
025c,
02a2,
029d,
02f4,
0168,
0376,
0377,
038a,
0285,
02c3,
02a4,
02cb,
0211,
02bb,
01a9,
02df,
01db,
03ef,
01ce,
035c,
042c,
053d,
03c9,
0311,
02db,
021a,
0327,
027c,
01a7,
0375,
031b,
045a,
00e7,
02d4,
04ba,
044d,
0306,
0287,
023f,
027e,
03c7,
027a,
0175,
028f,
02bb,
040f,
0147,
0231,
0359,
0271,
02c7,
0336,
0418,
032f,
0268,
02e0,
0393,
0259,
02e6,
03d1,
023f,
0185,
017a,
0187,
0199,
035e,
0314,
03c7,
02f4,
021d,
02a3,
01cc,
02d4,
03b3,
03b2,
038d,
040b,
032e,
0260,
010c,
01c5,
02d3,
0249,
02d2,
01df,
027d,
0182,
02e5,
03f4,
0429,
056c,
0541,
03ac,
0229,
0147,
012b,
028f,
0252,
0264,
0233,
0205,
02c7,
02b0,
05ba,
0504,
0515,
0467,
039a,
014b,
0115,
01cf,
02e5,
025f,
0200,
0212,
00da,
0232,
02da,
03de,
04a2,
036f,
0524,
0179,
0242,
009f,
0205,
01e4,
01da,
02f9,
0208,
0548,
0387,
02c4,
04eb,
0465,
0642,
03b1,
01e3,
0162,
0114,
01a4,
0118,
01ae,
018e,
04be,
043d,
041d,
042d,
0336,
04ac,
0601,
031b,
0218,
01a4,
01e5,
01f8,
026b,
021e,
04a8,
042c,
045c,
04c0,
041e,
03fa,
042b,
0591,
02fe,
019e,
0277,
0291,
01d9,
0206,
052c,
0487,
0455,
03f3,
03ba,
043f,
0493,
04ec,
0444,
0232,
0227,
02d8,
01cb,
01b8,
03b3,
0505,
0462,
0466,
04e9,
0525,
04cd,
0493,
052a,
03eb,
0274,
0306,
0260,
0205,
021f,
0414,
0486,
03c1,
0484,
053a,
04d3,
045b,
04c9,
04ad,
0413,
04d5,
0605,
02fa,
0260,
0328,
0437,
0403,
04e2,
0534,
050e,
04c7,
04bd,
0433,
0490,
0366,
05d4,
04d3,
022f,
0285,
02b7,
0403,
046f,
056f,
055b,
053d,
04c2,
052b,
0542,
04d8,
0485,
05c7,
02a8,
02f0,
0347,
02ea,
025c,
0493,
0412,
04ac,
04f1,
0575,
0571,
04e0,
048c,
047b,
0263,
0290,
01e4,
01a4,
018b,
00c8,
01bc,
01ff,
02c5,
02c4,
01e8,
0158,
0118,
0121,
03cd,
0386,
02bf,
03df,
0236,
0023,
01a6,
022f,
032b,
036b,
019e,
0223,
015f,
02ed,
0347,
035f,
029a,
0473,
02c3,
02d6,
019a,
00a1,
02bf,
01e4,
0273,
017d,
011f,
0270,
02ef,
0443,
035e,
03d6,
0140,
03ff,
023b,
018d,
02ab,
0320,
0279,
01de,
01f0,
019b,
02c3,
0038,
020e,
036c,
0291,
04c4,
0242,
0357,
0149,
0290,
01c3,
01d0,
024a,
020e,
0485,
017d,
010b,
042e,
0453,
0515,
043b,
01fa,
0124,
0092,
01b8,
0177,
01eb,
01f1,
036e,
0306,
0276,
0388,
02a0,
0455,
0547,
0482,
0379,
02be,
037b,
0365,
044b,
03ca,
0344,
024b,
030e,
039b,
039d,
03dd,
03e3,
0502,
04bb,
0349,
0443,
041b,
037c,
041c,
03c5,
020c,
02eb,
028a,
029a,
0347,
0458,
041b,
0458,
0458,
039c,
041d,
0331,
0376,
03b0,
02b4,
0336,
031d,
03ae,
046b,
0430,
03f2,
046b,
0586,
045f,
0423,
041d,
0436,
03a7,
0480,
03de,
0263,
02b2,
0370,
0345,
0322,
0479,
0466,
04c5,
0414,
04ff,
04d1,
03bb,
0438,
039e,
03c2,
02d0,
024b,
03c0,
03a8,
0413,
03f0,
0352,
02e9,
03c0,
04bd,
031f,
037f,
0242,
02f9,
02d8,
034e,
0444,
033f,
03f1,
03df,
037c,
027b,
02e1,
03d3,
043e,
042d,
03f0,
0404,
03b9,
0391,
034f,
02a1,
0267,
0297,
0359,
02d0,
0323,
0316,
043a,
049e,
03e5,
03d9,
046a,
02e4,
03bf,
0309,
0307,
0443,
03f0,
03ef,
02e2,
033c,
01bf,
0189,
0000,
0044,
035f,
0334,
0054,
01ec,
02b2,
04b2,
030b,
01c0,
0126,
0000,
03a0,
0315,
03ca,
0052,
0100,
0000,
0105,
0228,
0161,
02bb,
0253,
00cc,
01d3,
01f2,
0206,
0486,
0603,
0305,
02b4,
00b3,
0187,
035f,
0184,
0216,
021e,
0178,
01f1,
016f,
014b,
0551,
0739,
051d,
04ef,
037d,
02e2,
02be,
00ef,
00fc,
0260,
00c6,
0179,
0121,
0303,
010b,
043f,
04e7,
0422,
02ae,
01a2,
025e,
00dd,
020c,
01eb,
01f1,
009b,
0000,
04e8,
0461,
046d,
03d7,
030b,
0440,
0101,
0000,
0000,
0000,
015a,
0164,
01b6,
01b4,
0379,
03ad,
02ac,
0409,
0366,
036d,
0179,
0000,
00a2,
0000,
00ae,
017f,
016e,
0078,
0417,
03df,
0385,
0370,
02da,
02f0,
02fa,
020d,
012e,
01fd,
017b,
007b,
0222,
006a,
0155,
021d,
035f,
041c,
03ea,
02c9,
0278,
028f,
00ef,
0101,
0300,
02ec,
02ed,
006e,
00ff,
015e,
02fc,
02d1,
034c,
0312,
01a6,
02a7,
02c2,
0287,
03bf,
0362,
030c,
02cd,
016d,
0181,
03d8,
03c4,
036f,
03d2,
022e,
01a9,
02f4,
0290,
0167,
0283,
0431,
04a0,
0094,
010e,
01d3,
05c1,
04d2,
05b6,
0456,
043a,
0361,
041d,
03c8,
054c,
046c,
06d8,
0000,
01ed,
034f,
0433,
02ad,
03b9,
03e6,
074b,
0437,
0436,
046e,
044a,
03dd,
02c5,
0000,
01bc,
0000,
0205,
0126,
0014,
010b,
015d,
00a0,
017b,
0193,
0183,
0000,
0000,
0000,
013a,
0175,
014f,
0000,
0000,
0000,
0000,
0000,
0000,
0000,
0000,
00a4,
0000,
0000,
0130,
0000,
0144,
002f,
0000,
0000,
0000,
0000,
0000,
0146,
01e5,
010a,
00ce,
0000,
0000,
0000,
0000,
0000,
004c,
00b2,
003d,
0000,
0000,
0000,
0000,
0000,
0000,
0000,
0000,
0000,
0000,
0000,
0023,
010a,
0000,
0000,
0000,
0000,
0000,
0000,
0000,
0000,
0000,
0000,
0000,
0098,
003e,
000c,
0000,
0000,
0000,
0000,
0000,
0000,
0000,
0000,
0000,
0000,
0000,
0091,
0105,
01df,
0036,
0000,
0000,
0000,
0000,
0000,
0000,
0000,
0000,
0066,
0089,
006c,
0001,
0107,
00d0,
0000,
0123,
0000,
0000,
00ab,
0000,
0000,
0000,
0000,
0015,
0000,
0000,
0095,
0288,
00ac,
0078,
0000,
0000,
001b,
0000,
0000,
0000,
0000,
0000,
0000,
0000,
0043,
01e7,
016d,
0000,
0000,
0000,
0000,
0000,
0000,
0000,
0000,
0000,
0000,
0000,
0181,
01db,
014c,
0000,
0000,
0000,
0000,
0000,
0000,
0000,
0000,
0035,
0000,
0000,
0054,
0000,
0033,
012c,
0000,
000c,
0000,
0000,
0000,
0000,
0000,
0000,
0000,
0000,
0000,
0000,
0054,
0000,
0000,
0000,
0000,
0000,
0000,
0017,
0000,
0000,
0000,
0000,
0000,
0000,
0000,
0000,
0000,
0000,
0000,
0000,
0000,
0000,
0000,
0000,
0000,
0000,
0000,
0000,
0000,
0000,
0000,
0000,
0000,
0000,
01f8,
011a,
0222,
02db,
02e4,
03b6,
04c9,
03d7,
041e,
01c7,
015a,
0330,
0374,
00c9,
034b,
0184,
040b,
0333,
01ff,
0430,
02f0,
0411,
05ae,
02ef,
0468,
04d4,
0375,
01cf,
02b3,
006b,
0182,
024e,
007f,
0339,
02da,
022b,
034e,
032c,
0195,
0262,
0045,
013e,
0000,
0283,
0000,
0000,
0000,
0000,
0264,
00f3,
019f,
01d8,
0136,
0064,
0000,
0134,
018c,
01f3,
0000,
0000,
0000,
0000,
006f,
02b1,
046e,
0219,
005f,
015d,
00b9,
01f7,
0000,
0000,
0003,
0000,
0000,
0000,
0000,
00af,
008b,
0000,
0000,
00eb,
0129,
01cb,
01f1,
0000,
0000,
0000,
00a9,
0131,
013b,
00de,
00a1,
000a,
0069,
0000,
0000,
0128,
0021,
0000,
0000,
0000,
0000,
0138,
0161,
007e,
0000,
0013,
0000,
0000,
0162,
0000,
00e1,
0000,
0000,
0000,
0000,
0000,
0000,
0000,
0000,
0069,
0082,
006b,
0000,
0028,
0000,
0000,
0000,
0000,
0000,
0000,
003e,
0000,
0133,
0191,
033a,
02ad,
0000,
0000,
0000,
0000,
0223,
01aa,
001d,
0000,
0000,
003e,
00c3,
014d,
0153,
00c7,
0000,
0000,
015b,
0096,
01fc,
0000,
001d,
0000,
0000,
0000,
012b,
01c9,
012e,
0000,
0000,
0000,
009b,
00b5,
015b,
01cd,
013b,
0043,
00fe,
0000,
0000,
0000,
00f8,
007d,
000d,
0000,
018d,
012d,
00fc,
0202,
0241,
0101,
0109,
01cd,
032a,
0272,
01d6,
0128,
0181,
01ac;
