memory_initialization_radix=16;
memory_initialization_vector=
027201330085011d02da011c027a028501bc0197000001a801b3015500000191006b0000033401d904bc0182030300000000082704b502eb000001920064022c07e8019902e1017d001d00b6000000d9003f021c005801fd01f700950109035e02300000011c002500ff01970000024600000358029c035601510156012e0204,
01f602ae019d01c902e7025201a502a801a2024c0000010201a50190000001af00bc000002fd02fe053a01830325000000000795033f034c000001f9000001830799018702bc017000000000000600000000025d023900fd01f8000001f5024c01f401aa0000000000c90117000000ee0000041f02c4038700a1029f00b700c5,
0663000001180336024a02150490010202c8000002ae021501df01ea0000039100fb0192024e0000039703bd01fa01050284061e01b40745017601870135013b06ad039c021e038a02bd005700000000033d024900000139001100c0000004fc033502b003a3000002e6022800000201000004b40000027e0463009700000290,
049800a602c00374026503a50152011b019401340000029002c302060000000802b00136028701b503af00950137007c000005d702b604f002650000007402a70607033a0179027000a5020302480035008503eb01b3011b01eb00ba0000017d02ad00000000002c02b2031100000219000001df0000021504d9027900c10343,
04d100db01ed039e023201d30255000000b70285000001ad023503790000000001bb01610121030203ff030a02a30000000005e502a004270000000000000409055d02ea022b042f0000000000dd0000016b042e01c6008c03a400a8000001ba01a00000018c0000018f04ad011c020a029801f2012002700245025b0018016c,
045c000002d4041a0387002f00fd0000011c02e6000001fb025e034800000000020b02ab021d022f04e800f002d301c6000005780310049000f400a10103048c03e602e502e503170000000001880000017b02650358028702eb00a700000188029c00e500df001101a904c7011603e90324021a01b1034e033f015501c901cd,
04f0000001b70487022503e101ef000001080008000001fd0309052a0000000000a80315040900000409019c0151000000a8049802e90408002a014e004b04b4037603910166039a003c0000021e0000006e03920000021c02e90232000002e8015800000212014a035e066a0000024e037c02660000029c044e015c01e50349,
03dd008a000e03d2024403b8030c01cf009101f500000168025a0391013101ab0089007603260163047b034002d600000000060f0451031100bd03150084018003a7036e020c02db0000000000000054022c021e0000027b01d3012a006b031401a001ac02ca00f5024c03b900000344012204ce008e01b702e9009a02fe0243,
04b90000014d02e0027c02be024a010203db025200000225027b039d0000003a00d3018f02b2026103db01a7024c000000000714055c0550024f00e0000002f806de02ed02ff03270000005500ae00c7029904500000011e019a00000000029102d3005f0122000001cf0473017302b8010802dd007e0287039c02bd023e01f4,
0305013b02a5051700f103ba01ef000001c504b100000028021803ee0000000000e7010801a2020c048001af02510000000005f4035f037b00d400000000054f05dd029f022e032e000000090009007e00ba03ee000001150330000000000627017f000002cd000001b804bf0014005d0179007e012e02e9015202e6014c01ab,
02e400be019c03d302a9034202d8006001bb02f800000156015304680000000001dc01ba0162014e0424026e02a90000000005a50323049f008401120000038d0545032401a702b40000005a00000000000004a70000003303ad008e003805cc034b0000033a0000020804830000009d02c102f9012c035f01b402fc00e50124,
039f000002b4045502810453021c000000d00176000001b101ae041700000000022001d6029500cf04300270029e001e0000051f037d03f400000000000004b70571031e00f602d20000000000000000000004d7000000cf02cd004d000004fe026e0000028f006d01cd05620000009802930151005302b202bb02ef00fa014f,
02a30000028103a3029202b0019b0000016f0182000001f20198043900000000033101a101f5020104300183027600000000059f0364042200000079000003730611028b014902a3003c000000000000000004550208007c026a002700000333022e00d700f20000015d0486000000ae035c0266013603cf016403d700b300ac,
0335018003c1025a044b020101ee02f3006701e9000001d101e60367000000dd027c00bc02af01360398000001f50000000006ca01dc03c70000015900000285071502c8025702d40000019a002f005f002b04f101a00026024a003000000410037a0000007c0000013a033300000108019503c900b702c1029e036000000253,
014901dd025d025b0297011401a701a8025d02fc00000268029902e0000002a4032300000154024e05dc0123033700000000089a037b0356000001ed000001d206db00c502870000000c02100000006b014600b80035017101c4007f01d803be00c201e201eb003501ca020800000165008d049a019203c60058028301b801ea,
046201d700d4042202ab0272031901de02e503030000021d01b202940000022101d3021402bf00bb03da030d02a900a4006c06c4022305290000016d0000027a0703032701e8026700d700000000006a016e033f000001750051000000000497016800f7028e0000029801c1000000030000041d01b8026202f6020c01b80248,
057101ac00000489000003720474033b04ee03a300ee0265019004d9036904ae01d4026e03e501e9012005f70125023403c5011c01080477000004730000021203d904cc016d01cd058c0000000000a003e601450000023b00000228000003880000017400680012035301f5000000560000070d00000222040801700210030b,
04db01a301fc03fb02540362022501e3041e021d0000037103710312020f01de052902bf04db00cc028f01c3007700d40287028d00d8055d000001b8017c02d5056604b800ec021004830292004800c900900282009a017c000001d1000000850000025e0000000003df01d900000165000003bf0000012104d4022200f0046d,
0508006101f604fe02de02c402a300b1021501010000034d01ad03b100000070035802ae03380000036401d002a90082000005d9012803f100b8000001cd02e205ce039300ef03e600f7000000000000021e03ba00ad02cc019300e40000026602cd025f005b0000023603da0000022b00000205029d016603c7011b01f00206,
047e0069032703b503b701a901840000015b00f800000465023603c400000000032a0328027c004b02f901de02df01290000050902af03e500e30000007203cb04cd02f101bc0288010400e40125000000000419000000c302f401480000019a03c8000000d5008302a904af0000025c00d0016f0000026203e3031701c901e8,
049c00a8037f042601ed028001550000005b01130000031f030e04c700000000017e0366016800dc033801d40185002c000004f60424020a0000008c000003a4049b030801e103200000000001f0003c000004a400110187042901ee0000024300c70000013c017802f605990000021c04a502280000034103b7033f021102a0,
05df0000029005570091032801dc000000890178000001c7030404af000000000238040102f800be035f01e700fe00000000054804ac03f2000001b30000040d04ed03da029404b70000000000700000010703e200000270030a007f000002ba000000000158000002b3052c0000019904b402f600000393033701a801750372,
04ff001202ed0412020603a40108000001f4021d000002ef02f503a300000000022302fb03550185035701d001ce00d8000005eb05b403cc00000000000004eb05a102ce02820391007300000000000000f40494017f023001b900000000015c0000000000000015023a053c0000029001ca01430000020103e4033301e90206,
03960142039d0481025304210119000001dd02bd0000023d0281041f0000000003e9025701ba029a0415010701e80000000005b80313039d0000007f0000041005760337018c031e00000204000000000000053501a700a2027000870000039f009600000000005b01c304e3000000e103380224000002b7023c040400c80207,
034f00800262046d0210043d01e10000021c033f000002a4028e041700000000033b027d0225020904300188022200000000069903a1048600000054000003f1059e028f0196026c000000ea00000000000003f80000010801a1007a0023030d00dd00fe00600000026b04000000007c02bf02ba001f034301f40413017101f7,
037b01f90384040a01ff036f01900000012500d6000003fd021d037d0000000003340290021d017a03d501680211011e0000062502170318000000050000038b057b02210000016900fc000000000000000003b3010a0091033f018a000003a600e40000007a009d023203a60000016101ea01f7000002fa0244040300ad0102,
035400cf03fd03cc036f018b00f800000102018b000003ab020103ed0000008f036f02f001bc00b50442015602ec00560000066501a303dc000001a7000003430566028600eb020e007a0000005d00000045031f007001740247008a00000425022f004401d90023026f03df0000014302d10399010a0389029203c30190014b,
037500b9023f042b0396037001b6018e020d030b000001c202c20504000002e1015401dd02f401540471014603000000000007fe01a303eb000002d7000001a1060702b402090318000000000011007c005a03a9000000c401690000003b02f0024d0158010e001f01af044900000090027e05d6018c03c301f0039e016e0283,
03e100000334047a032c01f601da000001ae02f70000019502e403b800000000024b0264025500ab03b9012c02e60000000006f5024d02f000000000000004c205ac02db02be0422000000b2002d0029026704b4003600d5016f0000000004a701d7000002de00a70240050c000001490271016c010602d50218023e02110242,
04c004620180034e055900000259054304f70494001502b8017b0369027e000001b10252049400bf00fb037302c202f90000022701cd04f601cb018d0000040b05bb04a602c502b7043700000191000002bd04df00000068000000000000034b055200000275000002b901ba00000000000003b00139008b041b02350382032e,
04940570017d02120594000002e005b2068a047400000248014e03b407190000016e018b086a035001bf02c9030600e600000000000003f803ad0232000004e304a9048e018102d806c1000001830000000001b900880000005100b20000015e041a00000089000001940118000000620000038e029d00eb02340233018900c6,
03d903e10245034103c30037027a0202057d036c0000021d02c0039506210000036e020c06530109033900c1020200d8008c0000000002bf01b901af000003f703a6030303b0020e0743031a0000000e0000000000c700d20000025f000001b2027502d000000045028d00eb000000e7000003750000011f01b0015200ed0299,
051f01950056044a0376003d038f033304a901c9000002730130050f03c102b600a40326033900a600e602ae0150021e00000000026c042a019c0489018100bb02bf05ae041902ce050f00000000000005f1033a000002c3000001100000007b047f006c0000000e024a0278000000000000073100a9024f036c0000039003f6,
044c013b02b80502039402ea0178008b02b601c5000003d6038d04130000002102ca038f02bf000001db0181017f01ec0000048803ee03f7000000000165033d04f203db02ce02ad01aa000001da000002b9048f000001f9012b0000000000de015400720185005d03980448000000d90000024f000001cd04a902a203ec04fb,
039700cf01c504ac015403e001e3000001ae017f0000023d028f04450000000001a2028b0190014d036f01880179005f00000605040502c3000000000000035b04ca022402af037b00000000008400000000043f00b900c3034500000098031a0000006f00960083022904ed0000010902ea01ec005203b601950410011c0160,
042e007e019504da01f8030501560000020402750000025e0254043f0000000002ae035000e001eb039c01ba01c800b500000499032a04c9000000f4000003b003430360022e03690000000000be0000000604a7000000cb02840082000004f200d40000020900880264053400000085034902ae000003c901f903c700b50175,
04530000018a04b5026601fe016b00000137025500000254027f03cf00000000007b02ce023800a6038501e80276010f0000043604c102c500000000000004e403f002de0295046e00550000006e00000038040b003401b102880000000002b30167000000b501ee022406150000016d028f00a000f602fa021b03ba00eb01ed,
043300810453046302c302c100e80000018c0215000002b302b104240000000002c4028a01e001ce03bd014f02bf008e0000045c033b036b000000000000047a040e03000237038100550131007400000000046e01a0015502b60096000002d301be000000cc018b0214057c0000013f01750123000002430285035d00f701c0,
03f7002003cb05d8039f0364018900000216025700000245029b05c00000000002390365025b00b402ce0118029500000000045d01ed026000000000000003e803e00343023c045c00000035000000000000055d008f006d026200a10000040802310000010801b201df06b4000000a0034f01e500a6031901aa039d012e01fb,
0489003d025a04a503990352013c0000019502e4000002bf0220053d000000000316035302c100d6034a029f02f600000081052401fd02c6000000550000034c04a403700289049f0000000000000048011d04f60063014c01c800f50000027c02e1005e007b011302cb05b50000012803690305005a02ae031203ad00b3012a,
049700000286052c03ad018001670000010002f60000029e0249052a00000000019703e0016f008202d90264040000000000053a0295023100370000002f0289041e036d030605b0000000000000000001c2055e004102f80183004f00000359037c000001bb01f70243060f000001d1044a032a02bd035001f7038c017b0156,
05090000019e04bd029201cb020e0000018701db00000203026c04dd00000000008804370107015902950189025f0000000004f1027d03a2000000bc000002c5043303f2026005810000000000db000000d6064e0000019801f501110000034302650000017a020f0262061e0000019e045a0305013a03b40284038b016a029e,
04a600680037049402c9015d0397005d011202130000027c027604040000000000bb02e900a800000231026c01f30117000006be0260028100000000000003140573032801ff052b000000000097002902a405c10000004f02390000000003d8015800000383011d02db055f00000106037801b401550347026b036a0219024b,
05f0009802dd03ba02880160038503b9042902e3000002a902140658010603fc037703e701fd013800660486012401b9023d01de030504f10129046000b3021e04800586029c036b02e9000000880000070e04d4000000b200bc02060000047f02d40063048000000400046c0000021600220701000002fc0504003d03bd0332,
040804e0047e02b3054b00000271043a04b3041d00000106019303710610000004a401a606f60290023f013701b4011f0164000000bb0343000002b70000048d03ff04aa03b0034905f20000004d00000000022801ec000a007d01c50000036501dc01c500050000016400fb00000171000003e401db015601b800a3026c028c,
04d704f5033502800479000e023103e70478033400000170026e033f05da000003c401ec07860253027400d5017b01780285000000000152000002600000039a029a03b902a604de05740072013b00370000011d0000003500520259000004c101430053000000af028801c3005302000000038300bd00d00234015401f901a0,
03f703f7010402980498017d023d023c048f04260000011a02a4032206710000021601f404760283029e0197022a028300000000018403cf000003120000037301080413035b02d3064c000001210015017e02b2000001060000016a000003af02340000008e024802e50176000000580000041d0000016002a401b10330032d,
0464035004d8044a04930141021b01b7035004a20000023003fa01990274000004a1026201ff01c9021700a7015c02fa00000294006303c500000051000003b904b7043f0293024f03b3042d011200aa02900482010900400000000f00000312019b000001df00a50312012f00000000000001d90000015d039802f8022d04fb,
040f0147026a0513024803d600e50000034202bb000002250285040e0000000002c0035301b90156028d00dd0162007f000005b602f603b900000000000003ca05ae0338023e041c00000000012100000173063900b1004401f90000000003be010c000000910000027104cd00000052027f01f30000037002ce045201b301ec,
03ae01e2011c044a02a502ee026900000054036b000001cd020503b200000000016d02310145015b0368024c01f100760000048b038e02a7004e0000000003b704ef02cb030a035b000000000000000f004704bd0000003f0309003b0103039b01fe000000b7009a028a04da0000002c01660168009e02e601cd035400bb01d8,
048e013002290371031e02080262005a0088018e0000020b0226030d000000000193030901fb0119031202f102d00176000004af034603c2000000cd000002950432031302e204610098000000000000006f04cc000000d4024200000000039302c5000001b300f8027303f50000019b028d030301250377023b0353009901f0,
04ad01d303d1040b03c5024001360000013702cf000002a202d803c400000000036102a8024601780308013d026f00dd000004d701fc0297003a00000000035d04e502ed029104210000015a00ba0028003704ed0230002702eb005700000254028a000000a100b8021b04ba00000155029f01aa0000022702d2035a00250158,
03ec0140024d048703c1027801c0000000b302c200000211020c0504009e0000020102cf0250005003990251033b000900000429026501f600000119000002b902e00349020603fe0055000000000018001d049e000000d5021b00ca0000055102a3000002af01e4027905e8000000d503f0035300990220022b030b0171011b,
051200bd00c10414042a0277021d001f017b01a5002202d00248053b0129013b013c039802d600510272033003670000000003a401f701e30000031b000000be02230435032c05680000000000000000002d04990000011802a401950000023b039e0000011902f6029205990000019a0334055400d4029902b902b3007a0204,
03a50104028603a904eb00c400d70201018c025a000002fc024404d901df01f1011b028d01a701ae02d301df044800000000040701a5011d000003e400000000028403a202e604cf0000000000070000013e042e0203020f023500b30000025d034f000000b80330015c04830000027c020c064c037702b70151039c0140017f,
0527007c0000042602ac018302c60169000002b6000002c601bd045901490174012702b8007702020248033202c500000000046701cf029b00360310005900770322047d01b5054b0000000000000045024f059a0128026c022c01e9000002010208000000a4014e020d04b5000001a703fe05bc02c602670293038e002f0232,
052f026d0000043d0224028904ab027d012303ec016501ec01bf033601260062002d015701eb0111020a0504020b0390010903c80340053f00000012000003b50511042501b502d303c900000000008e022e04b5000002430000000f0000038302220000022d004f033d02d400000000000002ef013900f8043d019501d20405,
04b1017a02a4029e03d60198026d0258014a01f00000023f028c04be0356020b05ab031504d4015902ab02de0279022e029700d3013c03d900000494003101d9027b04e40287030505a6024800000031002602d80000026a0000035d0000018203f90137000001830358026300000186002606570000018d044d0074025703ac,
04f0016002a5027d04ee000002a3037802b302e50000027301b803ac031a0000022c0347036a032f030201b10308011b005d01780144043d021b0491000001c501d60536038903ce03cb00000031000002ef03b800e102a4004a0319000001e2046e0000000000cf02180293000003460000058f032601ca0324000002590308,
035903d901a3029402c0010c02aa045c032206080000013d029f0390059f00000174014303b503990322021802d3029a000000000142016b024f020c000003cb017002f6027302c50598009700d001a5008c01f60000016e000002ee000004f6027a000001bf0299033d01b9000000fe00000335013000b601e302a5025201f2,
0291044b005e03b5003804700252023503a903d20000010a0316031b068a0000017100780143037b02ec01c701ec02d50000000001fb01b4000001540000027b00400241028d030b069d00000102004d000001ed00000159000003590193056000000032016804e1027800fa0000004d000002a4002c017d00580366015a0228,
02dd04a602cd03ba02f202d00202028c046403a0000001a50402021a050a000002700154030201eb031d005900b902db013e0055002a02d200000127000003bb03f80297031a0188074f0180014a001e0000014b018b0098000002d600000289000000dc000001e702f20000000000420000028d0000013001ce0275015e0443,
047e02bf01a804700496022500d9013d021703920000024902f7029b00380000033e02ec028300940232000001070183010b04fe0058047000000000000503c805c803e9028904b1016b0087026d0017015c05a4004900cb00620000000001a202b2000000000000035c02cc0000000d000002420000019f04690312022b0459,
054d01a201db047601b0029e02bb00a400f002c60000024e023303110000000001850280019f01bb032303fc0280006b0000060b0228029e00000000000002cf050403110179045200080000000000d3029c046900fc01b201b1008d000002e700ae0000010600f0026c04270000020602a00280018d027902cd02d700c701e1,
05420059018704ea0106043202030000006c016e000002c202b6029f00000000029c02ed02ca009c033c0238018701b0029205e8026301ca0000000000000353047502d20158047b0158000000100119038503810157035c00f100c9000002d600000000000000dc03140390000002c403a601fd00a4029703790286014c02b8,
048b00bc01f3047802e101fc0223000c017e0251000001fa025c043e0000000001de02ed02e300f3036d01290235000000000540024002ee000001d1000002af03d6036e01e604ea00760000004a006201c103b6000001e8015600a30000042201f900af007f010b025b0472000001eb040503a2023802fc026802c1017f0209,
049800a3011004d702e8011b02310000016c01f000000271020204d10028000000ba0398027e00f9031d02b102f0000000000463022901b2000001580000024e032e03c301f20562000000000057000d00dd045f0000021b0250014f000002c3026b0000019f01e4026c05bf000001a6031b032b022102e9022902fa01c2017c,
04400000023004eb0343017201d4000000f20285000001dd02e1059f000b00000228037d02a300fb0309027f02e200000000041e0264017a0000010d0000032202a50366032d053700400000016900240035042200bc0110030301a30000023d01d800000218026c028c06810000014104df031900f0036401cb0337018f0206,
048900000228055b033901f5018700000131018f0000024c02680508000000000037036f01bf000003110180034900000000043e02a70101007701320000019602ab038f034e0535000000000000001a02dd042f002902b2027801840000035003920000014503c702280603000001b903c603310244030602390254014b02c8,
04ab0000015d070902ba01de014f0000016a015e000002b80237051f00000000004e0458027a000002e802650358000100000460039a010800000000020d0339026103b5044f04bd00000000000000000436031002c70459027d01e2000000940313000000000328019507000000037102f20112036f03e202cc00a5021e030a,
025e0467000e03aa05b30000031f0445019e069f000002b102a30405036100000000010f021b0368026102a802a103a2000001ec0023037e0000018100c304d7038a039800000000037e0000056900a9000003b100000000023401ac0000000004d600000230000b0264027d000000000000023f02f3015f039e029e038e049b,
021604a00101033604cd006801e003000208054f000001f10349034105bb0000025b00ff028803ca042001000313030e000000000076011b0000029300000275010f027301b3000005070000026b00d500000089022b0000013802dc00000000024f0000000003bb01fd00da00000089000003e60190019f024801df023b02df,
03320353000a03b602a5023502ac030501c9051b003101fd022e03fc05370000018700df00d2047a032003c0037303bc0000004001400199000001d0000002cc003f029301d202000562000000000075018702a4014601220011032d002d014a01be0000000003cf02000235000000b3003c03ca0283013801c502ce017901a0,
027b042a000002fa000003b60309030602640417000001a102960306065d000001930062005a0487030c03520259039e0000000002ec01b6001501260000033b00ea020f012e01ad0675000000ed00fa0148029a00000216006e029c00b103100000000000b903c9028200aa000000000000028700ea016a00e40437015101a2,
0238033f000002f5008c042202cc021b039c030b000000f402a4034e062e000000d5009c017702fd0349021e023e02df0000000002bb01750000028c0000020e00250260022a0352065c000000e5005f0000026e0000016f0094036300c0043f0000006701580524024d01250000007200a103870120017f005e036501900222,
01d404580170030301d002df01f0019704ee040c000001c10371025d067000000259004f024702fd0424001b01de027200000000016402060000017700000382011701ac02c100a7074f0129019b00bf00000049000c00c4000003ea00a60370003f0174000003db028b00000000006d0000021b00000181007f02bf018502e0,
047403f601d403090404014500a1013404c30371000002540375019b03ed00000576027d046a01fe02d7008e019002ac021f010a005504ae00000167000003a3044403af031502ec061c04e70139004c0017032201bc01a4000000aa0000006b017d0000000000ef0328000900000000000002bf000000d403b1030700f30374,
0515000002dc0596043e01f00140000004030240000001810351044a001e0000018f0395057f006a02fe018702f200f6000003d5006d03e9000000000000044202aa03eb034a05ab018d00a802a70000004f03dd00dd021000c201ec0000000003d4007d01100223033504f5000000bd0000012c00c001ad03e4023d01e50415,
04b400000159058803250260014b000001fb01be0000024b020d03c9000000000000030f0290000002d7012d032700000000037c020b019f00000000000003ce02930308037c05ed0019000000000000011c040f00a601e501ea019f00000303036200000000036f017a05bc000001c5015f004302c602e3017c02680030026c,
04520000036e053d034d022f0143000001c600eb000002b5029303d10000000000de033d018d000002aa014a03610000000003b7020101810000000000000321025d030103b205d100610000000100000219049a021001f20267020f000002c103350000009203a201c605710000020f029900be023b0326016202bc005f025f,
03de000703140521042900df009c00000215022d0000023302b004270045000001c402c7015e012a031000e9034f00000000032d01f201b600000000000002f601ee030304500550002b00980120000001070429037100f5025e019d000001ac02f90000000003dd015f05cb000001b9024c010701f3033d012f02f9006b024f,
043c00000381054002d701d70118000001cb026f0000023b02cb04170000000001b6034001cc007e028f01e0029c00470000039601dc016900000000000004460297031c032504d2007700000199000000cf047b00e4009c026601ad0000033c01b3000001ef02f20263057c00000138027400a700a9033c01f8033201640221,
0423000002040560027f04100139000001f40236000001d302f80435000000000118029f016e006f02a4024402430001000003670502003e000000000000044f022b02ce048404c90000000000560000019004b0003601af02b1019f000002d10016000000c3042701f906340000012e02e70019007603460202029b0296029d,
0532000001c9067d019e0482020d000002b5024d0000010a033304330000000000e9030d0196000002c3033901b500000000044a027e016d00000000000004dc01f3033d03b605ed00000000000000000310047100950079025301b5000003b50000000002b5037102a806da00720202025b00000000030802a2017b01b2029c,
02c602800079048c03bb003a0325025200a605070154032d02a3051002730000000c00c901e4021c027003ec027302d3000002d3017302e0000000300000062a0379033d00000000041600000485013900000339000000b3026f035200000029034600000251013b02cf0415000000000205010401a3013c03ae0363030b03c5,
030703e700e002fc02c000a702cc030900dd04ee0049024a028602dc0619000001aa00b1002204b9033c035f038403b000000000000001440002032d0000025c003502d9005600e005300000021900470000022601e5006c01db043a0000000002fc0000005503c101f30052000000ad006303c502650160021402bd01b40205,
02b3039600000319013f0316029c02c001c203480000024d025d036b05b90000013e001700ca04390358036e031e02cf0000007101bb011f00000227000001ce007a0222010902070535000000f400480012022101630144015d039800f4012a00c900000000047a01da0162000000830000039c01c5016b00ee038700a20161,
02a3041e000002f40000041302ed029d0252047f000001a6021702ec05fb000000f9001600b2047e03590390029a03470000000002b60203000001840000035a00a701f5013d01d005c800000001009a000001f80000022d00ef0398012003080000001f003a03810212005700000000000002a00193018a006e03a300c3014a,
022404170000030a001504090337018d026d03f50000018501f4029e06980000010d000000b603d403a103dc02c002c30000000002b101b300000181000002e300ef022300f7017305e4000000000073000001e100000137010502f8019503050000000000b303e30217004c0000000000000280015b0149005b03f30096012b,
01c503e90000028101180326027e01ef030f040500180240029f028206de00000206000000cc03bf03d10298025502300000000002ea017f009c01f8000002b200b0021e01a8013705e3000d016100f1007501a8000000ba013503a80139022c002e0000005e03ff027e006200000059000002b5006500f800ca03f1012401c2,
01e003b200a1020e02f001f70161007f0569029d0000028102e202a106a10000033400bf03d7018e040600db02dc02340000000001c401940000016d0000035e02a800ff034b00c10872030500df013b00000000012d00b3000002fe00650133016c00ce000003da01cb0000000000000000027c000001d900d6036100ba01eb,
053e00fb049304ae01ba02c801ef000003fe02070000028f0439038602690000037402a403c1001902d1008b0057027f030a011e0061034600000000000004db042002d6032202b90726047a000000a6000601aa043501550000024e000000a1000001bd0000023703c702200000000a0000010c000001ca0425029a000003c8,
0508000002b505f1021c0493002d0000029d020b00000284032a03690000000003480374022d000001fe00da010a0112000003f0041401b5000c0000009d044d02f4039604ec05a40094005e006b00000177052a038401f3023500d1000000f90010008d0000024002f105820000023200450000000002b703fc027201870333,
037d0000028e04dd02b2035f00f4000002a2017300000262025e02dc0000000001a4025601af006c02d700ad02570160000004370286014f000000000000043302a2021b0325049e0099000000cc00000000043301ec00e1028501630000034b0151000000740372018a042a008900f601e90000011303ed010403a400c80191,
03bc000001b60498027c03bb013e0000019f029f0000019902c5036200000000011d0233020e00fd0330017a02e3003d000003b60299011d00000000000004d102bf023403b504fc009200000061000000000455018b00f1021001d40088027201760000005003a701e204e7000000cd018100000195038a00d702fb006d01ec,
03cc001a0207051d023c03a8016f000001bd029c000001a7028f02f4000000000168024000f301570308019e027400b50000035102340189000000000000044d02350291034504e2008e0000008c00000000048d01150029021b0167007d0347014c000000bf034a01e604bd000000a700e900000079036600e20352008a0182,
041b000000fa051f0227032c01080000034002570000021002ef02c40000000000e703550136013602b401fa026e00e3000003e602b5015600000000000004370249027f04380513004200000162000001ca04620200011d02a901c30000014300e9000000dc03a4027104f80000016d00b9000000c104460159028000d20208,
04b30000000005e700f2040a0286000001d5019500020181027a03ce00000000000202ae00cb000f029b04560225008b000003b80230013e00000000000004d201b502ff02be05e40000000000a5000001e104ff0000007703830204000001ef0028000002ca03a502610649000000de026e000000b1032d01c90272011b0255,
03a502ac0191046c02860204033a018e000005e90000008b02d3048902fb0000004a00b3019902bb02f203d401b2034a0008023401c202ad000000aa0022050b02fd02f70294017304070000018100a0000002e700000162022f03ef00c0010901f80000015f00f40354034000000000010002a5000001360327010e01e804d7,
028a03f7005d0453009a03c302d6028d00a604ef00000107023504420599000001e5002f0100041a03d603f302b60281000000000000007e000001fd007902fc00df01e800c600d304430000007200000000011f030100eb036004db022e01140052017e0055024301dc0119005c008e00ab03620229018e010b0153000000e7,
032703130000035a000003cc02e001af0193039a00000152021003180550000001830056007a04b6033404a0028b03ce00000000032e01dc001b018b000002d8009e01fc0236020105930000000000000000021d015c0278023503cd01a302290000000000680338026f010600000000000a031f0090020200a3031e000000e4,
032b03ba0000039f0000039902ff021d024c03a40000018b01eb034805c8000000de009900a9040402ff03680227036b00000000023001fe00000197000002dd00650256014402e905530000000000000000029300e50265024b03c6006402f8000000000000031b020001340000003200a402ee021e0158009c035c00000146,
038703650000031000b0032f0417027101bb045101f201e2016802ae060f0000006e004f006a0304029304ca027803800000000002b0013300b501d5000002c100db031c00970338050f000000000185018f03ca000001a701a80372003702bf00ca0000005c034d022a01310000004b022702e001fb0089019203a50006017b,
032103a6000002c8000003ff037702f402ac045300a401af024e024405db000000b30008013e0450028304d8025d03650000000002d00052000002550000032b016c027a00a001f105c7000000cf01ef01e602fa000001a600ce038c000001d30000000001030392026900080000005200a602b300aa00dd01b203e3014f01ed,
02760343000002a6000004fd0276015503a402fe0000018e02e502a406150000018f000000ed039a036202bb023802da00000000035f00df00000193000002bc013c019a02c801c60676000000b4005c005301a60000011d013b03eb01cf02c40000000000ef048c024e0067000000400000029b0000013900c50327011f01e2,
02a503c7022e035101e5037f01970081058a01fa0000027503ba0343056900120246016e0345012703a40030012901f6002b0000009501c0000000ed0000038a0334016402b500db080500000163004200000000021a00000089038b001101670000024c000003a1025b00b2000000e000000239000001ef01aa029200c902b5,
04f500530231055903e5024b0034000003af03080000031d03ee03d2007d0000035403f802fc000003070000010002ad0000024500f60415007900000000058303b6035f030a02cc043a038a01ae005f0014035a01c70192000001790000012001ec00000000024b0409042d0000005f00000000000002210513024a015c0418,
04bc000001fe062d01eb0317009c0000041f02aa000001b40320047e0000000000e2035f02070161029a019801fe002600000394020b02860000000000000593029b031403f5050e00000000031500000035042001f90075037f01ea0000004901a50000005d02a4023b065c019e00fe00910000003703c7028e0293016802ab,
04a6000000ba04d001cd0381013400000245018c000001ba027003540000000000db02df022600b0031a01710253001200000376023001ac00000000000004ff023d0271038b0600005f00000065000000000409013a0102025d01dc00000387009d00000036035601d2056e0000015f0129000000e503f000d50299003f0174,
042b0069014904ab025403240111000001ed019d000001b2030c03070000000000a002ac01c500d702db013f01fb014e000003110330016600000000000003e40228027503930580013e0000018f00000000045e016000ef02d50171000001da004f0000001403d9022105050000016900a6002900830302014302ae00d901fc,
04830000012505420237037c01e70000031102750000022702a303d1000000000105033000c90148027c0292020300b1000002fc02bb0246000000000000043501fd033f0301054a005a000000f80000015f05330042001602ac01960000021500e80000012a032f026a05ca00030147021b006b006a033501fe0308016301d6,
0451000000e205a3017e043b01cb0000027c00fd000001d80285043900000000006e037200cf0000024202b901bf00dd0000037402a9026000000000004004d7021f02f70397058d00210000014c0000005a05500000009003ed021e0000029600a70000024a0301025d06a40000014301990000000003fa01a5025d00e202b3,
05050000016104f40106034a01d8000000fc04a3000000fc043804db00000000040a02990158026002750116001a01d6000002ec029c022700000000004604b2028c03a30450057b0185046c0127011900f1045d0223019402fc03cf000000d8000000000000023e03ba05990000010303260197000001e80330014a00000469,
023402770265044b01d802cd011601cb0000059900000114027a045504cd000003f400ba01080371044d027202f0026c000000da010300f100e4016f0163036d015602bc017b0240039e01bf00ca011b000002d104520308034303da00000000017001080000025f026a02420000000001f203100000007f021302600023025a,
024203dd009702ed00c20356028802e500f6048d000001b5021d032905a4000001d90000008b0407040703b1026202fa000001070406016a000001d6000002fc0000022b02970175042300000000007900ae0231002702eb02e604d2017f01fa000000140000030402720161000000c5006c032f00eb00800139025c00e70213,
030803c90000038d00a5026e038f0290018b04a7005c018e01fb030e058c00000078000900260448038703be0291031b0000008900cf0162016501c90000028800490284009d027803f100000104009100c402930019012703150416003f01970112000000dc030c0251011c00000011004702e7027900dd010302b4003e01c7,
04540400000002a30000039b0406040101a1048b00b2014e01f2024404fd0000000000000012040e02420516020403a10000007901c400c2000c01f2000002ff0157029201a303270530000000000159016503420000010101fb050100a803a90000000001bb033102aa00b6000000dd000002f8008b00f9017f024700270257,
02ea0471000002ac0000045202ce02e501bc0461000000df0238022505b80000014000000132035302d303f50226031e00000000026c00ad0000015100000385018c02070264027605f00000000900c4000002a400000147019003c20181032c000000000107032202510007000000000000024c0099010000cb02df00620197,
01d904200060022a007b03cb022302d4036f0399000001b4027d027a0614000001490000016502de0358021a020903240000000003570102000001bd000002b800f701b2029e01ec0661000000aa00ed000001d0000001840178044b015604010000002700fd0429025000780000007d000002ad002400de0081033b00c301e6,
01b503ad025502e601f5038b0122009604960347000001d4031c02f405f5000002c700a90251021f043400800244025e000000000144016a00000119000003e001da013702bf0110074e00b70164007600000089016c003c00de044700a002b200000228001603f601ff008e000000ab000001f30000017900f502e6013101e6,
03920265013b03ed038d0225018c00000546023d000002a104a503ee03f70000011a02d203710063032d0000007c025a0000004300eb03a80000000000420420048e027c0298011407ad0161034f0135000001d1013401a70000022300000000003a0000000002f1034301ef00000000000001a1000001b5036d030901940567,
0508000002b5063502c1035400000000036902a20000027603b404440000000002a203b3027300590229016b01d5015c0000039801c2035100000000000005500307037b038004da013e00b00322000000da047f0154025e01390199000000bb01210000014702ba036405c40000005f00000000000002a9042c02ca01d4041a,
04f40000023b055c020b033e00ce0000030502ab0000021b029503f000000000012e02ca011a01e202ad01e102d00000000003a2034a022e00000000000004fb026002d904070577002a000000590000020c052d021001c80168019f0000030600cd000000470358017a06680000015c01670000019b039101530321007f01bb,
04c8000001d70603022a0364012d000002fa03730000015602ca0465000000000178030c01e301b602e1026a02f60025000003000332024400000000000004ca02700339041405c7004600000044000000aa04b2013c017c01bc012700000219011400000097030e01dd0677000000650189001d01080354012f02e100a301f6,
04f20000024f059801e503bd0120000003a602b90000016a02d1048500000000015c035d01c401d10260029f02a900000000035d02d802630000000000000468026e034904bb063900000000008d000000ac052601be013201d3019a000001e7006c0000006902fb01c4064f000000f101b3007e009503d5012c02cc00ed020a,
0514000001ec05fc01b102d801820000037a0179000001a902f8036000000000003203a900cc005801a80269020d00cb000003f0028c021700000000000004370225032803db068200170000019f00000119059e00a200a802dc0220000002470049000002a603bc022205e0000001a70122000000cd03cf0194025f012802cb,
0563000000c50500020503ec01890000018a017a00000096034e03b40000000000ed033902e5000002200182012c000f00000408041600b6000000000000054f02f2037e050907410000000001bd0000010305f200710146039500a70000020c0005000000e70246024f065c009301b202eb00000000033f0253012901f00337,
049a0129033c063502d0027b01190000010c03ab000000f803f205740035000002d702c101bd013902f90188017e00950000035f014b019f000f00000000044f02c103b9040005790010018902000000016b051302a50174037901a10000007e01410000004601b3034605fe000000000226012b0000014b02d3022301580373,
0297032201a4035c029d01ac018e01fe02a50492000000a9038b033804430000024e00000232037a04d000f8026002f00000022f01a4016502aa015c000002d700c8025403290231038f02a1026500a901bb01b5018201e1022d03b0000000f802ca0044002c035a0373022700000057000002bd00000018022001ba01cf0320,
032f037302e10333000002da022802c30139041f000000c30315027b0503000001eb00430024045b039a025501bf042a0000013702290242018001f7000002ad00d6027a02330304051e00b90103008f0120027a0258035b026c03ce000002b300000009006202d802d600bf000000df00bb03330000012c011c033d00210326,
0306038e00b00243000003f501c903af010f0452000000bc02a402b704f60000021f0087016103f5039c0194019003a10000008d034f011b0020020200000376010d01b303c502da05990000008b00e8000001fb00db02dd0256047d013e035a0000010e000002a5029b00a8000001a9000002f400000186013d016600750222,
01db0460000e0301005e045d020e029701960484000001a201a7029d0571000001b600000131032e0414030d02b402dc0000001d027300ca000001770000036700ed018f021d0168057c0000000000c90000012e0000021201fd04f702340423000001410089031901db009e000000dc0000025e00e700e7002701fa00050164,
01b2035d00c9032801dc047a01bd021f03050332000002a20245027005410000029b000501f1024103fc01ba033a02de0000002f0201006f000001b00000026d00f701c70180013c060e0000000000be001a0131001601f6003f040f00eb03ff007d01690023048301ce00900000013b00000282014300dc00a8030a00dd0183,
020d038c013102c102ae034f012801b0043603a5000001e0026c028f05d200000255007802b9026e03e100e7030a02d400000000016500f9000001b30000030000b7019f02d9028b06cb000f003500930000013100af012f00020432003c042000bd01e000000487019100d10000013500000284011f012e005402e900b00140,
0252038e00b102e1012d03bc015d000a056502cb00000241039b031205b3000002280166033301a203ea0023014b015f00000000027b022a00000121000003bb03410163033c00e7079800d7016d00910000000d006d00bd005d02e8008201c1000001cb0000035e026e007b000000430000025300000216010a02e001310294,
042a016104a304d0020403b1009c00000442036900000255036e03e5031700000638027103360173029c006a018402fd01ac004f01b602b2000000000000053c030b032a02d102e7066905b0000000b500fa030e03030259000002450000039900100000000002f002b302be0000000d006d01070000014e0399031f014c02e0,
041f000003220513023504ca00f50000031f03df000001f6027204b200fa000002a0019a026802da02e7016401ce01bb00000203038903bc000000000000064503390329030d02750439020100000050021c0484012002ba000002a700000452014700000000031102a404fa00000000003500380000023c02fa039c014103b8,
04ca002e00e005200130039e02c700000484057000ca0145025003c101960000018c0213037103720252053c030703e700e4012002cc03bf00000000000005fd0294034001db02cb060d00000000008000290335000002e7000002f30000012e0138000000000326028802eb00000000001800e0010001f602c8031a013a0299,
044600c401b5058a020f01950147000003e2056f00000238024a038100f10000023b02260268048c022903c903a9032b000001f60106031900000000000005df02fa0383010e02a004600000019a006000a104d5051a0407000001b7000000000171000000000252013f0318000000000018000c027d0208028503f2008e0278,
04d5000001f4065f023a021800a90000029a035c000001c0027003d40000000001dd036e00f30138027f021a02890124000002dc02d902dd0000000000000510025703b4039b0539014e0000014b000000b90567022a029100ea00ae0000026901110000007902c201ef0605000000ed01a4000000e8030602c0032001ca02ee,
04d40000005e05360214046d01b8000003c302380000012902aa03ad000000000138037603a80000022f01d501a1002f0000048103b101d400000000005205d002fa034604d406840000000000a20000000004fe0000013f038f028900000335007400000176025a01ff068500ec01d7015b0000000103ef01ca00c1014b02ec,
04570000024c0615034002e7019f0000025101c1000002be03b7048700000000016003d30159000002c0018501d0004900000506024202630000000001fa04e6036a02e1033f04ad0000000001d90000019604a30000016103a40122000003050038000002c501a903090607000001d800e7000000a0031c02190227033a02fb,
039f027a0009044700c7041b024e01a502d6026b0000021d044103fb0331000001ea01b1015a02500390039e014702a800720255039a01ab0078016c01c2022201e102c90277024f0309000001a00000042901af0000035201fa02d1000001c10000009a014202f004e102d00000024c00000354000000f0033600f904830402,
02c2040802a603fd0000033d0214026601f6040a000000f303df02f90417000000f40055006704fa0456014f013502450020026e02a102cb000001d90000029b00e5029101d701c203670000019b0000008d01f001c102410171036e0000031300000258008302c7033d0103000001a6000002e5000000b300e302c602870283,
02d603ee00380377007d025001d7028a00d105060000025d030a024904a3000001c800bc0000043703ea02cf0168043e0000013902cc022c01420146001303ed010701f9012e01380488000001950048018301e2008202c40311046c00000113001e0000000001f503ad00cf000001720000021a000000cb0247025d00e9025e,
03e0035c008d03c901560117022302ac0298044e01430377022102e604e60000000f00b70000039a02bc029602c0047d000000cf0239019901dc0127002202f800b502720191021805970000013b0021035302b101500384028005420000007002bd00000000033d01aa00f40000019600bd02480387008201fe01f5009d0229,
03500385025302f001af010f013b02bb032a03ec0000033d0241022f05b90000012600f7009a034e027b025a03a6037e0000001302b4013a020302780000025e015e030702a3025305f10000015f003801d802dd01810349014403d600000213027c0000006703d401af0025000000e9000002ea01f3007a01c103c601b001d6,
0308032d034001c20326018b00af021302d603bc00000303021e0222066a000002b900a7023b02700354012703730353000000000234017501d202470000038400fe0251030e02c8066d00e0006b006b0000021e00c601d1013f03c800000337023000000017037b019300b8008d0135000002bc00190050017003eb00e00181,
0199037b02ca024802e802280088013a03b20425000002cf027802ad0684000002e7005a01aa0286040700c002fd02f80000000001f60183003a01280000039101ab017502e30108071d008f01140096000000ca016900e7014903cf00000261011e01b4000003ce019c00a90000013a0000022a009100f800f303ab00a101c7,
02730344034f0308024503400130007704c2037e0000026602e402e90641000003ca011201ea0227036a00e1029902e7000000000212016d003d014900000325014e023b02d501b806e8019200080000000001b6010400b2009002f2000003780097019b004e042d01f70073001e0051000002430000010b015a0379016a019b,
036d038900ed02780152036d017c017b0257031c00000293023302a705670000030100fb02c101a40341014b01bb03da003d0000022f018f00580145000003ce01c4020a025702800774024c00000141003c019400000269000003560000053a00eb0000000003d202f900f0000000160000029d000001320213033f004001e7,
0308032b013102c50236029401e7002602c403ce0000018f02e702590633000001ec0165024f020d040c01c102b902670000000001df01f8002001f90000033b01b501e8034a01f306d900c30000005b00000055003501520000038400bc024001ec0163000003c102600022000000c90000031e00be020f0154027400ea0234,
021a040b029d0270048d000000950285036f060a000001e702fe028e05d50000030900d502d903f203e800a103e803e30000000000fa01ce000001950000044802ac01b40393000007b601d9021a00a1000000a402dd01620000035e0000000003970000000003000166000000000055000002c300eb01a0017f01e2020f02b7,
03bd01760440057405ac00000050005e02fd06f6000002f2035203ad01080000036c0310012a02c1023800bd036e04150000021e01c102c9000000000000060b02cb039a0367019e03aa0000035700510135052202c30196004601440000000003d5000000d001dd01e0042f00000082000000000106014903d702a10378041c,
04db0000012f03cb0277037d0182000001f4017400000111030102cf00000000011b0224046d0030039300d401ea001d000004d003bf023d00000000000005c4031d03140314067a00000000012300000000046400f8013802f300bf000002f600940000013e020701e40596029902e2013f0000000002720205015f014f0266,
04dc00130157053e038902fb02100000026701c3000002d402eb039a000000000163036401e3000002da01d9023700600000054b027302d00000000002e7033e03b7039801fa05860000000000e0000001700530000002010267006900000291009c00c2023a01fb02ca04d2009002a801cb00ac00fd023502d10273037602c5,
05a800a1006f04eb000004420341009301f3020a0000021003ca044501c9021501e2037202ba009a02b90442014a02620121032d0305020c0000024d0231019c021f03cb01b903b0025c0000001e00c801eb01e50000043601a90347000002690000018d028c0278052003320000029f01f304ab0000023804a900f0030d0476,
034403c4017c050a0000045302f102c100bf05540000005202a7041d03660000007700d400cb036e03ff013800ad02050000026e02cd02130000010f00000349029b02a5019501c302650000000000840000023c000002bb02ca037e010907450000007900e0010202d9029b000000a00000033b00f401580119028200e00269,
0364035b01f5051f000003df0247028e0157061a000000ce02cd036a02bb0000025d005700000541034b045701900257000003a80291022c00c600cf0000030d02b702bd022301af0171004900f900f4020a02e202fc02c9042103dc01940000000000000000003f02c801e10000008a006602d5000001700210021a000002db,
0331047a0050043000000372030c0372019c064a00000090021702e3043f000000f1000000430518036003c701f803550000015702d00149017a0135000003a901ed02630282012c037c0000004d00bc01c8025f008b02fa02fb03d001600191009c0000000000b50242006f00000000000002b4014400db0103019f00700200,
02e8053a01fd033b014302da0259038d01870569000000540216028a0557000001a100000267030203d30246022e02cb000000240280018f00a200e50000041f01a5026602da02df04b400000000000000000257000001c2023202df0000052b009401d30027018c021b00ef000000000000026c01d40031006202a2002b0164,
02b80451027b02c700e1038b0172031e01a3048a000001a80273030d06480000039d0000011303cc03ed00b501f5037900000000026101d900450175000003e800ac01e102bc020d05b900eb00300037000001c700be01cb022004b6007104820011009c0000027901d400e400000134000002a10000001f00f1024e004d01ba,
01f7039503120304013302b60101017e030603ee0000023002800324058f0000028f001c008a0368041800ad027402c3000000000215011f005a013d0000030501a1018202f3007f0591008200c80037000000a401d00133020e0414005f035e007e00fd0000037f01e900fe0000011a000002850000010a011102d800c60170,
0352038f00d4028c00a302d90292030802cd03ed0000022b025c033f06280000023a007b009a03930288036f020b03a600a4000002fe0130006d01e300000332015f0243027c0181061f0000008c004d0287021c000001eb02080396000002cf00000000010202af02a900d6000000b600000366009c0097022d028a01c301ba,
023d03f2018c01fa0090038e020e041800fd04de000001f1026c03250665000002a5000000c1046f03de021601cf03080000000003dd0157015701d0002d039e018401e6020e00c1057a00e0000000e3000f01a6005b023b02ae040c008f02580000000000000298021100b30000010700000358000000a7014f033f0046020f,
020003d3027d02db018d03e60123028a00fb04ed0000015602320343066f0000041f0063000803ac04850065022a030700000000018001d9017f01f601290333015002050276012b059001b40000000000000191012c01f802700433013d04c200c000de0000028001bb003c0000009b0000036c004f016b00a20240000001a4,
017503c4023d01fd0458017800b4017b031f04c600000142024c02e905f70000031000d00365027a054e006a034f025b0000000001f7020c01ca01fa000003ec02d1016803ec007f067601c90094002f00000000009e007901eb0342009502ce027301d000000249019200a70000004f0000033f008c01f70079024a00640169,
036b03dc05910368062a0000011003680246078c0000022003b3026203c700000582016601eb037a03540000028a04d7000000fa00be02490000000000000540033802fb03420000052f02ed024f014f0007026a01d2002d009a030f0000034302f600000168013701ff0173000001d80000015c0000005d03be00dd02bb03e0,
055f0000013b049502080356012f0000033f00810000022702c303720000000000e2036402c6000001d2011301e80118000004bf03900267000000000000047e038c032c03cd064300790000017200000000059d0000011d029400f7000002d600fa0000014102ea0210061200000186012300160000034d0262024901120299,
05f0004e00b1055601fc025901490000041702a1000002a7023d037d00000000010d03af0229016101b1022f029400fe0000043d0248028100000000000003f603c7036b032f06c20021000000800000018305b3009801a6021200d2000001ad01a800000000024901e3059101130150009c00000193027801f402ab00dc01a2,
06150078004805d9002203bb02d90000042e0375006d0204023103f40000000000b003bb01b801fb011b02fd012201210000032c02d4034a00000000000003cd035f0451029d0649006a00000000000002e805a2000002c8023e02320000032000640000000000f302a105230000006400e801a901b60231026c0260004d0310,
051000000211058a025d03ca022f00000224044d0000014d01f904030000000000ee02ef01aa014c025c0263023f000000000496031c025d00000000000005180481035803d9055e0000000000000066027205cf0000017e023000ec000004d9016a0000000000e901cc06070000014e011200a8023502b201f6025a00e202aa,
05df000002450549020102d801b2000003cb03cc00000173034f0430000000000369037401ba0271021a023e01a400000000057d027f029d000000000000040503c2037e050d062f0000023800750057031f05aa0261012c02d601bb0000005800a3000000000143026e05b4006b01b901ce00fc000002db02bf0177008e02ae,
049e019b00cf048800f100b501c802420311054a0000029801d403b901580000025002570164034a021002a502220287000003ad0298030902a20031004602aa03ef03f4027403b902560000010200a601c603e40028041b030603000000016f01de0000007d00a002df02d800000095000002e301a1015002e401ca006f02ba,
05bd01a502be040b00af01c002010269016b044f000002190249044c02f70000016601f800df031302c00459023a01fc0000025b0250023e022c00c300d702d6016203bc02a103c7025d00000000009802b503b300b603b5033104a800000287009f00000195016e034003a4000002ee004d0331000000240373014000f401f2,
046c033a01130421000003990247032601b206600000006802a10418046f000002c3019800ca05b402e30309017603170000006b02b20274013401ce000003bf0168032302a602e504620001005c004e000002490000035e022b0456000004b80000000000f001610314014f0000009a0000037d000001a7017101ae0089016c,
039402cb022702fb01700243019b0338013e04ab000001f001d5037a05af00000253016600fe02e702ee00ae028a03d200000000019c0211025d0230000002b0027e03150138031806250000000000d30000029d000003b10124027b0000069b01580000009a029301ed011600000037000f040a017d0143016703e800200173,
03ac023b015b03440262019d02a2026b01330456000001d0015a03750457000001be011f01ec01c2037f016202b204060000003001db02550334019a000003b6037302ee019f02dd05ee000000000118003d0269000002f601c302e800000580029b00000000018701dd01fb0000000000000366023a00af01c8022100600272,
04130241027803ac02dd01d901af02fc00dc05a0000002970231046203a60000027b01570135030a039f011b02d402c30000014c01b60308039c00d60051039f02d3034b018c025003bd0000000000b800710357004a0337028a03890000043c02a70000000000e802200398000001720000037f01fd000002760283002a0274,
041e014001fd04f1016f042b015000f401290585000001f701f804ee0227000003530205013e02d8039c016f026601e9000001c70223032c038a00830025041c030a03a2019903520247010000000066005e046a0032036702b302fc000004bf01b40000000000be0231043e0000000001aa02f7006e00b001f2030000000207,
043400e402ad03ca0234021600b60119026905e3000001ce01a80346027c000002f2024802ca024203720204037703ac000000ec03d0028c044b0000000005c503800319038702e40441011400000135007c03a90112049801dc024e000003da01d20000006f003f01f50323000000aa0041019b0107010502730273003201fb,
04d1007e052104e00383018a0176006a01bd043e000001e302eb03de020a000002a002a302280068032c0028021d04c300000083024c0325048900000000052f03ba034b033902f1052700d6000000960147039001bc038401df01970000046502bb0000005000f8023603eb000000c30106013b000e0129036002c1002003e7,
06930000018c05bc021c041b018200000174014a0000014e02db041900000000020203e303100000019c020e01de005100000315050402260000000001e0057a02310417049907df0036000000000000003605f400c802b600cd011e000003370011000000bf03b701b007f800280291040f000000000349034d015300ea030a,
06e0000001b2066a020c02e201d40000025d023f000001ab02ca04db000000000173038a016a0117014703be028a0000000002d5032702a600000000000004cb02760439042b074e0000000000a3000002b506cf02030192020500dd0000009d01bf00000072022c01eb07a7000000bf03560000008802cc02c702860081023b,
067b0000026c064e041c02ca014d0000043201ea000001bb028804460000000001ad043003e400000120021602c20000000002de020f01c600000000000004b2031204a7040a084200000000006b0000011b06f7025f0059029601180000007002a800000000021000f907c2027501730334000000d30302025802a600390284,
064f000002520665032003a600f1000003c802c2000001a002c7041600000000028403cf026b013301a4026602210000000002fa028302eb000000000000059302840446040106720000000000ef0000025506a102ec004c01970050000000df0180000000000239016a0780010000e602990000000003460321026400720263,
05f7000001a70616023304b701a60000043e008a0000022702c2048c00000000017c037101b400ce01a602a0022b00000000031803db034900000000000603ff01c5043a045906f300000000003d000001f006b101ab00d802ed016c00000140013a0000000c033f01a207890224020501d7000000c602f8026d01c900b702d4,
06420000016d064301af03f40149000002de0108000001bb02bd04c000000000014004d20273000000ea00d7014501400000029703b9023f00000000018103f9029403e7049c07820075000000000000000005f8020f025e02db01740000026d00b600000000031f01a906f3018a02b403b3000000fa03dc028501aa00470346,
06890000028105fb01e10367015a000002bd02e40000012f035205240000000001fe04260206016100e60245015e00c1000002f3039e025900000000000003ff02da04300536076d000c0000004c0000017e06ee029e01c4024e01a0000000fe007400000000028101f4075400000143041b011a0000030c02e7028f0000037d,
057a000000ba0666003d03e500dc0000031303ad00000141028404fb0000000001d603f801c801a501d101e601e30199000003080482031600000000017f047c030b03b70405066501180000000000000070054101e70492015d018a00000290000000000000026901db06420000017e037300e500880321027c02b3007e02a6,
06870000016b0675025203a5017100000135026400000175021e04eb0000000001c004220394000001ba01ec01e601c10000026202f2037c00000000013205cf03c004020378072b010f000000000000007f0577003102da0179004a0000030e018e0000000000aa01980734000000e6030f00ec0098026902cd026b00510352,
06af000001ec073a02a504be0253000001eb02a500000178020204cf00000000015904160297000000d302b9024f00360000029e0360021700000000010e04910375049003d707440000000000000000009a0703003f01a0013c00860000038401f90000000001ba0157077f0000016c02db0053017202a102ef0217009402d4,
057e0000016806e201e50478016d0000024701be0000010f0263057000000000003d03b301db005301d401d5022900170000030804710260000000000000047d031003b204ac069b0000000000000000015a064900d3029701ce00410000032201a10000000002fe014e082a0000011902be000000dd036801f6027d01000305,
066c0000021506040318045a01c50000022d014e0000016d029504a100000000012c03cc01a7008f015a02b802a90015000002f404430250000000000000043d031e03c6058806f000000000000000000275073201cc01d700eb0014000001c801c8000000000309011807520000012d03cd0000015a037b02ab023a010202c2,
05b1000001ca062902ad03c101610000016c014f000001c4026a04570000000001fa042202070000021b02560274008f000002b20532021b000000000037051502b503a6055f05a5000000000000000001b7058d0334023901780099000000d6015d000000000301014d076100000188043f00000037043902d801e4005f0265,
06540000029b078b012a04c201ae0000028301970000007f03c805320000000000f004b60231002801b300be00ae00160000032804c402300000000000ee056502750434055a06f200000000000000000179065e0366025301cf0130000000f70000000000000336018c07ed00000207048c0000000003f8030b014f011403fb,
03c703760000001a0000000009630000000002df000001bf01bd022500730000000003630108000000fd02db03cb02d70243013701360187000000c9032200cb011c000002b1002400ef026f01640030022a005a040a03590192004300e7000000000000044a012e009f003c007f0236032e01ea02e60016046c0199003802ba,
02710321000000d20000000008aa00000000029c0000017f0280000000b70000000002d5027a0000029103280430032202da029b002b006a00000000032e01ce00000000032000660258022901b9017d02790000050f030903d2005b000000000000000001f202df00c0003300f4035901da024a02b0004e0332018300000204,
0000039b0000000000000000080b00000000010e000003380140015601930052000001ab00000000014c028d03f1022e031a00000197000001c9000003a4032601cf000000380219008e0214000000ad01e1009302d3039b022e000000000000000000000370016f010a019502cf03b0020201c60331014801ab009400000112,
02b20306000000680000000006ae00000000013f0000039e01f2000001c60000008a01ee0000000002a2033102b202020376014a0222008c00b60000056f01e901210000038d00f002e101b500d201f00000000004fc01f000da0000000000000000000001dd02a5005601990284023201ec010a04c3000000d6000f00f101a2,
023b02f30000010700000000067c000000000231000002bb01f400000101000000ce01ec027a00000124029502b001f902f800580373000002b8001c041300d800000000028b023c01e4006c013b0245028e00000689028a0278008a000000000000000003f300b800a6035601b5000004d300de047a00000201001f00000370,
017702af00d600000000000005d000000000032b00b0027b0434000000c7013a017b017602e300000230021c02c801e90219008703ef000000bf009b03cb01520000008801c802d502a8000000d7012003070000058801df025300000000000000000000040c0171017c01dc01e300000369009c0400000001b8008a00000357,
023c0309000000bf004500000506001e000000e90078036a01aa0000034802d8023901d400c40000022a01df018c0325032f007206d40000034b0000048700a3000000000300025b0225012b01d60309019e01ab04b002e202490000000000310028000004c800d9016c01b401e40000031000df03ff003900e800fe00000270,
02730443017d00000000000005f400000000010500b10307019900000186000002fc0220023100000090018101fb040a0301013a02cb02e300000000042b01c800b3000001b401180375035101ea00e7028a020b04cb041e01680000000000820045000003530263014d02ff026d008d03490272017f000001dd021c0181013d,
028203f70153000000000000089c0000000001e3000002ac01b50000011d0000000001fb010b000000a1024e028502c8025d00cd022f0023001d00000471013c000000000413011a010d013f015f01de039900ff05b60342010700000000009b0000000003da01ad0000028501ff0012014d0168040800000185000000e20055,
034002b5000001da000000000737000000000066000002d80103005d0121000000f5014502a90000019e023e029901fd035f0340042b00e700270000032801b30000000002c1040a021a02b402fb023104520000068902ee02ba00ef000000af00000000016e03b8008000d7017500e30188004d0536005a01fd002d009d03b5,
00fd032b014d00630000000006f30000000001c5000002e601670049022000ab0063018c025d00000110015f02d502d40355032d03e600000119000003e7011400850000029701ad02790184016e02c8022c0039058e03c6027600b6000000000000000002250379007f0169011d00000194016903b90000027e0130000004cc,
032c025800000231003c000006280000000000fc000002dc01f900000286013300ba01f10242000000e6033302ab01f50368024404f0000001120000047b006700800000039c01d4028c00e700d6030f00c600000640032b0326004a0000000000000000029902be00eb01030221000001dd002704f10009010600bb00000206,
01db0260000001780000000006ff0000000001460000025c02a10000015e00c200000177026f000001f102840334024002fd0372038f00000000000004e600e90078000004210321032e005d003b021b00000000056e025f0322003b0000000000000000011e03ab00a5000000de000000b0010a04410000014e003d0000023f,
04e4022901cd013000000000078c0000000003bd0000027a02df0000014c00000000028b021e0000029a028f043601a603670264019600000097000004ff01e60117000003d1000002ad006f0082039601480000058c01d603a70000000000000000000002580344008000b2032a01c1013001940396000001d100b20000037f,
003703a0000000000000000009650000000003f80000028d01f202ee01590000000001be027d0000019501ee047402d1035102ae01f301560000005e0198009600000000029d001101c1023f027f0003052f00390328023c01a80000025100000000000002600228014d00000000023f028e01dd021201bb051a01f8000001d5,
022002da000b00000000000007420000000002d30000023d01fa00e7027e00000000013c0000000002aa0384048101f701ac019501d0000000000000038802b60000006b02630000027a005d00e600cc0273000004730477031b00000000000000000000032d01c4010f000003370283013601da02d7028d0223009300000029,
0000004f000000000000047f01f300b70000005701cf036300bd0173025f02c8019801030000000002d803c80715015602c8018a00d00186000000000558063000cc00000000007603f600e2017b0000000000000083049401d6000000000000016c0000019a029102bc000002c60187002e024f00ae01fa00e204b001a50060,
0000022d000000000032021003ee0000000001a000c5047d015900b802f601a3010700340000000004e302ea04bb024e038a018001aa004c00000000059903bc018a00000110005b0320018f010e00000000017f027c010f003300000000000000b60000014c02b901e3000002c301fa0007025c030901650000023c025c0053,
01dc029f000000bf0000000006090000000001790000023a0490000001950000003f0218000000000051035f0383011500a4011c032f000000b500ce047a01bd011a0109032d042b01f00000000000f900000000051303df041100000000000000000000027e025500e501d1034f00000217005e045700000012002f0006018a,
01ae026200e5004100000000052e000000000334000003160346000002870000007b01a1016d000000a4030902d8019a0347021a042a000000c1000004cc00000047000004e4010f027d00000105011a01a60000051a02dd01d1000000000000000000000292022a0100024402500000033900720487000000ab000f00000276,
02a8026b000000f2000000000530000000000236000003c500de00390362000001210125018b000001770352025b024e03cd0190056300b6005e00ba046e00000179000003c00235028400b102490123017f005d04a1023502640000000000000000000003b50150012d01a901c90000038d010f03860000007e0087000002fb,
03450367000000110000000005be0002000000d200000330012a002b01eb00de013900df005800000208031b01600370029700000611005d010d0000047300f50000000002630260022300060189010101c3009406d2023b02120000000000f10000000004a0004d00f4008302950000030e0209031000400098000000000277,
034f024b002a006d00000000063e0000000001e90000031601c90000021d0000006000f301160000014003a30304010802b0011604010000002c004a04e900e20000000004d6018001f2001501f6011403410000069502000207000000000056000000000414018600b1012902cd000001f9000204f100000000000000000024,
029e02aa0000016f00000000067400000000022e0000033e021a000002180053007a0240010300000228027d029c0274037402e9043d00000145000004a500a70139000002e900d002d80092017e0244018f0062060b01a6039200000000000000000000031a023f00cf00ce024e0000016800fc03ea000000ed009f000000f6,
011103cb009c000000000000073b000000000239000002ff01fd000002380014000000f4003900000201021702cc02d0028b03210409000000a90000040e00f40000000004220114030e008b019d0216018700db054e02d7025300000000000000000000020e02e800910052016900000143013a03d3001d0198005500000113,
00fa0219000000770093000005f50000000001db000002f002530000025f0000005301c100570000019203490372019502e00328037f000000250000043f000000a8000004a6026003550000010d017a0000000004d9025303ab0000000000000000000001b9028b012f00cd00000000028a00c503930000015f0114000001d3,
012c033f004100a200000000067a0000000003d40000029903550000024d00000000010200d1000001c10251031f02f4022302a30389000000a60000032700000000000003b400ba02c20000005e0249007c005005100244025800000000000000000000024c023a01090068016c00000278019902c0004101db00a800000186,
01c90448026f01b00000000008390000000003d50000027c01d7000001f40000000001eb0104000001e901ec033a038b02de01ef02e60000000a000002f7010f000000000343000001c401be022203a705040192059f02d0034300000000000000000000025202a600210192036200ac00c2023801cc0152020b006b007b0000,
04e202b3000102cc00000000070600000000030a000002a801ec000001c90000000001fa021f00000187028c02fd01fb031901fe04e8000001a9000003dd004a0000000003e9013b01a9009d01fe02ea03280007064e024a028c000000000000000000000442017400cc00a603c10000026b007b042f010701bf000000000000,
02ab0000050800000000011402f2000000000561013102d502ac018603480166001a000000000093046b0314067c0000026d021c0030004d00600000064f03ad000000000197000003f000000126001d000000000366038d00000000000000000000000002b00309020200000498021200df00f304210045012901f60000030e,
0000000003e90000000004c300180231000004e104d901fd030900000287000002b5010e014c039c057c02c7065f007c029d0147000000000137000004e8046000000000001f000003110000015a00000000000003b602ad022f00ab00000000018d0002022d022b03950000021e01b8037601d303ee000001a803eb00a20407,
00000006013400000000069100b702a0000003ac050702f102ee01460220000002c80168000004cc058801e1054e01ee033e018600ea00f0000000000223056a0000003f00000000028b011802ff0000006e00bc000701760280004900ef0000022900b8022901fc04d80000017c01bc0242024303bc00a00137040e006b052f,
00000000035f0000000004e800ae02aa000003a2028b02a302f0020801f704f401e401c800000000037e023105da020a01da00f50177036200000208074f05940270000000000000047e002500bf000000000000002e03ba024c000000000000021e0000023c03590376000005090000001b028e016a00a30028047a011b041a,
028f021703f30062001c000004a200000000038e00000460015a007603d700fe00aa000000000000031302cc03750190039a025a03c8029200000062057d015e00330000040e00000312015d02d8004d00e80019039f01b40000000000000000000000000241038c00fc000004e60000000000ea04220186000000000050017a,
0171026d0000017c0000000006120000000001270000031f0111000002b3000000e600d80136000001db02a8029e0238030b03030402004d00000000035f01570000000004b3021c024a021b02f1019502bb0000048d02bd031900410000008200000000022702fd011c00dd02090000010500f30461005e00e400000000038f,
000002f4000000d80000000004d10000000002b80000030001ed000002ef02a801e4015b016000000253016801d0033a02e7024804e00000006f0000044801480000000002f5000002df00dc01ef02fd02140000047402e302da00000000000000000000032201a401a600890276000001ad01a003d500d0017f0000000002e1,
0251021b00000221005300000493000000000281009a025702260000027b002e01f6014e00110000010802f3022401c9021602390593000000000000045600b900000000039a01f80278001401d300f703570000053c034c02d000b800000000000000000376023b01e9006803400000023300190540000000050000000001e3,
0127029c000001d80034000004b2000000000281005102f802860000020b000001a5020b02390000015302f9024e01c9038601f605230000011a00000418003f0000000003770202025e006d01d001ab01f50000052601cd034f00020000000000000000033f01a701a601620257000002ee002404f8000000d3000e00000140,
01eb023d012b02df000000000474000000000379000002a702410000029100e40170022600f5000001dc029d02140216031502840653000001d2000003e900b901200000034f00000215009901f5026100fd00930541028704100056000000000000000003cc018301cd004e03a9000000e30039044800d4004c000000000169,
024a031e029d010d00000000055a0000000002f9000002c602eb000002b300910083010c014100000176028e02da023902350271050b0000025a00000431013300000000034a00d20302000000ea02c200b30116050302cb02e80000000000000000000002fb025a010801f902df000001dc00ef03d200000000000000c5015a,
019102fa003702080007000005360000000003f8000001ef03ad0161018e000000db028200e40000004301bb02690265019a01dc05ca0000019d010203f3016001b0002301b0017301c50000009e020a026c00a804f10329038c000000000000000000000542012e013700a203f70000022500ed0374000000b4000000000133,
026f02ac00000279002e00000517000000000274000002200298000301f1014c012f02b800000000019f020d022102df019f01d705830000020b001b0563015901500000027e030f0206000000ba02b101ee010604f303a3044400000000000000000000053a00b800dd00e203420000026a01a503790000007700000000004f,
041201be003503e000000000066400000000029d0000033600830000037700000029000a005b0000013e038103a700fc02a7022803b700000000000004150128011c00000426020f015001a401de01b5022f00000521040c02b400000000000000000000032502fb00fe016b05870000013600ae03dd00dc00a60000000001a3,
00b30000026400000000008302fd008c0000021d00450432007c01f403790343000000000151000001ea02b406fa00780327005501bf00ca00f00115074602be01d9000000f5000003cc000000ad00c40000000003b102f400000000000000000048000002c0026700fc001602c5000002b701a601960000007c0384012c02f7,
0071000003f100000000042f00a5027000000510034a02ce03a900e90254018f027c003900a6028307370139054401d102c5013b00000000010201af0502047f000000000000000003d3000000e400000000000002df010601bb000000000000021c003c033f016e035d0000021b007303e002fb03bc0000019b03760000059b,
0100000001b500000000043e000001720000045c03ee02b1032000d1035a009504d200ce007b022f05df02f404a6016702d700920000000002650000044e0474000000000000000002d20000025d00000000000001bc0226027f00000000000001a8005203eb007604290000035900bf0449021e030d000000ec034f022d02dd,
0000007f04f2000001190409000003450000051b03d8032402030177041c046604ef0109000000780561018d048802d9034d0203004401c300630000049c057c000000000000000003ce015a035a00000000004a000002da011800000000000002f5000003b00204047a0000043301fe01f2035303510098022103ff002e0087,
01c0016c034300d100e000eb030900c9000005a0015d048b018d020602eb01cd0158009000000000062f02d104590174048d022e0171015a0130002b04ee038101ab0000010a0000035d015301df00000000003802250043000000000000000000830000038f01d002c30000058302c1004a01ed043802b601a1012400c5003b,
028f021f002101c600000000061000000000024e000003380106000002c0000000000102000000000264029f02d301f3027b031103ba000000000000049f01a60000000004d000000224008e022402f90216000005e70273021b0000000000000000000002c4029b006c0000033d0000004f011104ba003c011700000000015e,
033601f00143010a0000000004fa0000000002cd000002d6018d003002de0000013600ca0000000002ca02e8030501a4029f03290457008a00000000047201e800000000036a0000036a012002110192011a000004fe03b302a7003a0000000000000000022602e50181004b02d40000025200c604d2000000570000000003d8,
0208021b0075014c0121000004a40000000002f9000002ab02000000021601dd018b013b01b90000016702d40303024f02ef021c031e000000b5000004f001e100000000030600fc02b1000001c001ff01a0000004ec034201a30065000000000000000002e7026000ea011503000000032701dd03eb000000900000000002a0,
02ac01f5020d01cf0000000004e70000000003d1000002f102c60000022b0000013601840333000001ec034f0329011c038801dd03b70000006500000440014f00000000043e000002e1000001bd01d702060000055b01b703040000000000000000000002a7021b01a001e1039f0000020000bb047d000000100000005202da,
015d02a201ac02620067000003c40000000003a10008029b02000000032e00c002c001bf01d2000001ea022d024902b303050210051e000000000000037201580000000002620000030b00ea01e1020802ff00a4043d0365036f00000000000000000000035701640213010b03fd000001b3018802f800f30066006d00000194,
002f038a032a01e700000009031f000000000482002d026c02aa008e02d101170358030000680000005b01be01ee040502aa00ef050f000002b5000003a2014d005f0000014700000225001001a5019003080253031e03f502d600aa0000000000000000055d00c60230028d04790000023002cb016d0074009d00cd00000278,
0000038602a503230000000003590000000005f400000155042600c80103002c031a039301c2000000ac01fa02e003be01bd01a203290000004c00a40335018a00de001d00f0000002450012013b00fc02cb019f03010316043f009d011600000000000004fe0163029100c20460000000d102f300750089013f0116000001b3,
019003dd000001370000000003ad0000000003b4000001a002f3001400a0019f02aa0352000000000158015c024903e30023012003b30000018200ae053102c501ce00000195013403cb00000000029c00e5029e03a704600460000000000000000000000522005a018c00c503cb000002540355016200000092000e004402d6,
01d800800122004701d90000043a000000000284002c02d5007c029402fd02270145014d000000000200031f0525002401dc021f027b00dc0014000005c904a70155000000df000003be008c00a4000000cf000002b6056e011e0000000000000000000003da02cf01cf0000042c025101c600ef042402eb014f015d00000000,
00000111024e00000286035f0148000000000319014503480424027002be0407032a026200270000027401c8050602d10352019c024d0000004c0000061e03eb012e0000000000d804a4000000000000000001de00e10268007b00000000000000ac00000320026b02be000002a6000003b4034d017700a6006b04390000003b,
000001910291000000f90193017e009d0000057a0134016705bf028a013403db03c8040100000000032a00d3040103a500c5004701470000032d001e05b903e2019200000000000002fe0000000000a30000005b020b03b404c100000000000000b700000655000002ce0000038f0000041c039801700000016e03cc0000007d,
0000000000000000013b0322000000ee0000031d042a0278022b01ef02ff00f505310211004b00e603a0032805da00bd02c60318002c0040000b000003870541000000000000000f045901270340000000000000003803ef022800160000000000cf0000032e021c0486000002e400fd0337019e0357000001c40488011c014a,
0000011f00000153011c0494000000fa009000cc0462031600b302e503260000065502c8000001330299026b045f023a03a503ca009301f70000000001dd057000a10000000001ba0317047504c4000001e10030000003ce030701eb01ad00f6011501a2036c025a0520000001ce025d01ae02a0039202400364041b00000117,
0000007b00030000011c04d4017200a100be03ad038403e2014c02b403b00000024401660000028606aa030405ae017e03fe03290065025e00dd0000020104c3016200590000000002e8039503c60000000001050000016c023200000084000000dd00e003d901b404e9000002350328019401eb03fb0440020703c10000020a,
03cc021302d7013f0024000004f300000000048e0000035b0186008102eb00e40010009a000000000526025b037c01c2015202750276007c01f90000059f02e900570000032a000003640000013702400004006d04d401e70000000000000000000000000390024600960000052d010a00d2018404b4017d00ad0000002800f3,
02f0026f0000012a00000000058f000000000216000002b701bf0012016100000120016d009d0000016e03280359017d02050161032a000001d9000004ac0225001d000002cf02b9028f0000014c015d0190000004e7036c035500000000000000000000037c011800ba01fc027d00000363014e03c6000000a1000001320116,
031802db0000000000df000004ea000000000189000002e902ee009402030016016c01a80000000000dd02fa02ab025800c7017303b50000022b000004bc026500000000035b01f303010000010f017c0003000004070310021300000000000000000000040b01610128015102aa000003cf016d040f000000d40000010d0132,
01b0032800ab00f20000000004cb0000000002de0000021c033a000001ca00fd0206019200000000015d01e70249037e00ba01de034f0000017300000417020900000000024e01e702b0000000dc023c00f600b704750395031b00000000000000b00000037e01d101520173032800000286024402e4000000a9003000f300d4,
01ec02d6000001c80000000003ee0000000002e40000020602ac006a0233000002d602720000000001a602470185035b016e01b104fc0000001c0029044f015b0154000001a802070249000000be011c0091014b0436040403ba0000000000000000000004ff005a01d0008a03a1000001fe01eb02b5002f002e00000036010d,
021402ab0000023300000000037f002b00000302005902d102c7000002ed005102d7018002200000026b01fe021c02d60323020f0608000001370000038e012800000000028f01b202c9000001f1019d021500d803ce03070377005f0000000000000000045200f8023300f1037b000002c301720336007f0098000000000282,
02870357000002910000000003b8007400000377006101bf039c00c20152008e0308037000000000004e02c5017c0354014b014b066d000000db004b03a701700096000001c0004d027a000f0118019502b601640328039803ab00d9004d00000000000005110102028a010e04690000010201b302d200ec003800000086021a,
0311037a000001a50000000004110108000002bb00bf0181052f00ad002c013c033b035400000000000002bc0094038700c200ee080800000000024d042901600206004e01f4024f0206000600b300e00359010903e303b00402009900c000000042000005ac013d02bd00c304580000000000c7038a01c900000000002b02e8,
0190000005a000fa00be00f501d400000000076f01ca02ba021b021803ba0217025500c00000000005a0029c0654000002d303b401dd00340000002d053902ee0022000001a300000580000001fd000000000000021c03e6000000000000000000130000023402d603060000032502550044010503850370035b038e000003f2,
000000980504006c016f0412000000000000061e04c602ca03120213033000000529020a000001160436032805c501b9039102b8008700bd00000000021b039c000000630000000004d0014303e0000002ff000000000323021001750079000000770069020002190548000001e502d4033f027d024602b3035204e2000001f6,
0000004e00e7006401e402e500000028000003ce0442024702b50153021001e6056002fd0000000001f0038d058d0095026b02c700d200b9004f009c034004ff002800000000000004b7015f02ab0000013a0000000004c80344019c00000000003600000383017804d7002c02ce01a103150189031300e002960441000000b6,
000000540000000001fd04b000000104008d008504ba030a01680342024b001b05f102c800e80251016002f20557013303600421004301320000007502a605fd00000000000002e103ab02fd043b0000026a0000000004880315023b00e4011700f9014302d002d10515000000a502b0026f025a04210000040f04cd0000034c,
00000160000000ee01e904830000017200000082045002ea0124022402f600fa064003020000023401c20245047c02a7031f03c100a6011a0000000001fa052900000000000003dd034503ae04490000027100210000048d03840239010d011b0145021b039302aa051800000156005101c003280346014c037304ba000002a7,
000001630000000000c00557000001e400d702dd050e034401b60337031c00000522026500000343041301df049102e6038603bd006d01e40000000000c004f50000000000000000030503d904c3000001bd00c4000002d402c90188025700000211028202f3022f05df0000004c035201f202f1041b02860426053600000265,
000000fc014b0000015b0320021000e600000450023f036d02e8013702eb034a0252013a0000001a06b70308048701dd035401cd003f0000002c000003f805370000000000630000036f0119018f000000000188000000b400c6000000000000018b0000037b019104440000047002f40000027d0460032900c70217013400a8,
0238031700000193000b000003660026000002da00e402850361000002a8038c036b024f002f000004a40253011c02a202d4016505ae00000214000004b7033a00000001030100ec03250007014e020b00b001a50302028201f800000000000000f4000004d600da0242000005080000000000fc056102820000000000000030,
019e0334000002d600000000033b00270000036800dd014c0344000001360000034503b50000000000ac02f500c102f6010b014f064f000000f6000003f0014f009f0000029000fe01b100ac01bc01ac02e600ce03c903d2047b017b00fb000000000000052000c202ae015804700000011800df0511007100000000000001e5,
0105036000000323000000000357008f002b037600b001fb034e006601390000030203a3008200000069023700c50356024d01b1064400000245014903a200e602820000028501e00161007801bb023d01ad00cc036c02c704410109016e00000000000005c400970279019504010000018a014e04be000c00e6000000000215,
008e034f0019036c00000000030b007b008204e000c601e503cb010a015500000391032000fe0000020a01af00af034002c301a706020000010300c2038a0117011e0000023900000196004d01da014302b5013102c402610422014901680000000000000586003a02f300c9040400000140015b04b500fd0158000000000207,
020f02eb0000030900000000031800290000037a009a0298026b000b02bc000002b201e501a80000023302a0016a02d6032b020d06070000019300000397009d000f000003d200ae023d002a023101e9014100ab03a602d303a8002f000000000000000004bb008002b80062039600000225011c04b300fe011f0000000001cb,
02ac032e006903120000001c031a0075006502ef014602ed015c00250340000002f301ae01490000010d0340012c02b60304017a06a9014901c5022203c7000c00d7000004640000022d0287038e016601e7010402480341033b00e80000007800000172059a00bd030d0193041c000001c50040057700c400d3000000a902c2,
01c6036d0000031a0000000003d70070000001b2011e038e00000007034f000003170162017700000197026100d0029c03a8009706e800000255000003c8007f00f2000003f001860178032b036802830373013a038e0308032a0000000000d40000000005c4000d028a027e0443000001f7002e056c0149006d000000f10130,
019c0070024b010e004e0000027600000000043e01e0036601b000c5045d013b0217005400000000037503070513000002d204410402016d0019000004c3019d01dd000002de000005bc00000150000000000000020c0484001b00450000000000930000018f031502be0000018c0000026900000467026c0279031300000271,
00000110003600d4010f0422000000430000041c04b4028d030501cf020b00a4057002fd000000840213035f056701a30302026d0000002a000000a002ed0389005d0000000000000556008501f0000000000000000004450266023d000000000090000002ae01dd0510002101c000e9044102c4024500b903a0057200000279,
00000167000000dd00e203e9000000060062022d043d026f022f01e8022f000f05ce034d008e00ab0119038104bb019b031402e700a800a1000000000275041800b00000002200ed03ef028f031a0000011e00000000048203ca02a501500000003000f3031a01fd050400aa018101e302af024402d900520383048a00000227,
0000011000000000013504a20000008000180066046c029901220272024c00c805d502c500e601b3015003830543018002f30359001b01490000000002050548001f00000000043303a603ab040d0000021e0000000004e503df02e000c10172009300a002ac02aa05000000009b02ab025a025203a8007a03f50578000003a6,
000001720000001c00e405030000010a005200ba04bc02b3012301d20252000f05c0026c00e4025f018902e00494024e034403d700820180000000000229051500000000000002150418038503bf000002090000000004e403710344007300e2013f01a101be0362051b00000054029101f902d603c9008f03a204d00000042d,
0000023300000000000004fd000001a10155022e049f031b01fd028c02b60000057d023b00150331022f01fe041802d4032f03d000a4016600000000020504450000000000270052042502da03d4000001c8010e000004570261021700cd00000190026c029e02a6056a0000004f0209028a033703c0006603f604b400000478,
000000da002c0000000006ba009301b0017a03ba053f02bf02cd02340301000003c10274012304f4032002be051f024d03ed02dc003a00d700000000000204b4000000000000000001be02f9041a000004380130000002a502b502410419000001b6040702f0020206350000009a02ac00c802c40458022203e404c0000003bd,
00000102000000000000049902e101580000020002ef04730106017e02fd00a701740121000001040546035304150141052000fd030c000600080000021f049401ba000000b3000001d302e501c400000000017a000000000294000000c10000017300000344018604750000031b00a9003a00fe057f03ee001a020b00ae0119,
024403070000020e0000000003c60000000001c300e603c80146001f029d008501e601690000000002af02ad013c0226030b014005c8004c01340019047c0160022800000432009b02240253023601b20003005503a10170016e000000000099000000000591011601f1000004d90000007900420600017600000000000c02b0,
00ea02a3000002ee0000000003ad0000000002a000e802870238000002d200b8028a0216014700000188032701b00244032a02d504780000003e000003f1009500c7000004fe00e40289022d02b201f7000000000236027d0425011f00000000000000520384028e02d7017a039a000000a0008705f1000801a1000000000319,
018102b4000003410000000003700000000002ab011c023d01c10026029c000002b302d6015d00000153032f021b026002ed021e05a6000001380000037a00ea001500000409018d021402170318024202350000033b02ee041c016f0020004100000000048b017702d20162037700000242007205da003f01820011000001ff,
008502dd0000034a0000000002fd00000000028c014202a1013d000502ab000002f602a000c3000001d3031c017b02aa036a023f0552000000c50000039f00e500e3000003630000022c02a302ec01b801590000036d02ed03d901560000000000000000046a011c02e0012203ea000001e6009d059800fc01aa0000000001b6,
00ab02de0000025c0000000003570054000002a5018102b70139016d02cc000002d30278007d000001d50329019702ae02c201a605c50000022b0000033d00e000f50000035d004a0123027f035b01bd023b000002c802db03230124008f002b000001020635001a030001c803520000017100a5057f0096021e00000000024b,
017e02d80000039300000008032900000000012801570329000000710375000003aa020b019b000000a802e600f202680392015906ef0000014600000459007401260000044602f401c902e5032f02360336003d0316040a0388010a000000b5000000e0052d00cd02b4026a03e500000223005405e600c4014700000000033f,
0103006d00a5000000f201b6022400000000034d021d039d0000026c03950293025b00d30000000005cf03730554000003c1022e041a031b007b00000452041801240000004f0000062102510285000000000000018c03280000007b00000000000000000314018c030e0000029300ba032b003e043b038801c603020000047a,
000000ae0000002c004205a0000000000000016c04a102b80140021001cf000004f002b2023f02cd0295039705d800a803fb01f801ad00a20000004e011e049b004f00a20000009a046c03ca03eb000001b40000000003b503a502eb004800000023008a0260018104fe000b003b0303028a01b902d5019203b705c600000738,
00000104000000000255046c0000004c00de006a04ad02ba014d02d0020b02de051802df01970240024e030504c0012c03a502c101d4015c00a80000027b054a00930000000001250479034403320000000000000000043f0381035900000139005a01be03e50152051200000000017d02f401b403d6007f0448045c000005b8,
0000012c0000000002160494000000ac006600a10448025c01c2024001ae028a05db032e0000026102100273047a0178025502cd012f003200e70000023b05b800cf0000000003e503b502c303310000012d0000000004d104d602d80058015100f000e603c4019004ee00000093017f01d9023a03c60057038904670000062d,
0000019300000000015103d3000000db004701e203cc0290012401c9021c01b9057d02ef000001f900dd02e304460195021b02c401010043009c00000396055e01b20000000001bc0476020001db000000000003000005f0040001f70000003f0152001903ef01ed04c700000212007f023a02c8038c00000307045300bc0516,
000000f800000000004304b500000085004c0085045e02fc00f801cc026b0000052302f600d5028801350403055a0151035303100000011100480000033605190009000000b302160475025803640000008f0000000004f8030f01a300000077012000ff03ac01f204e3000001300162029e02aa0378000003e9054b00ca035a,
0000016d0000000000240679000000c100c40051053d032a00ae025202ed0000051002ee013304020165038a053801de03b402ba00a20249000000000132045300000000007d01ae0333049b04ee0000033a0084000003cb028102db01170198007903eb0362022e057d0005005d025b024e024203e800e703d6051300000423,
000000ab00000056000006bd00ec014f003e026a04d403a8010901c803b40000032c01740000045d040b03d5059701d4042902400086011900000000000003f1000000760036000000e7042c04b20000029c00c1000001e203150109032600000135042002bd01b905ca0000004a02bb010d0229040c033c024c049c0000027a,
0000014701fc00e20148018a033a00e70000043801b00432018901c303d1025f015500cd0000000005470371032600fe039d014c051d00e300d1000003be02d101380000016e0000024302500245004b00b6008b017600bd0000000000000000008b000003ff011f033a0000049a00000000000605c803b10000007d00430079,
00df02d7000002ee0000000003c9001d000001ac012202f70189000002d0000002a101b5008d0000025f0300012b024e0368019506650000016d00000391007b000000000472021f019c020c0341023101ef00220386028e025b01070000005d00000000042a010f023801e20346000000b20000064c0132009d0000000002ea,
004602c00000035d00000000033b003200000206016c0240016c003d02b70000032f0306005f0000015e0323013b02dc029f00f305b500000229000002f300a600d4000003080283007b02b0032a02270256000003a4034d0497017100cf00fa000000bb05d2000002f3024f03ac0000029e0093059e004d0186000000000250,
00400225000003d10050003302b200000000025d01c70274015e0003031c0000034a023a0026000002180399020b01d102df0164052a000000b20000037a00f100ba0000036501820187028b034c00e9023b000002f2031a03f3010b005f0087000000d4053600910351010903e800000211003e057b00f700c800000000026f,
000002d6000002910000000002f4007d0000025701450304013800000330000a02d1019b000800000172026a0189028902bc01cc0554000002970000040c009a00c3000003a5015201db019f02a00204013c005a031703c1038b0097000000000000001b04e600da02af025903540000025800a5057400000100000000000211,
007202350000035500000000034b00000000017e0104033b0000008703e000ae02b70223011a0000010e02c7017e024103b801ca0711000201d50000040b004f0233000003ed01df01030313037b026302f6000003a70349033400b20000009f00000121058100cd0273020303ab00000182000e060a0142013000000000044f,
01c301c200000094009c00a703250000001e013a00db043a00b5022402c0020c0255020d0000000004100296037800440435010d06b700af02960000051002f0022b000000fe0254043d027f028d0015013800dd0241014701730000000000ed000000000564006802f0000003dd000002ac000004c001e2009400fa011d0490,
000001a100000000024d039000c000030000025c02f3031002af02a501a601d8048d030b0150009603bd02a5047c00ea040a02e403dd00000000000e031304c4016101380000017b05e901fb02000000021700000100020603b900700000000000270000036101c40469000001f1000001ec017f03b701d402f1045000430663,
000001c700000000010a03bf005b0056012501df03d902fd01b50285024b029f05ea0293018a01e1026f01ef043d0193032d033d01f401d1002400b0030704c0011500000000019c05b302f303820000017b000000000413034f01af0000009b00c3004f03bf020304e7000000a0010602bb022103980099038404f7000006da,
000001b60000001d00bd03a500000038005d01e90432027e016902b501f400b205dc02f9000001f80222031c04560148028a02610154003600a40000027904bb002900000000020d047902a002f10000005d00000000054203ec028b000000000099006b0362016404e4004a01560273032402510367007c041d0468000005af,
000000620000000000fa042b0000000000720095042902f4000002eb0299000004a2037200000193017804910604001f02eb01c30034017901200000038f047e017a0000000002ad046a0346033f0000000000000000050f02c4019800000093000000d0048a00be047f00a3018d019e04ed01d5036d000003400519000003fa,
0000009b0000006d00bc054d0000000000000079047402e7003c01dd02fe000004d6026b013403490280040205e000e6038802de0035016700000000021b0501000000000074024304370410042e0000015100000000041d02f6023d0000013e000001f302f40247051b0000016202a80293021804210114030704ef0000054e,
0000013b0000000000b7054900020075006c01140457030800e00283031d0000055c02cf0118036602430340054b017603950387006f01990000000001b3049c001e0000002c02ce039b04550491000002d10000000003dc031901ca01810150005402b4035002650577000000e501fc0155025703b7016a03a20546000004df,
00000118000000bc001706320016013500bc022c050f030f01a4015f0331000004300232017203d2035d0389055b01d203dd0319009d00d200000000000003c9000000a8006c018b0218042004960000035e00950000028d034a01eb02af0057011303a202e101d005eb00000050026b0111020d046902ed031504fa00000333,
0000005801110064010a04f9023301c70000042b02db043200e4028904c6004b01bb00f4000002c4064403d7050d015903eb02010277025a000000000196049100eb007300000000014c042c0406000002b0012a000000e10128000001ae000001f6016803bb017404db0000033101f80000018a04ed04ec013202fd00000187,
020002840000028c0000000003540000000002a200dd03a7014e00c503ae021501fa00d60000000003a5038c01e701390385014c06b6005401d1000004eb016800f300000401000002af01fc029201ef0026005202be013d00140000000000000000000004a600c0021f000004c50000004600000679025900480000000000e5,
010302c30000032b00000000034e0006000002da00d8020b01f5006d021b002002ca02fc01750000010602f401740233022f00e80647000001f500ce042c010100c8000003b300d40145016e028502c801c10000036a029f04c900cd000000240000000005db0000028601df03b8000001f50000065f0000013e0000000000b2,
00a902b60000039c0000000003330055000001fb016c023d020b0000025900cc02af02100146000001f6035c01c901ec029a0134067e0000016e00000399014c0000000002b6018a01eb020c02820195017e0000039e02fa041b016f0000008d00000000049300ab02b300ce043f0000014a000005dd0146001a0000000000fc,
000003430000039200000000036e001a00000230007d028c0169003e02ac000002a102810249000001d902f1013b0302033d00f80645000002c800000369013900bc000002f601ff00b2025c032001f00238001e039102ea04e000bb000000b10000000005af0000025d01b903f2000001c700a00577010d00ee0000000000e1,
010a02b9000003dd0000000003460000000001c500e2029c0074005402ee000002a1023a00d1000001ab032b014401f0030100dd0653000001ba00f704c5003701ee00000478028a014b01f302cf01fd019d0000031a02f103b10070000000740000000e063300000275015c040a000001a7001a05f800c90104000000000195,
03e90284000003740000000003d20068000001eb00a80359005c0064038a0000024701cd004e0000016a02ed012e02700342000006af012202cb00180461000d00da0000042000c700ba02bd03c202d801cb005404cf027c01e00000000000d00000013707000000022101df052c0000036f006605ea003b00a4000000040443,
025f01ef0000029500540019033e000000000313003103b5017b013d02e201e702d8018f015f0000049601c701f3019a046a02240735006f00e50000046a029d00fd000002280000040801b702c501dd016701c60356013002c4000000000000002200000492014b02d3000004be000000f3005504ff02b90000000000390402,
0000014b0000000001cd01f001ac00660000023303f803ac01ea01fc0268023d050c02a30021012304e501dc041400c90441033402b6025a00000000038704d000000000003b006a0630036c03700000013e0035000001fa00a1006b00000000013d000002680299046d00000256016c01bb0135041601880266035e007b043c,
000001290000000003b1028700ac004d007f00800370039201b8034a016f03c5054b02fe012700f3038a01c204990154043a0394015f01320016000003df0616010700000000055a05ab028602fa0000006d000000000219033c00c0000000ae00f50000032f02970428000000ac008f0373026703de00000378041a0000059d,
0000004b0000000002190485003a00000006003e0421030d00f00326027900fd04fc0361009e02f602c503e605f6009d037d01e5009801a5003f000001d5053a00c300000000042d0375045e04830000033b0000000002fd033a010b004401f90000012c04fb010604ce002d016a0129039601b7039700d6038105d1000005d1,
0000010b00000000011604f7001600000046010b045e0255019e023802b60000053a03140114029e01e403c40598010c02ed030c00d101a60000000001b604100070000000000206044c045203ed000002cc000000000420044e020800d400ab000001aa02fa0245054b004300d80273027401990378016d034f05f900000503,
000001a6004300b10133050800260063000001f30487025f034f010502b40000051b033b0063025f00ea0380054001d9028d03b50065012700000000018a039d003f0000001d009f03dd039a0376000001d00030000003be03c801ba0217000000e101ef025e035d0569007001c4024e00c301e90340014e02a4057500020248,
000001490000011e015004f100000102004b02c104d9024b031300cc02ae00280547032f00f802c802f50336050d01cc02e802dc0022006a002d000000b6046a000000000000011202bf03da03db0000020e000100000370047701cd026d002200e0025f03ac01b005d10000021201f600ce020d03b001e702b2050900000279,
0000011c00000000000006aa010001c800da020804ac035801270273038f00000315017d000004ac03af0358052a026d03aa0292010601ca00000000000004150000001c00000000011a044b052a000003c601150000028602cd016c02f90108013003fe02e901d305cd00000000023a0173028c043b02f102e8049d0000036c,
000000a00000007e00cb03cf016a0178003b020f034c03da02a7010c025c010902e001c6013000000347031c043200ba03ed024c0325007201170074035b0493012b00000172007d02e0015d01cf0000000000c7000000c3020800000000000001720000037401870449000002df0007008f00b405a202080122021b0029007c,
027900ca0000000000ce002302a700930000024701cc0304016400ff02d70456022f02bd00000000036a033b035f00a902c0034905b501c802350000065a0403022300000245000004ab018e01a400ec0000000001be020a02bb000000000000003b00000387021f02d2000002a40000010b000006b40052012a010a00000000,
00000069000000000244028301d000520000015902ed0271024b01a80275044d02bc022c00000000025103bb0501000002a5027c037e000001c700000569054300bd000000e5006104650004010c0000000000000000042a028f00ed0000000000bb000003ba01db03a3000001f300000128000005eb01070179026900000000,
00000086000001f3017101eb01dc00000000038a0236017e045701ef01b0034c02c7039a0023000002d8042e048d000001fd021303b40000018e0117050d049801c0000001a400000377000000340083000000000103032b055a005a000000000012000004a8008403d9000003cc0093000000000629022a029801ca00000000,
010b0237000004200000000002ea00000000031e0088020b02ba010e02ce00d902ca024e0000000001f902a80138022401d00199062400000000010704d301dd010e000402f1001402040052012800ef023a000002e9032a03e400000000000000000000056d0082028400000509000001060011066102da0071000000000000,
02f902cf0000028c000000000478005d000001a600d802ee00e000de03880000026502a70142000001950333014402160322006a06f30014043200000390001f0296000003af01ed0000033d038302540202000004a5038b03380085000001ce000000c607ab00000284022a04ae000000f8000005be014e013e0000001d045d,
01ce02e1001902ee00000000048200010000038d002503b3010100c303f60000019f0044026b00000259028901c2021c033601cb0702007e023a01bb03200009018d0183043700f300f502b5040b024e028f0000049302a1032a00000000000000000000054301410270014603ed00000169000c0540019000dd0000000003dc,
00000156000000000200022f0250000001ad009e031a05180000033e03880165039a00400000013f02fb02bc04320100044e02a80380060b000001d5048f03d5016f0000004601bb04db051e0522000000000000000002fa000000000000010300c4008b029502f9031e00000175007e035b0130030b002f0113032c00a103d5,
000001c400000000017d006901990000000000000278037c017600ae01ae0380055401b7007c0000044e018803c40256034604c5012f02f8000000cc045804cf00000000010605dc06c2031303bb00000000003e0045026b02d90004000000920149000000f303f803d90000000000e9034a029003370095015b03790000016a,
0000014d00000000029b02c800d20000016c023903b4035c010503e30241024f045e01ca000001b5031902f904b8008b024102f1021d023c00330133037d0460021300000000013e056e027403140000005e0000000903a700d000b8000000000074000003f0016104790000002401570350012f03ca0055037d049500000576,
0000012a0000000000a4045a0063004e00230389042201cf0449043501240087047d04500000021d0077030e05090000006b019e01680047011a02b202c5046d032900000000018b04430060011c000000000000000004f6045501c200b7000000b800ca052400f4055e000001750061027f012403a80042039c0528000004f8,
000001830000005c0000044e002b0120005702ca044001b8058d01a3012e0000048603e7000002370135029b04e60181019e033d0000004e000001d0029f03de00e000000079021504ca000000f300000000013a000003dc03c5015f00220000016a019e03c502aa055500000253000001890255030300c7022704510000033d,
0000019c00000000000a0501000001bc008003ee04f60233046b0000023f008404cc030b01de037f026902f704c1019a02d3026d000000000062000001f803590000000000d700bd0437011402070000009600ca000002ae03d5016c0063000000e401d503a7022305b9000002ca00000252021903c90000021c049900000443,
0000016b00010000000905b90000015200fe03f70506028a037601a602810000044f021d01b303df02eb0337055101790318033c0062000700000000007703b3000000a6004b0049033e0264036b00000295002d00000292034f01eb02200000008e02fa02a20268060400000085022901bb020b046d016602f604b6000004cb,
00000170008700b0000005de00000176000002b1050d0313029b00a602bf0000049301d2026e0394022f02f504e6020903a8032c003f009c00000000011f03d60000000001320115037502c403990000015200c300000244034801ab00900000018502e20189038b05cc00000155011500eb02730439016a02130462000b0363,
000000430000000001a504e00011011101860240044d02e1026c023e03460125044902a20000024802420369052100ec02bf03140104017600000000031604e70029000000000010042c0216029e00000033005b0000034f030200a3007a001500f6016e02cd02bd05710000021c007e02a801940412000e021c048300750297,
0000014f000000000063058a000001da009c030f04da029701f6020302390000044b021d000001f302b902c904d802c502d902590105012800000000017604bf000000000000000003730228035f0000022000a700000309018602a7019a0000018e014d02f902200535000000ed017902c4030e03b5014b02860451000002e1,
00000000028d0000014b05900000008f000005e9050f021e03c10366022f00000328034a00d1018d04590406072200230380028d003b007c0000007a019c04590000001b0000000003cc00fc0301000002900000000001c5020701b2020900000000007f0409013505e7000001cd024d0243014e03c302f5041d059a00000147,
0215000004690243013b005d019100000000073d01c802ab03ab01b902cc0105022e01a20031000004c3035404c9000002c60273044200000000029004e20257001400b20243000004550000016500000157000001c4014101ad00000000000000000000051500b903900000053b00000035000005cd040f01ae00e500000000,
03a60293000002cf00000000048f000000000158016f02f300f500000297000002e2025c017a000000ed02c8017d0200032d005b04d10005024c0000048b000000890000042203f100f20286030f02df01f5000006480260024d00090000010c0000000005a000c001d90318042400000411003e05c5000000c4000f00b00231,
01e2037e01db02790000000004d300000000034e0000034201be00400379001501d7004c013700000191028801930275025f01a104d20000014d0186050800ac01790165040601c401fd0187025e017900a90073047c03360369000000000000000000000486026901af02370475000001c2013704a9000000590000002c01d7,
00000261000000000179022502ad000000000000022e0469000001d703640223036100000000000001f10372044301f502fa005e03bf02c500000065041503c000a6000000f5058103b60335039b0000010c001a006a036100000000000001c100d4000002d601fa01e4002d029400000276020f01e8009500000205012b03b6,
000001320000000001bd002d01f9000000000031022a02d700a9011b024d02d9040c01ae00000043045502d604a70101017e03d902b502340000008d03150553000000050018026e05e8036d037e000000460000015e03e9044900cd0000013f005a0000019d028903610000004c01a002c801450347016e010d02e100000522,
000002050000000000fa0004030d00000000004c01c903e40062036700cc0221035202190126000003da029d045100ba040f02dc03460214014f00000428055b01ac00000000018b060702da03000000004a000001c0026001cf00c80000006c004f0000034a014d0288000000000225025f014e03c2004f03ce032e00210734,
000000870000000000f102b1011600000000002003d902e000ed02f0015a0182043202f3003c029002cd036d05db001b02c1030401a102b100000000030b062500000000000001bb05ec036f03ae00000092000000000404037d0234000000c5007f0000028c0245042e0000002f032902fd013603d100b4040c054c00000741,
0000004f0000000001d0038a0052005100000173043c027501d200e601f0024c04fa020100ba02e20450024c0545009302bd036200b6004600000000027f058e00000000000002ed05560287033d0000000000000047034f03c801df000000d1004d0000023602f304c30000017f021a026f019204a000f9016703e0000006b3,
000000d600000000011c053e000000d10059018e04d6030e028f01e701bb00d1057d031f01a2038a030b02d00545007e039a027200b90124005d007501b204df004c0000000002b4045a034103cd0000017e00000000028103c60198002c0105004b00e003ab0182057a0000010801fd0317019f0406004a0345057d00000647,
0000010400000000000004db002e005f00ef01c104cd02cc0289014701e60000045f029d022402ca029d03780582011803bc036e00de01a80000005400fd03d800000083005301d8043703610403000002df00000000025d03d201de010d002e0087024d01b802a805840000000002570252018903c4011202fe04d8000004f1,
0000006200000000006805d3000001100062019c0555031a015b01fd029b002b049101bb0160046d019003c7063f00700292023a003901e600bc0189024604b20000000000b501220445025b03bc000001350000000003ea022901c60000000000a302d2034a01d6056500160064025903a4019b03c50000035c053900000630,
0000009d00000000012d0559000000c2011801a90501035b01bf029b01be00a804e9024b014003d102260335061b00800387031d006601b5002000ef02dd04d5001f000000000228052502e903ed000001460000000002e002f601de000000c8000000e6027802e1052c00160000022f044101b604010000036806160000079f,
000000e10000000001fe062e0000012c000002c004b10300025f0389019c014b04c402ea013a039f02c8030605cd018703390285012600ea007c012b01460526002300690000008b042f036803a80000015e000000000214039a0241003100000004014902f90245057b0000001a02bc035d026603a5006903f50644000007ff,
0000008a028f000000fc05420069013d000004ae0543024f034b01dc02ee0000035e01ef023a04e504b603af061101600390027400fc001400000000000003f60000009700000000030e02a403bc00000340000000000258031b02b901ed00000012030102ca01d205dd000000930286027b01d203ff024c031b05140000060e,
0135000006940000018a030000d50000000007b203ae03ba03870298030b000d026b01790189007705da040007020000046a017201590031005401a403810320000000c60000000004c000000290000000b1000000f7003d00c80000000000000000000004a3004c04ac000003c0029e034c00200440029f03320411000001cd,
02550230000003ea00000000048e000000000186008c02a700f50000034e0000018502cc004b000000dc03c5020d0164032e005d05c5000001dd0000047400000112000004dc021c0096023c02a101fa01ae0000040d02d402ec0000000000d60000005605b5003e01f101a204dd000001c90000058800cc00860000000001d6,
01ab0236000002c300000000040f000000000230002e01cc02a5000001c0000001f3027100220000015003db023300c3013900b904f700000212000004b4018c0002000003bd035a015c007301c700e2008400000424039f045900410000008e0000000004da0074022901990437000000ff00000572000000000000008c01bd,
00a602b70000001200040001033b000000000114001c020c01b801e20196020a026f030e0000000001f20273021b01c2002c00f705a5000003ba0000059b037b01700000021d0373028c0000012000e2000000e2031704e60465000300000124000000000608000001f30000031d000000ff00cf049c000000a70000001c0362,
03f60291000000d40000000004850000000003470000022501e6016401af000000ea02b800000000018d02b4027c015e014101660637000004cc005a052101cb0035000002f20000021300000231027d022a0000057a03ea047a00000000000000000000060c00000137012c033f00000375000005d0000001340000000002cf,
027002bf0000006c0000000005070000000002a80000034c019801b401aa0000013c025e01f90000024b0242024b014d0360004705db0000049100000526020d007d0000036f012801da009102a9021c027c0000040501c703820000000000240000000006830000018c029e0373000002ba0058058100000180000000c60358,
007101a60000000000570016037300000000019800ab020303ca03c401110096018802730000000002f002c504f900000088020e033e000000fa0000055f03e80060000000f2030c05450000002c0000000000000136038802c300000000000000000000036f01710263000001a5000001ef006e03eb000001810128013205f9,
000001f300000000006501b10191000000000168020903350225022301ad022e0410021f02f6000002fe026603fe005402e9006503a10000013c000004fc046100540098008804c30559011701b7003e00000000013702be041100000000004f00000000041c0043033b010301210000048f014603a9000000bc02760047061d,
000000510000000001820346004600000000000003c5034501310358016902350486027000d2016e0329038a0605000b031f01ed01cf017200d90000031b06140000000000000655052802a4038400000000000000a40328029d012c000001b40000000002f2013303dc00000000003504ad016b032c000002d104de000005fc,
0000007a00000013024a040c000000be0000025c03b401d2041e020201d1019903db03180000020c01a40464063f006100eb02c400900000000000b102a2053b0000009900000253047e0095014f0000000000000000039804ba01480000000000050000028202bc04e10000025e0063033d01b10328000001fe044f000004c1,
000000450000000002d9040b00e5003d0000037b036f017404ba030e022800e002ba03e7000001ff021a040705de0000009501f9021e00000086000002ff04a0000800b600000000045a0000002300000000000000d704f8051f00aa00000000000000000441014b04e7000002fc000003ce00c003dc012f022b0417000004d3,
0000010100030000024902ca016d000000000435027901bc04ef020d0153016c02ea03a100000029023f029805a200000079020b031f000000ca000003b604130000010e000000170538000000a5001001c1000002280362045f000000000000000000000390018003db0000023f0000035b004b03d7000000cc03210000055d,
000001c700000000028401ff0262000000000251018d022e0441021e016d0358029a03b100000000026e0228046a00660157024d04f7000001ea00000409043300230044000001150529001600be019100e9005502e20314052900020000000000000000038101d2035b00000249000001d80055043d002100e202b40000060c,
000000890000000002ed02e801d60000000003460302019f041a01f80197026102350382018401d902ca031905790000017301a803b9000000170000033f047c00000060007d0000043200000117000002bb00000205026c040200000000002f00000000052900cd03eb000002db0000012b0000055e00ea014e02bd00000656,
003b000000a9000103b60283019700a50000046e0337029b04bd01d002500392024b025d0000026203af030e05230000027101c504410000002b0000038c04ff0000011d0033000003f00000008c000000b800000166019404570000000000000033000004510222045200000432000001150000061801fe0030019d00000584,
02c002f0000004a8000000e703630095000001a000c3028701350000028801b10247025d014700000028031300ed01ec02c20000084b0000028f0108058000470263000003d2029d008301a4019601be01ef005f0446028a034d0000000001af0000000007b10000021a01310671000001cc00000678011000000000000b014b,
01bf02da000003e700000000032a006f0000025900950277017e0000020800d9021f024c01e80000011d0269009701ed02e2000007eb000002fb00c40583013a014b000003de004f018900a1019a029300d500a6049002de03d3006f00000070000000000625000001df018b0564000001ff000006b400000000000000000271,
035003ae008e0458000000000364007c00000363004b01f602b600000201011a01b902c801210000020602cd000002b40278000007aa000003ee000005bb00000124000004950000012f0009011602e7000001e50570027b04cb005d0000000a0000000006b7000001dd0202065d000000540012064300000000000001e90266,
026a02ce015103b600000000031f003c0000033800ac02c301e3000002a101b0024301fa01b0000001d002c400b3020903270000071600000344000005f1007d0000000004da0000019b00970204035a00ef000004cc020a03c7000000000000000000000577000001e2029805820000014a0000071b000000000000011500e8,
00240363000003b20000000a037d0000000001d600a902b601750000022200da02e702fa015100000000013e000202de02ed00200762000003a1000005d600010199000004aa01a500e2015b0287030001130127038602cc039c0093000000b30000000005e2007c0189030703ed000001b4002906ca000000000000000002b6,
00a7020c00000363003e002a02e8000000000166006f023c023f000001c8020e027c02ad0000000000a302d8015701c101a7002007110000023c0000057b01b301420000037703ba011d00ce022c00cf013b0000031d02c403f50064000001540000000005a200b601dd00fe040e0000017a0027060d00000000000000000460,
02b601f7000002ea000000000302000000000257000002ad01db000001f302930206027101400000029102c3020e00db02ef0017074b000002db0000061d028f00ac000003c30140027e003701ee020700d1003f0345021e0412000000000108000000000650000001ff000004ef00000146000905ff0028000000000001034b,
009e01fe000000d801250000036300000000008c000002020289014a010502e90232033f004100000190024a026e010601b0018606fb000000d700a105c703d500db004a01f80431032300ac01c800080332000002a102bb04770000000002ab0000000005d1009402110000035a00000011000005b80083000800000000038e,
02ac0179000001b001db0030030600000000025b00b401e302f7000001d9040401c8027f00000000024b02b4023000df01660037077c000002450000061b02e600000000026800e402c5000000de011501c400320573031a047c00100000013300000000054d00a701e30000056b0000015a000005fa001d000000000000037c,
02b002d1003102d30032004d03300000000002bb000001e002420000015301c0012203840000000000ce027300e101e901b100000821000003cb006e0683016e01d70000031800000218000000b5018d000001ae050403c8048100000000003e0000000006e80000013600000579000002060000062c0019000000000000018c,
02da022d0000032d001b0000036e00000000019f0025022c01ba001e019f0208024f03230000000000cf02ec00c601b50247013208aa004101a500fc05f501ef012000000302000001c601a802790162021f000e043d0316043b00f60000017f0000000005aa009401b0004e045e000001190000069e00300000000000000212,
03380255011104140000000003260000000003570000023d01fc0000022801ba01a802eb014f0000004103710115020602a20000078300000362021605d701840099000004320000014000d4022d026f0101000003cf02c403f30071000000200000000006c9000001b401b505c200000237000007280000000000000000013b,
025a0296010b02d200000000036a0084000002cf009f024402ed000001f402dc01fc02ae011400000077034e00db029403130000081f000000ed014a0579010b0166000003ba0000019100d5019201be024f0000040c02990422007b000000ac0000000006180037026001590592000000da0000067900a4000000000000024c,
027302730000037e0000000003990000000000d6000002ee01bc000001e50350026f02bf00000000019702a5008a0256031d000008e60000012301e6063c01be01f400000390028601b001640286025001fe003c03e401d805170000000001f900000000068500580204006a052c000000c5000006bd0149000000000000017c,
02910142073c01d8026403190000024702b601ee013c01ef00470000031f03eb03af0238003a02a100d8018300d601be0220071c03650171029201a700000138010603610118071601ce0372000002100000023d010b029e00e702a2009001ae029b01fd02b303060000051e00000209023e00e70000022900000142004105ab,
012b026c073303b3020c01cf000001e5019f018d0288021e02b5001b04cf03d7024d01b3003a0269009b01c201c701a70211070403cf01cc039a01710000017d0124023301d0066a017c034e0000031c0148021700b0021c025b01b2013f007e02d501ab024d02880000047200000260024900d30000022a00630188010505e7,
03760092040201cc048001fc000001d702c2051304f60164000003a00252043104f701150000026c015c03e401250092037506700349003f028a0209000002bd042b022a02cc07ef0298031b000002910008025700c80300000003620155015002e2024e04d303370038038b00000127054400000187027d0124032c000005e6,
0000014f055303a603c101ba00000398023303d0035901c9016c01fc03750406047a013c0132019f026d019c04a601ca033e05c20349009204c702a5000003b8020f01f801b405b30303051f0000024c005e02b7007e006300e701bb002502fd030502de024c01f10029046200000141046600ee01fb012100910299000005d4,
001b00c207190131033303130000038d0349029102fb033702250000031d0367035101f701a70294022801cd01710228027b066f02d0001404a501fb0000025001c6014a00ce033c0447044900000265002901a70070004a02f101ee008601c003b3040801ca012e036504b50000027203480000000000e1008002d600000553,
0000025806d300bb037a02060000036b042501bf038d026601160021008d04a9033e029a015e03f0020f014901e700fc03bd055a044701b503780344000001f7000000840043024f055703ee0000038d0000016b00ac00be022f006800b90149046004770260020d003a045a00000273015d0000009500df0000027f008004ab,
004200d4063901800443030c00000449026201c803cf03aa00000301013f031b04ef0149013503d90216026103cc026f024005a603160087045f01b10007025600d40095019504330710036c0000027300000275011301b603d900bb005f01060366060f041c01e3008e02cd000000bc025c000000f4002c00df038d00000342,
01e9017606b203b40290041600000292022b018f02d9016a000000f80059020d02070145039601dd005a0317007e020001fd05ab03c50194039e00ca011800c2000000ab01070365043d022e004104ab0000030f0185027c0036020400000227038802b503d502cc006803a6000000ae034400c10000021a00170136000004d7,
018300ad05b1021a03750337000002e30360026d02f50240011000000277033c0426020a0002025b00c0011e01f801400278072803c7022e05ed01940000010a00000054010f05fe03e70413000002960000024a012302db0200027600000051037f0414028f0083000003e7000000e102da00000000011c0000038f02070632,
029202cf073c03ed0253022800000400021202a601d603020000000003c2040202e701570158037d018800fc01410000020505f402200095040c01980000026b00eb00000051049e04d80564000001fd0284018f0313008a033800ae0147003702af05710736013e00000505000001e5037e0000006f005c005702a100d404fc,
040d01c5065c04a602b50246000002ec0305032703bd02f000000195039d038c0491018c006903a0036b0064007600bc020c06c402c7025e050600f2000001ee029900ca00a4054d04c103510000033b00f001ba033a014103510227000000a5024804a40575010800000360000001df04610000000000ee0068034500b00499,
033601be068503b20314025300000404027802c5034902e2000001cd03fe04610465019a00c4035102b7004400f301b701f005d10323012804e4017a000002f10129000000f2047205a9048500000218000001aa01a3000003b601e70003013d02de059c051800f700000353000001e9038900000000004e00af03ad000003f2,
020e02e30611038902a401fe0000034e021402490337027d00cf018b041f045a053501f2000003ad024000000186019402770658037c0154045701f6000001450204000001530518055903940000029d00000186006100bb04a7016300020085028d04f0039001060000032d0000031602ff000000c6003e006f038c004f045c,
00ee021a05ee04c5036d018a000001a303a6034f02fd037d015c01f5041603e104a501ab0052023702fd022d02c2013f033f0673035902ed0512033b000003a903230168020a05550353038f00000294003a023301540108033e012800ac008702dc02fe03950147000004a6000001ee03ed00d601f001f800c8035c0050057c,
029302eb081901850162034000000179036001c202cc0219011f0000028d038c019201c50000038b0000023f003c00a902a506be026202f4010602d600000000013e02a200480655029b0241009602b8015b025a019403ad003800f10194022f0243020a031d038200000400000002130222000000a5023e00220018016d04dd,
03df01e005ab01bd037b01fd000000f70361033d04ce020700c001e003410423034501a1006102bb000003440016002f023d053d028c02230232016d00000222013c010e004205be029802e80000028901cc0230015b0140008902bd049a0140031c02220391025b005204f50000018402c900c10000026a012802fa00e5050a,
03960292048a0173050e01e70000000001c003bd0703000003be02e102e704b000a20153019202ce0000054d015b00c801e70000010c000000b801a700000186045b000003ee01fd03630000021a027401e002ec000000cc000002b604360201030602170385026402dc03a6028e008602f2008b002a039900fe01e50000031b,
0000020e04050328047b019d0000022c0225043e05af00350459044e0390033b02eb00f8012a01d0000003b103e6017d03e4031801420226027f038200000370046a019902cc055e029c0269009302690000023200de0176008a00560221019f02f302060245024c0063043b00fd01960378016d0459024f00ff02d2000004aa,
0163017304fa03c603f3019500000281035903150419014900ec04ff03f5044f01a602100116020f018c03220166018f0347049d03b6000003aa020f0000028601b700180000046f0479041c000001db0000020201890000015403f8026500700335041901c8018501e9052800000277028a008d0037011c01d1038d0000050f,
009900ac0695038303d8028f0000037d0422028c042802930000022e0347044f0331026b007c026e027b01160290023502e20509035e02b40519026c0000030200bd0249000004310586049000000199000002f500b40000024f026000000200025604bf00ee015f000003c80000016302ea0000000000710076032d000004a4,
0000016a077101fa036d03460000033b034e0232032d037f000001a0019003b40460017c01c503e6029e00f002c1033301de05010161017a034b02750000011600d200d50000034a064a0373000001ef0000024701cc00000362003a002402a4030904b502e9016f000003d2000000d3022a00330134008b009503540000036b,
0173016206d5001a0471042f0000036c029502260320037c000000c80089032a04690218014604e60049024c01320235029705b802f40000032702d70000004c0003000001850416066902900000025c0000016800dc00f2027800d5028a01b10390050604d301c40057048c000001c4019900c5012b0091009b038b00000374,
01660138070701a703e6039c0000039803ba01ed0387027f004a00000304043302f3022c009002860000005d01820290029d050c0310020604a802a9000002860000000002300386053d04b80000024b000001a200a5000002c40114000100cb035404f002b000550000040d0000017901410000003300af002903b000000463,
00c50255071c0350032101af0000036a02e6036a040b032100050097032b036f030a01db012a0362007a000002ac01a502df061302550220043f0300000001b302110000011b03b004aa0371000002d1000001c702cb002b034d00600056019a02cc0493045800ab000003cb0000021803850000028400d300c40345000003e3,
0289020806d703630333031c000003370312027604520264008e01de03b90374033701f3000003b60000002d018601590295065b031202ae045c023b000001800156000202b20535044c039d0000029b00000294023d012b02f2023000000157021d048a03cf00f80000036600000206029d0000004600d9007c02ce00800403,
02480173072c0342039f019900bb033502b70281051202890000026f044c045403e4021c00da02ca00e10000028102fe026f0566029b0133045f02bc000001fd01a500bd009b044f046e0348000002760000028c0173000003e901bb0000029b025e03ed037f016b000003d500160282026e0000014b00cb0144028700000396,
01c70225071c0217032701ee000002a2042f0271042b024d000002ea032e03880331026c000003d60179002b01cd018c02f10622030f02cd0329034f000000be012600840000043a04b10285000002a5000001b9013001150317019200a002bc029203b1031301aa000003a80000026901bd0000015f013f00d5026d000003f0,
0181021006eb046c023e02140000014803940263038b035501a10037030e028001690144000003870000024a01e701760238072402ba03d103d3023100000093009b000001b905cc048302070000030700c902b202f7037f021d01eb01900054022b03bc029e01af0000033b0000017e02cc0000006e01e4014702aa019604d4,
01e3022206fd01cd02aa02790000031603e602b701e10419000000bf030e03f8025d020a00000358001b011a0210006a02c105f00204029802d20272000002420154007e000003fb055a04470000019a0000021c01a600cb02bb010001dd00000294052704940160000003f3000001b802ba0000012200a8012003bb0031041c,
01a80255040e0207038301bc0000000604b802cc06ed01c905000202056605020401027d016f017b029701ea00ee007702520184013e046e0345013200000486034a00b700000210024b02be000001ee047b00f6007c0000019902ae0648001502a402a4000001c1018a057d02c101700238006e000002e30000038900000508,
001502670554025d030400b10000017403c701d40756011307ef007c05b704380250026503fb01cf01a703bd03610195021c0000028d01e3057b019f002b03330312001200050000018b0211000000e8034f007c00000000032b02a205c800000368028d0000029a03d6077c06aa02e4022702a700220292008a02750000055a,
0000034405e301f8033800f8000001f002d302b2070001a0064c02ac03890333003f016f02b902a50000048d057f00620367002802a001f501dd02bb010e018c0410010c01a002b401830172014600f90341012a014100000053011e05be0000026c02a5023e0484000004d805a2025b02e6020502d7026b011c01a80000030b,
002d036303b001af043802940000000002b201f106ee009e068a04bb02c604a20121023a013d0342015c046b03b100610262004e031f01cc015101b00159015205420000020c00d9041b0000048202f5037001e600000000000003d9056b000002ec02d90021022b02f601f70296017e01f00000000002ee000002a00000026c,
0000021705ae032903a504780000026803d801f0042b01b50251025b02e204010321017c00a002520182019101d802070238036e0160047002cb02c70000035500000121001c040905870385003e019a0148024601140000015e01130283021d01f303c9014601150000036b0007010701a3004f00f3012b00050326000003e9,
0238024d0761035502af02c2000003070221019003960352008d0000038d04380374011000bb0351027300c5029502cd0164057801f8015e035901270000015d0000007c0099042e05e903c60000023b00c201ea012200370445011a011a00cd01dc04c30426011c000003260000021502880000004a0031008a036800cb0331,
023501dd078401aa02d502460000039e031101fc044303f60000000002340361039801ec012c03df0208008802100164024705dd024701f2037d01e0006a0172010500dc00d3030e05fb031a000002eb00bb0222014000be0362004e01e601b4023204f504b9012a000001c7000001cd029a00000132003c005f038500a902c3,
028d02a1082101d802b203410000043e03610162025f03060000000001da0462025002c601c3037901610000011e028e01a9048502930230032301ce0000020c000000640092021806a00503000001820000021100890000025e020901900041023905b4029701bc0000033b001f02400134000000000000000003550000032d,
00ac018e07b30236030602ad0000041803b4023303a503610000007b038c03c002120285019902b0012f0000023001fd02b904f302c701a503d80355000002b900380003005402ee05d704a7000001dc0000023b019e0000027900c200d901620261057d038d0160000002ea003d021f02810000010a0047008e030e00000365,
024f01b2079a032d02e302280000036903c6026603d1044a0000014b03e803b001c8022c00f0039101390000028e0241022604d7021b033e03160276000001ae01950000003102fe072d03530000015d0000024402b7000002f101b4014900b8012206b3042101220000024e0021024102c1000000de0000018e038d0000027d,
00bb01cf05f403ba03a50242000002c503a8028e03a30295018f0335037903500330021e00aa03200164004302c4024902e705310325033a04480224000001be01c10000016903530569034a0000029200000253021d00b5033901cf004c002b026204e1026f00c0000003640000020202d50023017f00d6009703ba00150372,
015a018e0762029202e60271000002ac046d01a9033203ac000002aa02f3032b01200379009203bc00000000017f02560304054a035e02ca01fb028e000000bd023a0000007c030906100338000002160000018b035d00a8011d021c01560109017e0547029c0140000002e00000024700c200000000009e00c903d700e90351,
00de01710697016803a9024a00000324033b0209036a04310000020d01e40349040c033700e203b300790000028601d5023005ce02d2011a0342021e0000017b026b00980065037106700337000002890000025f02010086034801f8017e0026029504e702f500b000000274000001f201590000008f0045010f04de009b0324,
033401ee069a0390031b0363000001d7037801f50196036e000000cd030b04d603580149007b02c703b00203011d01f400da04b801380283027300c60000032001da010f000003bd062f03e7000001af008801d601cb00000306023600f7009e021e041a033b00ca0000047a00000153029d00ae008200c400380406007103d0,
02b1019802da006e042803ca0000000003f602f0066801060445046103b2055d051c013600dd03ae023104ca000000cf024501aa001101b303010187000000fa04630000000000c705130015026c031e006b012a00000000022f0242029f005503f402b6026a00b9003003f9000000bc02cd000000420293004b03ec000004d8,
00ed03c804bb002102e100b50000021d03a701fb06bf01d406ff02ad04750326034201c603c2027701da03fb0264011f0348013d01ec0186021e036700bf026b044900c50001000001e9015a028a0267023400000000000003590098076c00000327021f011d0303000006a605b203cd01a402a202de023800c2027700000444,
00a3028b0641016e038501440000015403b301a305fa02ce041402c103e00311000001ff059f013b00440409045c027502940000017200cf03ac02f8015b022c032c003e007e000001bf014b00a0017d00dd01230000000002c80000058b000002d901e7022d03df0000060005670163018502a203c4025900e6015e000003c7,
00b5031f062101b902e902830000023903a0014f05d602b204be015501ea029500d601e7046401b70000037e033800fc0211000b02850371032e021802a6029f01f2013f01af000001d5015e028d02c60400011901010000012500870566000002a4019e01e702d7000001f704bc0121021501620319024d0078020e000001a4,
000002d405d4016e0322019f0000025404e104ab046f02e002fe022c02ec03be02a301bc022e0179004000fa03bc007b03c1028100b30477010e0495000004cf043001b3000002ba015003a3015701650350016002b900000000000004b803b101ea01c402f00218000003b1028601c7041a01d00460024a0109026e004d0346,
01fb026b0651029a02c4015d000002bb0360032703bb03c000c2000003e4044f03d801500012036102440000030001360223058e0193024903d6019c00000170002e000000000404050e041f000002080182013b01a1000003fd011c0253006a01fe045c03d2000a00000363000002150357000002520072015604b301f203c9,
02a8028906f40337031c02d20000035502a301e10291030800f3012903fe042303d001d101ab028a02850142023a018b019904e002b4026e0351013a000002ee0169012e01a6033b050904a90000026e01e601c200f30000029b023201eb00cd020d042e036e01640000039d000001f3029d0067003300650000031c000003d3,
02340213068e0312034a035a000002dc034e020f044c032a00c2008102df0456034102a2019402f001010195011c0234022804e602b101f8049301bc00000247019a01ea01d202ab049903b5000002ef0065018d0091000002f601d0015200000296030e02e0018b00000326000001b3022d0072000000f0004303cc000003ef,
004b01b6073c035303960231000002c8043802db031903aa01a1002f033604030276022d021c021a02580163028d0253031c049c02df030e05010306000002fa0129002c0049029204d3044f00000204003f028b00f5000002e100ef010f005e02a8040f026a0112000003df00000207034f00af018a00cd00e403a900000409,
0377021f07e302b8025c0258000002f303ba01ce038403fc000000840263025801b801fb02b4027e01a0009d0194022901b5044b02e2031702c001b6007e010100850000000001e0064e023d0000032600ce01ef017f000f0287017b025f006a01df049a04160202000001e6000e016f023a0000007800aa00df038000000245,
024d003c07b4035503ca02b3000001d50433020403b203b4004f012f013601bb00fa02f602ec029c018d010301d403f3020004850337040303ed01aa01cf010c012200ed00ac026e060800e0000002fd0000033a029601ef014302c400da00d9016803b1015901f4006501110000015c022900000000018600670333000001eb,
01310118086a0336026101eb000000f904aa00910341038a0000007f028c01ac0000038102d3022900f0000001cc036c026a043f039e04d0020102fd01de007b00710000000301f4050a003f0000034f0000026e0350028e00f6015f009b00f9014702dd01580253000000c00000025900000000000002370069024a01620242,
01c500b80709011103b20284000001b4044201f6031103690082029a0185013502a0032e028901e500ac009101e002990238053e03e90199022a025f01df016a01cb009d02e902840489010a000003c8000002c2016c020401d3035a01b1022b029c02750175015e037b01980000029c01560090000001d100d9040c014d027b,
049301a704d502850560029d000000f103c50400048a017e016103500341048204d0021a02620180000002e6000000a401a20305020a027f01ef014300000489028a00720122037803b703c80088030802c7017e01f500000000045c03b70365031a02dd02f501c204a304380000012103b5000000000246002f032100000431,
0044028503f6032a055a010d00000063039d03e80612014b0406073b01fb02c9031b02f7032202b500000408025201c7046a025e0368020c03a0036e00e2016904ad00e8008701d503e20041032404430000018100c9011a00d9021303290128035f0211015e02f501e902270000018f02dc001f01a4026c00970308000002ef,
0000016604ed008304720092000001b704a201b8057902610302055e01b5023d018b03d503740273000003f603ae005003aa032304a5025e02df034801e50175035a01dc0000000803230061047604b2000000800143003a00af02f902df000003bb01cc00000299005f024e005001c200110037006f0233000002d200000359,
01ab02bd072f0292024201f400000103033c018d051402970315027303300374000002a3053100ff0000024403a4014901bd000001aa021a027601aa011302ae027e00bc00000000017002570123029502f701e6025e0000008b017a03e7002a026a01aa037f03d900000318039e00c20196016600000290000d0152000001f3,
0255021a086f0300013e02570114023700f00129050003b2017e00dd0304029c0000019a06000125000000eb026002e100ce000000120070004e00ff023301e1024601900000005701cb0238001a01af03d9022203fc00000057006103c601f4004201cd05b4044c0000006d04eb01ed02670000019a020f012c011700670000,
000002d206a50192024c00b3001b01b5024f037d062402bf0454047003ed03b7015600b4030902030000018d0581014a02b900f6000003da000002ae000002fa04a7022c0000033b004b028001f6013f02ee012e03630000000000000517024b0112015f03b9047e00000337041c024d038900bb03f202e701e601420000023c,
000002460524026903e101260000021f049904720438031903c003d2045c035903fc019f00b001b7017c000004a3013102f504c2017903fc02b6029a000003ec032f012b002b03fc029904610000021d01a40178017d000002500231047801a20234028d010a011800ca047e0005026603a5013503e701870190041200c104c3,
01ac0197069d018c039102a1000002f7036002b5035f027600c200cb027f03bc0295021b024c02280000027101790222023a048d02490010031a0224000001fd019b00be0210028003ca03d7000002870000021400e0000001e8023f01bc0117032a02d7024e016c01e804a8000001cd023201820073011f011c031d00000414,
01050213062a016f042f02b50000032302d40223032f024f003202d20139040c0221020301cf02e4000002fb03ad0286031c0427031c000003610284000000f4010800d7021c0213037903b2005201f0000002030076000601f10235015b01ad032a029602f3019201290493000001e401950251015f0114013902fc0000033d,
026d02c306760258032b0291000002b103ed0253035402c600490237015402e4023102b102000389004a0179020001fe02ad04e8030901c403ea021f006e000000c40000005b01d204aa0224000002aa000001cc011c014e02920334021e000002a203a202b401e7000003a10000023c01f20123011d01090124033b0000036a,
01d801bc07ac018c030f0211000002d3039201d0033e0354000001c10150027a015e033702d1031a01220000021d035f01a204800284018a020901e400b0000001220000000001f8062b0242000002b1000001df01fa00be0207025a02890132022d045701af0204000002f1000001bf00fb00000000008900af0368000002a4,
011e028e07ab01d9027502dd000002d50391015402e7042800cc00c60124030402a3026102a703da020a008201e302fb01f7042c026e01f9022801dd0099009a00fa0065000001920744028700000223000002300139007b02f80140031600480186052f01d7028b000002b50000022201c500000000002100b8038100000227,
01bc01b007c801c502fd031000000312036f015701e303a200000176004d02df013f038a024e0349019f0002022d0315024703fb03b8023b01d0028801250098004b00190091025d06ad0255000001ad0000034902170108008e028e01f60071019e04f4032602a0000000f00000024400760008000000a200c5031b007a00e0,
00ba016a0764022a040802fb00000456033200f6003c027800000314000003c7007703a600cb045401470000010c038b0326041b047e028200d80299018401030000005b0180032c085e034c000000f00000035102a7013900000237012a00f901d007610228027b000000b1000002a3000000000000000000bb02b5018c00d1,
005502bc067b025d028b00c20000012305a80311041d023006e1008f02d3044104ae021e032701b30354018401f70226012c017000d0064001e300fb00000503038c024f000000a503b4026b0000024d04e0015701e60000013d0458052805d2029a0331000002510a64041300f0023e029e0088000001f3008a013400c103ac,
0000031b08210238014600e40000012804a2023e0491029105c7002800ef034b002001e805b901ca000003a402650274023a00000185049901c101a901640229003202650000000001f6014d000f022e03f402e701e000000000025a051d0322024b00f20000049305e4013902e6022b02a600f0000002c3013c000000000126,
016401c507e101e601db02370010010903b301dd052f02ed03f0017b023903a50000028f0563011a000001d601a402810181000001d10252018a00e7014e022d01460063007b0000023a01ac00fa02ce02a10249025b00000000031f02cf030d01f101d5009f038505a9006d03e801ee02650000000002a000de00d90053002a,
01c50200085202a201ac030400c001c701d500f405060333030a00ac02f4035c00000264058c015a0000017c018a027601260000016a0000022800ba017f024b01b601bf0122000000d002a20036018f0528016803f80000007f014302e40329017c010b03e7036f0379015b04a4019d020c004c000002630080012e00090000,
02f10247083902d0011002cd00500208012e00bd05340379019400c601f00292000001ff05c801c4000000fc01af02fa0078000000f2003d0194004b0255012c025c01d70000001c01a10176001602400370022203a10000015c019b0294002400aa010404b504470000001e040e01f801ef000000000237009e01c700000000,
00fa027e07fa01c7014c019b000002fc020e016d05470316032401260278029e00000176049301d800000236042b017201c9000000e5025c009d01d10215019f026302c40000018300500256019001380458020c037d0000000000e703a2019700a70160040105310000011f0574023402b200a8022f021b00c5001100390000,
0000025305ab0175043400fc000001c303dc0425059e02930589043a033c030402680277021a015a0000005704a8018804250204026d0370024c03d400ad042602ae0122021d0420000c02b9000001d703140191026e00370052000005e301bf0246017001d4031f0223023e02ef023a0356018004b7029500af02d1000001c0,
000001c005f0023903d401af000003df036303020460038c033f035d017002b50256029c01ec0252005f000003f5034002d403cd0312022102d202ad013b0379017a006600e103a705dc04a3000001580000036601b100bc018f017e04f4000501ac05e10081034a01da022f000001f502180000001a000001a203c3004f0252,
020100e7085a02370301025e000004e603170142018a043d0000009e01fa03250000034d01cb02ab00e6000002ab035401d403ed0331023d0214022f015b025600a20133013f028f06340493000000400000036901ff0000010102e30256000000cb064302a202a60000015e00ac02ad00b8000000000000013503280021015a,
010c00c608530221028602f7000004d70389017902180496000001b4022b02e300000340019402ec019200000251039a02340425029b0228018b02d0013c020601de01a6002e027c05e8042b00000062000002b302cc000000e5021b01970095006105b4027c02940000013200cd02be012e0000002600000173032a00860139,
002e017408b40161021f0234000004ca042c017701c204e6004c00000180027000720336028c02da023200000267033f0289043302a902fc013e032201b001b600e201880000021f065c041f0000008f000002bb0239006f00c3010902eb00ee007405d6011602d3000000bf00f802dc015e0000012a0000010d0290015e0166,
0151016f084d010a026b02190000046403bb01c001c204b2000000b9024c032401a9024401a2034a0259000002c102c201ee03ea019202350176025c00be021a01260163000002230651044900000055000002da015d00000247010202aa013e00e305bd02c80269000001e500af020101c7000900af0000014a03230061015f,
0205011208d1014201e00470002c04df03ac00bd009e04540000006801bf038e01b5017101e6033902ae0000017a03ed00db0372017f02850162014300ee02bf000000f900d40228065e04d600000000000003c701fa0000020b011b020c00e900d8067f032501e800000068006e01a101a100000000000000ad02c700a00002,
024f00f7081d00be023f02dc000005090338029f012004bb00000038010d031e014b007901ba02f901e100c901f50376014b0437000e017c00ee013f00b70282000000e90037025c06cf05200000006d0000039c01e50028018a007202aa0002016606a5044701f9000000a7001d01510333000001b4000002390384012b00df,
00e902ae062902d80223020d004a0270047203480366017303bb033e02a7044d05b10166031f025a02e4001e013702ba00df023e0029043d0160003f000003ea035d00fc000000c60550035a00e2017801a6023f01b6000001c6052102d0067801ab053e000002c20b4304500173026f03e100190000011f00d0011000000365,
0000017b081e01ea01a4012e01be013303d9026e048702b80486027901d002f10000029305850145003901aa01f30370019c000001b001fe01c20133022402b90326021a0000000000f0016000e8029f031b029e02ba0000000003c8026904fc023f0096000003ed097c00950330026c02b400d1000002fa00f3007800000048,
0157012d08a702ef018f02c6017b0189024900ee0493031f02fd00f302aa02e40000026405a400f20000012d01a4040f00f4000001ca00cb01e200ef01fc01f4019d01570038000001c601920000021802c602ac033f00000024028301b20375012e016a013f03fe05a8005c03f4022c023100000000028f00ad006c00000000,
02bf010908b2034101e30313019001e9015c009404fd02e802d2011f03a9033b0000020c052b01390000015500c1034700790000019d000001cd007001f1031001fa01cf017c006200d002550000021f040d01f00453000000fb01ed01e302f5013f0183041603ab044a010c0476021301d400000000027a0038008300250000,
02ca01f3087d034a016e02fa01f102c10135010b04c40270026c005e02db02b6000001b605800165000001b900dd02a7007d000001e60000023600190256026d023401b401a800d100d7026c000001c5043b023b037a0000011301ff01c402780177013d03d803a5040c00c70485021e027f006f00000257005400e700000000,
0185021808a501ec00cd02f300ed02fe021200d70480029f02d5000d021001ff000001ea052c017d00b1017701fc0298012600000183015f01b9007f02a001a6022d02bd000600750076024c010701ad03db026502cf0000005201cc01f10286011b00b102370431028d00cd04c601cb022900d30000026d000000b800000000,
0043022c0856021f01a901f70000026b02b10195051302ef042b002401850324000001b503b3029f00000276030f020502060000024b02f401e801b700f700c30163027e004c0317005202240056000003c6023903120063002300d3036300bc00ce017b01da050f003f014e05c8022c028f019001b2025d00af00c700000000,
000001eb05e7013d049200740000031902b5054304af02d903af05ae027c03d002b200cc009602f7000001a3070a0232042a01f30108020c00070488000003430411004801b005b302fb03c801230005016c01c6027800000000000002f60315015a0443045903c90029024902c801bb04a80078052601850196027300000130,
002f00c2070801890306020a000004a4031002cb01da03c0009d029102e70395026a012b008b026d029d0000044f03f1028f03f4015c024a004d0272001903dd0000012b00f3043e05bc056b000000c20000024a01e1000000f20059023e021a008805cd033a01b700000154003b0248028c000001d8000000c503bc01720148,
0197017e0861037701e3028c000004c402bb011e01a8044e0000009702a8048501880198014902dd0361000002f203fa015d03a101e6021d028f01ec0063038300f701f7000e02cb050f054100000000000003d701d9000002f300dd018c009000530594032802240000014d014502b60257003600e7000000fb02a4007c00a6,
018b0101089902d0023002d1000004ba029c00e6011504c4004000c703a703e800aa01e2013802d700f9000002eb0385015e03da024a01e802600191005203ae011c01ff013102c20538059c000000000000035701f1000002ab018f01a8000000ae05d90301024b0000012e00d502a401ce000000000000011502f6006400f3,
01e6011308db025b01c6021a00b904c7029701b301da04e30000002203e403b4004601ad0184029001d70000039a0343014303bb018a01cb0195018700f6031d01c001d40000025d051f052b000000450072030001f7000001a4016801fd016d005805a70399023d000000f60173024d02df000000580000012b02c700940106,
00e6005908ab0131024f02f3000204a302e30117014a0497009e0011027c045600e10220012c031302a8000003320405014c039c019d01fc015d0170007102aa002002b20003029d04f9052f00000022000d0302029f00000151012a01d7010200690532020f0236000000c100fa028b01ba000000b00000010502b1023a0059,
02010065088601cc025b034600210518024601c200fe04f70000000001b20372017c00da01ee02a9035f00c601c9045e002103bb006a003e01ca005600ca03810142026d0000027706b2058a00000000000003db0201000002b6013e020a00c101420670028e01ca01e60080008801c202d3000000000000018d03970033003a,
005002b606740115034d02a20098016a02f2038e047602ae05bf0437033403f6048000d5032c020e0022017402df0255015401ca00d20286000001980000042f050900e2010d0164041303030198030d03be01c9013e0000003d02fc054c04a6023003de017c03c20755034300c8021603d00000000001d0010b01590000027d,
00e300f1089e02a7015701300378013d01c8024504da0394064f024f03bd03200000009d050e01d5008402b50201041f015e000000d8000e0046002c0145028c03fc0117004700a901cc012a0000022b042801b9039d000000a601eb0393040f01ae0240026704510830015c02ad02c00367000000000293024000620074003a,
020800f90843015e021f033a02ed01e3018a013405690378036a0212030903950166020104e1019e0000000001f9039001420052026b000000e9008601c902cb028b018903150101016e01f70000026f03bb01ff034700000046018002f1043f00ec021b03d703ff064400490383027e0304000000000222006a00a200000000,
02cd0111087d01f0020202710192022901f7014d058e03a202e301aa02f002bd000002340579016a0000003a0175038100fc001701e10000013e0089024c02ab02ef0177026c005c015a01af00000263038e0195041f0000011b025402f7027b00c701d603c803d8051f00ba040f02b3022200000000022900f70146005f0000,
044800fd0819020a022802e000bb021e030f024f040602db01c301540158025e0035024005bf00df005c00e4002e03120092000001e1008601fc002f022202e60377016e01b3000000c901ed004c027e029e022d039e0000001203d1012f02e2017d00e102a203300593013b038d01ea02e80163000002b9005301c200000000,
01e80140083b019e01d7030e0180019601b5017c044302a902d6004d01c30349000001ce056f01270000021401860379007d000001260000022b002a0142028d027c01c6004b0000000002270096016303a902b102e1000000c6024a01ab0369020f0046026a034c05e001f604210145025a023e00000308006e013e00000000,
0178013508a401e60160039b02a701fa00c9009404e3033a028d005702f203480000012a051301510000021e0231036e008e00000122000001a00045015b023f00f5021000b3015000b90274000000c603d2030702f80000014600e0020d0199015c012d048103e501bc0000049101f902470000000002920097014e00410000,
000001a707c401b5022a0106014a024501a90245056802d103ce0220037903a700000089031a0299003e0304045002cb01b70000000002a2007d01fa0000013f01a201b6000003a90184022f0000000002cc01b302f1000000a3006e02a3011800f30212035b04b8000001ae054c026402a300960357025301d9010500000047,
000001a50612015e0402010d000003e903c6045a03e4034902f90428020c04490323019e00780300008d0000066001f903df02cd012a047700e8037000000406026800dd011a048b0492049b004100920108020c02e1000000000000033d030d018f056602c80291000001ba0142016c0349000004fe00a0010a02e2008101cf,
000000b407c801cd029b021d000005010289022c0189043c01f700360267043201f001850127036b03720000039403ec016a042f00d50172028f01450044036a0011014600000360070a05d200000000000003d401c300000307011d027900e700ef0795016701d201600151003d028102bc000000000000012802fe017501a7,
01fc000f092901a60265025c00000516025500ea0188055700000009034103b6000001f00185031b01a70000033c03fa010e042801c6009b01e3013b00e202fa00e1025900a902bf05a2051c00000000000002a0023e000002a90107022f00340088063603d102720000016c01d7025801c1000000cf0000012902dd000000f1,
016300d808f301d701f302d700500454029500ef023104dc0000006403ac040c009401e4022e026c0243000002ed044301070350014e01ab017701050045033400b001f30000025a057504f60000009f000002b801c100000208015b0238000000870569029b02b2000000d80133025d019400000028000001200303001100f2,
01d800ad08130162024c02c6000304ad035a01c6027704250000008202a403a101a301b501b402f602e800000288031000fc03ca012f01ff029e00dd00a8027700e2013f000001ed059f04cc000000de0000031601dd00000256024800f5006f010f0568021d015f008300db010f01e402bf00000058000000f3037a00ad0107,
0220000f08570253027b030e008204d2023501b401ee0517000000c70316043601c40110009c0346044a00000285041f005f042c003b016701af00bd0009038701fb030d00000348074005270000002d000002f1024a000002c7013c01ba00a1006806e1034c01a500000082005c023e02cb000000000000018803c5006700ad,
000001e606f6008403b202870000022702ef0454022804580373028500f203b203920163029a02e700ac006f048f027c0352030700b20136001602d4000003ce059500ef01d7025005860394000002550000033f0203004f0028003c03b201cc019f04da03ba02f0021b0272000001df04ae0000031800d100c40359000001b8,
0000024e0845027401b8012b011401ee033c033203d7038f060203f6021601d6000001de045601bc00b5000002e702ec0311011b02d000ed000002e40176030504ff00e801a0011b022c01ed0000035002f2017d04470000000000e3042b0448018d026101c0044a061901bc00c5031303330000000002240170011e00000075,
020101bf08a101ff01ab03d000a5026502a8012204df02c603b5021201e4020e007101dc057500d100af00c000bd03b00144009d020b00d600a301200278033f0236025a028c0000015f01f2010403e003280258035f0000001b01aa02d00345018b01a502cc044d041b00ac02fb0216022b0000000002690000003f00270000,
020300f5087d018f019f026200fc01cd02830196047b03a103a900fe027302890000020805b700dd016b01c101d60338009e00000174000001330075023e030d03aa01e300000000013901f30000029b04240267038e00000029032502ed0362018b012901d304330783014d035d023002a500340000028600b000bb002f0000,
02be004907ec00db025a028a01ac00cf015b022304880363027d016e032303d800590189056f003c0000025f026a03c2000600000000000000890041007e03b9046902bc001a000000490266005e027c038002ae02780000001402c802dd02ee02080060039203c3045f01ce03ec019e031300c10000031800b101730000000a,
0261015b0854027901a40292024a019c00ee0153042b036503ac01fb048f0360000a010b04c800b9001c01b901d203c9006c000000a3000000b90008011f040a0308027600c500d2004402bf000001ac047401f302c700000186018203a101da0139011b044a03d8039401150441025b028400c40000029e00d301a700000000,
02e601c108e40270010f031800bb01d10149009804af034d0227005b03160306000001a9051700ce008a00b2017c038c008d000000ab010f008f00d2017502a3022f02dd002f00d100d4021b000001ea0388027f033d000000c900cc029f00f400740103049f049c000000730490020201c100000000029e003f011200a00000,
00c301d908a601eb00fa01630176029101ff01bc05320376030b018a0376034d0000010504080220006a014f02fa0283015e0000004702850074019600cb019f016f01a800000241010702b70000006102b001d003830000012c005802e100b300d30211041d04d60000009f04e4028b028a002301e7023301900138013d0000,
00000245067d0177031b02190000027f029c02fa052602d805e7038c019203ca02b9012901bc02e4007b0157063d0263027101180055046c008e030200000298030401ca000404f902990285012c000003b8019203a300000000002a0454028f0170030c01aa038901bf0262034401f402a90094042b01e8015c02130000012c,
000000dd06ce01010303030900000462035702ba027703bb0259029c0299041602fc018700a4029c018d000003920390023f03310078023900c702dd000004b0015100ec00a803d1066505b000000000000003af0199000001750000041a02f1011206cd01b901fd01fc0174001a02240265000001ba00000158033000b8019b,
014e004f0861007f0257031b0000057003370090016104d800000000037603c200e7023d013702a000d0000002940347017a03f7023000dd01b80250007b036300000105019d01e9064505a800000000000003060157000002620103024e00940118071a02e3015b000000a9017802d3010f0000002e000000fa034b01c100e2,
0141015008030170022a030d0000048d029f01270217041b007f00050392043000d9021c019b034700b40000021202c1016c03850217016701660186007f02f10067000000f1025a06b305120000005c000002d701c6000001fa019d02d2000000e707240322020900c8010400d602cd01d100000000000000a0035c00e00125,
00df00580836014d027902ce000004b102b9013401ee04c600a7000003860367005d01ab0141035f00c80000027a02f2012e0451019b0125018601b500db026a009b00c9006202d106a404bf00000041000002c00244000b027f00ed02620000009006cc02ef01a1000000fb0114024c0206000000720000012b037901390145,
0150002c081d008c01ea031f000e04d102b401a701e005520000005202a9042f023e018f011402cf02a600000203043e00c403cc000000c5009c01410000034501490251000002e7069d058500000000000003e4018c0000022e012603390000008406a9027b01ff002c0037005e02a501fe0000004200000229042c01bf008c,
00f7007f07ea011802cd03940000046b02d1015f006005b100a800b4028d03c401ff013300ed035403f4008303020463014604bd009c0121025500c400000396009e0211000002e60674051a000000400000021f01a40000039c00a302cf0000018b066a036d01330000021a000001df024b0000004f000000e0048800000135,
00000273070b01b9033d01ca00000312039f038802c30538041a0369026e0245027c0153029002790299000004eb02ae03090446010d028900cb02c8007e036d039b0000000002a7065503d8000001f70191024e02dc002f01b9000004f8017b019d063702cf0273020a020a0000020c03df000001fa001a017a038000000204,
00000418072d01dc01210214000001fb022702bd04f702fe0594010800a702ca011e01cb056800790162008d04aa02a80291012e01fb010f009c01cf01360312039b014800af0059022902e800a9042f03f00316021800000000003405210144022a0212022e051701810134027701ee03b10000011b020d005600eb000000d4,
0000030b0778018002390247000001fc017e0209055f037803d60230015202d4010302390547013e0000007603ae0236029a011b01e4000000a7033601aa03230582026d025b002800eb023e0108040103a001ac030e000000000000038702c301aa00b904b7047f022f01ee027a029d02ae00080096024b00710113000000e4,
011d010e08830217023e026d00d700fc0138012104ab041603d7029a036a03c80000018704be015d0000015f038403880195000001a100000058015400cd030d02ba02f101200074009b020b0000033d039000d103d80000006b0045036b01cf018000ef056c047d000001b802f501ec020a0000007202ae006801100000001a,
02d7016008f0034c016802b001f401fa00d10080046002e5025901e00392034f00000137053100e6000001fd0152033f00b3000001820120004d00cf014c02e00280025300b0006100e5020f0000029402c1023103a7000000800130028e01b80142019204b0047e010500f203f8027a01d70000000002ad0091004300000000,
0222020c08560479010f026f0146022a016e00850491021d0138020f0304036a000001c304e701000000017901f0035b017b000001f002880179012101880246019001760000006600db01da00000189019702e803cd00000058019b012d013900f2018003e30438000000540433027201a8004d000002b90099007e00000000,
01b301b708b702cc00e501a6005f026001eb00900516037e01bd014403120332000001ce0516015f000000a302a702b70160000001aa02c200c4013801ce020e020401850000006500c901e40000018501cb022603a9000000f500bf023d0000004401ae042104f60000004a0538025a018a0001013c026100aa00e600ac0000,
005501b00857015301f50212011602ae0162012504e902c6035100f5034803480000011b02d2031c000002a103e001c2017c000000c4025000d3017f005a00fa015302050000041f0126025900290000039f01ab031e00aa0094007902cf00c300f701e804140488000001e504eb020c01df00f40247023000ba011a0000003b,
0000024306820120035b01b00000032803b1044c04b902db016203860235040b01fb01ea02d202b1000000a902db01020404005c013c01210138043500000310024a00000181027f031f0400012000000072023c02a2000000a60000032902a701d6046205cc02b3000002000366022803b900a504550165018202af0000005d,
0006029f05ae020b038a02f300000499026502bf044302880093029a034b04c20485019701df028e0000000004c800c102a2023702ed013701f7034d0000044d024f00000582019504f1058001c900a9003f032101a20000013f006b026e02d4021c06d0052b01ad000001dd02c20210036d00000374000e00d6022b00000163,
01bd01e905c401e503db026b0000030e02bb0384055001600370036b025d055902d9028d024702d30000000000f40249027c00bc025c00b802810156000003dd033b00000407018403260488004f00bf0024037402580000001603330258023d0200058401e90255075601940214025602f900000000010800fc020600000109,
000001350710015a033a015b003d02ef043302d6035202d1057902f3036504e600f6034b01ca02660000000001df02a302c4013f02f5007c018d02da000004fe0295000001b101890355048d00000000010d02ac03ab0000005602cf03f404ab01ae05ce000001900c2b01770215039d01ca0000000000de0167022201030076,
009c01d0076400d802ca015b000004fe03a802730188041f0000012101e203a2023d02150163032301140000029c021d01f603b801c201a900660262006002e4002b008f0000029c06cc05950000003d00000230022f0000015501200444021501a607110226015f005700a90018028501ac000000e40000013b03f501c3013e,
0320000008a80225031a035b0000048302bf01b6009a050f000000890280047f00df01b700cf039d035d00000113045600ee044e010001d501e900c8000003fe00d60285003e03ca067c053f00000000000002fc03a400000228015102220000002e072a040e020d00000232000001f202530000004c000001140382006800fd,
00ec008507b002700282036d00000442041e0100026604bc000002b403fc03b7017900bb0020034b04240054022202c5018504fc005103a400f80160000003de00c801d1000003f506b804f0000000700000022603e2000002a40000022d00df00f006d103c201e9000002c5000001a601ae000000af00000193031e00f9027f,
000002cc063601a301f30482000001c6013c01af055d010403870285015503af011b007a04a601c8000002dc02bb028e019a0132000000610000003100000212034701220156012d03570268033203d101f90266027b0000000b0000029e02f102dc01cc037403e101f002da018f00000217003700a4022c001400a5000002c0,
000003f506c0021e01a20208000002ec006f015705c001f702ad02b702b2025101cd01a8054300950000014303e50215024e02bf00e3000000bf01c501c6028202b100d50000003a024302de0123059e01ff0283018b000001dd000002c701c102f401ca054e03cb00e3019901f4024a020c0000013001d300aa00e4000001f7,
003901a707f700cb01e502c400d9020d034302c4050b02ab0434037802840342008301f60462014c001e000002e40324022100e100ba017a0000010200e602a703cd022900d90000004e0294013003990263014f042c0000000001fa024d051901be016f01ee0447061c01a3026801f702ad0000000a029b00ad000000de0151,
00a6007507ee009c023d01b600f4018403c401d304b702ad03380391021f038d0000034f04e2013700cf0000016e03b9020b0000022801260000013500e402af03bb01190000000000e001ef013e0250026a01ff04a60000000005030204049b00ff023000000437088f00d603c2032c01080000000002d600910058012c0000,
000001b507fa01cc01f301e100d301be026600c504560212010b03a1020702fd000603e204c300fe006d000001d402f502630000030901ae00c7021c019a031a01d801010000003d00b902260127023101df02af038500000000024001ef0310016a016801e103a102fb008303de02fc00000149000003250000018900830000,
0065017308de020b01ef0265008702610326005004c7032200bc022002b802a3000002eb045900c80104000002d7029502220000038902f002290317025203c5018901970011000200940252008701ee01520287028d000000fb00ba015f00f6015201810326040e000000ca052b027f00af011e000002d90000016c00000000,
00a701db08ea01b3015301c100eb02b302f2009904aa02ae025300c10344031100000220043601a4013100c9027201e901eb000001fd039c00fd02c10158026a016701e80000012b00dd02c4000000f2025501f502bc0000008e008c0199014300ed016c02f504a30000010c04fa02d400ff004f00e9027a000500a600850000,
00f0027007eb02d5017f01e300e8029f02bd01a904f5029101b2018a02e7031a00000164045801e300aa0207026001bc02180000019302a3021a025601c3024a00cc00610000016301440292000000c6026902b402f60000018f003501e30004017101f204b703b00000000004ae0277025300d901c3024f00b901f1005b0000,
01a3028b07b002d3035c0228000001d40244020c04db02b300670335023e03de001e0248042e01cd000001a6042401cd0275000002a00143021c02970109027c032100eb02bb008900ec0267014801970277028a02ce0000000200b8026c016e018a01b505740412000001bd04c9014002920153039302a40030012e00000000,
00d1024007f6017e02300241008802a2027f02170512027403b60244020e02f9000002250409029d000002150299021701ed000002010241015601bd01c7016502d101bf0174016d008902700116013002a7020002400000000002030304014e01e0016802f904980181012e03c40264020301930057025e00d1012600000075,
000002680817012d01f800a2001c00c5042f0221052a02f60638019302f70496000002f003c90224000000b90351017302ff0000027c049900550338000002890247019b000000a9004e026f012c012203d801940337000000000166050802f701db01be000004d8032202070402030a01ed0032007902f500bb002e004200fe,
0000026d06ec000002b200bc0000029906c9030c035203b0040c0115024104ba02e00300024b01dd00cb0000027900ec031b01010177063100000444000004d6008d00520000005004f804d300e800f9017701fb027d00000000016305a703eb0217055c000001f6033f020800e802f801aa000000a700aa009802e302d8017f,
018600b00831026a023f0357000004f302b501820171048000000000025d03c100eb01cc01eb027501df00aa023503b0019b04d5017500da04190163000003bd004601e7000002760562059e000001890000024a01560000033a00d101300000024f05ae03b7020a00000382006401ea0265002500b40000009f03b0000002c0,
00cf00c506990388032d03850000044903c000de025a0354000002de027602e902120149013d023302b1011b01a602bb01c204e002070304032601e4000003d601260152000003cb053e0493000001b8000002b8035900000276006200b90003025404bf02a50113000003860000017d013c00690129003300e8037600000349,
006e01fa05e501df038205040000013201cd02720541011d02c2036f001603bd021f0093039c02df000004b600e403e70180010f002c000000a7010100110215022100fd036c02b1047001ac012e02dd0000032e01dc00cb01380066030301b60388021e04110342031902c400000069017d018600000233012b028f00000202,
032f03cb071401e601df01d7002501b50164024c05590296010902b60327037302ca0100054f01a50000019f02bb0129018b023900c700000000012d0071024a023f000001fc00db031e02450000045402db01d70280000001940140054a01d0028002c9081d03aa000003570111029202d1003600a801ee01a101a400990266,
0000019e06e300fb025302ab007a01be022e03b3048e028e06e3019a022a032e02af012b0447016200570003022f02d60276029701200000002801d1003302ec046b017302ba01b8018d0275000003c603c7024c032000000000016403bf05ab01c1021e0270038e07ff035c005502f704a500000000020d01180042018c027b,
010d0210072601c10202023800cf00cc0186025205210276060c018d039e041d00c901290524010e0056020f025b020e0169006d01a000000040003b008a039203dc00fd00b1001c00a2024c00000373059b01fe03480000000002ba04a303d6023701d103af03c807ae0319029702ce03e70042000002b8007c005100730143,
0329032207ea02410175016a0000023901de01b4058b0327034e025a050c02e2004801d0052100a20033008901c6028501a100b1016d007900650122016f0467034300f401cf005400ed031300000387045c00bd024900000185015a058e0014017c021b05a20478001802670408031e0201002a0000023f007401be000000fa,
0154013e08d501a501c5023a015c01f7021b012105ca0413026801de03db02b400000208057200a3001600bf0266028e0253000001e2004000c4026f01aa03c702fa01a10115000000be021f000002db037b015d036e000000670008034c0255014e01bf05f404ad000001cc04c202870230000000a002b50068009c00000018,
000e024b08a201aa016001dc015101f901d5011d04e202bd021e00b102ff03980000019d04cf014b012f019c035d01a501fd000001af014200b1028300ec0254013a0145000000fc01ad0275000001a202f402f90222000000960000028d01e901cd01ce04f60461000001350400027f025c00000106028200820076004c004f,
01b8012a079f009f023303aa019800d20347014b0530026c0327022a035903c10102017804d700e901d30286019d0274013300000166002f01cd00e4010502fd007c013e0057000000ad01eb002b019403940264020b0000013601d402da0257027500fe0378034404610132044701f7027c006a0000030e008d013700000000,
00e701bf0867023101cb0367013601b302a401000516026f03e601c403890334000001ef04f1012900460181022302710200000002010073022e0227015f03aa02a90206037b00000000023700390292038501d603140000003d00f0017802d6022100c7040403fb029e025403e8021f022d005e0000031c00000019000000b5,
0113016c0870022401d6019f02b401ef02830183056e03a3037d0312046002f1000001b50485020f00ac018f02b7017f02b1000002400113010502c601df0349046d01ce027600d70005019a00000272045d00b8045a000000720000027602cf01c901090691043100000159036d031b0236000000ff02da00a2006e00000024,
00b202c1088001c501230152003201df02eb0119059c030a046500cc03940408000001d603e80305018401be029100f80230000002aa041c013d01fe009801e301ec01b3004101ea00d60238000001a003a200b902b0000000760052041f001901b501b40359055f0000024e03e702d801c70039009702a0001a00bb00000139,
0000029c07010000026f00910000012706a103ce04ad035e040b00dd02160506023d020a0468010a00b5022a029d001004320000011a05fa003e04c70000054e027a01c9000000000180034b014f01da02d301bb020f00000000000005cf041d031a021d01c403900000041502650232036d006202ad02ba00dc00e0006902e1,
01bf000007fd01ca02fe030a000003d90259019101e204e30000000c036504cc022501e2006e02b0027f000002c203e80118046e014e00e4029901390000041900da01f50000043006ec050400000017000003bd00ff0000033301570196000000df0696039f01830000016e00280206021a00000000000000da046500000187,
00d00000077c01a104090291000003af02d6012d027803c60000003e0409046b00ee031301c101f501150000025f02fa01b7039502bf0080033401c6000003ab010e0000007d02d605a80508000000a70000037801e5000002d8020601a10000018d05d502500107016802a600d6029800d30000005c0000009c03f90049021c,
03b8003d06ec0000049102b7000002e3036502d703a40376000601db02b1035f01d202f70266026700000000016d020b0170038e0244000001ea01a4003302c7027b00000321029004d9038b000001600000034e02600000016f040203ac0077014504f0035d0135033902510031027101c600000000006b016f0414009e0213,
039e00d20729008603510274000003f10462025f02760463000000eb03e703e801e1023a00d302c100000059022800de020504cf0250015f028b01f60000036e017000da02f0028004fa0521000000a8000002a701fd000001b402eb03490000019705d3040400e900000361000002270234000000000000017f03c10069034c,
0000003406ba002103d002ac0000034504770360024d04c703b1008801eb039d02b901de0101028f012e0123034d0264033f050001cc00c002fb02ae0000032a01fd018401b6032a04fc049a00000121000003bb01ad001f018100e1034b000001f5055301b2011601c002b20000021c03d2000001320000017f03e2012d0286,
003b021005ea0056035b01b5000000f3031f02a703f9018903d603520298044503f8036d02fb01dc013a0000023d01c20340024902bd00000065029500000316040c00b200780262034302d1000002da012003230176000000000305057701d501f202c4014402d7058303d30000036c015a000d000001d3004102d1004402a1,
000000b3065e0000036202190000026c02b7018c04ec02ce02df03240215024402b30198047d006800db028f02f8027e02e0025302880000008a02a300cd03ea032a011701ed009803b802b70038048300d002ab0103000000f00000035401ea036a02f8039b030202de0286009a01a9014b0000000001b20098027f00000214,
00c601ac072a009c027601f6012000d6009c020305d802c80406028f03ec04180162020b0524021c0000017d025e020602660023012b000000070118008a031504a500a7017e001d01e901d7000003cc0419016a02ae000000e9005904e7032e025d021806f103b303ae033f0275026302480000000002600064016700000167,
023302c807bb02390262016f00a5006b02f9017604d8028400530357039d04330000034f0491020a0000006d024700f502a90000032000270169031400d302c1035b000000fd0000016001700000022e02a1014503100000006401a903c901d1021101370636036a007e02dd02f9032000fb00b0002d03240094022d0000011f,
03f902b40795007302f300f40000009403ab025704b402ed002003a5027a045c001b037c04060261003d011301c100420283008803d300d600bf02950000026903f100690075007901f101f70089021402b7011b02450000000004030552018a01f201d3041a045501030360028e02cd01660000000002cd00b9021e000001d6,
0181022207410139032e011f0000015b044b0217053e02bc01d3036803c2032b00ae036403b300f8000000f202d600ba039601ea0408021801c7036a000003ea03060000020b005b02ed027700000399016501b702540000000002e103a4014c02c00317037602e10188028f012c0339010a00000000026700d2029c0000029f,
01d601e3073701ef034a010a0048023402e3025204e203620158039003cb02f6012702ed02d102340000000002ef00ca03a70305044600ca01fb0304003903d704620000043601d6038702870000035d01de01d00392000000ae01d10344016a01e3043405a70252010e02260076033b01bb0000000001ac00b5030f000001d5,
01b001dc07a80055033a016e0000021703ee01d0046f034d0246022702ac046b0157031a028e025700000000026600c403780155048c01ad0156037a000004250113001f02ea019902b103c0000002100189010a02910000009c00ae04d400b0028b040404d602a80000029d00e6035f00920000000001b0002e038000bd0151,
00ae0308063e00f303fb00cc0000023304a302f404b8038f014003c701cd052302fc029b02c802cd0175013d039f00000416014903a702c8014004c4000004c002c60000017201c6040a04250000014d01d600b9028c0000000000b904bd019b02750491052a032d00000338007b02f901d600000035015f0092036100000229,
0341000008060028035d03dd0000058803c701e1003c0518000000fa021d03d401f101cd0003037d0039000000de040b01c903ea01ef00b801150217004c04b4009600c102e20397084d05830000000000000366007c003201d90170021b0000012c089f0455012c000000620000020801980000000000000116054c00000092,
00420000075100000319035f0000054603e2022d01a5052e0183000c03450323023701ac00db02ce02480000028c036601a904970240000001f9015f00d0040201a6000001ac02b607a0057e000000000000031c0098000002500246036e00ee016e08500125009004a400fc003d02500304000000000000016804ed003e01b5,
009f0000077100b702cb026d00000579041f021b013f053900840000028f0322015a0206008f0301039d000002de03d6019904b2028b021c030f01df012703ee01a700000101032e075404ed000000000000040100ee0000031f026d02f1000000e0082f005600a901780180000002de02a9000000000000019a0586000001a5,
0048005d071d008e030b0269000005c5044b0290012104e201550000025c03f10267016800f602e202c5006b02fb02cc020b04500208019b03c7021d009d043f0000001d013101f3073505f400000000000003c5001a000002df017b0319000001be07ed00e80000022800d9004b026e039c000001110000018f04d60088017c,
010d0000071501c2031f035b00000634031a01c8026604ac00460000032803180266019b014d029c02be0060023303f0018d052601ac00b203d3015700f903f30079011b016c036307cc05d300000000000003f301390000033401f701570000012807ff01c9005000a900000000028802cc000000000000016404f8003c0142,
0189004006d501e1044e0298000004b102b701ce01fb048d0000017e022b0492031b0239014c03b20132003f028203ab023a03fa0233006702ca01f700000377010f00c7024303ad080f04d6000000080000035c01680000037901a301f7000001160766040000d5000000d60000030e014d000000860000018e055a0000013b,
003600c006c3000003d102c9000003a7039c02750235055601df004c01fe03f403d0021e018c030500b1001302dd02f5026b03cb01b400b601c00298000003f4020e000002f7029b078204990000009500000386006e000002b000d903db0000015b06eb029a00f2015900f000000286023c0000002d00000156059b00fe0137,
00f601670739009603ab02480000038d02d7024102a5042300ec014000fe040902c302d4017f03ad00000000024e022f030c037702e40000013b02ac000002b401a900000457033e06af0434000000d700000381020b0081017d007504340000015f06d304ae0175007c0186000002f50147000000000000016204c601060182,
0239014806b9013e04e20241000003b00386022e038f04ad0000022902f6042b01da024c010a03780000000002b20167029303f6040400af02e302990000042402290000052b02c507660465000000860000026b00e3000002b0020c0403000001b907cc043b014d00a702bc000002bc019c000000000000016505010000030e,
03ea000006bf00770401018f003e04b1043b0336027905150000023b038b03730209022b007303150000000002e2022e025504b302d3017501f901da000b039501ee0000034603bf076504ce0000000000000352013a0000011503c9035d004700a0082c039a0070008301350000024e02e30000000000000207057400000279,
01b9010d07150165036e0335000004ff02ba018401fc04d50000000d02ad043b029a025d013003520073000002b7024901bf045d02a30079023001fc00000313006a00000353033508a005440000000000000345019f000002280165031a000001240897049f00b9000000fd0000026f01fe000000000000013704a6000001b5,
0132000006e00051039303c70000053803ec017f0177052d00e0003502de043a02d201f20099030800f700c30278030701b2045602c4013a030b01e5000003ff0003005f02c702b0078e05ab00000000000003450000000002a3021602e4000001af07a0023c00000152007c0000024a023e00000000000001410544001f0132,
016d00ba07a6010e039903c8000005a3038d01b100600484003500c100f0049d021702450000042f0128000001ce03740292044f03b801e302a10223007b03800000010403df030d0812054e000000000000034f005400000174018b01e500870177083e024e00a4001000000000025501f200000000000000d20462002500d5,
001a015d06a6009c03b302a50000059502a7026b0102055300a2019f00d4044303390177003a048600090050031a036202a9049d0199004101a4023c003a0393008f0000028a035f08f20574000000000000038601410000027500af032e000001ce091e0405009d0000002a0000025b02090000002a000001fc05ae00b300bb,
00000000029b05f301710696020d042001760134007602780000010b02ac01780000015906130120014d01e9011d025c0133026402b80078018602d201870333019e0363032f0485029e00e6000003cd0287005504c401db00c70212013400000000022100f9019a036f01e20397006406c60000018204d9017c017202fb02ee,
00000000013b0434017206da02360319027801ff003302a50000011001a60181006d02bb062f01d50154016d026f02ae02bc012c02160000016601bb037900fa00c403720370040002e00000000003bb025b007d0519032b001802aa00e8000000ba019d0165024f03530156025600b305a30219000004d70229021a032702e3,
018d000003c904a202c1050100cc0608000002d7000000e0005b01a2018500680000020406a900000234000001d500d201dd028e01e101170000041e01c8040f005b0468023602c902e804e3000002ba0137026f046700000000007f011500000167041100b8057601f6007a04e200c50576036300e40524001a02df01c502f8,
01800000033605f9002204d200a804d201fb0574000000e001bb035d0265012b00ee014005a800b20000008f025f000001d300e90306000000c20357036b0000007a0264010d019a020600000000040300000269043e0000000000db03570000029f03860087028d02e9039503580177043d0139025d056b0292020d01da0339,
00b90000019d051d011d048b0202052402b601360000016c03f701fa01b701030016009c0548017b00000112029a0170026e00b201ca00000000039901ed01460161035200c30000035d0000000003dd021700b102f20047000001ea03fb0000010501f7010602a103cd03b9021f0142047101d5010b03fb018200f902b40306,
00aa0000002a044b01ff03d501a3049202c902c401c10284058e025f0044013d000002a904c000aa008d00fc0358011e02320254019a00a3000001c60294000001f303830228000002cc0000000004b301e6000000ef023d02ff012c04c80000022202db00f902ce03ed024600400142042302de00be047500960101030e02b5,
00ff0000031104f4028102c80242045d01d4042900000202068d002301c7005b00000121030e0099014d0212015f0000000000fd03ec0000018502dc0115000001a303600000000001c4000000000268008000e9009f00ae0139018605b7000001a6033c009201d6033e02b202e50162039400000167034a0343008a01d7039a,
000000000377071703520419023a045e0359025f0000026403c3000b01c2003e018f0103049501e802b000ed012b002f0129000003ce000001610216040602ae0000053e01ab000001b001b70007016300cb0000031f01c2018701a9023500000243039f0184015a035a020102d8017b047a0000012403dc01bc030d020d0417,
00fc000003ab06b100df06cf014d052002f203d100000160006d019c01490000000001df06200131001101cd0225022401ad021e02eb000001ca02580350014f011e0421022c03c10276013e000003200000019f045d047400a1017c030a0000028e02da005f01d2032f03ea026600460648024f00d805c3021e01fa028b0360,
0020000001bc060f004b03df01b503a502b00323000001dc023700dc00000139002800af05ac00a40000006302af0132027c00e203200000007102020456012c01b303780068014e021400f10000042001ce0141050f00f9000001ae051a0000019d016f000001d204e603d5035f00d604df014e000004d8020e00cf02970323,
00000000028605d40258046d022b035b035e01f10000021c0166007a00e801d00000026305930000012b016302ad00d900e1006302f5000000de01a003d4026c0171041200ce01d6032b02ff0000037701db01240220027f000001ff03c10000024301f300000240051c03f0045a0044041901ac0012050702ac015c02590367,
011b000001b204f1010d03fc01ab036a0333024300000196040b00cf00c1018e000000f5049000000004012c02c5002c019500b80284000000b6028002f0011901b4039c00720057030b01990000044e019900fc01ba0098000001bf0557000001ff02150000013a03b80442038500df02ba016000000415037a0111029e02d1,
00f2000001ae045e019305ab01ba02d002fd00cc000101e500a50190019d02180000022b0565000000b8026a031f010602a600a601a300000000012d03ab004e01e602da020e023002d40000000003db0246013700d5027c000001450493000002e001d10000028703b7038b02f700450333024d000a04d402fc016902cd02de,
001c000001820427016105d600e703a702d702f0000001e301d90221011d00c5000001c606120000013a0240038a004a01ea00c102830000007a023703cd0000006002600199018e039b00000000047a0243005802f702890000019d023000000183022301120204047a034b03280000056a0000002f0446037202f5026002e0,
00000000029f045003900723030e02a800be00fe00a2039800000300027a0187001f027d060201bd027b02ba02ce04780120030a0068018a00000428017500c801e202ad03b104ea02b900000000037d02ed0000046601df000002f800fa0000002000d5016a02e002cf005303a10129089302f9024d04c40085020c033a026e,
00e5000001ee0340032105ea0163043500af03b1000001b5001100000000005700df02a9065c009801cb01d301a70256008701760065004a009e036f025901d9004f0545020202a60336013500000405009c00e003c60000000002240157012f00c2029f01f00381021400e9038e013e061004080124042e012a037e02670290,
02bb0000039c021c05f502af0170045300000627000001e50172000000000000029200b903ca000007c3046e0093009f0035026a02c800000000051a01480349005d057a01b7000002b5030c000000260000014401d8000000000000000001a4026f036d038f056900000000030f0119051004e9013c03230000077200bf0358,
030900000401025003a703a7010e04aa000004cf00000168016c032b00d500000225011205a4000003190404015c00000000003f0110008f000003e9026200000000020401700000027e0000000000950000036e03d100000000004a0213000002d0034a01be04d20000014d03d8013e04980327044403e1019f045b015103d9,
00fb00000011038301d80512000004c9010102ff000000e6026f014e012a004a011e0027054f0073009e011c02ea0000012b004a003d0000001503a3036d00310095042502b000a602e500000000042b0108001c0372009c0000000003510058017103a900b6033a027a020701f90171045f01d000c70429010102b9021f02c7,
00fc0000020e0424016803a501a0044402ed0308000001440220012b03020131010000f5048000f10000011f039d000e003c014f024a000000000324034100000268033c00c6014f02b600000000049400d3014902120098009e00b1050e0000024c025b00b301b602e503cb02b301aa067c011e01400439033b0183022802b3,
01df000002c4041402ac033302a203b90370035c0000019f026e00ee030702080000006203b5015b013001c2029b000a00000000029100000000037d022a000001ba02cd000000000217000000ed04200146006e0000001e01bb015c050c000001c4018900980126036a03d701e90197046c0000012f028d02d50152022d02ed,
02a80000028d033b0329038302ad04e2017c009b0000016904f900e400e10097000001c604f901ed01a0028c00f700000069005c02980000000003040152000001f102cd000000c902240000017b02d400be00db00000000005600fb04d3000000f90247004f030c035e02d7021400d703a300f701e5034b01ee015b0288036a,
033e000001b8032500da047b014a0468024d026f0000013003d101cc013400a400000132052f0147000002ba026a0165018000d200c7000000000294030600000184033400a900d902560000027b044e004900eb0226009e022301650542000001ce01c10044015202280483011f016604ca027201380403032b018302da025d,
0084000001ca036701fd051a021d031a02b50232000001da029e028a00bd0217000f0151052a00ce0030028b033b0161019c0000010e00000000039102ad000000e9026b001d009c038b0000008d03bb01da016d0121017d0000019304480000018d0158004e0114032204650260008603450265011b03de037f015302a2031b,
00dc000002a002cd029805fc02620315026d01a50000023b011301ef01cd01fd00000219058b00e700c1035602140239009f00bf00fe000000d4022602c5000001dc03370137037402f9000001940359013b014d01c001be0000017203fe0000025001ad0002025f02f8035e0315010403d10329018704ff034c015002890320,
00f7000001930260020404af0204031c031900990000021601cf010302fb030500e6019c0496013f00660292028f00b0012d0000016a00000000031c022b000001c00274009a01a603140000000a047801ef00c7000000ae000000f8044c000001c8015e009d01b002e303ed02ff014502a4024d008c039204330134029a025e,
0061000000d902240338056802c30346028501bd00570261023d0230021c022f0000023404f400f10238021f035101bb00d0008100a00000000002ea01f700000223032501d5021903240000000003700204004d0000007b00b70116038f0000020f012d00fb01c502aa029e02320128034a02b901a203c70242017202f502cd,
00cb000001f1033303db0768026b032b029402890000027e0092023300b600380044022d059b0277031e019501d0029501c0006600f30000019c026e03970041008303de017c0404034100c70000025d01e1000003f20336000002e90194000001300115017f01b102d501a602f8007c061901e500470430033802ea02f6035f,
000a000001df0476018d054901e6038b0236020e0000019e025d008f00000121001f00eb05000185002301d2032a026a010400e501d30000000002f30216009b024f02f4007e015a02d30000000004930266009e03340229004c01fa05340000006200f2006700f70305032003b400ce0590015700f203d40232010d02a8028e,
0455000002320542020f02ec00000451000006ba0000018b047600000000000000d101c704fc0000032b01e300c70124000001bf03c100000000027c037d02bd004e051200000000047401d50000030a000001e902320182000001c4017a016a020d023302d802ff014f02b203e3013c03f7035b01c303b5000005a301cf02da,
042000000000025801f8002600c5053f00000433000001fa0b0d00000000000002680013040e0000041c000000fd0136019500fa019900000060020a03280295007603ae00f90000050e008a0000005b000001fa018b0058000001860132010b012b01b603f1031400000125026401d301ea02ef00d0015d00cc04be02230400,
018d000000000183034c0000021803ba0000032a000002f206260054000000000265005d0306000003c500000234012e008b009d026800b7000003e801b0006700650255013b0000033a00000000000000200241029f0000000000e70153000000d801fb029504cc0000000002ec025c04dc030201c80150009a032001ae0419,
04df00000230046f05cf010600730362000005a0000001ef03a3000000000000004002e402c70000081202b500050000000001bd04fb0000015403be02ab00820093052a00860000038400980000000000000166000001120000004a0079018202ec0341028904f500000000031c001302e704d800af02430000068100dc0418,
0358000003c704850258034d01660382006e04c80000010a013e00e90048000000de015004cf00af01850420009f0000000000b502eb0000000002f803f80000014d0332000000010205000002d70300000001a102950000014a02070458000002bd01a40097020701b3034703a4018c053401530331037502600352022b02fe,
0130000001c503e801c703b602cd0311036801950000019a002a0039014e010e00000223043c01e5006c02240198012402300077019b000000ee024903bd004f01f0030a007a01cd01e60000005a041801a600e6014b00c80000027804d4000002290121003601f5039b032a02fc017e054b0153005202fe038d013702e702a6,
01d4000001ea033903080306031e036e030502af000001cd01c1010f008d0124000003a203c30186010a0258021a01a30177005201210000000003090231005c021c0368000000b702dd0000009002c7019501aa00280060000002a2053c000002b2015f009901e2035d035502ac017504ad02af020b031d02f3010002f9036b,
0384000000cc0297012402090247036f03350174000001c5036900e7008a00fd000000f4039c01a60000005900fa013e020500af00270000001f029a03c7009002cc03b9003300000254000801040441022d011902220000010101a006ad0000023501510000012702ba0365024f0263060d004a011102bf02c400ea035b0299,
0205000000e602ca01360319022b03b902c501b700000196033f0273012b011400a900b303b7015c0000011803f40141011800540140000000000358029b000001eb02760014007f028f0000000003d60253015e02a200000030014b05d2000001ba0109006600fc0264040301a102160456016f0050032402f300ea02da02f0,
008e00000071022e025902ef024d02ff0346016c000001a7020a00590000010e0000008c038d01c001170188029b00c300ff000001b900000017031d0254004a01d90276000000a8035b00000000035302bc009d011900530000025605d7000001d4006b0000009302b8041d034f013c02b6000600000234039e016202d90335,
0240000000e302fc0297049301ad03c302d10260000001c1031b018e0164016b0000008c044500a90169019702e00108015100000063000000000279034f0049011e0437007500d9033e007a00e1031e018500fa0172013100000130046e000002b801e70058022002ad03a60144018902a000c101ab0363028501fb0285033c,
01a70000000002eb03da041d01ac0360037501c301e901a801a5012500e30236000000b00419017901f4000d02b801ac00d0000000250000000002d602ed00780116040500540033031b0045000002c0029a000001b701760152014f04d30000013301500047010502750323010b019e03a7000b00bf030501c501a103220340,
018c0000024d03650317042f021d03ba04150235000000d9022e006f013c01c10000020a0404012b0132021a01c200bb00d10000020e0000008b031302410000013c03e400000030029500000000037201e900e100f001e5016500f80532000001940203008d018f029e03b602ab0136049c00ef00b7032902a8012602a6036c,
01490000036a052501e3041b01e503fc040f02980000009800a4000000d80134000000950525019f00dc02ff007b00b700cf006001ba000001b202720454022c01d004b6008200000206009b001005a5024d006b023201030048028f048700000213018600d201cb034b036d05b2013305a900000165024f025a027102c60213,
0513000004b6067905aa03b00000058b00000523000000ed02f00012008100000000020a04d100000784046d01bb0000000001cb037c0000000002e801ce01bc01e403d800a60000036101ed0157022e00000000000002e40000004c01140000037d028502a1057101e402fb03ac0086028a03de01e504300000070e00e202e4,
02880000000001810305018a00a704c60000039e000001f407e5012400000000010901a90472000004420291021e010300e2000002330000000001bb01520000000001b101c80000050b000000000000000001d7000001f000000136016c000000f00184034f04eb0058003402dc010b014c02b6000001e3000003c801e3047f,
03ad000000000000026e00600148054f00cb05b6000002b00999009a0000000003ce000001eb014e040f03e902430115000000000245000000000326011300ba0012027401e6000003740000000000a000000131019d006000ca00d5012e0000012d01860489028700000091025102bc01ca0000016d00760000040d01c103c6,
0337008f019b0253031c001b02400334000b05d60000022707180035000000000204032801ac000903d804010113024b0000000003580000013f02a1027a00e90000049b009000000365000000000000000002430000007b00e502fb01ed0000027d01cb03a90259000000b60332030402b50332022a01360074036f0259045b,
015c0000026502b401fd02750114037d000005f900000130018402a9000000f3019001b304cf0000011302b6025e016b00000000030b00000000047f01750000000001950000000003df0000000002660107031d023e00000000026502d9000001a4012701fd021c006302d204ff01b902ac02750337025100ff032802270359,
01740000019504e60180048601a30352026f038e0000007d003f010e000000f7000002ec05350155001b018f0224019a02900000010d000000d502e703b00040016d0355000001b602b20000000004280062018d0128010f000002a004b80000020b00de0024018102e10480039f00f504b102e401d403ca02ec01c702d002f0,
024e000001fe03d7019302b801b00363038502f000000170013f00000137014500af010204b201340000025900f100b0017c0000025300000187027203930105017d0455004c007402c400b500b2043b0180016d02d30000000d021b05120000029a01ab002d029e03c5036b041d019404e3008e015e035a0268019202a402d1,
032d0000021e032302060332023303c903e001c30000015b03a7009401310188000003a90488019600c9021f01c5004401890000022e00000000020803cb0178017b03e3004b0000031100b500380478015c010a012700000079013c0423000001910198012f01d50338034002cb0172057b019e00a003df02a101b602c602a1,
02630000002f0257010502f4018703fe035302380000017c030401fd005a011c012700f2049401bd0000016003ce005d01e800000128000000000277039500000105028d004b000f03890000000004a1028a00c902440000000001fe04b10000025e0134007701c3037003fd019601a404840021013202d202be022d02ee02b4,
0204000000ee0268037f02b3028d02d9041202290000020102e20038007500d70097010102f301f901bf01b502ab017100f80000018000000000029a029801010045044b004b000002e6016c000002000237006d007f00a2000a02bd04c40000024900f9015400f402b50294031d01d204120045003201ff02ad01f602fe0379,
01cf0000008401e204b601fc036703d50368015a000002340291000600a8005100b30174022e02b10379020101230000002d0000024800000000032f029e028f0097049b0000002903ab0223000000e50293000301ca000e000002870324015801bc018201e500cb0255028f025c01c0051500000176016f033f02c9033c040c,
012c0000000001790518034a032702e303e200e6030f02c3000001050058005b000001d60247036504b1019c02820067018e0000014500000000028703830000002b03dc0108009003490000000000ab03cd0000035d01b4024e02af01e0000001b200b502980000022601f700c601ef044300000000014a030b03e2041803d4,
0155001400c102ea04ea03c1021a03e3037100dc005d017e004a00bf01a600480000016a03580229033d0219012b00000154000000a300000116033e01f300600000052300d1000002d10148000000ab028800000174003e01cc014002be002a023302c7025f023002e2025501bf018104900000018d01ef030a036102b10470,
02080000028f053802a102f1002a04a1004e047f0000011b02460000000000c1016b00fa05d7000001a2041a000000060000009d032b000001da0311033804e70000072100870000036b05b10089036e0060012802d600000000016602b40259021103ea0199035a013f032304f8010804c70220029503e40074048d0206028c,
0356003c013001ec05f302e6012a03f0000003b70000029405e201b7004600f7010d024a031c000005c3059902f8000000000000045200000000024301d4014d000003c801e500000455000000000008002a007b000001e80000000001570000025d03ca030e03bf003a00f1026800ba041502030280040f000004d3019f03a6,
022200560000020d059002f1012704d200cf046301550216055f0072000c005a0000042a02e4002304fd045f02d600ae00000000032100000008032400be0000000004aa03260000047b000000000000005f000b0000064a02c7004501ce0000011403a903de0287009c0084017f009804390325002d02d700000351028503e2,
02790000010402520349000001a7030b0180056d00000338056a00550000011702bd00c501060005038d01f101f902b800000000030f0000009c02cd029800c900000407014f0000024500940000018e0061001502f901290181013d01e6000f01d701dc047c014c000000b70341040c047e011401770138013a045e022402d7,
0008000b00ed02f90312000003a301f5012b027d00000295000000d9005f01f30282013a0000013102b8022000ae028900970000026c0000015a03cc02f1021a002d031a00000000013d007c00000000027b00ce028b000000000310021b0000014b00d20383014c000000390446054e0468003e018b001302ae030903230394,
0000000000eb01db030000490277029b000004a1000002a800000148000001ba024a00de031d0000027500f800f002ca0000000001ed015b0000044401430000001a01330000000002f400000000011201dd01f5027000000000031201150000005e00da02ea02f20000000005210382035e023a02a800b601bc02f902190305,
017400000190042a0170049d009603e200930550000000d1022601b6000000e6010c014105ca002d003802bb004d011f005a000001770000018402b502f10031000903be0000005702f50000000003020000025e02e10000000b01f8036c0178020101ec013d02cd01d103a704a5016a033b0202054d03f201ae029b020b037a,
0287000001ae02f701e3047f0113047b02dc029f000001050296013101960185014e010904d501e3002b0228020d0119023b000000980000000003e7024400f00061047d00c4000002e100f7006d03fc015900a20239000000b400db03b7000000e90218010702780282030701bc01b404a4019f0088036201b201d2026002b9,
01ea0000012a038002630430010b04460191033e0000015d03ea017a01f8022f0080019b03cf01fd0078026100d300d70219000000c000000066045101e10000013903db00ef000002890000011b03be00710013000600000125006a03c9000000f802f40134022302320278017a0200040400d802b5037201e10196024802b8,
01bc0000008e025102cf043501f103e302ec0193004801ef03f400fb00ac0131000001ef03f001ad022701d00190012f01950000002f0000013b029e031300fb016003ca01620000032900000000025c0157007100000124008000f90395013201ef0227013201e5028b02490284018003c400f40198032d01a2020302b4036c,
01c6000000d801e703d3031d028c037e0410025e000001ff02780000008e013c000700c302d5023202650263016000ff00260000016400000000036b0210018000ba04ab012e0000028101ab0000020a026a008500b20147017c012b04b7007e01b401bf018800e10228029301aa01a203ee000000f9018f01e001d602ee03b0,
017e00000118026c03bc025302d7033203a9019b000001ef02e900fd0105009e005f0076026401d7024f012b0292012400bc000001170000000002bd0258006101a203520000000002940000000002be02690018004a008900a1022f055f0000018901510150019902cb01d20257027105890000007101b8022d01a402d40356,
01ae0000000f026503610212028d02b7030900d6017002440127000e000000b3000000f9019102d9022f005f014800000150000002720000006e03a4023a0059018b03a800000074028b00120000027a0324000001fc000001a10186050e0000017b0198008200a502e001c70206022e04b100000053016c02fe01f5035d0372,
007a00000000029c029701b101f502e201e60094031f025c000000000000003000000083019902d401ad017201780000019e014b030800ec0000037602770000034903fa00c40199023e0000000002bf0378000002e902b403e500e807500000022302e30000019103b70164002e016e05400000000001df02af012d03520367,
00000000009b04d502ab01a800fa027f008006d7000002eb024d0000000000de016b01a6041d0000022b02b1000000ba00000088048800000300029a026c02ca0000044c00000000050900c2000002cc00d500000000016b000004ce030d0191030a027c031701f50258033705e801a60380013102bb028e00ec045602c5028e,
00e80000000001900417000002c802130046041e000003b2017300a0000000f303810203008d00890368019201dd01e1001100000217006e004f03bb026e0000002b035a0066000004350000000001230211000001b50000009104a9014300cd01df017104cf0207000000000451042805e9022101f8006e01c503e9033a0309,
00c100000000029903ad0074021d025b017a0317000002f401cf0000000001c102740197000c01250343025c01cb028d00c6000001ea000000b60410022d0142000005000062000003550099000001f2025200000078000000c302e601cb018701d301bd04b300fe000000db0315044a03f20245012f00790299044102e9028f,
00d500000133044902dd000002ef01f300ec03810000029d018400b000a20241019d01f80000006002a90240022302230066000002d100000045047c035d00f50032040b00000000015500000000012e01dc000601dc00000077026001dd0000014b01e703f60103000000fa02c2055605220135010c00ae036d034602c70316,
00530041015b037c039d000003db0165017f01a9000002f800ca00c300910230015002510000010a0345024300f5027400830000028d00000257030c03410161002b03ad0021000001600181000000280294002d010b0000000002f201b700400116013c03af011800000000043a053104de00570016003a035802de031a0392,
0000000d007c02ca02ad000003b601ee000002e90000038f000001ac006e01d302750254002200ea024f01a30182038d00090000026200be0182042301b400000121024600cf000001fb000000000000026701b7023400000000036001f10000015400fc033c02420000000004ae04f9054e01d60193007a024801e402f103b2,
02f1000000cd00c101b4016f01870343000004b400000246032002ad000000b501d9026d031f00000186039402af01d00000000001ec008f0000035001660000000002810044000003260000000000e3012503b3029400000000022101df00000211021002aa02f3000000e2027002a302a40362055e015e025103010272039f,
01de000000a401150142029b01c00350016b044f000002100423017f00000000017f017f025f0163000000da026801300000000002e500000000023901fb0000003502e40056019d02320000000002850132023e0322007600000165063e000001ef02ad00a801b601970147015302d2047c0000005702b802820160023103b1,
01d200000000014c00d9019f0278030e02e0004800c001d700cf0000002000af01610054019203e400000066008b00a40209000001a3000001cd036f027600ee02bf03b40000012b025700eb0000028f03dc012303f3000000d1019706d3014c01440121000000e8024f023d020302ab055a00000000017203ac0062036b0388,
008d0000000001ed015301c602ea02c603130000017001990059012c01170186009000f201a8039100050000025000c501450000014e0000000004000221002f02900273000000a202450000000002770431011b026d002f00cd019e06a900100095009c000000740221027001b402ea04970000000001450369000703560384,
00cf00000000014b017c01b802fa02eb0349012101de01d8000001f70084008e008200e6017d03390014013c02f8010901f40000013a000000000422020e00000246026f002a015802c60000000001e2043b012e0368000000c902bf06740000015f00a0004c01080221024b018b030005870000003401300289003803c903e3,
01080000002201e4018f01cd032e0319033d02550000017900a100c600da00fd00c8009b01ac0290006d01390327014e00de000001f70000000003a7018d000003010283000000e802470000000002dc02ec0141020100000038027406ab000001a5009e007e0103024a02c40269032404b7000000000155027e007c030a0366,
01a200000088032200b9012402ee029b033302350000018e0000004a01420079008f0000004d0309000001bb01f200e0005000ad01c6000000280391019b0000037503320000019c01b70000029a02dc0287008b03310000017f038e06d90000019500af00000071029a0338023b03bb045e00000015005e036c003a02ef0365,
012c000001640326010001a502a7035a02b702850000010d001400a400760018019500000147035b000001a901f20173018c003401c4004000000475011e017002ce035d0000012d01cd0047007a029a02aa011103ff000000350364075c0000016800cd000001e8028b02c40320034404dc0000001a00d8021d000902810384,
00000000019f0569023a0217016b02d500b7049f0000027701ff000000d101ee020f00000388000001bb00000000016700000000028a000001350303026603a7015a04570000000003d00245008003390122002b00000000000002e604d10279036d02b20188014a021d038c05b702bc02da0000028f02b30171033e01e20254,
00700000000002e403d7004102fb0233018a02c60000032f01b300b9007902be029601a2000000a60373011801df01640000000003ba00000007039702050116002e03f8004e000003b000ab0000012002f1000000220000000502e201190083022a01f90527019d000f00ab03ba049902bf01be010e006501d203e9030f0313,
00870000000602da034c00480342021a01d7017500000322005f00c10165020a0298012a000001d0033a0221017701d000e80000024b000000ce044102be016a0049040200780000024900f90000011e034c000001ab000000000315016d008c01950190046600e3000000bf02c8051003c7000200be0009039e03ac0357030d,
0090000000ae031e02db00000354023d011401a000000309005300810105027f029501b90000012302b702850112022100120000028a0000019c03400303015f0081045900c00000015101c5000000e302cf0000024c000000000297019a0023017601b7040a01ce000000b402f00531042a0172007500910368032c03110313,
00c10000009a037702ad000003c701af00fe01d0000002e500c6000a00e6021b020b01a700000086021d01d301330164012e000002e400000180037a03860219003b04980069000001c801f80000002f02940083022b0000000002bb01d9007d01fa01d3034101dd00000080037a04f403fd015f007b0099039502bb030d03af,
00230089010d03b502e300000420019500bc02f200000338002f017501b9019401a601bb0000009f023c01fd019b028d00d20000023100000128043002d200b900b503950081000001ee000000000000022c00ec01fb00000000032501c300b4020c01cd039801b700000004038d058b04f8008b01e2008e03040283030c03f3,
00000000000001aa027c000003eb01bd0000024f0000039600560214007b0178017a01950000006c025a015802a002bf00bd009401f701510000044f01f400d3014e02d1016b0000028300000000000002f900dd01ee000000000373011c010200ed00f302e902330000000002d604ba06c300ee02130000034b01f80378038b,
019d000000a7006b01e2007b01d903a300000441000001fe008e02a50000019201210000030700000142009b02e301a5000001cb0242018000000467008c000000b6006a000b01170263000000000113021d035c016300000000011903df0000019e01cb00dc04190000000003ec025e03400204028f00bd023901df01cd02fd,
01b70000006903dd009d01f9017e038d013f0346000000ab0000024a0111007d001d00250262025e000000e701a8008900fd00e7012c00230000032f023f0000022f01dc000002b20123000000d20292010f021f03aa00000115024f06cc000001cf0163000002190202033d02f902dc041a0000024101cc032100bc02900371,
0133000000000246000001fc02c70223038700ee000001ca0000011e0155024a0147018e012d0329000000ed0213019a01ad010101330000009c026a03230000039302470009021901de0000000004140398015e020a0000000002ed0699000001d80067000000d002b102f5025e0362040f00000000010004520000033602cc,
01af000000000263009b01fa02cf028a02e70075000001cf00510123017701cf01890070014d034c00000127019501fb014f00ac01700000017e02a402340023036902cb000001aa021200000000037103b900d30438002b0000031a06c4000000f90074004401250229028b02b7037f051b00000000016e03f70000035902f5,
01070000005202a600bf01c70339028e0391018c0000018d000000cf010f01de015a00a701560330000000ff01df0239019000a101de000000ff0381020600a6032502a7000000f20205012a0000030f037701e0039100000000034506910000018b003d00a700f901f20323036d037103d300000000015f039000000337033d,
0081000000a8033700dd013b031402e602be00ea0000016b0000011f011a020f009e0192010003b400000199012102310154010d01a5000000af0416013100bc03d102ee000001f101a30000000003c1038c018803ab001a00cb03ca06dd000000ef00510050014001eb02fc026c03d9046c0000017700d9033f000003a10303,
0152000001a8040f00d40108033902ba032001ad00000138001f0000013100cc01cb0000007a03430000020600cb00c8011700aa02e800000095047f01a102620310044300000056018a021f0000034d034d010b03b700000000037f07a80000015400f7001d01a702f102fe0348038605cd00000011008f0368000002c3034f,
00000000022203e003600160014a02c100000449000002b3022b0000000001ac0294000003950000024601ff00000188000000000517000000a50289005d0247000003d40000000003200314002902c00156000000270000000002a2034f000001d90250022904260274019904e90289021a00be01c702c20000039d01710297,
00000000000002ff040c000002c20211000001ef000003a200000000002b022f02d70074005201110359003f020500e60100000002e000000018037101780156000002cb001c000002bb00c5000000900383000001990000000004280132000000b5018d0406038501ae000002f7047401e800b20000000a025803a402b40305,
00000000005103c0034f000002db0269005c017f000002e700090000014d02bc0168021d000000a402a1007601ed01ce005f000002ea0000000003ad014701c8002e03cc00000000018901720000011f02800000009a0000000002d90208000000f702150357025900d200e6025c050302b7010900ef008d03140294028e02f9,
00000000000002750324000002d4025f009d0179000002c8004a004e009f022c01ca021800000154027100f10186017600b40000019a00000130039b02230124000003ce0008000001a101210000006602fa000000bc00000000028d020400d200da01f80353022100fa009102a104ef0384009f0021002b036b02ab02c4035e,
007c000000580317030b000002a80271018902200000027c011e000000c4026501cd0196005e00d901eb015100f4015a000d000001df000001be03a302b302da00000572001e0000027b043b003000db02db0000000000000000023a01e602a601dc02610337014a0104018a039e045c03a20000007d0025033d0366028f037d,
0056000001650445029900000311021d00d4038000000291018b000300b2024b0215015a00000085026701d80188020900840000039f000000a8048e022201c8000004260000000001ed01980000018f01af00000090000000000279010e0060010d0235045500d1000001210292052203eb002700250030035003c202880314,
004000000126045c02c1000003ec01c30000019d000002f0000000b2014e0171017200c50000010b026d01e3013f01f100e10000039500bd014904490200012900fc032000000000014a002a000000b6028c0000034500000000036f014700000108013803cb01eb00000000034405bb04e800ad0103000003a602ec032a0363,
000000000000012b0284000003da02910000026800000304000001d000ab013301a2006b00cc00b802d501e10172023100d100e0020e028b00000486016a000001a6013300a600000244000000000073030e00f60294000000000397017200000126002702da033f00000000049b047b049d0199013b000002d8025603490327,
0200000001a50237018e0149015003680000065a000001e300dd01a8000001d800ab0091032d00000000019a012601a7000001da01da00fc000003e200ee000001530212000000a7028b0000000002980111032f01b00000006b025d05cb0000024f01b80078026200090213045d0226030b024805ca01d202dc0137022c02db,
01250000006e034f0000019202b203a10207030e000001730000011b00000076011d0035017e02df0000002901b7012e010402c702ad00000000032c0208003103e902120000031301af000000000387028801ed0440004e000002e307b70000025d00d3000001da02cf032b0263033f0529000000a101c602de000002e20350,
011100000048020000a0015b033f038902f600e50000018300be00de0189019001ae007a0108045300000145010f0204013c013e012e000001520382013700bf03bc02ea00000188018e0000000002e303ca017b03c30000001d030206bf0000006c005e00b5010201d4027f02e5037404ff00000082009d03db0000035d033b,
01ef0000002e01e500c200b802df02f0031d011b00000185001e00af014e017d012600b00119034b00000144011d01710116000a01540000012702e40234003102de025a000000b2018c00000000038c0371010903b900000064038906430000012d006300c3012701e702c5033d0417043b0000008800c0037c0035037702d5,
01690000012d035b0116015b02e8034e03780229000000fc007d00e501540158008800ec015e02820000020001a1019701670000019b00000134039e021100b9032203a70000005e022c00e0005302f102910190028600000000030906730000023f00df0068018801f403b30349037803b2000000b6013902d5002502fd037d,
0024000001b50403011e00b2034a02cf02bd010c00000116000000620172016800a10101017202d50000018700b200f700aa01900281000000f003e701b6015e03cc02cb000000b00181019e000003b20346016b030f0000000003b907a90000013b0043000001be02fa039203df032705a00000003f0121039f000002e902fe,
00c100000238030a031800cc0199039c00000297000001e400f5034100310182023b000002d900190096022b0191015700000000018b00140000039a006e001100d601470000000001e800000072034502dc010302b90000000001a9053d0000011f025c00ab03f403090270038c02b90543000005270219010a027c019302a7,
00000000000002730459004a01f3012a000002530000039601ca0392003b0311028d0067015c001e020f00000471020a00000000014400000000035901ed000000000285001d0000023b0000000000d30341000001470000000002d602d1000000d5020702b502c9021e008b0167043a02e3003200ee015a0236030b0237032f,
00000000005a0327033b000002e2019000fd01ae000003cd00e90127018801cd02b201fb000500c40220020a023d020e00000000020500000000036d01ec000f000003d70087000001ba00c801a600bf0274000000af000000e202cb0267000c016e024a032402450226008a01c305030436001c00d100bb026302c002580344,
000000000010036a032f00000306026c017002650000032300e00029009901c902ca01bb000001c10229015d010701d20003000002e400000235041701d101750000045d00420000021002b90000016f0325000001a000000000031c01c300d0012f02100446021f0173007703b305000392001b007f002b028e033302c30336,
00c60000024d0494030000000241030b0104020c00000252002c0000017d026c0383005f00190153027c018f00000244002b000004040000017d04a700cf03190001047e0000000001f6060b0000026e02720000023500000000021d00f80070004d01b804db026b008f0130044304c80451005b00c0002801f7041c02340278,
011a0000007503630263000002f301ef001701b6000002a70000001d00b4020402ba00a7000000b80233018400f101e8008b00000341000000b80304023401f6003b037500000000019c020f0000012202bb000302b80000000003420194000000f8013303d202a70083004d0386055103bf00530061000702ca034302ca02f9,
00000000015202fc02cc0000038e0150008b018e0000036100000145013101b902560159000000fd028c023e016002e300190000024800000113037a027600d5007e02dd009f0000011300f0000000ea033b0078028000000000034001ab0000012d00e003aa01d2004200000390058f05c90000009c00220322033c031a031c,
00000000000001b9024c000003d601910000021e0000037500000285009901bf019a00bc00000099023b016302da02b6009f000001d501910000038a01d30000016f01b80122000001bb0000000000a003c5004f02b700000000039401e100000141002d0359026a00000000038e057b04990128006600000305022a03780352,
00060000024601d502b6001a02c002810000050a00000285007601af000001d4005300de02cf000001b0015a000002b5000000de021c01c30021048c012c00000008014300000000027900000000011501f302a0008a0000000003ef029c00000172010c01be029000000000052c0312041d0210048c0000032a0211029202fb,
025e0000015a02c20086021e01ce03680042046900000138001c02a7000000a0013a0000022601420000010a017101ae0000024d01480000000003df00fd0000025801f7000001ea014d000000fb034f0169024b03c3000000040292074d0000022d010e000001dd011a03440219039703c9000003da01d5028900f1025e02fb,
02b4000000000280004a02680243039102c600f400000104000001c2012b00a0003b00930138037b000001220217029b01f501a7000a00000094044900d40000037002dd00000133020c0000004e02db0311018e03e000620061030607b5000001550065000d01250173036f0125036304d100000000012d0326000003840335,
02fa00000000021400fb01c60253036a024f00e300000152006a01630000009b008d001601b102a0000000a001b7020301a700df009d0008002702f001cf005b030902f2000001630210005c001303350338016904100000000002b80706000001d000a6001001ac01b402c601fb035003ae001c0000018c02aa007b0368031e,
01640000005f020601540239033803c7029a0161000000b90000019f00c0008a00b900a701cb0382001c01a9029e0248011a00c3011a00000000039d01300042030802fa0000021301e5000000000270032801bb03cb00370000031306be0000011e003d001c0174016a02fd0188030f04e900000000015602770000033a0395,
01860000012e02ec008c01b502b203130310002b00000084000000940130010a008200f101170331000000f7013c019c0124010b01c90000000003f50118012003a00231000001de01720004000003ea03590179039f00000000034d07ad000001030026000001d80235035c02f603dc04cc0000000000e302c200000315030e,
01c30000016604b600640167027e03ed022601ed000000ef02a30000005a00470036001501a00306000002180035009a0043010b034b000000be02cb01830113034f024e0000008e01ee0000006803780260011502f10025007803ac06d50000003b00a70049014c037203c703990272048d0000017100f7027e000002c8035e,
018a0000001d0321024a012401af02c3008204310000024d01ed00780000008901d6000002bb016800100091033f00c700000000029000000000032301ea00000000022800000000026300000000020e028a017602a90000000002d10653000001ab0163000502610378027a025f023e03c4000001ce016601d301b401c40373,
00e9000001da04550290007001b701430025047d0000040102e501ec0000010b033801a500ba00ac010e0000024f03030000000003a90000000003250237000c0000029d000d0000019a00000000022101be00ca01e600000007021f0312000001c2024402a5022701fb00000335044c051600d702aa01d400fe02fe01cc0307,
00920000018603b8035b0000021a01fa0039029800000316020c032c00dc03540253031b017600ba01a5000002ef02b40042000002a900000000034b026800000000021b00000000013b000000000199024900a5002d0000002701050245000000b0020102d002b501b9005301f7045f050a01790018022c019502c701ce02dc,
00000000009c03cb0377000002620287003201d80000031e00ad01d5014a02fc025e0180005b015102ee01f101a802700000000002ec0000005e0309018a00000000028a00b4000000dd0017000001f0027d0000023700e8011102c801330000000001b1048902c7011b001102ce04d904c500a1017300b70239032302a80251,
00000000000002e30328000002d701960048005400000398000000eb0168029103aa008c0000012a025d026000f3024b00f60000020b0000011603a2022900d3007b03c1016b000001b10207000f012803cc000002cf0064000003370191000000e7015403dd02ba00e4000002c005070430006d00c6004002c1032c033702c1,
000000000000028802c3006b02ea012d008a0113000003b20000015700ce0259028a00d400000109029b01db01810209018a0000014c000b012503c50350005a00ee031001680000023e0065000000ff03a8000002800000000002e60160000001be016c03a601050000000002ae0522038e002d00b7004103e50358039102fb,
0000000000000143029d0000032301ad009101d80000038c000001e00058023602660136000001da028901c402400336011b0000010a00a3013002e6022e000000c402db017b0000020000000000009403fa000001fc0043000a034d019a0000011d00a703db01260000000002f3053c03ec0056001f0000038e029803960331,
00000000007d01fb02bb0000045f026f0000027700000311000001d300e4014d011e010000f1009a02a801f400fc0290007700f501f602ca010a03e801c2000001f1020000be0000019200000000000002750160034a00000000038a017d0000010c00800289031a00000000040f04bf055a01c30265000002f401e40365038a,
012900000000016a01a400730160032e0000043e000001da024803aa0000014b00ac002f01d40000010a01f204c5011d000000570108003d0000045d00e0000000e101320000000002710000000001d101a4018e00850000000000ad043e000001e40183010901c8000001c3022c033602e7018b035101100255026d022a0356,
01ee000001fb03f600ee0263009102d50000046000000178031c018300f0018b00b5003002ac0000000d011101e4020b0088017e01e500000066046d00f30000015e035f0000000002640000025102ef0000025d00990000000000a4066f0061027d026100000128000303d0022f0274023c0224021902f30332019501850305,
02680000009d01a401bd01bc008503290000038e00000225029a0046000002b700d100fa0230000000ab013a01a202970000014e01f800000000032a011b030b012904410000000003ad0161007802ee00b9015400830000000000d9048c015a025c02fc00ae028d0000028d01e503330251037400b10331018d027301ee027c,
01630000000000b601600219008d02da000003b801b301b7010301bc0000022e00a1013801af0000003d00de036602c7000001c8004c0000000004df0066000000bf03430027000003d400000000037102c8005300c000000000028e050a002a016c0222016800d2000003000000034c020f024800f501560299021503230280,
01e50000000002a300fa021801d8033701e803ba000000a100000155000000dd000000eb021d00ea0000016502140158014d019d00ea000d0000046a01b70006022303c7003300d202670000000002cb0201018302b900000043029e07780000023f01a4001101a3013b034501cd02bb053100f8015b01d10159004603610348,
00000000018f02d300500112029303e70287012300000148002400e9004500cd0181000001e8034d000002c2007400e7000002010255000001a702e700c802870414026f000002c601c500000000045203aa0138043101d1000003800713002e001b00bd0000013f03850387035102c904db00000116011c030c000003140332,
00000000018803fb016c01e202bc0367026d02ba00000191004700000127008b00b60075031803090000016801ff00e900000146013c0000000002ed02570000033302ec00000124016f0000007403bd0295010203f70055016603d607140000014300a60000018303840312037102f7046d00000068015b03020025026d02da,
0174000004ea066503ab008f025202c0000006e8000002b802c80000014401360293015a024c0174026d01e2002f01150000000003db0121000003a002870103000003fd00000000006c0000023502440000001d0275000002aa013202750000016802ab01e201b9017500c5035903aa043a016e04b50262005c039c00c90287,
01560000027303e902a4018e02be01ee01b202780000033201de0047008901f402890364025500db014700f201d3025f00b90000036f00000000018e03ce000000000266003e000000f600000000011f0154016501570124014d00c703770000030d02420214026c019d00f102dc03e60340039900810280012202cc01b90324,
0000000000bb03f3031a0000022702440000034d00000391004e0105019a03a7020101fd017900a1019c009c01000280000000000194000000000446014600cc000f03740000000001970000016e020901db000a00a7000001220242029c014f0199026102f5027301df01be031504f8026101c1049601e9016702ad020f0256,
000000000000030903000003017f0299000001ba002a03340000006f0078031b012401650000011d0232000000ce023c0000000001780000012104b8012d014d004203fa003f0000033900c5000001c803bc0000000000c5000001f701ee0310014d027802cc019e010c00c001a704e5022a00770167007d0109036503440267,
00c70000000002ec029d0000026301e4006b0220023702e8000001040000022e006e013400000000029700000262013d010e0000033e0016000003190311000000690316006c0000028c000000000110031d0000009700e4019800d601960000022b0214031e007f0024003400a904f202d2000600bd0035026503b203a0034b,
0149000000000150022700000301020a0110019400e3035c02dc03070100019d01d200c800000122022d0064036b023c00b700000250002600000268028c000000d402ae0126000002390000000000dc0345000001490000018c01a501d200000219010e03dc00f900000000011f0535038e002800050000037d02fa03720366,
000b00000000016002580000039801cc000001ee0045039c0000039c011f01a9014800ee0000009a02140193032f028c01580000015f01b800000326028d00000170025601a5000002330000000000bd03cd00000302000000c602f601dc0000022100840348023c00000000020d058404cc00a3003a004202c202ae03de0346,
01b00000000001a10237000003860197000001bb000002f3003f024b0000012600ee018000000040021f017703d3015a010a000002290125000002a0034500000135023c00a80000026300000000006502eb0065020200000000027d0224000002950097029101f400000000026a04da03ad01de00230000031102d7036a039e,
0220000000b201a2029c000002380246000003770000031703c90164013302b802e700910043002b02b1026301b601cd0006000002300000000004080236009800d803ef008e0000020700000000018a01df00cc00800000002700b501de01a601c501ff02e001c20000007e0287044603b400910393009f02dd032e025e02e0,
01eb00040000014703150000039e0229000001f10000038b029601a900780259015101b400b8008d029200ca010401e1004a000002650194009c02e201fd01310138036e01100000028e008a000000000272009b01fb0000002c01ea01cf00c601aa012f02c003280000000002d2049703cf02060208010701c6023c0322039c,
000000000000020a0352004001fd01ec000002df00e903f3015102200000029f01e0012001310000032400c702d303680000015202f000cc000003730129000000f002ae0117000003d60000000001e6032b00000238000f005703730124000000c900d30425023e0000000002210440042802b001a8010500f4039e03a30280,
01a50000000002d101db021e0063029c0095047d003001e8000001a90000012e005400d602aa000000000251035e02980000018201a40000000003aa013100000124031800000000040400000000041b02470068014301960105039d065f00000292011901e0018500810377021502cb0454026501a501c6008702b3037c0247,
01d4000001dc03e1000002450228043302f20099000001a0064101f5011800ac01cc007b02b503010000012200af018f0103003c01a20000012d01cc02c600e602ef02380000000001c0000000000412028e010c039e00be00eb023a06720000002f00ec00a8006802d30391033b028a05100000014302100379000002e30307,
01b700000216040a013e039901e003c503b50307000001220246004901fa015900e20113040202c0000002930176008000000000010a0000005801d404360000012a04720033004801ca000000f903460185012f03750126023c02a005980000022c01ec000001c402d9038502a6026c034d0000006a024202b200f0025d034f,
036b00000407034604ed016c020703e2000004a300000216023f0087016d005401ac012b028e012203ba02320000000000000000021d017b0000032301e300e40000039e002800000081002702d102370000000001eb000001fc005f0224000001370339027c03e501b2000002c2034d0519010f03a3025200d6042c0123030f,
0044000000eb02ec03a00082018602ba016902c3000002d500bf000000000150021c0144035a0033020b0000008f01830072000000da0000021c027c028300080000032500000000017000350000024e01480000012200000000016602c8000001f4022e01f80328032d010803de035e037201de00ae01f701790393018c02d3,
00000000012c058e030901950139030f00000270000002c0000002000057027a029a01db038f00a100f000000291024c002d0000021c00000000046201080070000002730000000001df01810045025f017a0089016c00000000027202a3000000f60261019203e603ca024001ec03640397014b0171033b00ec031e015102d5,
00000000000005aa03020000017802c2000002590000031900420000000001e602e901e201d3002801fe0000018a0239000500000330000000ae03c401d501a3000003e30000000001dd02ba0000025c01c60000015a00000000025a019a000000fb028902e2036602b20104024d040b03a5022b005f01dc00c803ce01c60290,
02890000000001c101fe000001990213005101d40000036a02dd00a6000000ff02c6015b01810060016c000001b9022300c40000018f0000000f014a0303003c000002bc003800000231015c000000f0024500b002930000000001fa029b0000013e014902cf031c01ff0000033d046103580158000000f901bf03020273030e,
00000000000002be02970000026702730052019a0000039c01e802a700da01bd02fb00c7002c014402160146033a025d001d0000023400000000033a01c30000000001b80054000001970000000000f2031b000001ed0000000b024201af000000df0158040a02760114001e028b052d038800b40053008e02ce032a02a40317,
000000000000031902810000032c01fb00140228000003710000020200e1015502420093001200ac0242002203ec020101680000028c00ff000003de029000000109020600f50000014a00000000017f03470000035100000081023101e20000021800f5033b02a30068000001fe052c05300164000000760269034102ee0316,
00b40000002d049502cd0000028202f10000028600000298016e006800f1007f015500c700000000036e016602c4010c0000000002f600580000045d019c006a00cf03d70000000001940000005d016901480000022d000000fe027a0100000001d201e80422029b007801060256057703f901750178000001e4042c024f02f0,
013a000000a303cc02e700000257024e0000022b000003b702de02cd021701ea025a00d90078002202e6011e02cc01cd0000000001e900000000039002af00000043029b0009000001b2000000d9013301dd000002a30000013e01e701140000015e01dd03d90287013d010402230511045600fb00cf0115033103b1022002eb,
00010000000002e203f5000002d5020c000001ac000003ea01a1030300b902e0012701eb00aa00ac032600fe031b017d0000000001c700980000033001a000000018021a004800000277000000000047032e000002640000003702f600fe000000d400ff03af03400143001b02eb04670249025300f700cc02b102fc02e10343,
006a00000000013103520000033a01fa0000025400750450027502a40000019200ef01b20138000002f0000602d802ce008a00740158021c0000024d01ec000001210291019a000003260000000001920329000002d50000000503c70119000000f2008003a8031d0031000002bc04730478022100a900dc0219028d03b002e8,
00000000000002b8028000fd0034038f00000598000002e0027f02e9000001450277006f03400000010d01ad04420292000000c6021200de00000452000a0000002601740014000004e900000000041101cb000001bc0000005403cc029000000164014303f702b100c1021003cd032103f202bb026801be0000042302b401f3,
01cc000001ed033f0074022e027903f7027b00f5000000ae00560075010600bc0086007f021302ee0000015c00d00128006201f00281000000e502cb018e012b038102040000024a01880000000004b302cb014b035700000000029f068d000000de0081001900b3024803c003b1028f05a2000000ec01a703d80065031402b2,
03340000008601ee0032025e0175048d02cb013c000000a800e00025000000c90120002002b8036c000002a7014d00a70172000001d30000008702c7023c0120024903db00000169021900000000046b02f5017104640057003a0164061d002e01ec0142000001b202320407011802a2036c000000a501f002a10113034c0308,
01e1000000b401640252016f0148049000f8022f0000008b0000004600000029012900f103020231007202590065009a0000000001160000025f0462003d023d011b0467000001c7020c01910000025701be0185031200000000007c05330386014d0247000002c6025f039101f202680460000001ad025501840205022a03b0,
014900000062032c013c031c00d00439024a02d0000000c4012f00680096006800e3003303c2024100000112020001ff0115003a00b40000018c046f00d80017022404310000017a0317011c002503c4014600e904a30000004201de05e400c00024014a0000020b033a042a029f01f005aa008600000351021700c202180311,
01150000010c035b0145032e012904a70123023f000000df00140238005600620136011c035c02860000022903ef0234006c005c00ed000000000472005d000001b002640000023b02d10000000003e501d8018c042a00340000029005b40000005f01860000033e034203c20126021a0664005e017302b3016700cc01f30316,
020f0000003d031103900230000003c8000002a9007001ce000001e8000a013d00fa00bf0385000001bb000001ba019100480000004c00000000033801a800000000034700b50071024e006700000366013c004402af00000000002602f000bd01640333011c043d030101b600ad0314048400ac02f7034900000403021402ab,
02e300000140038e03a9011a00ce044a00dd03d1000001e80222014a01c5007601d10104021900f10164000003fe017f00000000026a000f0000032c00d20000000003c6000d0000017d00000000017600d500210194000001ea009a03b3000001ec031e021f04010309014e0000038c04440172000001fe0000033601390334,
01a30000012603fb046f000001d003d2000002b900000277023600fc0000024601de016201d7000003680000020e020200000000028d0000000002c400ff004d0000026800000000012c0000000001b200ab0000017a0000000000b901d70000009e0267038303f1019500d90257043b02e8030d0208020c003903fd01b0029c,
01da0000000001510408000001cf02b8006702380131029e035b026300000257008a00d00183000003d300000262017a00cf000000000000000002c5032800000000032600ac0000026900000000023402810000011c0000008800a800c20000017801b703cf01cc006500b901e7045602c901a1014e00f0020f04da02f70289,
00b200000000014f042d000000e302d60000031d003b02ca0367017f000001eb018400440225000002f9000001b6021e0018000000910023012803f9016700000000044801580000038400c40000030702810000011a0000000000e8013e01ee004902790366026a010900000368038e04ef013b00c9018e00ea046f02a5022b,
016d0000000001d103ea00e20039032a000902b4024802ef03240282000000b0010b001302fa000001d50000027301800104000000000018003d034d01d300000000033f00ca000003b00000000002370222000002c4000000de00f5027a000001b7029b029702e70260014d01a2033c048301fb014202ae0171044b029602ae,
01df00000000020e0423011d008b02c200000258017002af02b20299000001b000bd009a02fc001f01710000029a019801020000000000000000031f01aa0000000003100000000003530000000001b7023a000002200000000001280388000001720277012a02e0031b01d4018c02a5031001dd013c02cf02b7033802600314,
01e80000000001ec032a0018001a02e3000002b8028f02cc026f02a3000001850000014c0298000000bf00000398027400920000001000a000000257012e00000013030f00be000002e80000000002fa0219000001de0000014a019103e8000000a201f501ae0274024f01030000031a0538020b00210239024002c402f4028d,
02920000000001a8026200000000034f000004b6010f027c042b02de0000014e00000168034c000000480000035900cb007b003b00d0008b000002fd022500000000020c00000000039b000000000404021b000000ca0000000001410466000001aa024a00e802bb022e01040198029104b901400000020801b80315029f01f7,
03d50000001601ad008701ac01c8045c022800e40000005901c301cc00c20000000000000170020e0000020b016d0038006702710054008b00580297007e004503a102350000011d01a5000001c8027402c0014c03d800000027025908650000012201610000020001cb03bd026002aa046a00000057016b02df000002ea037f,
03c60000000003670046019201c204a701f0022a0000000001860084003d00000000000001ff0298000000000287007e01860136012d00000000042b00c70140025a032f0000005a0253004e007001fc01fd0213036a0000000002ab0804000001bd018f000002390230044a012002c403ba0000001c016b0207001b028503f4,
02f800000000017e0000021901db044402cb00ea0000001701d0016c00000000008b000001cc037f00000000023d005a0204005100c3000000720324011a006b02d802440000025802f0005a00000254031b025203bb0000000002b207dc000001a100e20000017a028f044b0124024d03160000000000f00353000002e10459,
03ea0000000002ae000001fd018704730226029e00000000020701e70000000000b600a201cd029a0000014702cc010b02ce016300b900000000042f012b0032034d02dd000000f50331000000ee02f002010286035700000000037708680000025900f8000001e0020404fb0125027303ee00160056019102a8000002f603c7,
03430000003b03f4000001aa02120435024d00cd0000000c0022010001060000000001030173031e000001b9019c00000224010601c2000000ba03b5020a00de031d02a4000001ca02a1009e00a501e30222023b04c30000000002c4083100000194013f000001de02a7049601c8026d04f20000000001fd0353000002ec0444,
03050000000001fe00ee00960172045901de002e001c001300000056004e00a70000011202400280000001c1008c000001a3002401d0000000f901eb0256000f02e8022c000002070231000000000341028500d402ae0000008f017907870000016e018c000002b8032803df024101ce051e0000005001ed0310004d02e00355,
03e20000001601b00177016b0122042b018e02230000003d001d01b600000000000000d6024b01eb0000017702540049014e0000010e0000000002f900e70000018e020b0000015b02820000002c034e0242010d028300000000021507100000016a015c000002c602c903b80104024a05910000002601bb026201720276033a,
025c000000000232027b018900db034c009401fc009001310000019800000193000000e202c4013000000000028d016c01150005000000000000026e02070000014202e90000013b01740000000002a801e600c202c10000010d011806bd000001310238000002ad029a02f400000280060f002e009f02e402d801720232032d,
042600000000015701dc01460052046800d10237000000e004fc00420000000400c000000395021b0000006701470000011a00780117000000bc024301d9000001b303f70000003002960000000002d6017f0097027e0000000000a906d60000017f0231000002cd02d9032d0181016d04c40014000003150327017c0204033a,
02ec00000000025f0171024f0065048101ee028d0000000000000000000000160000000002f102570000000f017c000b01490035016800000130036600d000a501e903a200000267036402f8000001b70160015f03c3000000000194073d009800f201c8000001fb025b04a102fc012203d00000000002c6030300d301f603e7,
02cd0000006603b900c601840168039e028101c70000007900e000000000000100000041025a0251000000a80142000901ad0109023e000000eb0387021d004f025f039b000000f001e500440000032e020c0183039d0000001601d5083e0000017901530000013a02ab049901c001ba04fd0000000002660365004902790371,
03cc0000000003490020021a01b004390285020d0000000001470009000000000000010801e502b40000016a01fe007b01cf01850196000000cd03b9010d002202ae038500000090032000000149032601d9015502cd00000000032b07c60000011a01190000014301c3049a013801fb049a00000000017c031a000702de0349,
032300000000021400a0013801da039201d90184008c00950021004d0010008a000000e001b9027d000001390297000001cc02d4013d00000000039a0188000003e002c30000019402d6000001f3033502a6015e021a0000009302b9087e000001d401b4000001d7028a0382013d01db056a00000000019c039b000002fb033a,
03a600000000026d00b601af0180037a016701d1000000550067000000000009000000ee01cd02120000014201da0000013801c201d00000002703170182000002fe017c0000013702510000000003070223018e0229001a0021024809410000016301d00000029402d9036f01e50189050b0000000001c502f00000024d0359,
025202640000026c02dd015901db01ee02f9008301780000003b054201bd04af0114022b0275020e01e40000026802d0029301ec03300000028904050379000005e102ae000000000341033b03510000027a029301b70376024804b4000001c7013f007b0673028f000002f802a40229023502b90226008802b30399000f0126,
03890426005a01b9042803ba00ac01770394016a03380000000002920227036400f90224022a02b7032e000001c802c30256004b03c50000028502d802dd000005b30402000000000361044502fa0000013a01e7025b00c001e404fb0000019f02a0022205fd034900000228015d023b03120304029d01540367042a000000f9,
02cc0000003e025f020a0000001b00e7056c003b01ac00a6025201dc029b013a03a30319000003a2032a00c303fe036300cc02c30105000005b205fc03930000049a021501a40000049b035c01bd000000dd00f802c30175027c02b60301000002aa000004a4011c00630437047c00550255019b01e4031c007f057c00000139,
03f001f70287020f038900f7018b00d5047d01ae02a2000000fa006d025500cd01f1039700b503e7053501ac02ab01b1000001810127000003b2014d02080000057d032601910277035d024800f4000000b501a8033500630385031c00c6000002db02a5042d024f006501c80149027502d00365010b013901e402d4000000e2,
0408014a0282045b0474000000b0005603c5011702e50000000001f4020b01ae0084030202a202b803500014021c018f00f301f5025100c903b9057001860000057d038403b1000002c701be015a00000174018d032301c5015504cc0000000000f401d8055001940003013c026902c101780361026500000139027800000029,
01de0246012105b30479000000940148038e01480114003f000000950200000000cd014d0285011301f20000019902b9000002310218009c03b90490012f000005ef036604d900b9038700c401be000001e0026e04500165037904c5000001ec025f02b6046a00d900130098017c020102a903a704860000028f02ad00710000,
0258010d03c9054002e0000000be00f5054a010e0220008d008900fc01de0000014403de000001f6033c009902900138006802520032010601af0284015a00000511024906d40033026500800177000000d4029e03ca037501b3042b011f014b00ec0199049300da000003da01b6032a000003e400b700000000017b00000084,
036901da022103b7031e0000018502ba03f001150133013c0058023e03770000007c03b8025d017f0448000004450226048e028201ad000003da00000253000004fc0216024a000002cd036502de00000209033002ce01ee00f104c601380132021b000004a5023e00e7034b03b9034703b404a1015f00000178029e00000000,
03e5012302d103b803ea000000f7021505730067028e000000b5019d0290031e00b5025e017a013104a70000031b025f0186026d02ca000003e6046801350000050203480248000003df02cc028c000003970287047900cc02b4039a0000022c0195011c053e02c9003202ff029902d5017d02da01ea010c01cb039800000000,
0460036e02e9034103860079008d02690258030f012d000000d00212018202330000039702a1028002800000026901f402b9007a02e7005603c8000001fd000005e404350416000002b800ec01960000027a021b031300e2021e04c7000000000320000004c102010038046e025302df02f7039f01e9016d0122032500800000,
042f034f020c05090452000000000358044101f5025d0000008d02aa024503ac00620331022c02360367007902ca01df029f000001a4000003e500000165000005c2026104870000022e023901b70000003001a003a40133021504750037000b01ea000004d20109000004fa02f903570180037601dd01a7016d024400000000,
040502d40310043a03f80000008b0240046a019002d10000008f0084017600120127032a00090222036a01190255017402050114012800bd02e000000141000005bc025b055e0000024b00e20110000000a4017c03ed0169010d03f000000000018a00000429011d000004ef0251029c01d8039e015b0000000001d00000002c,
03f604b0022e05380497009a0073013104d501c103420000007200bf018901aa015302ee0035024e03b400b2015401ab007d0016029b0000034400a500e2000004f0048c04d7000102fe01a601c300000000018f04440000024504330000016002be0208045000b20000022b015d031201fa0337026c015901200210000000db,
047e0320016b0342049a014000c001f4040e01a8037e00000091024902b80355009902640137041b0333000000f80277000000000228000003520000018e000005ed023c01a3007902e9036400fe00000000012a046d011204e403cc0032000001ff026f050b021c0000039b011102d5022802fb0251002002c902d100000203,
0171043a000003c9041a00080102029b03480188007e0085004504fc01ba035801750243027401db01ff000000f9022e025301cd02ce000001b4045f03af001305f5028f014e000002f9039d037e0000030902aa017c02f000bb055b000001a402d401a405cb038e005602f101e2024d023c02a6018900cf017303c6009301e6,
0399025602b003e2031d007f00000281027801dd009f008001d9022102750000025b024f007601be027601c6033e0301031f0219035f0000030b04fd03180092052b024500a30000043e038d01630000018201e103350213000002dc002900000408000003d0029f00450546028700f701b6024802d8029a00d30502001f0000,
02ae033e011204240035004700c500170000016e0000036f05e7018d028e000006b904cd023d04cc0526029f053e030102c7036b0205000001f3057c030600000000046003030000044905d80000038303e001c7032b028d0000000001cc0000066d00000000033c009304600474000000c50081001a03b9000005a800000000,
026502a9025c0219001c01820000001d034b02680000014c04a5012e02bb0000062404df00000358042a036f023d01080000029a01c5000002d3020202840000014a03da018a04d0043d03950001000000e201cd0390017000ff00870326000004d701e4011f0278015a02160227000001e101bd00000433000003430000011c,
03e7012c035b04080315004400ec005b024701e600cf000001b9016601e60000022e025700a403eb021f024f02ac02ee013202b501fe000004cd029401e00009056503a30355000004d60211001400000060019d03ca00a70239025902ff000002d80000032201b000000278015800cc03ac02c6041a01870000022d0000009a,
033b01eb04bb04c0045b000001d901f402ec01b20247000000aa0290018c007f018301c5019d034a04520121027101880023022300450000010a01330152000005e5024e041e00000277014b00a80000000001ae030e008901ff02dd013e008901e8018f041102c1000002860190022902a30278028100680000011100000271,
03a6026404b1071a03e10000026a01cb02c401a901c600b5003801c1021201800087034501180177039102b102ce009e013b026100e9016300b6048d01540000056002510563000002d000fc013d0037000002df035a02b9011603d900000061019201b1045e01c9000d01ee01a103960201030c012b0000000000b100000000,
03a301380488079f02f5000000b4006004520073006b006200ad0169020b008800440384006d00d903a50265020601da002602a4029e0000019506f0026c00000498032b04920000037b00ca025a00000139021b0455028e000003e4000000e40229005804700000001c02b301b70328019102c7011300000000024401c40000,
037e018803e0040c04120000015b0135048900ba01640004009c004301820000015d02ac003100f70482007101f001e4006102db01840000011c041600f80000056d037903f60000032800d100ed000002a7027c053200fe0000032000000205017902e103be0269000002160190023002a10315011d0000000001e400000000,
047403c103c105b5044300000045018303bd019e01eb000000d101a7021400c900d6036300e301e703b1030c012a0104001a012e022a000001d3000e018c0000052002dc04c801b801e4017001060000022e014a043f01e201ac03fa00000000020501c30417012d0073039000d602a8010703a8007e00a7003b01c700000000,
038903e303a7045b03d7000000fb01d1049201e70188000000f5016d019601550156039600c701da04e202a3016f01be00e200f3028a000001a4000001b300000537037a047d000001ce01e901bd000000cb016103de00750000040700c700a802950061045800e2000003f90138029500b402c200ba0202002302b600000053,
034d03a702f3054004e000000162010f02f701c601f80000000000ec0154008001660316009a020c048c03a1017e018b0078015a014d000f000200000116000005a502e303fe000001d6016e00d4005b0000013a030800c10000041301a3000001e301380438012a000003a5009902490214035c015700a4004c010d000000af,
02b1036d027205b00426000000d9028503ed00f901e600230068011401c10157017001a6000001b802e6034e014e01ea0003019701240003010e01f9018a00000544020304d0000001b701f4021300a100860193039e013e00b80412016b009402590000049800ab000003e000e0032c020502d102e1003d0000023e00000162,
045c025f03df043303c4000000a0026404d1013102bc009d008802a902b601150000024c0090037702dd00c801f402e3023700b7027400000230012702860000057602af02c100000272040b02900031025c0185039e01400000047e00000092020400d7058b0260000003f9010f037502ba02a1015800f200000393000001fa,
03d90221049304300331000000cd0280032a01ea0148007500d3030101760000000002010080020d00b20000016801d600d001ec0292000000ed028a0202005e05e5021e043d000002a80080014b0000029f021e032f02d10233043600000117014300c3051801ed001403fd017502ed017702fb02030000000002c2000002c3,
046702cd017c02690287029000000326000002c300ae018504c001ff031a0000054500ba024c024b02c2024f041d031100f601e801e3000001dc041f01be01fe022c00e40034000003b70442000000fb030c024603a302ac011b002f00000000055d000000a8041700a80542037100660099020e03f8030e000004a8000000f7,
03ba02c900000376000002b10000000c0000021701cf01a60540012e02c40000087a000005ea0387034f02e7030a032100c401d2042a003003f004170172016f000002aa00000000020905420000020c03e901b10284012701a0003300000000051a004c0000030000ca03670244000000f00073042304990000052200000149,
016d03a8007b03540000013b003a0000000002ba0000032905da029902210000092701050407042e0278036e01c40296000002230375000001cd044503ec01110000033e002c017e0235047900de013c0352016e01720274028101110000000006640178002a01f801c9028b0108000000a5004c020506b2000004bf00250240,
03dc0388015a053c009600000000008800000196000002be061c01c703890000060a01b0026203cf04a50346047c0435006f026a015d000001d6075702c600af000001cd0277000004710572001d02f204ef02170365030701a500000033000006e200000000025c0175022e023100000130010102950352000004b000000000,
03d90269047e03f50246002d008f031903ea024f0061013b02fd02780236000002bd034c000001b3045e01d202c6014800af02be00000000001c0272022b000003de00f6032f0000032901bd007b000001fc032e03e001b5000001ad00fc00c3042c00bf0239031f011902b3021502b8039902a0011701b7000001c8000001b1,
0488032603a505a104620022016e01a5033501cf02f1008b0097021f0186018b008f039000f601ed04020091020000a30284018e014a0000017902b801ae0000057d03670453000002ae017001a3000000950278038700410000044b000001af02d501e1042502190000022301780345035b02f0017901ba0000017000000000,
03b702e403f9066704350000001f0246044b01dc01ff009b00cd01b4022a008e00b902d201240155040201a0018400b901380189010600000197042b01c9000004d801b904ae00000216013401b00000017a01f3039501ab00f103df00000064028d006704290103008a042f018503a90134030900f501260000024b00000000,
031f02f804de052403dd000001da016d02a1020801e800de00d4021a013f000000e401cd00b501e502df000001dc01e001410229014a00c9019204c401ca00000582039e04d80000028f000001a9000001bd024003c101270000038c000001a90277009a03d902ba0000027a01a202de033802be027900000000018300000159,
033d02a204e503a403c200000149011302fb01e3023b007f00ac01d201480000013a021b00dc026402ed015d015d019c000001b90140005d013c02e701a30000055b033205110000021a00c500ff0000018d0148033901ac011a039e0000001501e10262040902d4000002c000ea022d020302e9019f0038000001df000001ad,
047002e10553052b030700000101022802d9017902df013401a702a00158000000b101cb0056028b0240027a012b01a100e00161017e0000003f00830272000004a0017706570000014100de00d6000001f7012703420290003403560000002c0201005403e1017b0000041d00c702e001d7026b0137019000000149000001f1,
043202ae053404f90355000001f501e102e700ef030c00760165014f021e000000d80255004802c103ad0369024a01cb00000121010a00000315010200d00000047702bb0604008401bc01f300df00000076010e04b100be015a0343012a001601f6007503b30151000002db01a302d000cf028401f4011f000001b00000011f,
03d2025b049805c40314000001c501ed024e013702890113014e037c02420000004f0000004c02ad00a901a901e802f6001602250194003401e20364020b0000051d03480599000002760192016a000001de01770369034c01360337000001a800f30000049001b30000024e017c030e023c0273033500630000019c000001fa,
040302860592071c0356000000cf00f6032f0150031700c900b702c502790000000001c6000001f501c6015d01dd0273000201fd0290000001ae049f015a0000050303f80531000002aa0138017d000000a901a603f702bb01a80332000000f3013a0000049f01670030029200c3034300bb02d7028c002c000001d60000010f,
0569018903e8054e02c700000196030e030001b303cc015d015c033301f10000000002e500310182017e0000032f00d603990241012b00000304036e0190000005aa01db03d5000003aa00ed007f00000048036f0324014100bb0386005800d2020d000003af02ed00f1027602c403f904d7028a028e0092000000a9000001ba,
04670194016c064a034300000000027a02350105000000bc03ea00ba038b000003cb03ef031e01e2042f028c048401e301ca02f1011600000428068d0012000000df019804300000050705030000046d022702f404e90250000000ac01a1000003c1000000a1021400000365048e02bc0015019801a300bd0000044800000000,
034503810000055c00700261000000e50000027b0000008a04bb024402f90000077a00b7054002020139036a010002c50006022104a4005c04110721020b0210000001bc00000000036a0449006d01d202d8021103300211016e01250000000005350000004e004d01ed02df01560000003301ee03f103c1003a059e00000000,
029801fa00ae02e2001d01d201040000000001f3010002b003a201cf02330000061000dc03f5039201c2042b01770188000001f6038d0000021c0588020d004b00b601e70000000002d104720000014903340244017f02fc027501c20058000003a200000046026400f0042e008e0000007501e301ad01f80000039b0000005d,
02a7038800de04ce0000014300000232000001d301ae0373048001c603820000074d018502a1020403c502a502cf024f01ac020b02920000024f052c023f010f000000330000000001ff040d011100ab04720266032802d3016e01c300000000046800000000024a0392049d018c00000000025a00f0029600b004dc000000b4,
039b034b021b02ef0000012b001b02d0003402de00e0024304a002a602a2000004bf0192003201b601b10423013801a30000020602d900000109035d037601a102650000000003780270022f000e000003c5019c023503b80261017800000000049100e5019b01b70338042701b900430151021300b303f000f4040a0000022f,
05a10287045a065d03fb000000560264031d018402920000017b01d5022100db00c00284000001ed038b0212022701710116015201ce000001e402ed0144000004f8027f03b7013c02920163011e000002ce0215048900aa012102f50000000002e70125039001d0008b036300b503ce020402bc017602280000028000000000,
042b03c30452042703e600a5017302b30284029e0224002d010b025601b500a600e8029c01b6021e040e01630243018e01d8010301a0010e028b034c020f00000576023503840000024e018a00d90000000001f1030300b90053038d00000003035a0000040202110013033301da0338023502f0016701760000024a00000076,
040c02da044806560488003700c601d0033f0182023d00f5004f02e8024d000000c602590106035a03ac010902320238011a010b019e00f2016d03c5011f00000599034e026d0000027001f901a100000000018103db0083000003b80000011e022c00000445016e002502c4023e02520224035f01e2000001b002c4009a0197,
0489026004e304e5040f001801cb0199025301a002dc005d00d5016d0213004f00a401c101ca033003a601c50145017c000000d401b5005301cb032f014e0000056a01ed02ec00720272017a008500000034014d04280046026c0388000000000224034203fd020400000210013d029402c702c3023f0116012101e000000201,
040b02af04dc061503680000014d0367025b01770244016d010201830264000000d90125010a024c025a021002640198024c019c00ec00e3012f03f1022a004204b3011b04ec000001ef01c301650000015e01f00362021e001303b6000000b601c4000003c601be007c0469017c0368026903e2017000000000020f00000182,
03b800d5057405f0025a000001d50237025c0000035e0221016c049202f90000003c00fa01060330028901d902b0021500bb01ed0000000d005802e2026200dd04290098041a00000135032d020c00030134010b034003630000032b0000009200520000042f026100470378023902fe0223029b01870095000000a3000001ac,
035c02250363035502df000001c6020d01e800ae03be0253017403c8032700000037000000eb02db006d00ba013602f1005501be00d50000000101a4027700ca03ce022f028c000001f50467028200000325019c02d903980030035a0000025400c900b6046103e50013020d00de02d4042f02c7031a0029000000ce00000229,
03b201e5048b05300345000001c000fe02a701ab02bd00b101560232039a00000037014100d7031a023601bf02770342003a01c5021f00110289055f01c500000407046202ec000002c503a001e00000010a016603d4032d000002cc0000007901670000046b01650072019d018f03d0017c031002aa00000000020500000000,
034f02a0022e02bb0216002f0000030c01de024900ca013b02d4022202e70000045a036e000001bc02d8005205b2035a0378029a01fe00000398023a02670000042601d601fc0000043202e600000000007c01c8042203c4000001f800a20000043e0000021c02e80086043c04d4005701cb02d6029102320159039000000000,
017a0342029a061e01c80000000000b001c901550000012502b70210035f000005b7028a008e03c6021e034202ec0252000001da01be004301a80224013f010d023a02a70346001403aa049000aa017a0000009d04690332017201d402ad000002d9002f0174005d0000028b026c0000000003150287017100dd028f0000013f,
01d30197016a05ae01f20000000001250119011900b60068025d02c703db000004410000032f01ac0000021c020003e600000347028d001802d8056101a102a30229026101f40000034c04470113002302ea015b03a404bf03a9020f00ac0000018f0000029d00dd01d901fc0072000e0000037c04a200000100032d00000061,
01ed03f2021602a101290242022001df00000353014f037703a3021a029e00000635012f04720308015d01e102ae0212019101b10306012f01e801fc0202000001ce03f100020000021c0497000f006202b7020b015b03640145022800000000039c0000000903fd0164046c01b5000000a802b001a001f0010d033e0000010a,
02a503bc012702da00000275027800d00000033402d1047e040004b5027500000703039a02ea027e01b00140024f00f903d40275027c009a019301ae03f8000000c00387000a000001ec04160148003602770206002003b5000002e300000000033800000042043802ad03c4018500000258022d001204910000024e00000015,
01f103e50060025a000002580013018100000331012103c1053d0420022b000008c603330120012d00d6045a011700e60000023b02dd0000004c01fd050100be00ca014e000004b601a303d5008c004501f4020e006c04a8013001f7000000000518013000dd027002850350012f000000e001140100070000000397000001c8,
04aa029f03cc02d1022800f80000026002f7024301d3005502a1019b02c6000002ac020500000300026503dc02a3020d00000118023d0000020c021302440000042e01fb01e7045402f10242002e0000011601a2041c021a01db023d0000000003a80017031701f100f602c3000202fa014902c1025f02a50087035700000246,
041a01f3041a05aa0397000002260088017801ac0126009c00c201ec02310000009902c80180035f033b027c02ec02c101ca02400295003602b9056e017e0000052f04360285000002f501a801040000020701c2039301710000039d00000000021500000423016200da020a02520215021b037c01ae00000069031800e6000c,
0369014d03b907610364000002d6001a01580103006d005f010601fc01f400000183036500000333042202d50206021b0024031901a6006c023b04a30128000004fd032f0326000002ae01080157000001fe01e903ad01c1000003a001aa006101d60000037e0000011e02a4011901e900e50370016000000000021001420000,
03da026003b4077f035c0000014e0172023f00ef01a2009e010901c2029800000117020500e402a302c202cb01dd02a700a001c40295000002da03ac019e0000044d030603f60000027001f5024a000001c001cf047b0117010c03d40058007c0206000003e3001a00d4035100f902d701b1032f032800000000029d00dc00e6,
0380028f04f706e302ae0000018b0156020c0134028c018a0116031102830000006d009400a5020d00ff028402ea0228015e0268021b000001910577022700000446039a049d000002f901ba01f7000001f101ec03020375004a03600000013501be000003dc02150079024201930390026e032c02d200000000011c0022004e,
038702ab057407be03470000023c0144013c01d302fd016d011203e001e10000008d018601750295013a017501b9013d011a01cd0178013a01b0055c024f000004da033e0600000001dc013101b60000007f022802ee0280003303d30000013801e2014f03db0173004b01da01a0037f01a102e602aa00230000015c0000020c,
030f0212058006300259000002f2017000d8010701e801cf01d403a7022b00000000006700030309011b01590188032a0002028001290000009204b40316000004b1022904ab0000022b0150026a00000304017702fe03830000033b0000015701980000042501ca00710370011502b502a002ba0277000900000137000001ba,
019601c90489051901fb0000031500f701fb01aa009c0134025e03c6016d00000000009f0000028900b1000001c003db000003d500ba000000af030603d6005c04ab02e00642000003f30000024100000378021803a703c3004202c900000288020b00000458014c000d016e02370238049801e6037f00320000000000d2007b,
02ab0515000004880286007b00000480000003b8024f016b02fc010f02f00000048700af03f901a1016a007d03a0028602a801610200017000e70031024e02b1033200000113007c02be02cf00000048012102ee0306049b000002970000000004860010018c02a90185022603050144029e03c0051501ef024d0142000002b4,
013104210128048c013a007201f0024900000340015103dd02b9027d02a20000060c00e8041d028901b9018b01b602620224019e02e50227001503160360025002670045000000b301fd049a0136011f014d01de00f3030f0000030200000000040d023900fc037401b301fe00be000002c3025c031802cd02890233002202e0,
027c036a01f004300240004e028801270000025d02ac03ef030e02b4028d000005c50213037803410256020702cb02b20316020f025501270179029a02af00000205031001ad000001710468003d00e30331014701960375000002ca0000000003160000004b03090178025901e50000013402de01a9012c00cc021d00000087,
024d044900b303bd0152015002bb0000000003b5033b03c6039903e5027f0000070e038c0363033b032200cd02a501b1032901cb028b01e7021901c0025300000177058d0000000001fe0441011e004a033701ef00fd03c8000002a500000000038b002d00000459026b02c5024a0000010c029800ad0276015e01c800000000,
029d03b6013204f4008d01c8027e0024000002e50353043903b304d802c9000006b903aa02f0028f01a501560269014e03b601b2023a010401b7019f02df0000011a04c4009e00000157041d023e00540293020a010d03720000033d0000000002860000003203a102fd0376019d00000150030900ea0357009301e700000023,
00e8042f004b02d60000023b020200fc0000036102100410049504b602310000086b02bd03c501af01bc02140164016001d3023402ec008c0124020504390000003a027f000000e0012503ba02680013035c01dc000003d1003b030e00000000044d012800a003a803a503a60092000000be01ab00e405b6005e031a0000017f,
01f4036d02060185000001ea0000003600da022d029f02b9050c0102029b0000077101a0000002190210057c015d019e000000c402da000000f604db037601b0011e02d3000005d402dd036300d0000002b500f4032c03370310010100000000052902be00c101d0026202e301150000000b016d0141066200a703860000027d,
028702820613038701cc000001280000027702cf032c013e029d021301ea0000028301400000047700af0266024d029a0000018c02490000014d0368030e0035048104a203f800d6033400b800db000001e300f2037b02f400a3029e000000f1036201860329021100a3023901000166009b0316032b0320000002a30000035e,
030c01a805fc035401f3000002e80091007a020a024a018602000443014800000075009400cf0427017700b301a1035a0088026201700000005503db03a80000042d02f803bf0000027a001201ca000002c400de025102bb0000032200000102017e0000045f02b700520336006101d5031601c0022400f500000166001b02be,
034c01e30558045a01f9000002cb00a9008e01d2031d017b01d70559019200000094008000bb03de00a20152012102f80007026a0101000000480333037e0000043602d5041f000001e2001b01fe000002ca00ee0230039900040367000000ae00ba006c048d027100f202350087023302d6020102350095000000fe00000354,
02dc027004b603bc02030000028900b300e20208039701a401b304f30195000000aa0000012e0376007b004a006a02850000022d01a7000000d3048503cb00280414022c03f30082022a00830245000002ff01150219037a01560380000000730187025b0488032300e2014c0050025f02d701e50285012e0000010200000357,
035b0232056804330222000002ff0171006e025b033c01a401bf032a0147000000d9012a0119029d012b01cf0155014600da0251014d006a0000040b02db0000043301e1047c000001dc000e01b80000019101b102220309005e0362000000b1019f01210409028400aa02cd011402fc021601dd022b0101000001260000026d,
035c01b7056402db01830000045d01ee006a0266029501da0214032c00d000000071024600e101d1023e014101ee00de0349028800c1006a002c04490310000004480132046e0000020b0000020d0000030602d1022603830000036b000001440122007503bb02eb00aa034501e602e2025a0195002c01530000009300000095,
039e006d0578031201ad00000303017b01c402a101db01ed01ec02ad014c00000000033c006b029601850109029b00fe0362033300c10000013c04cd031b0000046d014904eb000003090000017b0000038d02750258036b000003c50000000000da0091042b02990103033602bc034202840200000000f7000001570000006c,
02c8049a0193055002e40000021f03a300000390026a0109028e016f01c8000004b7037602b101a0029d026b048e014403bb022e00b601b0023f00000255000003a200a505f00000014f013c0000006e000002de027603760000030a013c00000400000001c0011c00bd02a3039e01d501950367049a019a000000a400000243,
022e037f00db03bb019600a702c600e50000030e039903bb02b0019a02f4000005c40183041d03180185035102c1026d0226018f027b01ee00dc021e0250000001dc02c80000000001d004a300e8010c00930104008903310000034b005700000268003000d4028701f9010c01c10000025002c8036401f402f400fe00000171,
02780346015002d701ba0151035300000000026d045403df02b9038602670000057f02cf0314036802d00197027301e5033601cf01bd0103017f017e02e5000001db03df007a00000190049801410083023201430099036b00000360000c00000247009600dc0427018b01d401da000002370295012b01b3008e00be00000090,
023003a5005402050118028302b3000000000330039003bc0349038a022a0000067703fc044402fa02dc0109031001c9044c018b02510108024f015002dc0000015c05cf00000000024e04700104009e01ab019a0097030d0000034100e9000002d10000004c043501fa02c1022a0000022e025f00a903360176018f00000000,
02690486008402ac0074024e02c5001e00000393032703ca03bb02b802580000070d03c30364032903c501a902e201a9041d014c029b014b023b00c002b0000000f804d0000000000193043101af001801fe019e00b90235000003120000000003b500000042038402950323026b000001d60282008d03f901c001dc00000000,
01e10462007302ea009401e80347007b000003aa02fe03ae03fa039302b30000073f032103ec0265038901e801de010c02c501df020e011d01b501c802e0000000c603900000000000f404300259000902cc022100aa02f3000002f3000000000365009700790423034c02c001e6000000bf027500c80370012b01b800000000,
00a703b4000004380000012402e90000000001e90321044a053304e001b6000009c9017202ad0305028701eb012801a2009f01d302cc005700e6036a045b00f70000028e000000bd00e9041b02f1006c035c017700aa03080109022c0000000004750304002c02f402d402fa00f8000000f00014011c071d0000027a02000287,
018e021301e0029e0000000001cd0000000001cf025e03210570016f01610000083702f10000030e0181048c0175018d0000026e01a4000000fc04bb04480096011302d3032c070502f801a200500000017a00b0020903070265016902710000047b0434011e010201ee0185018d000001790000004e0782000002ac00000320,
03b900b2049701b90167006002f301960237021b024900b902d302f101410000015e022200000235017201c001e5013c000002e100000000011e037603230000043f02ba043c04140384000000da0000026f023d02d702bb000002120000003f019c029e030802ea00bb00d10105033403c301a700420329000000640000008c,
03e70296041c039b026d019503d10106000002b903f9012201a1037900d0000000c6020b0127033f02930136013b01330209012b00ed000000ef011b027300000488023f02b10000022a000001780000013601aa01e0010c002a03f5000000f6019a01c9037e026900dd02d40085024803910192017802820000006900000221,
033e0229052f020c020201090397009c001c02c103ac0137018703de00b500000101020a017b039b01a40034013e017d01a10194018c00f000c5029502d200000497031a033b000002100031016f0000012e014101a2026a000004030000012a00b10204043f03020033029100a502020233018b00d201b20000011c000002e7,
03f6025704f001ee01ee00bc0304012d004c029e03e701d601bb033e00e1000000ff01ba01720311020d013c019800e7022801ce0168000000680282033f0000043202120336003301fb00490168000001c9012901010299000003e50000003b0139014b03cf035a009c02bd00d4023702b301a9007e01d000000119000001e9,
03070154047a033901800004035800b10009019f03fe01cd01f4051700d9000000830186016701d2018200db01c0015c0192029500f2000000e00489037a00000431022202e200cd01f2000001f90000036101b0015503c6000003af000000af00b9023604010348013101a5015002c5023c012c00a10210000000800000017b,
03c800e905ba033501ec0000034f005d00df033a037c01c1019b03a6011600000000036800bb037901df00080333009c03e202ae007f0010013a04590296000004c9029f0431000003100000012a000001e40220017c038f000003f90000002e009b006203e0036d00e5024302de02f502a0021b001400d90000000000000085,
0283049001b2036702b600000146029c00000364009c01dd02b1014601f9000004e603f902e80306024702db043401fb026a015501cd01a4018d044603e4000003a7020a046d0000029102ba000000ec000001b901ea04880000039c0064000004a10000021900bc003f01e2033800f10000038901c4029900000380000000f3,
02b70327000002b901a00168024e00170000034b0282034b02f801d902320000059b0358056804980173024e029501f203b800cc0220021601a4013f03a0000001c203d70120000002f004bf000d020c00950136005603d9000003f20189000002a40160010e022c008c00b7024a000002f002b9016403760000011f00000003,
02030384006703240210011002b300000000027703b3032d02ca038701b8000005dd0352031f0306033201fc02d601d0029700e30178015d01ef0330032d0000025a0522014a0000017703f900ea0060018f013400370413000003850085000002f100a701100220011101fb02cf0000001e0295006c039e000301bd00000000,
0279031d005103ae01e2012d0213000000000313035402f7033403c40244000005ee035303af03d10216024b0286026302b100ef01a300eb024002a60319000001e30623012a000001e003e300df0032025c0160011203c20000032e007a000002b2000000cf025601e9022f01bc0000014d0314015f0371005b019800000000,
032002cf0120048e0132008a034c0088000002de031802e50397034203010000058f03190378033802d902bc03b802ad03a3014101f800c703020259022c000001c0044d006200000195039f00e6000002b1018c01dd038a0000029300000000025000000054021902e20313030b0000011d03280140027a0242013f00000000,
0311033c00c4042b00e401ba04390000000002da037803c503f402db02a600000663040803ca030e039102320351018c03ea023502b500eb0171026902070000011604d00000000001920424011e0011038501ee011d03d50000029f000000000297000000000377031202da030a0000004602bf0087020c01cc017500000000,
0219032700ca01eb0033024203a60000000002eb03010437043803ad01e4000007740443032c028b034e00f2021800840384027f0230010b011703650337000000d503e40000000001cb048301df00cb029f01f3000c0364000002e80000000002db01140052047c021e032b0206000000ac01a7000004b6000001ee00000000,
013002af000702a70000014f020c002a000001d802e104a4054703a7017700000981035e01df01850197030d010300d50110030102790019005303c104a90124000001d7007d02f901e103d7020f01dc024601d90083030e0000021a00000000042f02e3005f03a80239025600ca00000294000000b6079b0000022e009201a9,
01e9021103b2036b0000000000fb023601be01e0012c027b044601c0016f0000054c02030000020e01ba042601cd013300000260008500000065044003bc011202bf00a90498071702e6004d00000000027701d9029103a20336018100b1000003bc020f01c9014c017f02e200bb009a014801450005050b000001ea00000331,
037b016305d202da01ee000002a90051010c028f03c1010e0219034b00800000006802c001ad031d01b400f5020b00db010f0214012a00000150046d03050000044b0362054b013202fb0000012a0000021d01c201ef01fb000003610000000f0219027603dc0308003d0149014802fa02b7014101e303b40000009900000182,
034200b204c802c80193000002c5001a009801ae040401b1017204ce0092000000b601f3019c0325010900a401900107021702480118006200e004e9037800000426031b038f00000269000001bc0000022c019500fa0341000003fb00000097002d0102045c02fb007c02eb009a028e02b1015900440166000000c9000001d2,
0369019704a301d3021500dc02990068013002220403023f017b033400cd0000016501f500e20258014200fd014b00d201b101fc01040067000b0464035d0000049202cd02f300890285004c0172000001200213016e02de000003a70000014400e1020403b403ab0027017c00b6025f038301f500f801c60000004b00000264,
03fb0172051803ad01e6000002a10132013b020703e201cd020002d6016900000142026d016c01ca02a80231024b00fb0271023100ec0000017e036e022c000003b60225045d0000018f003c01a90000024501da024e02320000035500000000012300bc034d02c60125024301b7030f01f401bc00f00200000000b6000000d5,
03bf0105052803f70268000001fc013301c2024403c6013901af04e500e3000000710347014202d101b0000002770054030a026e0000000000d203110316000004b601f404cf000902830000010d00000121020001d503d10000039b000000d2008600eb03e7033100430242023c035103040199003601e4000000000000011f,
02d0023a04f50463026800000255000000cb02db008d0106026b03d0019d0000021b047c020903ab013101a6017e00630000010400de000001f504a203490000047803f80588063702ea00f1000000000000018802c9047d0202034100000000021e0427029400f8000a001501b0024400000276000002d700000114000001cb,
020d0460019303c602c7000001fb0000000003e2023c016c026801ef029e000004cc01db031a04c50089032c01d802820000000001660183024300830336000003a105ab02cd03870250035f0000000000db00ae01f104e1004503ab00ec000002ae0324013301ae00eb000000da008201820417023001ff000f00a5000001a0,
018f047b004502b6031e013802ba00c9000003de01b002500261031d02cb000004e903a504e802da02d401b202cc02090337012600ec017f021d01e302f500000327048c012f000001f103c100f6000001e3021001d30461000003f500c6000002d80021014e0336021c01d20296002300f0045100f8016b010b017700000000,
02aa02dc013302d501d300f702b80000000003990374033202b303410294000004aa02e0047203a901a2021602fc0266037b0104022101190270031202d2000002950496003900000216041200b200000227015700400418000003b600480000029b000000ff0370021401ca01f70000015b036601d602250159013a00000000,
031601ff019402ba0205021303800021000002f0025b036b03230403029500000526044104d0036f023f01f4043f01c1046d026d01f7014e01e3052b02b0000001fd04700000000002a50486000000580187015e0000049d000003020000000001cd000000ca03f501be02f0034a000000830299000001d80116022d00000000,
02e9035100b2010c00fc040803090029000003a10328036503d102bc02100000068a042a03d8034e023301f302e300ff03bd016801fd01c801800375032400000171049e0000000002a004430098008e00a101a50088033c000002ec0000000002be0000008703af01b9029e02a1000001ba024300730411009b01fc00000000,
01da03d5003e022a01280349032600960000035c02bb03b503e604d10238000006c403b1040b02990217007a02200101036101d001630066013a030d03a10000016f044c000000000223042a016e003b0214023c008603b3000002f40000000002bc0071006405270254034201e0000001ad027f004e03b0007801d800000008,
013003aa006d020b0000025b028100b0000002d4031d044c04a90368018d000008cb02bd031b020000cc025c00ff00f4021e01ea02d800d70100026e042a004d002d03520065014301d803d00243011001e101aa00890300000002b50000000003a0025400490413020402bd00a90000020500d8011d066c000002490000018d,
017e031a017305d9000000000065013c0000015c02b9043505b903a202110000092d02fe000000af01d3036e014e00d7000002bc02170000009d05fa04cc01c7003700a701ad0674021a027500be0000028f027c01d5049a01ab015800000000050202a0005c01db03340268009e0000013a006800db079e0000023501e4032d,
02bb01ad05d5020b00f400000273010b020a029b025c019102f3023700cc0000022d02bb00000322019d0210021000ed000002690080000000d504f9033d000003ee029404e903020334000000000000021501f4026b03970000021f0000000002bc0218029a02d0003101fe013a022001cf0155009903600000013f0000027f,
0341012c0551024b01ff00000347004300bb0222035500d601da031b00b4000000a80170017802ae01b90000014001c501b2032f01a0000001d706f502c3000003d203000430000002d3000001270000041d0180023c034c00000332000000fc00ad01770415035b008e026000aa020e01b7013d00ab012c000001c00000010d,
039d01e80620024d01ad00090277006c015e0241032c01a8025f0288006f00000131021100fe0285014b01770182017801a8020d01f9000001e105af0348000003d203e1053c0000027a0001011e000002cc014f02180245000003210000008a021d00dd03590278001901fe014001e6021d0173012202ea000001cc000001be,
03f800fb06290330014d0000027c00460149019b03f501770221044b00cc000000e20250019d02b10152013c01f1010f0253028e01aa000001880643037300000378037204f9000002450051017c00000305016d01f5030a000003430000006b012d01c703fe02ce00ad01ae0126025001e0010a00b402f9000001c700000136,
03ee00ca05ca02d801fa000002de0035010102c5035e01b501dc03b600df000000210256009a027a00c9009501e7013502720306018a0000007705e003540000046902c10353000003680000012e000001cc01e3018403780000032b0000010300a400ff04110347005b0194018e029d02bb01280115024a0000009b000001ce,
04730000054d03af018f0000021801110263018203110150016f0463012400000000031c00c601d400aa000001e0003b01ad027b00c701250083068f025f000004dd014203e500ca036f00000172000001c702df0285043e000003cd00000212000001af046d0256007a01f001f90403022702040066004f00000000000000d4,
03cd030f0652033f02b1000000b600e0024f03e40231013a0223023a0216000001120244000a0351003802d201ed00e20000009001400014009e03f602e8000004dd030705a7045a034a009400000000013501d902d504aa028703b9000000000309033e03aa0239007200b4014703850103037b01de02990000010b0000025e,
01ca05520264038c0308018501e300830000044900f602b1028d02a802c700000437028003240434014b01bf026a01ea0000007f01df0002021b04a902ed0000045f04a901ac028102b7030400640000033402250127036302ba04120000000004ae023f016d035c024f0159013b00b10049054401520275010a0322000001c4,
01ef048a0136058303a5010201b200000000043301a40200021c041202e90000050a03be0372042d01d901bd01fd02640000006301bf00f4025903eb025500000392073b00d4009f023b033e0097000001a4017b012e03c70081041e00490000037101fc016f01ec02b200c001630000004804a4019201d502cf02dd00000021,
02010262000002f902710271023a001600000247025d02bd027e04760242000005bb0381051b02ed00fd0099024e01360201019101330227020003870391000002af0566001000b0031c04700065009400cf01de00c204bc000003c900fc0000017201e400fb0375013f0167013a000001c4030d003a01e600f6018a00000000,
01db03890000019101e4039302ae01170000033601d002ed032d039901f50000063303da04d702c80255011202470176044501d6014900f60241010303e4000001a903c700390000026c0432008c008500e7018f005603780000039a014900000270000000b003c70184032301bd0000026b02b60037029b0052013600000000,
01fa03d3007701f900e0041c03660120000002cd026f03a40418034501ff000006b4033a02e602d7028a01d90146014f0322024701500000019c0000034d0000011602a4004a000001b10403015500000266019700df0287000002ed0142000002a10000003103d6024204060134000002a9027200ba0310002000e5000000a9,
01d20322007e0258002c038c02d300cd0000025d0349043b0457044501d600000777022e038902b000db025e010e016b025d01ab01ee0000015a01b00416003a007d037d008f0017012e03e401a50038030c01a2006d02fc002002eb000000000294009a005703520292039f0055000001e6021a00e5046900000233000001b2,
00f60331009302a40000017d02150048000001f202780490053703fa0185000009800327029700de0264027b011600c60140027a02bb009b0055040504890016000002bb000001c1015403f202d40164027b0237008903210000021d00000000046a029c006003bc026302b000c9000001e10000005007cb0000028000c90144,
01ea032f026103d300000000027b00520000023900c302d1053101a501620000077f02f1000002d2019303f400d0017f000002410305000001c802e203090000014d0307036602bc02280188004700000358012c030c034302bd00e000000000046701cd000000de018403db01120000005e00ec002705b9000002dd000000e3,
02a504e003df030e0191000002fc00ee000002ad00bf00b703c6010801140000051203b900380368050a02a40264021c005d027f02330000032200d40273000002ac02b405b00000014700bd00000000044e00f30360034501fc01d60000000004b000000155012900b8055d00ba000000000207000002e10000041000000000,
01ce03e1025903bf00d7000002b200000000026801740250045c00dc00f1000006a403a500f0037303990318035602fb011402350393000002950227026f0000023c04fd04250000023a0167000000000297007c030102c20000019e0000000003dd00000059004700b803a5038100000000018e013005080000033800000000,
02570304029302b300b00000023c000000000283040201490403011f00b20000052001550059039600f002cd01ac0348000001ea03460000027a044c02f800b702e404df0328009d029b00f6000000000473002c02b204d80034014a00000000032e017200bf010300d700ea01660000000a01380343045d0000011b0000014b,
031501e7050403c5017b000001d301b4015602b2028a00da0259017701340000021200e800000207004400ba020401b10142037101e500000232061002fc00300423027c0498019a040f000000ac0000027801da0301038f00940245000000140254001f02f3022c00f001b40116015002d7019d029102c1000000b5000000a8,
037a000004550315011800000283013a018f0136030500cd0224069d006e00000000030302ad01e800580020020600d302f1025700890000018603700441003d04ee017f03f6000002b40000012f00000285025b021b04c80000035a000000e20000006004370250002e0389028e038b02960126000002980000000000310083,
035a013904ec0200022d0000014c0289033d03850273018901c103c9013900000027028800b400e5006301190232005602c6028e002300000060018002ff00000538010204be0000031b000000db0000016d03c001fb0444000003e1000c01e60192007b049f03a3007e02d401e9039703af020201ac01df00000045000001e3,
022e041702bf0430021d007c01980159001603fb0000038702bd036802b30000045305d001b302aa02f50341046a004c0301027b004500000066039b023f00000383040e02d30000032103340000001103d604f800ea0429000003650000000004f5000001450326023c0194034c00e40191050b000002050000025700000000,
024806820262029f03c5036100a3007d0000053a009902c401800072036900000428051102dc012602c6021202400143018a0181033b007c0114018001850000034d0653016900620321033d01050000008802e501e1013b00e504b400b90024050a0143024c036702680139013200b102000588021e020f032e035c00000000,
013d0417002402250371008d01e300cc000003a500cd0272023c0200026600000531034d0370023d028c03da030401e200ae015700d600e3014501b1030b000003590464018e01270250031c000400000234023e0120050b000003dc0131000002f70008017e026f018500f001d50082009203ff00fd015b01ca010c00000000,
01f5022e000003290274001e03410000000002900222024403990364028d000005be01740458026300d303d202d303dc013602f800cc00000227049903b000310232033501c30000026e03430000000003de014f01350544000002c400e30000022400000109020c0242010c013d000001b802d80439030b002a00c700000000,
022803af00c60277012402bf036a00aa000002e8031c0309047d028002cf0000067000f502d6016200f9036d015b02ca000002c401b100000125032302dd0040016d03f20010000001ae03db014c000002880199016502eb014701b50000000003250000009d02b102b9027f01990000025902530458046d00cf014600000000,
019c030b00ff0171014702cd035500e200000292039f03210406021f02370000070800d10381025e021002e600a101e90000019e01050066010102a102a10000013a03770000000000c503d801710000020a01480159022000d9024c00000000027c01070072032c0235036f0089000001a201f60236035a00e901d500000173,
00b403eb0008015f006a02a3032400fe000002f8030303930468031e01c900000879018c03d4020001c401c80064019800cc01bc01b20110013c01df03660000007003300045005d00f204010219008f020a017401050265000002740000000003b6024800430444020202670086000002270120022c052400ca01f4000001a7,
020403c2015102310000029e031b010200000368021203c50505014d02080000083f027a028702370246036e00f10137012b019f026a004201140175028a0001003402b3001a0000019303bb01ea009f024b018d01c0010e006b0208000000000420019d000002f20279036d00f50000024e0113017706cd00d7024700000106,
018303c90156036800c6010d036d0074000002340162036a040c028a01f00000079d02e301ba03ac041f03f2022d01cf0000017600e700b8014f01c002d10000016a02c200f6002d011c03810082001e01f1012c01a902d101fc0223006a000003cf00000000021d01a50500010100000012018e0000035c003f0258000000a1,
00e704410124031f0000016202a7009300000278014204340428023402390000081d01b1030802ef02770342020402a800c201b8039b018f00e103cc038a0000004903640000000001b8040202a4006901ac01070150028d000002c5000000000401003500d10216020102a1013a0000016200f301550542012a03a800780142,
006e048d0000025e003c017e01de012d00000250021003d10447034a01e1000008870000043d01d1003c01ac01590305000001e403e70145006b0332044d0339010001eb0000016b0203046a010300c1029e00b400b404db00e4025c000000000437030c005503900129019d008c0000012600b5036405030157031b000002f8,
0215039703a7031901b80000016e0373000003a8016201aa0375012401c100000414000001f80017000000d301c402a00000032502d7000000ac045b02c9045a0387006e0321030e0383005b0000000002df01a1034d0503014001990000000003cc0290012b0358013500dd00c20000022601f104fe02f200000192000002ed,
03a4000704750318026d00a601b70099030101a9025600d4007103a7015100000000030d020702530124000001a8011501d30202018200e201db030f01c60000058203180268004902e90000018f0000021a029702d20276000004570000020f0000021d045602a3004902a001a90322033f031500780000000000b2000001ce,
0415012804a5034601e0000001a7022c036e030a028d00f101500216026d0000004a0267001900fb0210018d02ce017302c6023a014b0000028600e3011f000004d701d2028e000003de006100e1000000e403a1033002060068039500f4023a013c000003cc030f0187025501bc02c4041e02e4021d013800000043000000e8,
022d01f3038005ef01160000028400a3000b02d80000031c02c801af02850000033005d801170449027d02f80453017602fc02f7017a000001e106fb021c000003d2059e02ed0000053a0327006300c300c903f3028502c100000274025a003603a300000173019e012401bc039f00460296038000000209000002b701a60000,
02d7054b027704af03e6012800fe02180000049f0000019d01de00fb027b0000038504b203d501ec026102d502940201039a00fd0339018e0301037503040000043c04dc02a900000317037700000000002c02ad02060264000003bc006400000576000002180144007a04620147009c0197044e018f032a00e8045a00000000,
030d03e0017104820442001c01e900000000038300c900a001e30390027e00000266048b04fb03b1033e0263037e028d012c007f022f00000343034103700000045e0606023e0081028f0322000000000282015701870476000004310108000003db01c2027a017f015b000002dc01850040046201370274014302aa00000000,
0322041c00dd02d8032e026502080000000003e000ca01e902e502c5024c0000045004300635033802af01d7041102890368010102b500d0034703bb03310000032f057c00e4000002fb041800000030025e017000e00401000003be00ba000004b60000010402a8017b01570254000000a703b8023b03720196031400000000,
028304d700b200c802c404b600e300e9000004f801100230033001870260000005b50296046d03330098029101e4027901e4002d029001fc0210036702fb000002e105db0000000002ee03b7006e0000010201a501b30265000003370000000004370000014102f9014f033f01b60000023003f7024603cb00f903bd00000032,
01d9035d0000015a0272023f01f6000b0000037d01f202e003310345024a0000067a031c057d02dd01b301a900ed01a10123014801ad015601bf0228037f000001eb0482008f00000236042e006f006101c3016d00db03e4001e035d00fc000002c20122009a03b4017f02eb009f0000016b033900c8027300d2024800000000,
015e047500ff01b201920234031200a60000037101ce03800396027e01cc000006c002af0486028a0288010501230174018801ba021b00d0015502a4033a0000017d03e900f00000020a0439016000bb01a801a1007a0220014d02ef0000000004960241009304da0142024900920000023f01b901c9046600cd02860000005b,
01d902b6004a01d30188015a03280061000002d602130366040501a4022f00000713036403fe0266035601ef02e6015902aa0225016401b901ed03e402090000014303ac0039000001f204df00d5015702910248017103820000022f00000000039a0000000003e6013002dc02a80000008501c5015b033e0095021a00000000,
014904430000017802b501c902f90000000003e90181029f030e02a20269000006b303ca0580034d03e9016601ae01eb0134009d01640272021600810212000001f8057a00050000017204f600c5009901db01bc0160037a0000030c00a700000333019d0050040e011d021801af000000ce02b4005301b3022f01dc00000000,
016003db000001f301550126016400b90000035f014402b6036f02bb027200000706028504ec030c0183027b00a001ef0052004c01ed02bf021900b7032200000158039d006b006701d604ef00f2012d017100f300cf044c002503690129000002d4009800ad027f013a0338002a0000014b025f009903a601b0026100000000,
00830479000002c800c10200013b01bd0000027a01ec035503c90312019500000844007b048601be0101021f006e01f200cf008302f0024401d7039f043101850164025d000b0037013a049e021b014f016e015300d202fc007502f800000000046d01d900d002ec00d2034600830000012d011e0226059100de0392000001ec,
0150034a0021032201a2003001410436000003240000025b037101b7023d000005d20000052e00440000012200a601f5000002be0342014e014604280365047a031f0000000902d202f302b300000000022b01f501d1052f0361022c0000000003b5027300ac02de017603790107000001490235031b0268030a038d000001fb,
0414000005b102f102090000026400a5028e010b036f0142018c040500700000003d02d1006502910165000001c70084016902ae006b00000000059502d40000053e023603ed00000300000000ba00000135021b01f502d9000002dc000001d6001d0145040202f4000002c9013802e402fd01790089022e0000004d00000224,
044600cd0617021b01f0007a02800000013201ae031001310236029a00da0000006c01e1015402b40232023e0220020500690245020b0000015d05e902460000042e042303500000032b00300041000002a8017402aa01b600000271000000c601df0000036702cd000a01ac00f20214028601a101fd034a00000123000000e5,
038f013505b704040204000001a9000000c5023d008b002002ec039201650000015102bd0173035e0276037102f403450071020b0244000001db07230305000003c0053803eb000002d00127002b000003c50119031403e2000001ae0000000002a6000002f001200042036c01360236000001e4013803f4000002d900000000,
03d3013d05c4035b036b00000203014e00a6029c004f0000019103f9010e0000000201af0249037e02510117020b032701960202022e00000191046002880000055a02c604310000020700b100570000039b013102d403d6000002db00000000015a0000047a0200000004ae0101021a000001f300f200c3000003650000001d,
03e6004905e704a403010000024d0000016501ef01b300000186046a019700000000026902ca038c021500dc01cb01cc000001c902450000022106c3024c00000545036303680149032a009400640000031f014f034103b6016d034f0000000000e703950453020f005a009301b4029a000001c300f5024600000214007a00b4,
02ac030402f40473038c0081024e00000000037d0000000002e802cf0212000002e701fe037b037e016f02fc027903530000016101c6000003b7069702870000047d0610026f005103d202dc000000000116016302b902f30140019c000000000422000001c2016c000000ba01cb012f00a802af04530440000002ac00000000,
024401c102fe037d0403000002770000000003d1000000ee01d0007d0324000002cd02f00440033f022601f6038d025b00b4029100d2004603200870015b000003e1058b03110000044f02ea00000000010402720276035f013102e50130000002ad0059027c0270010b0097027d012100b9046a023601090000030400000000,
02b3035f0124041c0266010b01bd00000000035b0000027c02e30259023d0000050e0477061d0303018c02a202d6016b0171018002bf016d02d105e802c30000028e07480237000003630464000001b5008501b500bf037d000002ef01520000039e0000008101a5008001fb0209000000a50336011f03a40097038d00000000,
0254039c011d04b901e10109023c00ac000002a80149026b039b01a0024d000006a9017402c7033901620331011402a1000900e1020e019c02f703c402500000022e04ac01000000020804b4000000a900bd014401f1027201a301be002f000003af0000000001b5006204750067000001f401bf032e036f018302f900000008,
01a702f9017c058d03030000016000da000002ab003f011a0351034c01e7000006a5007e0296035d0083031e017c03ae0039014f01d2011e02a205e7038700860392037401d70000021d03df0000000a01a200ed018c043f011801db0000000003b0000000a90116001b0533009b00000042024003a302ca0031036a0000007d,
019103490270031b0468000000f001450000039000000037029a00e30276000004ce00e703a3037b0173020400bf03710000017a0154014702aa0434023c0000044403ea02e50000028303bc000000000145012003220363018c0221000000000314000001e601e50000038d00920000007a0376035101ff002403320000008e,
02a20342035203e00412000000c4006c0000037c0006000002cb016a0225000003ac0218029203cb0228037500a902f50000006600dd002802cb02ae026b0000043804bc0491004901ee02d10000000001da007a03200370012c02620076000002cb00000217005600000452005500da0000038a01880304000002b900000000,
015402af0247046b034a0000016801140000030800000000037d01c9018300000523001c034602ab0085013d010603560000017201f900cb02da0684028700a1040204f502280000032f020900000000031001230369041c00e5019c000000b6032c0000016b00d2000d0399014600000000027d02dc03bf0000037700000000,
017402c8026e058502d8000000d701a10000035d0041007403ad014101b6000005c9002000db0269001d01aa005403780000017401920112030e053602ad01480449026b031500c402fb013c0000000001ed014b03a903d90298019400000000048400090127002c009303c900e000000128023b03ee04420000032a0000010a,
032e000005ab01b3002c00000365006f03790151020f0135023501b700460000006b021600000325006b00000180017b011a033e00e6000000e106ce02de00000436029c058300000452000000f4000001a2021303a303dc0000023d000002bc0000013e03b901b70000021102060214033300c4000000ec0000008c000001d2,
04da0002070902530182000002a100000273020203d600cb025d014b00fd00000040019800990441021d012f0290019b00e702990154000001ec08880276000003bb034e057e00000372000000690000031e015a030603300000026a00000025011701c6040701f30017008b01fd02d7016b0138012302270000018b00000188,
052e000007e602e900f7000002a90000026a0196044c008102cc024d00c7000000000097009b04040177023801430206000701a801e3000001370621028f0101033b02c3048b003d029a000001080000038700df034a025a00000205000000fd007d021803f90171002e018800be02fb018d00b1018002e7000000fb00000297,
04d20000071a035a0188000002950031024e01ad036000510245012300d50000000001c800c503720347012601ac017f00b7024e01680000022606a601e7006c0393012b0492012202b20000009100000411010303ec01d20000026500000000010d0333038201a4009301d801420296015a00f000a301f00000019500000159,
0486000006b4024001e30000020400000383026302b6001001f8035001400000000002e500e103e302b8000f01f50189019102c8008c0000018a044a01de00000411027a04b40000032b0000012e00000338016003610274000002ba0000008e00220227047202d80050016f01c80285020401c0004002a8000000af00000106,
03ef0000061a057a01b200000259000001da01bc015a007e021103a900d20000008a02d0007203cb01a0004a0151021e00000239012a000000c0054e024e0000044d03ba0529000003cb000000760000002a01a003b701be0000022d000001a800db012403ac00410000012200a60192032f012c017f03d90000005601560142,
043d00ba076304f0026f000002a2000001d00239021c0099025202d8014000000062026f00ae03e4019900ca012901fc000001b001d20000010508a302400000044c042d04f8006e035200000000000001c50153042a030d0000020000000107019502f5036d01000000007e014a02630088017d01030334000001ef0000012c,
02f2022205cb061202e10000026200000000030600030015026202fa01440000019a025900fe040e01c2003501d302be00000183022e000001c4059502820000047a06d2052100420409001600110000024401a2040d0362007b0213000001e60262013402cd00a60000012f01260144010401cf01d803c50000021901270000,
039000f806ba04020346000000d200000302027f009300000238016f0098000001a101e1000004ea02b001ae01d302fe0000014e0152000000f405180286000004a304af063500000322000000000000019200f003f80299000002070000011202aa00000342000000000347004601b100ca01ed017d020d0000028800000126,
04b9000007b5031701e00000022100d70257022f00df000c0279028500b00000006900d60000047c01f101c90248034f007b022401d500000000045802c80000042f028605cd000003060000000100000256006c02e003970000018f0000008800af00000412007a0000039b00e801c400b8011e00c402c20000022400000122,
0415019b07850447024a00000220003d0217022a019600dd01db039000ac00000000021c0000039f02920000022f0286011e02290197000000d304e302a4000004a6035f064c000002f6000000910000032b015e0336036c00000288000001dc021e000203d701f8000002ba010501da017301ad00a001ea000001af00000098,
04cf0000076b0492017b000002ea009c01e2011a031d00ca020702c900f50000007301850000038402b4000001f001fa018a02d801ae002400dc07f001fb000003f5015504a0000002f3000000cc0000030a012803be032100000269000001ca00a4012603e80176000002160173015a011900f000d501b60000020100000105,
037000c4060504fc01d300000308009402970128027c008f022502c0006f00000069018d0000035d0317000001040210002902b600e5000000e106d402e10000044e01b805e2000003760000012400000274015703c50274001c025a0000016900e4023803dd00be000001a0019b01e1023400a900a40131000000ba00000143,
03fd00c006f3052c019300000239000002e602d8012c00ad022a01ef00f500000000032f000002d701510000010b0208000002f202400000007106c50289000004670358068f011004db0000007a0000022f01e404530333000d029d0000019200fc02e603e600b4000c00b200cb01af0204014d01000249000000f700000076,
01f8000001bf03cd03b200700246000001f60000019000be037c018c02da010d000000090282012400000091031500000009000001e8022d008402b800fa00ec0083008100000000030603b401770000000001e90000029b00a4055a0340024b00c90440028a0037022b03e101fa016f0826017006e50000024101c4000003c3,
011a013a01890386038d00d70160000001cd00230268029d00e400e202ec00f3010f012002160233000700560378000000000000019c0160013f02ea0248013e002b0014000000000113046201e40000000000c4000001b5024b055d027f032e004a02ae01ee0000023503e5022501fd07d600000634000002cc04a9000004e0,
02220175000002bf040b016600830000055b00ee00000058036301050379000001460000023f01990000029403b5018b02a2000001e600000202014d000004e900000000000001480000018d01af00000502047e000000d0011c04c8033a027c02b1022e0000007601a904c1003701c707aa04880658000001e304de000004df,
02db014f004403df032e004800000000042c0000009e041c00f602db033e004f021a012e02c60129010901940410034b00000000026d000701fb01c00000026d022f0000000000ac0000018201f6021f0284018d000001c10000048903cc01df00f103490078000001db0302024e0181074e000004de00000167052500000307,
02e40000035f02360260016f0000002a038b006b01da0344018b0395038f00330037028001ba02f3000000000382005202420000016f000001f0027b0000000001ac00c8014b0000000002e001a400000000007500000271007405ae04f60414006e022e00aa000001f102d401f200f1077501d705390000006f0451000003b0,
03b6000003340023010c04850000000003b7000001b30288000003ff0538000000000319038d01dd01440065028a022002f90000016b0000039f04a800000000025e0134000000000000030c00e60000000000400000031703570483034601880000017d01a6000002d102ce0105006b0726000004df0000000003930000029c,
04c90000005401a601c502be000001f104a00000000002780000047d03d20000003702b101f0007700aa0120023303d4001b000002ae02d000d901eb00000124025201b000000000000000c7023900000000022f000002480148054a0436019d00b603e7017400ae022901c6004f00c205de000003c1000000000352008f01d8,
03d7000001ec022f02d3021d000000000362006a00d2009901b00213037702ac0000012f01e70000043c02e1040401b70000000001cf000000e701e0000000000000005c0000014e000002c6026d000001870000000000c80151049001ff02540000029702e100360115026f016801f2067d00e705db0000000004be0000040e,
041e000002b2032b02490133000000000410000000bb00f8016c028d033b00d5020c0213034500090237013003a800c5013e00000232003900e5025100000341000000000000003c009403d601600000001f019800000308013105ad046e013200c002ad0199005401d601d9022b029e083300e0065c00000124055300000467,
01c7000004b2036b02d20189000000000334001a02f30070000003da034401b7005e02c3005901be010c0096032b04730000000001f70000014d01f80000010d00480180000000000000044f05b70000000000610000035f00cd04bf040d00f8007c01cb01bc0000027201dc028601ae0791001b065a0000013a0392000002f0,
015a0000030b019e01df0166000000000379015701f00000010a028802db0046011a02b900dd026600780000030f02a900000000031100650144017e0000021700000000000000000000033703750000009600e200000354004105ae04b8013900e202a001910000018200c4012601f507be0260062a000001f20495000003bf,
0330000001c00223027d00e40000012703bc00b7009f005e0000039402d10000018f035a00f7019c0189000002bd04080000000002eb026201c901b6000000ea00000123000000000000024b03110000000001970000033100ab04e804ea0133011103c901f600000215019a011900bf06d50076050d0000010e047000c0028c,
037400a40126015f0182020c0000000002d50079016a01ac000002e2037d000302ed03c401b803670000000002d601b60000000003ce02de01ef02e300b80124018d0000000000000000037a02c60000000001c90000039101db051203f601d7014202a6022700000282025301370145076a000004f50000013d0552000002f7,
00c90000000002ed02e500680000000003e20000019d023d0000013c03940096023d021e0229030d0000000003d8034c00000000037501a0011a02da0000010f0155000000000000000004f901e80029002700c4005404aa02990469049600b70109036300150000034401d901e501a3084a000006610000027804ec000004fa,
034b000003a0034703f402f503140000013a0073040601ff031a00e30307001b00000258028b02380000004e02db001e00000000028e019f011202a903ef017f0181013800dc00000480020201d000000000026f0000034e00b20565017e013100a202dd02a20000030403c00175019e073e001d06970000021c01e600000586,
018401300315035f0429026800ec0000046f0235020c010c000000d9034800000382030a01f8012300c0024e03be012a01a300000186002e016f01c3000003d1000000c10000000000000337018b000000570235000001ea01a403ce036d01fe017d01e701c9005d0457046401a7033106ef000b060f000001b80240000005ae,
040b000003ca029a056c037c0054000005480252008b020e0049000003c700f8049704de010300000227055202fb0063029800000318000002b9006b000005f90000018900000000000003fe028a0000004505b002160071016d000000f003f5062b0000001f000005f9047f000004a902bb010b023f01050069041b00000678,
03330144005204730541025a0000001804eb0000000005ae000000f6041e001104da01c700770144012b05320410011d0177000003bb0000013801470000061b0493008a00000000000001fd00d701f80378063900000123002f02d002580205052901ab0000000005080338007e03ef04e40000029d000000d704fc00df03a2,
01ff002f010002c303ac02d10000006204a40000000d020c0000024b034d001e03240301036a0296001b025e03c800600125000002ab00fd01c402f00000027c0037014e00000000000001f30273000000f6025a0000028d0291035a04270226016d020f02a20000047e032b0109017707250000048d0000003c04630000039e,
04300000000002d60229022a0000012703d8000000000289001a0342030e002f00f9039f041801e9007700ff0307009a0000000002520136022702a1000001620016000000000000000000ce00430000010a023a00000326006004620487017e010703aa01d000000297023e013e010b065100e704000000002d045f0000029d,
02f000000105019a014702150000014703d0000000b1027d0031038a031d01270184048401fc011900db003402580265011d000001c5004e010101f90000000000e40014007700000000016200e4015d000000d60000036501020453048c01d8004d03a002bd000002530225014201e00555000003c60000000002cd015e022e,
04110000022800a1012b02ae0000007504630000010f01da000003be03a900a101e604680300005001f80186020c0416045800000193000000ee024f00000000024600cc000000000000021501fa0000000000d700000319007504f6040d0110006402f001d7003d038c039b01dd023705fa0000049e00000000027d003d0282,
05ae0000016102bf028f01c00000000703fd000000c202160000038f03d70000021a047102530054031e00a203300138024c000002350084026b02b40000009c01a501a6000000000000025501540000000001be000002610112040804a60133011202a8030700000461023701fd014c067a0000048200000000049600cc0323,
02ef000002bb01e40252016300000000035c0000020b029900e4031c0300003d02ce049c00a4022601cd0000034103b80000000002f20000016b01830000015f01b200a9001b00000000022801d901570000010e0000040d003104f004db00bc00e0035c00e4000003e20126023c020f067b00000485000000f504220109034f,
0468014602530273026402120000000b03110000023101fd000002ac0339002a02df03d3028802220145006f02f402b80000000002bf0077015901ab00290283016d0000000000000000015201fb000000bf021c000002bb001404fc038800e50106027102130000040e01ca0213025506ef00000506000000df055900bc0385,
04d401e500cc017d023301d3000000d3033f000000e80213000002e8034f00000252042c022103210065000002fa043c0000000002c10214024701cd000f00ef016b00000000000000000135026b00f00000018e000003af0091047e03f1010e0088048401b8000003af023f010b01510642000003da0000009304ff014802c5,
0375010a01d3011f020503320000006703280000016f01670000025f03c3000001ea03e9038e034700000000027004130000007102c501a001bf031700e900c201f100c200050000000000da007f000000000222000004a600ff054c0370004400d2035002010000048202b8015101af06e200000485000001210405001f03a9,
01cf00ce01f2027002c7015100000000031a0000020f0282000000f4032d01500184036b01ad020a00a300b402f3014600000000012d0033002f01ce0000025e00a2008e000000000000020600f90000000000fb004d022a01250524038701fb000002090068000002fe021b020a02e107840000061600000147055c0000063c,
02b30000020602ef02b002b1000000c00353000001a4008300000359032c00f200c203f2012b024400830003029902ff006f000001d2020a00f502a70000009601e502b1000000000000034b01580000000001dd00000486013304e8051b004e0074029f01830000039b02bf026a00ca070b0000057b0000011302190000033e,
006b00000486044305ba004d00000000052c000001660239000000170321003603c3048f0287017f025b0267047c00940199000003980000029703520000049c0000014700000000000008320000000000af040300d404920005012c04650221055700da01030088048e03a60000031b0525045303e7000003ca01da00e0063d,
018200000603035e050400000000000004400078000004b10000008d038f00fd00000301029102c300000387049a0000037b00000264000002fe02c1000003be000001bc0000000000000a4b00000000039f058200f205700108003202d1044e077a0000007000e601b0042200000427029a01e9000002af03a803c8010c043c,
024e0000030503d60515021902ed003603710000000004ca00d500b2036e0026000001ce01c1020200000625041700110293000002b9000001e401f80000056f017f02b0000000000000049c00000080025307c5001a037d00be0098005101d307b20000000001ae0290047800000448012700c1002a02fd02b10324000002e8,
007f000002b40140046702130000000004ce0000002c029800ac000002840076041805bf0305000003f6052d029300000367000004030000024c026b000004ff0000025400000000000006770000000000000575027201bb0308000001e6033c06950000010f01c8045703e300000304026b0107014a0000014c040700000592,
0339004c00b303ff039a0214000000aa046a0000018903480000025d034a00c903e6042e017e000004a1029a034901e10000000002f80000017d02340000034f035401400000007500000261000000000000036400000279000002f1037e0108029c0241039e00000415028d013f0200054b0000044d0000001e0399022903d1,
02da00b20187023b014b01ff00000000030100a4021001570000030402ec005401f8047300a3018c021d001502cc00b000000000021000f002140146007a015d011e00e8000000000000022a02ea00000000011b0000024500b2045f03640175009f021b026e000001e7031501b8019f05ac0000049f0000009504d9008c0373,
022b003d035f018d01150274000000000347017501dd00fb0000039302e6000001e704bc0208021401a000b8028103d200b8000001a300000209017b000001e700f1005e00000000000000db015c000000000107000003530034056c044a005d00e3021400c90000028902b1019f020d054b002303a30000006d031d01230350,
034e0000018402ab01cf02950000000002e60000017500eb0000044b032d0105008904ae030a01a600f400ce027c000001ab000001a00000027202df0000000000ad01cb0000000000000182013800000000016d000001f300e203fa047301e000e3020801df0000029b033b022e00af04cd0092036f0000000001e9003201e1,
032c00000216032002e50220000000ef032e000000db028b000003e7031f002900c803f102ab02a10073008102ee02f200f90000016b002d01e4027d000000b30157012a00230000000000e101a6005d000001b90000037c00d10497050f0139012b0301018b00000338023001960110056f000003400000000a02cd009f027f,
01950000021e0279025f0219000001a403080000005800c80000035a02490102017a04d000df02f0017e0083026c03ab0000000001370056014201fe000001fc01030119000000000000012f004e0009000002320000049d00dd043a05430052018c02e300f30000037901c90158018c04c3000003780000007b02f901b702f1,
02620000017801de02000264000000d1040600ed008102140000025a037501c203b303e0023f02fc017000c0031500710000000002b10060013a02620000019c00a9007e00280000000001dc001a000000f101c0000002b300b603ff04cd01fa0163017400000000039d019101cb02900623006d0395000000c1054500770350,
0045000001f101f0021202c1000000ea03250010000000470000028b036b012800f9047c038d03aa000000e5030900020109000001380000017304360000005a00000107000000000000005e00b90000000001a2000003ab01db042c060101c2015e016d00ed0049032d01fc0204019805be014e03df0000009f00e50000039e,
013e0000016f019b00da035400000057041d0000000e01110000033603950042029a047f02ea0317000000ca02da015c016400000189009e010d036d0000010a0107005600000000000000f60193000000000120000003520283050106ab022b00b60248009c0023031e021502010223060500000366000000000124000002ee,
00000000014b02c3023201ec00000057046a02a501d0000000000271033201bd0193041d0000023b0137000002f90000008e0000013e00d101d801bc0000006801e1018b00000000000003c701eb0000000001660000024701e6038704eb024600c9019101b00000023003040258012e069400d5051b00000151035900480400,
028300000551003802da033300000000061e013d0156000300bb0000035e00f905f1059e01d1012e035701ae026d02ec03c4000004b400f702d0025f000002f8000000c900450000000007a500000000000003a701b105d9014c01b504620143046f0044035300000327032c0000030a053b03a403940000017604ec00cf0686,
000000000739020e03de01ef042d000003ca002301d502fa0000015303f900cb01c4038900b70336011b0348046802a904f0000003930000027904050099022f01b701c00000000000000a2e0000000001c3046800ea08d502b3018501ed00de066b000002ef02100315054a001303600359000000cf006b037702ed0199039f,
00000000051d036c04a2025f0156000003a80000018302aa000000f00429019b00a3027c020003c0000003f7045a04b6041f00000191000002c702740000017601780124000000000000074500000000020e02d6009d08b001a000c1025b00760513019c008f02d1045c04b80062033c01fa00000000002602cc021a0070034f,
0000000004ef0291036f02110000000003e60000016c034d0000014d030e006f010f0343010d012d02bd040d0466032401dd000001e7000002c601e000000308016501ce000000000000056a000000000000043000e404040143010a0250017a05f1000000ab02ad02f802ef009404040153000000000009031b01ed01d10365,
00000023037d04c4052401b2000000000434000002050463000001f50322011c02e902c80000021b024a035f044b060f020d000001b8000001bc01f800000449045a013b000000000000032e0000031b015c03f40000050d003d022103bb003b04990150000001a40427033502b00313043c000002ee0000035b007f02bc038a,
0264010a02e20242017901230000000003d4000001e40155000002c3028a0019041f053c0030021702690007035102de0021000002b2013a01da0179000002ac018b01cb000000000000034b01b80019000001a8000003d70000048a053c003b016801c001c4000002e6025b02930292065000000434000001c803a100e803d2,
00f3000002be0357024201e4000000610348019f024000e40000030202f80206031c03c0012301e2021d010e0335003e0000000001f7000001af01d50000003200ae006d000000000000033901610000000000b400000225011c03e103c10200012e01330123000001ba030b024701dd05ba00910425000000f0036b00de02df,
019f000000ef0149009f024d00000000036200a601a500a40000027103970000025803f002c7028f00140047034400440046000001e2003202ff02cc00000000000000b00000000000000342010700000000004d00000340007d046704e1023900c7024b010600000201031b020e01460619024a03db000000c103eb00000346,
01d8000000fc0290020501c30000003403ad0000010d02ce000002dc032801cd02170355024d031a01050089039b01f2011800000123000001ee0268000000a00153005a000000000000032d000000a500b8008a000003b9011003a104fa014000e501de0000000002c002880258020505b4003a03a6000000bc0471003802ff,
01360000026001c301e40250000000ed031501fb007b0000000002a802fb01d30108046e014a0219019400d6035e029700cc000000b60068014701b000000036000001630010000000000112001f0000000000c0000003b100800402047900c0014601b601360000022802bc019b022504940043037b000000f402cf00bc0340,
0064000000c601d001da023e000000b5038300a0000001420000019f02bd024c00ea032d02b601d001aa025e02fe00000027000000240000007601a2000001c20000001e010c00000000000000000000006d00dc000001a90000043505690292016d028200000247021101d7013b030003e502f70280000000260219000003f1,
000000000179024a02f903190000000002470000000800df00000084039a02f300000388033c034900bc020803660000009b0000000000000116045500000127007600e4008f00000000004f000000000000009c004d035502c203e104d801c501b5023f0016000002c601f2014b02950409000002e000000108016f0000058e,
013400000121020e020802e30000000f03f9016900030184000001c404720293027e035f032b02d800000278040700000158000000dd0000006d03220000006c01760075011c0000000000000112000000000052001600f302e5042c056f0422014d00e40040004602a502ce026d0333051f000003a4000000000225000004bb,
018c000003030485054801df0000009705a8018101390166000001a703f200000339033e00ff000002c802c0049000000018000002aa0000024500ee000001e6000000620000000000000456024f0000019c02860035000001f501b4047c049b032f0122008000030544030900a4031905d5024a050d00000092000000000553,
01f30000010b017d038704630000012d049e000000000432005800550491000003ec03a903c60196001d039203a5007a0000004d041a00e2019a028a000001ac00cf0000000000000000029b002700000228036e00ef02e0010a020e03ea0240046101f50000012f05570279000003a6043301cb017a0000009400fb000003be,
00000000043f010b02c404d90000000004790000001c028000cc0156046d000001f204400555025400ae037703cb00000335006501a10000023a0410000001aa00be017d0000000000000380000000000000022b00ae04aa05850367048202dd037d009100540354045802c2002402a00495000001990000012200920000045c,
0000000004e7042e04eb03170000000003290099018001fa0000006f03ab02720000037b032201f7006c03fe04ab018400210000011e0000031701fc000002010000018a000000000000033802a7000000060306002d03bf0142000002a602290510000000bb002902e402e20093034c017a005c0073000003490071000003e3,
00000098042204530465029300de00000243014a015f02360000010301d10136000002a10043021e0199042b0509025500000000002b000002ce00690131037b00bc0074003a010f0000000005aa0000008503d2001001ad0000008401c0025a058800ab014800000186037f00ac03c80000006d000000000370000000d90396,
0000003e02ae0515064202b80282005c031c000001350569018f00b40258000000da016b0000020801b304c5047701ef000300980177000001ef0111000005c0042b014c0000000000000179005003b00262070a0000022000d90146011101e7069200d40076011a03d00412007203dd018200000175025b03b70085027b039c,
006f000c01a2043b03b101ab0000000004a90000020004370000023003d4006104a202e2003e035400cd01be048402c0001b0000031400000166020d0000028f058700c600000000000003400000011001d5027c00000319000003eb051b0139026c013d00b30064052a0334031202fa06a10000040f0000026d01f601250414,
02b10000025e01fa01e3026400000000041301c6019a01e1000002e6040e012302dd03d5019e0287000000fc03cb000602850000015200000236024900000000004201ab00e200000000026301fe00000000004100000236018e037104c003fa008f015a00d2000003a3038e02e501d6065c000004160000000003af00000364,
046e000000dd0124016203240072000004070000016901af0000031403f30070038603cf0336017301cb0190039102a80156000002f901190296024100000000021d028100b700000000013e02c700000000013a000002d900fa03190387016200f3024801610000045d033f02d7014805de0000035d00000000039700000221,
02190000020c009201140338000000000390000001bc00f600000277037b016b02700404039302c2004900ef034101e3007800000227006301c502b7000000210144014400000000000002b700fe0000000000ce0000042b013304270413013700d6019301d2000004090314025c023e05dc000003d2000000b303a70000034a,
005f000001eb01b801a4035a00140061031e0103003d00e4000002ef037d020801b80466030b02a3003601e802f00000026800000103000000ec028e00000057005900a400000000000000b0008a00000000009e0000034701ee044504ed030400d2020d0102006f03ae02f90204025404b2000002d600000000008e000002c5,
015d000001f1017701180375014d00f5031201270145027900000336035d0229009f04e10235028c000000c1029c000000ba000000ce005f014a02b40000000000a3014400000000000000d100680000000000d70000032d01100399045f02fe00f10166015700440133036d01ac01ba040900c302e700000000012e002002a5,
00b90000009b01eb01ae039a000001100303000000000000000002e102e102d6016d040c040601c900bb02650258012b011f0000006b004c009203b500000184009401e8005000000000000000db00000000013d0000032301960358049a00f1011a024c003f015d023e02d901dc0168039e00f802fb00000000009600000262,
01f70000000001f1018e05b50000013e0321000000000068000004a50368035c0154046103b1002c032303f900bf000000cf000000c3000000e1057d0000025f0064022b0000000000000000014b0000000001f600000148046c032d030601e00048025200fa01a5037502990139002d039e0000040a00000000018b00000102,
0000000004e8036e04be023a0000010f03b10000024006dc00000241034601d5000204d700e601760347010a03ac00000000000001f00000026a029a0000019e02ca001d00080000000003cc00000000000001d000da003e01190112039f0684032d007c017a00000338021f0000028404bb030204730000019a000003130517,
0000000004610306043d038300150000021f0000027406bb000000dd02cc02bf0000030a00b10195029403fb03df00000000000000000000027301e6000001a201d300c901a000000000009f000000000000027c007b000000a0003f0167047603d60020017b0095020d033d000003c00136000000c3000001750012015003c2,
00030000046d0276041d032b0000000002b201a101a803f4000000e002ba01d3006d049a017c01fd025e02c604790000000000000000000003b701b80000011e00200196030800000000003101b500000000027b00bd000001220000025605960447000000e30000033702a20014029701290078008f000001bd01a000fe04ac,
0000000003d70388042d01af0000000002c501bc01ea042c0000010e025900470000039c020501c500200380051f00260000000001af0000034a0145009f01d5000001e0024b00000000000407b30000000003880070000000720000027e04bc05e600b2016b000001c901d2009a034d007301680000000002ce0000007e03b0,
00000091030b02a003360250002500000266014701840231000000c9020200b0000002be00de0226007e03310506000d0000000000e5007e02b7009800e303560014019b013c001a0000000005e40000000003ea002c00ee000000af0295033905a300b101e7000000f3029500a0035f0001016c0000000003610057004c0305,
000001050440045504ac031201c400000224000001cc0447000d018201a90081000001a200fd0224013b04cc048501ba0000000000d400000241009901d8053a01f1018a01350082000000200302006e00b2063d000001c90039014e007a018f064400ac007c000001e1036d00c403dd0000001a0000000003f1004c00a10279,
000001df010105470601016400000000043c000000eb07a40000015b03bc000004110166015902f9000004b3047e01b501ba00dc01f70000016f0209000006ad04e7011f001c0000000001580000016c02a0063200000175000001e203270271060d00ef0000015905fe03a701ca04790294000000db01bb0360010c01aa033d,
00af003600000482031b03d8001700d403e30000000a055f0000046503e30000025a032f03a2027e000002f8037100000074000000b50000010303210000054a01b500a40000000000000000001d0000032d02b10000025800fb0361049a0370017701f7000001c2035f0396022b018d03b2000002b60000000000a9000001d0,
008b000000000379021803080000009f0296000000000028000004700244025200b30388033f0302000c02c0024f0012015a0000000000000133032b000001de007b0162000000000000000000af0000000002420000028601a203cb0498017b0123026a000000df02ed037102a200b7033f0081025b0000000001a700000121,
00000000000002be01a4032000000061027e0000000000f00000043901e0015e006203bc036603cf000001c50286001e003c0000006000b1014b03730000018a00a6019300d100000000000000ba004000000257000003ca01ac045c050701cb013d02be006301360200030d02b40048034000aa024100000039011c00000177,
00000000015a037b01e503a300d0003a01f8000000d50282000004620264021c000f03a202ed04190000023c02a000000176000000000000012d03da0000016b014500b800ad000000000000000000bc0000018e000003df0203046e04a8022f015a020c000001d30276035702a50109032e000001fb000000000000000001ec,
00eb00000164036501f8034f00c7012502ba005300b701800000044d0244024c0091044a026103020059017d022b01e501310000004b00dd012602b30000014400b2014f00af000000000000007b007c00000220000004040155040b04b3015a0163024800d0000002d103b6027e014503510046025e0000004900950116018a,
0129000001b6044b026b02450000013402750000017d00be000004b601ac034f009503f1002a010c02b8021c018b014a00e60000001900b100d6020300000197006f01da01de00000000000000cb0000000002080000029600d502ff04760187014d0241039e01cc01ad0324027500ca02320000026e000000000189027d0110,
01cb000001b403ca021e0346000000c6033001f10154007e00630538022c024200b303b10000017d02b7024d01cd01b8025800000045000000e5011c0000021900dd026a014d003d000000000190004e000001fd0000024e010303fe045901ed00760169012401d801e70379025c00a40306000002f2000000000279020e015a,
01f100000379034404a8024a0000029e03b40000015f0618000003690264020f0027051e014000f401e10000035e0000000000aa027c000001fd017900390097014d000000d900000000016b00000000015d02cc000000000000015c02da06e102b4017d0309000002b60296000001a80493045204b5000000c900e5034f0374,
0000000003ad024b042c03060000005d0271001e016305e5008d00fb029f02a800000338027c02f5018202ab04410000000000000000000002f402170000009700e400000321000000000000016f000000ab02390091000000c2006f026b06a103e900150074000001b802c6001102eb015202c6007300000279014a01ac03cf,
0000006602ac030e045c01f50000001e022201c2013f0492000000cc021701bd0000032502460286017202bf048d0000000000000018000002f2013a00d901630021008f0318000000000000041500000000028d00970000008b0094022405d1044a012d009f000001e00281004702ae00cb0191002600000238016400c00432,
000000890409039b04c0020200000000028b022701c703c300000107024a00d5000002de0166025400b9033e049e00000000000000110000037200ce00fc024a0000007e021200000000000006fe00000000035d008300000079004b01e90547050e009801980000020802610057032600bb014d005b000002e001b0007c03db,
00a9006c0366039d041e01a200000000023d02c2017c033800000156023701500000023700f801ed00c403da04f00000000000000111000002b600b400810295000000e6016b00000000000006100000000003cc000e0000003300a20188050005cc007301470000010902560098039d007e01df0007000002cf01fa013702d3,
01310001036d03dd03fa01d80005000001db018101e003e0005b014a01cb01c600000217025501dc014a040c050500000000000001af0000021b011201b3031b001b012a0290001c0000000003ec0000001804680000003b00000143014403c305fb00730182000000db028e0125039d00340217000000000350012b017302bc,
013b0107017903e3042b01d701f2000002090000004e053e000000d6019d003b000000e801f6022c0000053a04340000000000000169000001e40138003905f500a101a8018a000001b3000001200000009d08200000012f0000005c004a029e07d80121000000e1021c032a002d0486000000df000001c7039b0109000001dc,
00de00d0000005020591022b00090206045500000000066a00e602b80323000001f8017e004a0234000004a4033601ba023b0000015c0000013500c0000006b504b7015d000000040000000000e7061c03c608dc000000cd012101330176024c065b00870000000004aa040300a3031801f00000013a037f01de02b4015f01c6,
00a1000000a204bb02fe02430000009503760000008102240000047d02a901fd026503a30000015d03d50319028c005501bd00000108002601810223000003a5036b017800000039000000000154015d00c6033f000001b90000034a044900de01d90169023b00dd022903b102e500da0363000002bd00000051025201dc01a7,
000a012300000349019e01f0000000000240000001a4017f0000047601c9019b008b03c10156039600b600d8021e021200000000008d0198026301e20000028501510071000000000000004502140000004902040000036c012a03090402012000f7027801a7000001ae034902d00021031b0000023100000129037e010900d8,
0069000000ae044302770202000000c50236002a011b01eb0000045401fa01ef002f03680117035c0028013602190000000000000000018d019401fc00000143017a017b00ee0000000000000202000000000293000001c500dc037d049c0244015e01f200b0000001490335029b0074030c004501f9000000bd021d00cb011b,
00000000017f041b029101cb000000b9020000a001150137000e0437018501ff000003b800a9033a01b1016d024e018700b4000000000059020c01150000017e013b00d0009e00000000000001c4007a0000022400000261002403f10483019a019501ee0051000001a7038902ba00ad02ff007301fe0000016401c501aa017c,
000000ab016e037c01d902880000000002720068012b026800000464019301a60098035600d202e7024501b4019b0000016a000000000056020b01c1000002d7024301aa02180004000000000120001a000002870000015f004e03f504a402cc013f01cb0029017c0140034002c300ba029f002d01850000008000c3013200e8,
012800000078041c020602670000013503030315013601b20000056901f301a4007c040e00000230016001b501ec0000009b000000980103011f00b40000016800b101e2018400240000000003340000000001b30000007a00a603e904ee046100c701da005a008e010103060254002d02b9019d02270000000001a0020c00f1,
00210000041703c5052c030a011503440376000002360534014e0255038e01b7015903c4000000f1022201320398001c007200b0012300000221011c0005003402b0000000970000000001ec0000009000e6023d00570000000000bb022005fb02f600000174000002cb0438000001fa03c302f60496000000cc00c202b903ee,
0000000003df020c0487029b00000176021802580123057e00fc00ee02350218000002bb000003110201030b03e80000000000000000000002c000fd01720149009a00bf029b000000000000049100000000028e010e0000003f0005013c06dd042800000155000000ed03140000029c0135021c01c9000001f202e6016d0451,
00000000038502eb0455020a00000085025d02580163048a0000019202730000000002e0017f023c005002b20444000000000000008d0000037f010600e602140000007f02db00000000000005ce0000000002d0008c000000000085022f066f04b4006f010d000000a303240000023f00d9021200d8000002540080010003a4,
000000150370028a03f302470000000002a701b2017d03f7000001ac027c000000000308013a0355000002e004e5000000000000005800000347013700ca02910000013b02a300000000000006570000000002e700900000008200ae02b405f904d2003c01740000018c02bd007a028c00d000cb00b80000024c012a001003b8,
0000000002da029a03ba018300000000033703240114023000000194024201e8008c0301016902190019032c055a00000000000000cf0000027500a8000001db00000112033400000000000004690000000002ab0040000000b30050036405df050e001200e4000001c401ec01a10316011e026e00dc00000262018100cc02fd,
0138000002f00347043f011b0000000002fc0250015d03fc000000e801fe020c001e033e01ee00bb0193032c05000000000000000127000002b800a60000025b000001d80407000000000000059c00000000035b00630000001b0000029105cc058500ec014b000001e6025301380358007002ce006a000002eb013c014e031e,
0161009502fa0458049301b30000008f023b0135011a0338002000ad019c013c00000192008b011a0201040c047d00920000000000c7005d025300690000040a005c018402df01a60000000005780000000005170000000000000039015703480658012601a40000001e02f40000039800000248000000000334018e018502ee,
007e0288020d041b04ec02b2021100b402cc0000000004ff009300ca017a0057000900d70000024001cd04ed0381006500eb00000071000001bb0099001c067b032101a2014601b500000000015f0324018a08ba000001090085010b000401e2074e01440001000002d603d70000047d0000000000000281030802aa01c30274,
000000ac012e045804440295000001b9043400000000052a000003e103270000031c02ee0000020601ac03a6029602d401e0000000fa0000018301cd0000059805d901130000000000000000000003a600a8065a000001900000024f031f00d6042201460000012b047802be01370233034e000001b000760100019f02940173,
0013007801fd0458023203450000009c02fb0000013e04350000058d01d30214017c03b200cd02a4017401f101480000014d000000000000014001fd0000043401f70071007b000000000000013200e50067027a000001690000040b0464035e00a501b200a8000001a3036d01f600e60354002d027000000000028f010800fe,
00000000017b039c0227020a0000004d026600ae00a80140000004d001b600fc00000347005d03970000019f01a6002402330000000000aa01d3017f0000016d017e0192011400000000000002270000000002b10000023a0032045d04b80202012b029f003d004901b903bb0295005902de000001640000009001bb00740100,
00000000007b041d02d8022f000000e4021e000000b80210000003f501ca01240000033400ba034600fb018b02540000020d0000000000ba024901f50000015102160140008d0000000000000132003c0000024f00000142005203b504ce027c01a202030192000001ff03fc020a0070029e000001960000008f012f01a00180,
0162001b0222033101cb024300000039030b0141010001940000045001c101b100c4039400b002d70264019f02560000017600000072000001d401230000027d01300130018400000000000000b4000000540295000001b400a4041c051802db01c5012201220018020402af024e0166032d004e01940000005a02e50253016d,
00000000006a037601b8026d000001210300018400b50150000004e20143005c0096043b0000028c01ec012d016300000000000000ce014001ce00c400000290018e016200e0005d000000000254005b000002df000001440000048c057702c00149025501090075010902bc0198000002f80183026c0000000001aa02050154,
00e10000015503b003b303a70000029b03b4000001f8057a01170342037301f701ac03870033025a0000024a0302000001640000016400000133009f000001d004ff004e003a000000000000017b034001de02480000000a000001b704b8038b021b0000000001be026a03600139019a036f0017035200000000000000d40254,
00000000021d02b4050502dc000001e60266000001c607b8008101f803970154000003cd011403950000027604e30000000000000152000001f20247000e008402880145024000000000000004a400860000021300420000005000af036b064503c6000001020000026b01ae00ff01e1024e0000028200000172000000870360,
00000000035f0336046202da00000000023a017f02f6045e000001e902c200e70000037c01ed0183014b02a604d200000000005c019f000002b4016b0110013f000001080334000000000000049600000000015e00630000008300df01cd056f0361001802f5000001a5029700c401d7011701030208000001a0013e00c403d0,
00000000041c031d046602560000002802930264020c046700000191026c01a4000002e401f60333004502c604e000000000000000000000029e00d200c10199006200ef02f900000000000004f70000000001ab0067000000a700dc02a906aa03c4000000870000013502db00f4026c016301f300f70000024600c0007b03e7,
0000000003ea03ae04e9019900000073034803420170023901ae00910232021c00960316006601c7017702b704a200000175000000000000031700000000013c000000e103fb004a0000009904c8000000000286004c000000000000032305e8044400670000000000f703c30082029400f604490105000002e6013b0108041b,
0000000002c9046b0525014c0000009b028302bb01830361000000bd01ee01c90084025500000227016f031e048f0000000000000070000002af00870035023e0004015902b2003500000031055e0000000003d20024000000000000021c04f5058a0000014c0000010003dd007d030a0059030800c8000003b801e301d10367,
000000430278043004cd02170046000001fa016201a8029a0000008701ac01380000023c0115021300db033604cc00000000000000cf003b02b200b8014203d20033011f0281000600a500000526000000000452000000ae00000061019e02d705b100fe0211000001180340005002f1000001bf007e000003b500d9008d0349,
000001e7028f03f20493033301e6007f0206000000710401001300fd017e011b00000123000002f5011d045d03f600c4000000000061002b023c011a0108056101e4016d019c00380000000002c400e100ac071a00000184006f00df00a301db06c000d801880000024a036400000400000000000000012a03a701d801670240,
0000016d00ef046b052a01ec0000018004050000000007a0000001c20222000001ec01710000016c012904b303a700ae00a3000000f5000000dc00f6000007650688013500cf008f0000000000000418000009230000002b0000012501df0279073900f30000018203c5028d002a0450016f000000cc0305026700ad02b9022d,
006900000101058603eb0325000001df03b30000009204e0000004d202df00c902e803bc010102af00b6029c021f025a0135000000a10007016c02500000047e0474009b0037000000000000006700d5010703d0000001dd000002f804df027b01ff01d701350085039e03b601e900fa034b0000024d000000000099024b01ae,
008200000300045f0274025c0000000402cc009f00ae016800000538020a013c013e04a60188035300ab016601ea00d602fa0000000000f401f6027500000203013501fa026800000000000001800000000002940000030301ce03ea058302030184019800d3005e01ed039a02a3007002e30000019900000000017100cc01b2,
006b000002ec0423030602a2000000ed029e00a100d8020f00000478022a021501030422013b0304015401db01dc0000034600000000000001f9020c000002c10141018a007600000000000000c80000000002c80000015500b0035c04d7030901d700c200b40000021d03ff01ff010d02f40000021b00000000021c012901ab,
0000000002ed041d0260029d0000003f02c8010600a0025f0000048301a801a101260424007b02f400e801c901d6000002f7000000000000015b01750000031100b00141018400000000000000b20000000002de0000020c0130044e0552032501b2014300b4000d022303a70257019e02f1000001d00000000001ef00ba01d8,
00280000006e0436020502f4000000b202c100d100830156000004e40198011b00c5042d00980389009b017e01bb000002ae00000000014b01cd020e00000305017e00c700ef000000000000015200c70000025e0000027d00f4042705f102d900f001e60161005a01ac0465022b004202bb011102380000000000ac01e1013f,
0000000000ff03a7021f0168000001790338000001200151000004e301bf01e900810356000001aa02fc01440184000002ba0000009301cd00a001b50000003a02a1028200c3001400000181011c0000000001e100000247000004810617018b00db023e01e902a901a70336028b003203f3015802d000000026015e02700104,
00000000015e048004140376000002320392000001cb05d500000459034d016902720477000002df007602150362006300620000017800000000020e000001940351018700000000000000d5010d024400000158000001a000fe035b04e90392016600640000017702e002d101fe0173039e0000037700000000000001af02f9,
0000000002fc03de0486037700c200000218000002de05fe00000239035c00ef002a033501ca01bb000002a5050c00000000000e01e50000020901f4000002bb022401e700870000000000f8027c01280000014d000000c0000000cf017b03e902840000003700a50000039a00ef014b01df00ee01c600000227004800000314,
0000000002d1026303c1038a0069000002df000002fb05a50000021303eb0000005f03b90294030c000001ea058f01710000000001b10000039f022f014000f10182014e0189000000000000070d018500000182003c00cb012500e902cd04d503770000008c000000d00306018401670204006f01aa00000230000000000370,
00000000034c02b2048402850000003402a9002401fd03d3011d007902b40077000002c70076020401830297045f000000000000002f000003e300f7012500e201d0015301f6000000000000062a0000000002b7009b000000000021023c03990444005301d90000013e0335001e02040142000001900000036d00ce000003f6,
0000000003120370053a02c30000006601ed037d01c4029600f700ab01fb01e300000271009d023d03160358045d00000000000000900000035100ac017101f000a500cd02720085000000000508000000000350004b000000c3004100c703eb04a3008501c50000021103120000026600c400ab0172000002ec02ce00b9037f,
003e018101a6034504d302a40000000001df018700f5024100000061019f02280000022801a60219034a03c9046500e10000000001260079031b0153008e03cd00780176020a00f10000000003de000000000488000000ed0073001100cf01e20557019c018b0000025f025a001c0294006600f800890000038b037b00a702ff,
000001db02a70322045b02cb0001000001d700b700b00282000000c301ca0170000001ad00ac035f00ee03a40480008500000000000000000345016d0182048f00e2018901eb00000000000002310000002b0563000001fa00a10056011f01f805ed00d800f10000022f035c007602e60000000000000000042702d1003802a3,
0133014c02c2047904c90211021b0076027c00000000046f000500da016c0098000000a10071018001bf05a70390002300fe000000a20000016700970000063a02a801a600a201a300df0000020800f8011808c90000002e00000146005e019b07b000c100b20000029503970000051000000000000002d9032e018d017f0217,
019100000287046604ad02bb0000011803ff0000000003d0000002c102fa002b025c02e0012002470000047b03d0065c010c0000023f000001da02060000057502e001eb0000000000000000025d00a8025306b10000044e00430046030c00000669016e00c1000005d302ea00e8037901800000001903c201b400990191017e,
033a000003bf04c5041301a9000000bb03ee0000008a0297004e043402e000000379057a0170009800b7022503320627000000df038200220270019a0000037b0174018a00230000000001ec021a00000000046e000003c900e500e9037a008a044301fc0084007f03b9021d0123019702b70000015e010e0095019e01d301c1,
02ad00000362041404d502df000000d303c00000007c0478000003300325000002c3045002460191000002ce035d0000005a0000018d0000038c02080000051e0000003d014e0000000000010273000002ce0527000000000066000003cf0589050d00580000000005440295002c0252025b02b7018e022900590178012901e8,
00000000030c04ff060501db00000106035a0000005b08a2000003c60297000002b9053a03ac038b00000221030c000000bd0000000d000002b30313000004ad016a019003ce00000000000001d600000000046f000000000263004c055707fe048300470000000006a00238013601d002ba00000158000000610000012a02ba,
0000000002cd04d102fa03ef000000a7032e007300b202070000054202c80120020c052d01c6026501c502c30266007902b000000088000001f402d5000002670190012f0000000000000000014900000000029f000002340293037f0560028301ff00d50127000b0432039b026c018003620000025d000000000000010f01b3,
00000000016d03bb026001ce000000ca031c002300da00b1000004db00f60217000502b9000001cb024501d600d30000018700000000001501070122000003c401120102006d00000000000000f500000000027a000002470000040605720192009b03110167035901e802f602500065035400d2030200000000012f00df00a0,
00000000018104380328035c0000013303b0001c015a01b2000004b0025c007b000003f90000027f0155018801d601c3000000000081003f01120276000002550211022300000000000000df01320000000002c8000002ee021d04e104b200e100a80292031700ac01f3029901db004a041e000003f30000000001b90240029d,
0223000003d8039e0437042c010e00040303000002a8039900840204039a003a013003b80000000001a903b4043200e400840000028c0000022001ac0000020e018e028c000000000000020d02b8000000000241000000920000012d014203b6027b012404370000007b0335000001690241000001f70000000001c001480375,
01aa003503c403c20403053d01a400000268000002da04030000028203fe004e010203d8015d016d014a02b0054603210000000002020000028a02a401320165024300a900000000000002d00576010a00da00ba0000010802ae02ac012602ae01a8000002cb000001ee03d90105022502c2000002310000014102a7010e03bb,
001d0000036f02d004e203c90000003c024b000002c6055701ff01f202cd0000006803b401f4028e01270240047e0000000000170200000003a901b101690085024c00c20325000000000000036b0000000001f4000000000000018d01e30552032c005101ea000002a202930096016f023a01070258000001e50052017703bf,
0000000003d2024b053403110000000002d7000000cc0469018c01a7014e00a10044042c04e1030c0126023c0473000000d5000000000000035102d600e302ae000000ce04f9000000000000019a00000000031c0094000001960015027605d3041a000d00a9000002c2030900000188010e038e017100000256004200000415,
00000054022e03c0050e02db0000000002b300000000031e000000ec022a027e002f02db064701e001bf03e104b10000002a000000a100000237047100000435000000c20214000000000000022e0000016a03fc001c01320245000001e2035f0545007000f600000254034600b702ff00a002bb0092001a038c01040024035a,
003e000001a903a804c7021a00000013027e0000002d02b40000011802c201e30000020704b302e000b0034e04aa0232004600000065000002fa03330000033500b6012801ec000000000000014b0000018104e0000002f80164005a01b7014705e100e2007f0000020802f501030288003c0060000000280410035e00fd02a8,
00c3003302f4041304bd032700ef006401f0000000cb0382000000f9026b01d30000014b029a034801140417047500f0000000000093000002e1029b0128042c01a2013201d90000003b000001e100000196066a000001ff017a00a600f0018006e6009901060000029602ea004b038600070000000000f00378020a01190271,
014d012c029003f00433027c0000000002810000009302ae0000011c022e01e7000001e2017f0279017e047e0446034e0000000000da0000023101970000058900f4019e008700000000008a0276000003100642000002ad00fa00200148008006f6003101630000022402dd002b044400000000000001fe0370036d01e101fd,
0153000001670352049001a7000000870321000000c2023b000000e102ae009300dd02bd034901ea001403cc043f03b50000006902870000030900ec000002730099014a00f40000000000ad032100080040051d0057022900000000015d00d40602015f00000041041a02c3006a0328007d0000000001f2031101c300630238,
00c7000c028302e9036603750186000002620000007a0312001e0126029e0171000001780265025e0056051d03d900c00135000000e10000028701da000002e9010900b8006a00000000002701430000016b059d000000e4000b00d000f602830621000000000000022203e9007c0418002d01bd000001c7028d016d006c01ee,
00000000043103c005d4031b00c300bb022b000000ce0684019100540286017b000002b902c4027701f103f203ca000001820000001c00000346031d0000032901e700c701760000000000dd000000af000005bc004a012e01230000019d0356065e00220000015b03bd0344000003aa00c300bf005c01cd036c00000080037b,
0000000004a004bd04d3045a0000016303cc000001500571000003bc0394021e0131060b0234025403ee023903590093028000000031000002dd03c3000002d8037600ff002d0000000000f6000000000000031b000002c4030300c5052802a203660000010d00d5058302f601440233033e000002f40000009d000002940328,
015b00000094031f022f00e70000000002f3000000dc0119000004de0290010e0000029e00b80203011700f8026500730205000000ce015901bc01d20000000002990253000000000000022901dd000000000173000002bf000004ba05750135003402e901e3012001e402e902d8000004f8004b02ce00000023033100c000eb,
00960000010e037f028502d400000000045600fa010a014400000433039d013000e103330002029e019b0208037d02550069000001110000014a0304000001b3020b0091000000000000027301e4000000b001710000030e0382044e0551015d008701fd031b00a9028001a6030a012e054c0000034b000000000380018b024c,
01fc000001d3024202b704ba005a006004550000015d02940000018904c2012202ab032e0039000000000441032100b202ec000001150000020401bb0000027601cb0181000000000000005e03dd0000004701f2004e002c000000bb022403fb01e900cb046d00000161043e0000029002e3002e027000000000030a0000034d,
0000000005c102f90403044d01ea0000032800ef02b700e2000001bc0397019c01e603fe0000012c008c02f4049205350000000000ee0000026a013f00a6013600b800c7000000000000025505a2000000000043004c019801bc013a01c0018001ef000003cf000001a904490088031a032a000003f00000011101a800510445,
001d000004d202d8046f030600000000032200000394075b00690265031a010f020f03e3005401da011001cd04d50000000000000133000002aa0108018701fa014c002e03300000000000000543000000000000003b0000000001af02fb075101ac000001540000012c0327018a01eb03f8016404f4000000cd00ff00000485,
0000000005b6034e056f0287000000000314009902fe054e0000013a023401470091040a01000103020102b304b400000000000000c800000330007700f001f00000016e028000000000016505a400000000010500ab000000000000020706440363000001560000012f03af001b0281024b02f503660000026601180000049f,
0000000004560444055b023f01130000026b011a028f02450000019f033c00da005f030a007f0329000002e205220099002a00000105000002f80239009401c600000217000000000000028004a20000000002680000014900a500b3021e031c0453000001f50000016a04aa01070215017d017c02080000038801e7009603dd,
00000000043a033f053d027e00000053029a000001d0037300480130029200910000029d018a02f600cd0315052103c40000000000850000036401eb019501cf0111010d01e00000000000000559000000000348004a02240033007601b0018d050100db01950000020603130033021e00cc0000010a0000038501c1007703fa,
012b0054036103f104c203c70160008c022f00070130036a000000e402750215000001fc020f022d01740428044402e10000000000bf000002bf020a00b1037b010a01110145000000b50000042c006000490470000001b7018d005600a6017b0555009101a4000001cf036400000343008600000097000002a3021f003e0318,
01c90000041d03df052b027a000000de0369010e0190035a0000005a02aa0142001302810180015f016403aa047001610000000001cd00000307017d000002a8003d027403790000000000a5045c000000310457005e00af00400000023503a00631003a02c1000001cf02e90000035400550182008f009402b801c90196041e,
012e000003c8037c054201750000006002a40000028d04af006100ac032a01230000029c01df0209003f033a04db016b00000000022d0000034801d7002d00c900b5018802e800000000006505f1000000000383005f002400530000020603a8059a009002430000019f01a60011026a01160086010d0000029d025f011a03dd,
00000000054c027b04d8028f0000006a0290000001ef032f00ab009902f00073000001fa000003fc0033038a047e05760000000000c7000003360201013d01b10272015a01ea000000000000059100000000042b007f021a007500da023b00fe061a006801420000019201dc000002e201030000008e000003de017d00ef03ac,
00000000046c02e1048502bb01bd005a01d50000014b03bb00000059028d012000000146016d02fc008e03ec03a3005400f60000002a0000030a026a0173037301240147005e0000006f011700230000000505b800000217009200f100bb0188067b003a00b400cd013c0388000003aa00d3001c0074010503d80146006e02c2,
0000000006d803d305c7040f0000011103db000002500484015a0186038902680000037c006401e703e002f404390683032f00000006000003ac0319000001ca0351009900bc0000000003790000013b009d02be000c059101bc0000033c00000446009000fe033703bd0365003102a40309000002f9005f02d60000021303fb,
009b00000000043e02a8014700000181032a0000000000b00000042c01a200900049036a011d022d00a400f9019f00930284000000000285018c01740000031201ca010f000000000000000000cd000000000311000002340000040a0631010b013a036c01300000022503e40191003b03ea0104029d0000004b01ef00f1016f,
00b5001701ed042d02f002310000008e03af00080000019c0000040d02b901bd026b0380029703b0004a01ec02b90000049500000000000001d902bc0000035e010d00ad000000000000012300a9000000fd02170000021a0141032c060602a0018a01a30000000004000389025501b80407000001b800000000029e002601b3,
015b0000034f03f00347035900000015044f000000d0016c000003a102ab00b1047f041e02e602ba00000335032c0067033b000000820000011f014800000492002d00d9017e0000000000000243000000b40204000001a0011c02f5061d0388022b0114009c00e60414039801fd02c203800000027100000000001100000294,
01cd00000433040402ea0271000000b203be003b01d800000000040802be014b028c049f00c90294000a01a802d302610145000000fe0000017d0226000001550000023701a50000000001ae01cb000000000178000003cd016f03b5068f0154014a0197016202e6034d02b102bd012c05380000042700000000010e000002d5,
013b000002ad03b9025c02c700000011040e0000021c04940000042d02ee010e02b803fb00b60317000001c402d300000281000000870000011401a10000033001b5012d02500000000000f500f700000056013e0000025a008903b406c0037200b80084000003da02f002ec02d9019404d700000384000000000149000002ba,
0043000003b9039104930336006000a403c300000193044b000001a103f801c103b6040e05610330000002bf0425000001bc00000185000002080343000003e401080007005800000000002f02b5000002d701a40000008900bc009104ba04ea02d20000019a00000381045b00d202940485011e039f0000005a0000000003d4,
00fe000003e6034f041204180000009f046601ed00550369000002dd04dc00bf016403fb0252020e000002cd04d6014703cf00000042000002340342000001530000010d01e60000000000c003650000000000da000001400341018e03ff04570234000001340000016403cc006501cb0342008202bf000000000264000003b9,
00000000074b02a104ac032f00000059036600bc01de037c000000e4038700e500750419015502210000030b045402ea0263000000000000039c0190007a01a9005a007a005f0000000000ac07240000003a01bc00d300790000000002f303dd040e000001fb0000011a04720000030b021601e401d900000251007100000455,
000000000437026704f1026800000093035e0018008f0131000000000383017600330353040a03930000030304ab0594000f0000006d000003a0031d0000017600dd0150002900000000007f04fc0000007003ae00e602d601900000038700b505f5001e01b3000002ca0301000e036901b7000000a2013d039600480000040e,
0000000004360297057502e000ad0144035d0053011601130000009d02e6007900d303cd047c02a5000002ec04780249010b00000107000002f102c60000016b00000215012200000000004602bf0000000004140047025f02060000034e01dc053800a4014b01a1030b03900000022e0244003c01f5000002af0000000003d1,
00f80000046e03590571039300000186039900000098025d00000159041700dc012603f0045502f9000002b604dd025d00f2000001540000029b03dd00000181010201cd013b00000000003702150000000002a0000001fa024f00f303ff019703f0000000eb002e02be026e0002022c0372003a02cc000001510106000004d3,
007d0000044a02d004e002590000016e03aa001900d3028d00000228038a003e0286046a02ec032f0000025d046103b2000000000177000001ed02bc000002bb00bb01a9016100000000000003ee0000000002a80000015300eb0190049b019d03b3000000000000026901a800a80212039c000003000000015f01be000003ef,
000d000003dd0323048c02e6000000b003a700090058024a000002850408004a014e043d03b001dc0000032503cc00ca0262000000ed000002ff03d00000034d001802e6012800000000000002bc0000000003ef000001ed01cf0033044e018204cc00000160011702bf02ab00d7020c02b2000002c7000001660000000002b5,
0000000002c50316047b03d10000011604de00000076029c00000300042b00000157041d039702270000033303f104bb0136000001600000035a03ff000003400133028b000000000000010301eb00000000044d0000038e043200140409000704d40039000001bf02cd02cb0096017502ca000002d800d8011e0000000002d0,
018d00000000043a0263023f000002750398000000000000000005ac02bf01970000036e004a0227006f0286010401b604b5000000000222018602610000017401d601ae000000000000000000e300000000039b0000020600bd0368073100e501e90202023a0157032504270224000003430000028400000000011b0192005d,
012d000001bc049e029001850000019203af0012000002c7000005c30200015701060488014302f8001001fa021d00000519000000000011010d021b000001e6002a01b8018100000000000000000000000002870000013f00b604050704049301c50083002c00ac01860415026b00ad035c013e025b0000000001d8017b01e1,
00fc0000000003e501e4017a00000115036700000000021b0000058e01b603040113039d012a03ca0072025601b1000004f0000000000053007f02610000040d00be012e00cf00000000000000000000011f02d30000032a01180444077402fb017201a10000021601b50399033900ec0352000d02260000000003a201ae007f,
02020000020503d901a401870000003403dc00190060031a0000060a01d401f902250484006a02b802ac01e701a10135041700000000004a0194015d0000030c017501cf01e100000000003e00000000000002300000025c00c503f006dd02c2015d00ce000001b00295033d02ea010203a5000001c7000000000367024500da,
024100000126046a018b01990000001203690000000001990000060601a2007501a203c1008502b601d0024802140000024d000000bf016b00ef019b000003db0083015f00a400000000000000bc00000037026a00000220009c0519071302de013c01f3011b0170011102ab02050074035a00cb01a400000000033201760139,
01010000001402e400c8035e0000010f03cb0000000000640000050d02f300f8025403b900880310000002a001d4010202ac00000000004801e102e3000002f802030081000000000000002401ab000001e802a0000002710183031506b7013d01a501ad018400000261035d016d0112037300000207000000000276005e0058,
01090000010b03bf01bc03140000012b040f0000001802c00000049203150187038904e7013602d4000002360272000003f1000000000000014e028f000002ff015c010d00b000000000000000240000009101f9000001fc01c702820729032e01dd00370017016b027d03fd0228018d03350000025f0000000000f800d901fe,
01cd0000015d030901ff03c70000009403ba0000003e023e0000048503f800770260052901f402570000031502e200b40141000000a80000021203320000037800a600ba00000000000000000461000000000270000000f201a101a2068902a8023b003501e5002f037402f701d501ae035d0000031f000000000000000001b8,
032a000000a0030702c502f4000001fb047f000000000138000004d2040a00000205051f019c02780000026a0293033902d30000010b0000025702f20000012e009c01d4000000000000008501580000000002d10000023301ad02890607018f025601a9000100a003f1035a015100a1041c0000033c00000000021f000001e5,
02720000017b044302c4021d0000028703d100000000000000000512028a01af023304970026025f01000331027502eb032c000000000000010b01ee00000275000000d3000000000000000000490000007802d4000002c10151035907cb018a021b01c600ff0229033d033f0234010c043100000385000000000151011c01ae,
01d60000019303f001e802a3000001b8037900000000000d0000055e029200fb0203051100a101a300f6027f020f02680195000000ab0006016402720000020400150179000000000000005f025a0000000001fe0000027201b3036906c6016d0192021300fc017f029402aa01c300b103c4000002d60000000000710089014e,
01280000018303ef015801cc0000011a03df0000000000a10000055d0205011402a504b3006301e4020702010200012e036500000000017401880223000001c8003901eb017800000000008c000000000000029c000002b101d403650799023202020174014a02da02150359028800ac037e0000023d0000000001cd016b016f,
01810000000002e2011802d400000118032f000000000166000005bd0207019c023204bc0124012c0289028300cc000002a40000004300b101c00304000001b20089019d00fa000000000000000a0000000002f2000001600205034d0578022a019301b40176027b023b02ff020a0000034d000002bc0000000002ac0110003d,
01ac00000000033c012103b30000010b03ef0000000c01fc00000656028a00ee029f057b0000013801e202a3011b018f03050000003500bc010002ac000002bb01aa01ac00000000000000400205009300000286000001a803510355066101b000da011301c001c60270033c01cf003a0338000003010000000001b301520051;
