Copyright 1986-2020 Xilinx, Inc. All Rights Reserved.
--------------------------------------------------------------------------------------------------------------------------------------------------------------------------------------
| Tool Version      : Vivado v.2020.2 (win64) Build 3064766 Wed Nov 18 09:12:45 MST 2020
| Date              : Mon Aug 24 12:42:12 2026
| Host              : DESKTOP-DLOB77A running 64-bit major release  (build 9200)
| Command           : report_timing_summary -delay_type min_max -max_paths 10 -file C:/Users/user/Documents/JH/project_mobilenetV2/power_compare/results/mac_accum/timing_summary.rpt
| Design            : pw_mac_accum_core
| Device            : xczu3eg-sbva484
| Speed File        : -1  PRODUCTION 1.29 08-03-2020
| Temperature Grade : E
--------------------------------------------------------------------------------------------------------------------------------------------------------------------------------------

Timing Summary Report

------------------------------------------------------------------------------------------------
| Timer Settings
| --------------
------------------------------------------------------------------------------------------------

  Enable Multi Corner Analysis               :  Yes
  Enable Pessimism Removal                   :  Yes
  Pessimism Removal Resolution               :  Nearest Common Node
  Enable Input Delay Default Clock           :  No
  Enable Preset / Clear Arcs                 :  No
  Disable Flight Delays                      :  No
  Ignore I/O Paths                           :  No
  Timing Early Launch at Borrowing Latches   :  No
  Borrow Time for Max Delay Exceptions       :  Yes
  Merge Timing Exceptions                    :  Yes

  Corner  Analyze    Analyze    
  Name    Max Paths  Min Paths  
  ------  ---------  ---------  
  Slow    Yes        Yes        
  Fast    Yes        Yes        



check_timing report

Table of Contents
-----------------
1. checking no_clock (0)
2. checking constant_clock (0)
3. checking pulse_width_clock (0)
4. checking unconstrained_internal_endpoints (0)
5. checking no_input_delay (2080)
6. checking no_output_delay (18)
7. checking multiple_clock (0)
8. checking generated_clocks (0)
9. checking loops (0)
10. checking partial_input_delay (0)
11. checking partial_output_delay (0)
12. checking latch_loops (0)

1. checking no_clock (0)
------------------------
 There are 0 register/latch pins with no clock.


2. checking constant_clock (0)
------------------------------
 There are 0 register/latch pins with constant_clock.


3. checking pulse_width_clock (0)
---------------------------------
 There are 0 register/latch pins which need pulse_width check


4. checking unconstrained_internal_endpoints (0)
------------------------------------------------
 There are 0 pins that are not constrained for maximum delay.

 There are 0 pins that are not constrained for maximum delay due to constant clock.


5. checking no_input_delay (2080)
---------------------------------
 There are 2080 input ports with no input delay specified. (HIGH)

 There are 0 input ports with no input delay but user has a false path constraint.


6. checking no_output_delay (18)
--------------------------------
 There are 18 ports with no output delay specified. (HIGH)

 There are 0 ports with no output delay but user has a false path constraint

 There are 0 ports with no output delay but with a timing clock defined on it or propagating through it


7. checking multiple_clock (0)
------------------------------
 There are 0 register/latch pins with multiple clocks.


8. checking generated_clocks (0)
--------------------------------
 There are 0 generated clocks that are not connected to a clock source.


9. checking loops (0)
---------------------
 There are 0 combinational loops in the design.


10. checking partial_input_delay (0)
------------------------------------
 There are 0 input ports with partial input delay specified.


11. checking partial_output_delay (0)
-------------------------------------
 There are 0 ports with partial output delay specified.


12. checking latch_loops (0)
----------------------------
 There are 0 combinational latch loops in the design through latch input



------------------------------------------------------------------------------------------------
| Design Timing Summary
| ---------------------
------------------------------------------------------------------------------------------------

    WNS(ns)      TNS(ns)  TNS Failing Endpoints  TNS Total Endpoints      WHS(ns)      THS(ns)  THS Failing Endpoints  THS Total Endpoints     WPWS(ns)     TPWS(ns)  TPWS Failing Endpoints  TPWS Total Endpoints  
    -------      -------  ---------------------  -------------------      -------      -------  ---------------------  -------------------     --------     --------  ----------------------  --------------------  
     -3.122     -117.267                     44                   62        0.091        0.000                      0                   62        0.975        0.000                       0                  1841  


Timing constraints are not met.


------------------------------------------------------------------------------------------------
| Clock Summary
| -------------
------------------------------------------------------------------------------------------------

Clock  Waveform(ns)         Period(ns)      Frequency(MHz)
-----  ------------         ----------      --------------
clk    {0.000 1.250}        2.500           400.000         


------------------------------------------------------------------------------------------------
| Intra Clock Table
| -----------------
------------------------------------------------------------------------------------------------

Clock             WNS(ns)      TNS(ns)  TNS Failing Endpoints  TNS Total Endpoints      WHS(ns)      THS(ns)  THS Failing Endpoints  THS Total Endpoints     WPWS(ns)     TPWS(ns)  TPWS Failing Endpoints  TPWS Total Endpoints  
-----             -------      -------  ---------------------  -------------------      -------      -------  ---------------------  -------------------     --------     --------  ----------------------  --------------------  
clk                -3.122     -117.267                     44                   62        0.091        0.000                      0                   62        0.975        0.000                       0                  1841  


------------------------------------------------------------------------------------------------
| Inter Clock Table
| -----------------
------------------------------------------------------------------------------------------------

From Clock    To Clock          WNS(ns)      TNS(ns)  TNS Failing Endpoints  TNS Total Endpoints      WHS(ns)      THS(ns)  THS Failing Endpoints  THS Total Endpoints  
----------    --------          -------      -------  ---------------------  -------------------      -------      -------  ---------------------  -------------------  


------------------------------------------------------------------------------------------------
| Other Path Groups Table
| -----------------------
------------------------------------------------------------------------------------------------

Path Group    From Clock    To Clock          WNS(ns)      TNS(ns)  TNS Failing Endpoints  TNS Total Endpoints      WHS(ns)      THS(ns)  THS Failing Endpoints  THS Total Endpoints  
----------    ----------    --------          -------      -------  ---------------------  -------------------      -------      -------  ---------------------  -------------------  


------------------------------------------------------------------------------------------------
| Timing Details
| --------------
------------------------------------------------------------------------------------------------


---------------------------------------------------------------------------------------------------
From Clock:  clk
  To Clock:  clk

Setup :           44  Failing Endpoints,  Worst Slack       -3.122ns,  Total Violation     -117.267ns
Hold  :            0  Failing Endpoints,  Worst Slack        0.091ns,  Total Violation        0.000ns
PW    :            0  Failing Endpoints,  Worst Slack        0.975ns,  Total Violation        0.000ns
---------------------------------------------------------------------------------------------------


Max Delay Paths
--------------------------------------------------------------------------------------
Slack (VIOLATED) :        -3.122ns  (required time - arrival time)
  Source:                 accumulator[27]_i_1449_psdsp_1/C
                            (rising edge-triggered cell FDRE clocked by clk  {rise@0.000ns fall@1.250ns period=2.500ns})
  Destination:            pointwise_after_depth_out_reg[15]/D
                            (rising edge-triggered cell FDRE clocked by clk  {rise@0.000ns fall@1.250ns period=2.500ns})
  Path Group:             clk
  Path Type:              Setup (Max at Slow Process Corner)
  Requirement:            2.500ns  (clk rise@2.500ns - clk rise@0.000ns)
  Data Path Delay:        5.602ns  (logic 2.765ns (49.357%)  route 2.837ns (50.643%))
  Logic Levels:           17  (CARRY8=8 LUT2=1 LUT3=4 LUT4=4)
  Clock Path Skew:        -0.012ns (DCD - SCD + CPR)
    Destination Clock Delay (DCD):    0.024ns = ( 2.524 - 2.500 ) 
    Source Clock Delay      (SCD):    0.036ns
    Clock Pessimism Removal (CPR):    0.000ns
  Clock Uncertainty:      0.035ns  ((TSJ^2 + TIJ^2)^1/2 + DJ) / 2 + PE
    Total System Jitter     (TSJ):    0.071ns
    Total Input Jitter      (TIJ):    0.000ns
    Discrete Jitter          (DJ):    0.000ns
    Phase Error              (PE):    0.000ns

    Location             Delay type                Incr(ns)  Path(ns)    Netlist Resource(s)
  -------------------------------------------------------------------    -------------------
                         (clock clk rise edge)        0.000     0.000 r  
                                                      0.000     0.000 r  clk (IN)
                         net (fo=2224, unset)         0.036     0.036    clk
    SLICE_X35Y11         FDRE                                         r  accumulator[27]_i_1449_psdsp_1/C
  -------------------------------------------------------------------    -------------------
    SLICE_X35Y11         FDRE (Prop_GFF2_SLICEL_C_Q)
                                                      0.099     0.135 r  accumulator[27]_i_1449_psdsp_1/Q
                         net (fo=2, routed)           0.305     0.440    g_product[42].product_reg_n_104_[42]
    SLICE_X35Y12         LUT3 (Prop_B5LUT_SLICEL_I0_O)
                                                      0.173     0.613 r  accumulator[27]_i_1449/O
                         net (fo=2, routed)           0.189     0.802    accumulator[27]_i_1449_n_0
    SLICE_X35Y12         LUT4 (Prop_C6LUT_SLICEL_I3_O)
                                                      0.148     0.950 r  accumulator[27]_i_1456/O
                         net (fo=1, routed)           0.011     0.961    accumulator[27]_i_1456_n_0
    SLICE_X35Y12         CARRY8 (Prop_CARRY8_SLICEL_S[2]_O[4])
                                                      0.204     1.165 r  accumulator_reg[27]_i_530/O[4]
                         net (fo=2, routed)           0.394     1.559    accumulator_reg[27]_i_530_n_11
    SLICE_X32Y15         LUT3 (Prop_E5LUT_SLICEL_I2_O)
                                                      0.198     1.757 r  accumulator[23]_i_125/O
                         net (fo=2, routed)           0.235     1.992    accumulator[23]_i_125_n_0
    SLICE_X32Y15         LUT4 (Prop_F6LUT_SLICEL_I3_O)
                                                      0.148     2.140 r  accumulator[23]_i_132/O
                         net (fo=1, routed)           0.012     2.152    accumulator[23]_i_132_n_0
    SLICE_X32Y15         CARRY8 (Prop_CARRY8_SLICEL_S[5]_CO[7])
                                                      0.197     2.349 r  accumulator_reg[23]_i_72/CO[7]
                         net (fo=1, routed)           0.028     2.377    accumulator_reg[23]_i_72_n_0
    SLICE_X32Y16         CARRY8 (Prop_CARRY8_SLICEL_CI_O[0])
                                                      0.072     2.449 r  accumulator_reg[27]_i_105/O[0]
                         net (fo=2, routed)           0.544     2.993    accumulator_reg[27]_i_105_n_15
    SLICE_X29Y26         LUT3 (Prop_A5LUT_SLICEM_I0_O)
                                                      0.085     3.078 r  accumulator[23]_i_43/O
                         net (fo=2, routed)           0.203     3.281    accumulator[23]_i_43_n_0
    SLICE_X29Y26         LUT4 (Prop_B6LUT_SLICEM_I3_O)
                                                      0.150     3.431 r  accumulator[23]_i_51/O
                         net (fo=1, routed)           0.018     3.449    accumulator[23]_i_51_n_0
    SLICE_X29Y26         CARRY8 (Prop_CARRY8_SLICEM_S[1]_O[4])
                                                      0.255     3.704 r  accumulator_reg[23]_i_19/O[4]
                         net (fo=2, routed)           0.366     4.070    accumulator_reg[23]_i_19_n_11
    SLICE_X29Y32         LUT3 (Prop_E5LUT_SLICEM_I1_O)
                                                      0.201     4.271 r  accumulator[15]_i_4/O
                         net (fo=2, routed)           0.173     4.444    accumulator[15]_i_4_n_0
    SLICE_X29Y32         LUT4 (Prop_F6LUT_SLICEM_I3_O)
                                                      0.148     4.592 r  accumulator[15]_i_12/O
                         net (fo=1, routed)           0.024     4.616    accumulator[15]_i_12_n_0
    SLICE_X29Y32         CARRY8 (Prop_CARRY8_SLICEM_S[5]_CO[7])
                                                      0.202     4.818 r  accumulator_reg[15]_i_1/CO[7]
                         net (fo=1, routed)           0.028     4.846    accumulator_reg[15]_i_1_n_0
    SLICE_X29Y33         CARRY8 (Prop_CARRY8_SLICEM_CI_O[5])
                                                      0.145     4.991 r  accumulator_reg[23]_i_1/O[5]
                         net (fo=3, routed)           0.235     5.226    next_sum[21]
    SLICE_X30Y33         LUT2 (Prop_F6LUT_SLICEL_I0_O)
                                                      0.039     5.265 r  pointwise_after_depth_out[11]_i_4/O
                         net (fo=1, routed)           0.012     5.277    pointwise_after_depth_out[11]_i_4_n_0
    SLICE_X30Y33         CARRY8 (Prop_CARRY8_SLICEL_S[5]_CO[7])
                                                      0.197     5.474 r  pointwise_after_depth_out_reg[11]_i_1/CO[7]
                         net (fo=1, routed)           0.028     5.502    pointwise_after_depth_out_reg[11]_i_1_n_0
    SLICE_X30Y34         CARRY8 (Prop_CARRY8_SLICEL_CI_O[3])
                                                      0.104     5.606 r  pointwise_after_depth_out_reg[15]_i_1/O[3]
                         net (fo=1, routed)           0.032     5.638    shifted_result[15]
    SLICE_X30Y34         FDRE                                         r  pointwise_after_depth_out_reg[15]/D
  -------------------------------------------------------------------    -------------------

                         (clock clk rise edge)        2.500     2.500 r  
                                                      0.000     2.500 r  clk (IN)
                         net (fo=2224, unset)         0.024     2.524    clk
    SLICE_X30Y34         FDRE                                         r  pointwise_after_depth_out_reg[15]/C
                         clock pessimism              0.000     2.524    
                         clock uncertainty           -0.035     2.489    
    SLICE_X30Y34         FDRE (Setup_DFF_SLICEL_C_D)
                                                      0.027     2.516    pointwise_after_depth_out_reg[15]
  -------------------------------------------------------------------
                         required time                          2.516    
                         arrival time                          -5.638    
  -------------------------------------------------------------------
                         slack                                 -3.122    

Slack (VIOLATED) :        -3.114ns  (required time - arrival time)
  Source:                 accumulator[27]_i_1449_psdsp_1/C
                            (rising edge-triggered cell FDRE clocked by clk  {rise@0.000ns fall@1.250ns period=2.500ns})
  Destination:            pointwise_after_depth_out_reg[13]/D
                            (rising edge-triggered cell FDRE clocked by clk  {rise@0.000ns fall@1.250ns period=2.500ns})
  Path Group:             clk
  Path Type:              Setup (Max at Slow Process Corner)
  Requirement:            2.500ns  (clk rise@2.500ns - clk rise@0.000ns)
  Data Path Delay:        5.594ns  (logic 2.758ns (49.303%)  route 2.836ns (50.697%))
  Logic Levels:           17  (CARRY8=8 LUT2=1 LUT3=4 LUT4=4)
  Clock Path Skew:        -0.012ns (DCD - SCD + CPR)
    Destination Clock Delay (DCD):    0.024ns = ( 2.524 - 2.500 ) 
    Source Clock Delay      (SCD):    0.036ns
    Clock Pessimism Removal (CPR):    0.000ns
  Clock Uncertainty:      0.035ns  ((TSJ^2 + TIJ^2)^1/2 + DJ) / 2 + PE
    Total System Jitter     (TSJ):    0.071ns
    Total Input Jitter      (TIJ):    0.000ns
    Discrete Jitter          (DJ):    0.000ns
    Phase Error              (PE):    0.000ns

    Location             Delay type                Incr(ns)  Path(ns)    Netlist Resource(s)
  -------------------------------------------------------------------    -------------------
                         (clock clk rise edge)        0.000     0.000 r  
                                                      0.000     0.000 r  clk (IN)
                         net (fo=2224, unset)         0.036     0.036    clk
    SLICE_X35Y11         FDRE                                         r  accumulator[27]_i_1449_psdsp_1/C
  -------------------------------------------------------------------    -------------------
    SLICE_X35Y11         FDRE (Prop_GFF2_SLICEL_C_Q)
                                                      0.099     0.135 r  accumulator[27]_i_1449_psdsp_1/Q
                         net (fo=2, routed)           0.305     0.440    g_product[42].product_reg_n_104_[42]
    SLICE_X35Y12         LUT3 (Prop_B5LUT_SLICEL_I0_O)
                                                      0.173     0.613 r  accumulator[27]_i_1449/O
                         net (fo=2, routed)           0.189     0.802    accumulator[27]_i_1449_n_0
    SLICE_X35Y12         LUT4 (Prop_C6LUT_SLICEL_I3_O)
                                                      0.148     0.950 r  accumulator[27]_i_1456/O
                         net (fo=1, routed)           0.011     0.961    accumulator[27]_i_1456_n_0
    SLICE_X35Y12         CARRY8 (Prop_CARRY8_SLICEL_S[2]_O[4])
                                                      0.204     1.165 r  accumulator_reg[27]_i_530/O[4]
                         net (fo=2, routed)           0.394     1.559    accumulator_reg[27]_i_530_n_11
    SLICE_X32Y15         LUT3 (Prop_E5LUT_SLICEL_I2_O)
                                                      0.198     1.757 r  accumulator[23]_i_125/O
                         net (fo=2, routed)           0.235     1.992    accumulator[23]_i_125_n_0
    SLICE_X32Y15         LUT4 (Prop_F6LUT_SLICEL_I3_O)
                                                      0.148     2.140 r  accumulator[23]_i_132/O
                         net (fo=1, routed)           0.012     2.152    accumulator[23]_i_132_n_0
    SLICE_X32Y15         CARRY8 (Prop_CARRY8_SLICEL_S[5]_CO[7])
                                                      0.197     2.349 r  accumulator_reg[23]_i_72/CO[7]
                         net (fo=1, routed)           0.028     2.377    accumulator_reg[23]_i_72_n_0
    SLICE_X32Y16         CARRY8 (Prop_CARRY8_SLICEL_CI_O[0])
                                                      0.072     2.449 r  accumulator_reg[27]_i_105/O[0]
                         net (fo=2, routed)           0.544     2.993    accumulator_reg[27]_i_105_n_15
    SLICE_X29Y26         LUT3 (Prop_A5LUT_SLICEM_I0_O)
                                                      0.085     3.078 r  accumulator[23]_i_43/O
                         net (fo=2, routed)           0.203     3.281    accumulator[23]_i_43_n_0
    SLICE_X29Y26         LUT4 (Prop_B6LUT_SLICEM_I3_O)
                                                      0.150     3.431 r  accumulator[23]_i_51/O
                         net (fo=1, routed)           0.018     3.449    accumulator[23]_i_51_n_0
    SLICE_X29Y26         CARRY8 (Prop_CARRY8_SLICEM_S[1]_O[4])
                                                      0.255     3.704 r  accumulator_reg[23]_i_19/O[4]
                         net (fo=2, routed)           0.366     4.070    accumulator_reg[23]_i_19_n_11
    SLICE_X29Y32         LUT3 (Prop_E5LUT_SLICEM_I1_O)
                                                      0.201     4.271 r  accumulator[15]_i_4/O
                         net (fo=2, routed)           0.173     4.444    accumulator[15]_i_4_n_0
    SLICE_X29Y32         LUT4 (Prop_F6LUT_SLICEM_I3_O)
                                                      0.148     4.592 r  accumulator[15]_i_12/O
                         net (fo=1, routed)           0.024     4.616    accumulator[15]_i_12_n_0
    SLICE_X29Y32         CARRY8 (Prop_CARRY8_SLICEM_S[5]_CO[7])
                                                      0.202     4.818 r  accumulator_reg[15]_i_1/CO[7]
                         net (fo=1, routed)           0.028     4.846    accumulator_reg[15]_i_1_n_0
    SLICE_X29Y33         CARRY8 (Prop_CARRY8_SLICEM_CI_O[5])
                                                      0.145     4.991 r  accumulator_reg[23]_i_1/O[5]
                         net (fo=3, routed)           0.235     5.226    next_sum[21]
    SLICE_X30Y33         LUT2 (Prop_F6LUT_SLICEL_I0_O)
                                                      0.039     5.265 r  pointwise_after_depth_out[11]_i_4/O
                         net (fo=1, routed)           0.012     5.277    pointwise_after_depth_out[11]_i_4_n_0
    SLICE_X30Y33         CARRY8 (Prop_CARRY8_SLICEL_S[5]_CO[7])
                                                      0.197     5.474 r  pointwise_after_depth_out_reg[11]_i_1/CO[7]
                         net (fo=1, routed)           0.028     5.502    pointwise_after_depth_out_reg[11]_i_1_n_0
    SLICE_X30Y34         CARRY8 (Prop_CARRY8_SLICEL_CI_O[1])
                                                      0.097     5.599 r  pointwise_after_depth_out_reg[15]_i_1/O[1]
                         net (fo=1, routed)           0.031     5.630    shifted_result[13]
    SLICE_X30Y34         FDRE                                         r  pointwise_after_depth_out_reg[13]/D
  -------------------------------------------------------------------    -------------------

                         (clock clk rise edge)        2.500     2.500 r  
                                                      0.000     2.500 r  clk (IN)
                         net (fo=2224, unset)         0.024     2.524    clk
    SLICE_X30Y34         FDRE                                         r  pointwise_after_depth_out_reg[13]/C
                         clock pessimism              0.000     2.524    
                         clock uncertainty           -0.035     2.489    
    SLICE_X30Y34         FDRE (Setup_BFF_SLICEL_C_D)
                                                      0.027     2.516    pointwise_after_depth_out_reg[13]
  -------------------------------------------------------------------
                         required time                          2.516    
                         arrival time                          -5.630    
  -------------------------------------------------------------------
                         slack                                 -3.114    

Slack (VIOLATED) :        -3.104ns  (required time - arrival time)
  Source:                 accumulator[27]_i_1449_psdsp_1/C
                            (rising edge-triggered cell FDRE clocked by clk  {rise@0.000ns fall@1.250ns period=2.500ns})
  Destination:            pointwise_after_depth_out_reg[14]/D
                            (rising edge-triggered cell FDRE clocked by clk  {rise@0.000ns fall@1.250ns period=2.500ns})
  Path Group:             clk
  Path Type:              Setup (Max at Slow Process Corner)
  Requirement:            2.500ns  (clk rise@2.500ns - clk rise@0.000ns)
  Data Path Delay:        5.584ns  (logic 2.747ns (49.194%)  route 2.837ns (50.806%))
  Logic Levels:           17  (CARRY8=8 LUT2=1 LUT3=4 LUT4=4)
  Clock Path Skew:        -0.012ns (DCD - SCD + CPR)
    Destination Clock Delay (DCD):    0.024ns = ( 2.524 - 2.500 ) 
    Source Clock Delay      (SCD):    0.036ns
    Clock Pessimism Removal (CPR):    0.000ns
  Clock Uncertainty:      0.035ns  ((TSJ^2 + TIJ^2)^1/2 + DJ) / 2 + PE
    Total System Jitter     (TSJ):    0.071ns
    Total Input Jitter      (TIJ):    0.000ns
    Discrete Jitter          (DJ):    0.000ns
    Phase Error              (PE):    0.000ns

    Location             Delay type                Incr(ns)  Path(ns)    Netlist Resource(s)
  -------------------------------------------------------------------    -------------------
                         (clock clk rise edge)        0.000     0.000 r  
                                                      0.000     0.000 r  clk (IN)
                         net (fo=2224, unset)         0.036     0.036    clk
    SLICE_X35Y11         FDRE                                         r  accumulator[27]_i_1449_psdsp_1/C
  -------------------------------------------------------------------    -------------------
    SLICE_X35Y11         FDRE (Prop_GFF2_SLICEL_C_Q)
                                                      0.099     0.135 r  accumulator[27]_i_1449_psdsp_1/Q
                         net (fo=2, routed)           0.305     0.440    g_product[42].product_reg_n_104_[42]
    SLICE_X35Y12         LUT3 (Prop_B5LUT_SLICEL_I0_O)
                                                      0.173     0.613 r  accumulator[27]_i_1449/O
                         net (fo=2, routed)           0.189     0.802    accumulator[27]_i_1449_n_0
    SLICE_X35Y12         LUT4 (Prop_C6LUT_SLICEL_I3_O)
                                                      0.148     0.950 r  accumulator[27]_i_1456/O
                         net (fo=1, routed)           0.011     0.961    accumulator[27]_i_1456_n_0
    SLICE_X35Y12         CARRY8 (Prop_CARRY8_SLICEL_S[2]_O[4])
                                                      0.204     1.165 r  accumulator_reg[27]_i_530/O[4]
                         net (fo=2, routed)           0.394     1.559    accumulator_reg[27]_i_530_n_11
    SLICE_X32Y15         LUT3 (Prop_E5LUT_SLICEL_I2_O)
                                                      0.198     1.757 r  accumulator[23]_i_125/O
                         net (fo=2, routed)           0.235     1.992    accumulator[23]_i_125_n_0
    SLICE_X32Y15         LUT4 (Prop_F6LUT_SLICEL_I3_O)
                                                      0.148     2.140 r  accumulator[23]_i_132/O
                         net (fo=1, routed)           0.012     2.152    accumulator[23]_i_132_n_0
    SLICE_X32Y15         CARRY8 (Prop_CARRY8_SLICEL_S[5]_CO[7])
                                                      0.197     2.349 r  accumulator_reg[23]_i_72/CO[7]
                         net (fo=1, routed)           0.028     2.377    accumulator_reg[23]_i_72_n_0
    SLICE_X32Y16         CARRY8 (Prop_CARRY8_SLICEL_CI_O[0])
                                                      0.072     2.449 r  accumulator_reg[27]_i_105/O[0]
                         net (fo=2, routed)           0.544     2.993    accumulator_reg[27]_i_105_n_15
    SLICE_X29Y26         LUT3 (Prop_A5LUT_SLICEM_I0_O)
                                                      0.085     3.078 r  accumulator[23]_i_43/O
                         net (fo=2, routed)           0.203     3.281    accumulator[23]_i_43_n_0
    SLICE_X29Y26         LUT4 (Prop_B6LUT_SLICEM_I3_O)
                                                      0.150     3.431 r  accumulator[23]_i_51/O
                         net (fo=1, routed)           0.018     3.449    accumulator[23]_i_51_n_0
    SLICE_X29Y26         CARRY8 (Prop_CARRY8_SLICEM_S[1]_O[4])
                                                      0.255     3.704 r  accumulator_reg[23]_i_19/O[4]
                         net (fo=2, routed)           0.366     4.070    accumulator_reg[23]_i_19_n_11
    SLICE_X29Y32         LUT3 (Prop_E5LUT_SLICEM_I1_O)
                                                      0.201     4.271 r  accumulator[15]_i_4/O
                         net (fo=2, routed)           0.173     4.444    accumulator[15]_i_4_n_0
    SLICE_X29Y32         LUT4 (Prop_F6LUT_SLICEM_I3_O)
                                                      0.148     4.592 r  accumulator[15]_i_12/O
                         net (fo=1, routed)           0.024     4.616    accumulator[15]_i_12_n_0
    SLICE_X29Y32         CARRY8 (Prop_CARRY8_SLICEM_S[5]_CO[7])
                                                      0.202     4.818 r  accumulator_reg[15]_i_1/CO[7]
                         net (fo=1, routed)           0.028     4.846    accumulator_reg[15]_i_1_n_0
    SLICE_X29Y33         CARRY8 (Prop_CARRY8_SLICEM_CI_O[5])
                                                      0.145     4.991 r  accumulator_reg[23]_i_1/O[5]
                         net (fo=3, routed)           0.235     5.226    next_sum[21]
    SLICE_X30Y33         LUT2 (Prop_F6LUT_SLICEL_I0_O)
                                                      0.039     5.265 r  pointwise_after_depth_out[11]_i_4/O
                         net (fo=1, routed)           0.012     5.277    pointwise_after_depth_out[11]_i_4_n_0
    SLICE_X30Y33         CARRY8 (Prop_CARRY8_SLICEL_S[5]_CO[7])
                                                      0.197     5.474 r  pointwise_after_depth_out_reg[11]_i_1/CO[7]
                         net (fo=1, routed)           0.028     5.502    pointwise_after_depth_out_reg[11]_i_1_n_0
    SLICE_X30Y34         CARRY8 (Prop_CARRY8_SLICEL_CI_O[2])
                                                      0.086     5.588 r  pointwise_after_depth_out_reg[15]_i_1/O[2]
                         net (fo=1, routed)           0.032     5.620    shifted_result[14]
    SLICE_X30Y34         FDRE                                         r  pointwise_after_depth_out_reg[14]/D
  -------------------------------------------------------------------    -------------------

                         (clock clk rise edge)        2.500     2.500 r  
                                                      0.000     2.500 r  clk (IN)
                         net (fo=2224, unset)         0.024     2.524    clk
    SLICE_X30Y34         FDRE                                         r  pointwise_after_depth_out_reg[14]/C
                         clock pessimism              0.000     2.524    
                         clock uncertainty           -0.035     2.489    
    SLICE_X30Y34         FDRE (Setup_CFF_SLICEL_C_D)
                                                      0.027     2.516    pointwise_after_depth_out_reg[14]
  -------------------------------------------------------------------
                         required time                          2.516    
                         arrival time                          -5.620    
  -------------------------------------------------------------------
                         slack                                 -3.104    

Slack (VIOLATED) :        -3.088ns  (required time - arrival time)
  Source:                 accumulator[27]_i_1449_psdsp_1/C
                            (rising edge-triggered cell FDRE clocked by clk  {rise@0.000ns fall@1.250ns period=2.500ns})
  Destination:            pointwise_after_depth_out_reg[12]/D
                            (rising edge-triggered cell FDRE clocked by clk  {rise@0.000ns fall@1.250ns period=2.500ns})
  Path Group:             clk
  Path Type:              Setup (Max at Slow Process Corner)
  Requirement:            2.500ns  (clk rise@2.500ns - clk rise@0.000ns)
  Data Path Delay:        5.568ns  (logic 2.733ns (49.084%)  route 2.835ns (50.916%))
  Logic Levels:           17  (CARRY8=8 LUT2=1 LUT3=4 LUT4=4)
  Clock Path Skew:        -0.012ns (DCD - SCD + CPR)
    Destination Clock Delay (DCD):    0.024ns = ( 2.524 - 2.500 ) 
    Source Clock Delay      (SCD):    0.036ns
    Clock Pessimism Removal (CPR):    0.000ns
  Clock Uncertainty:      0.035ns  ((TSJ^2 + TIJ^2)^1/2 + DJ) / 2 + PE
    Total System Jitter     (TSJ):    0.071ns
    Total Input Jitter      (TIJ):    0.000ns
    Discrete Jitter          (DJ):    0.000ns
    Phase Error              (PE):    0.000ns

    Location             Delay type                Incr(ns)  Path(ns)    Netlist Resource(s)
  -------------------------------------------------------------------    -------------------
                         (clock clk rise edge)        0.000     0.000 r  
                                                      0.000     0.000 r  clk (IN)
                         net (fo=2224, unset)         0.036     0.036    clk
    SLICE_X35Y11         FDRE                                         r  accumulator[27]_i_1449_psdsp_1/C
  -------------------------------------------------------------------    -------------------
    SLICE_X35Y11         FDRE (Prop_GFF2_SLICEL_C_Q)
                                                      0.099     0.135 r  accumulator[27]_i_1449_psdsp_1/Q
                         net (fo=2, routed)           0.305     0.440    g_product[42].product_reg_n_104_[42]
    SLICE_X35Y12         LUT3 (Prop_B5LUT_SLICEL_I0_O)
                                                      0.173     0.613 r  accumulator[27]_i_1449/O
                         net (fo=2, routed)           0.189     0.802    accumulator[27]_i_1449_n_0
    SLICE_X35Y12         LUT4 (Prop_C6LUT_SLICEL_I3_O)
                                                      0.148     0.950 r  accumulator[27]_i_1456/O
                         net (fo=1, routed)           0.011     0.961    accumulator[27]_i_1456_n_0
    SLICE_X35Y12         CARRY8 (Prop_CARRY8_SLICEL_S[2]_O[4])
                                                      0.204     1.165 r  accumulator_reg[27]_i_530/O[4]
                         net (fo=2, routed)           0.394     1.559    accumulator_reg[27]_i_530_n_11
    SLICE_X32Y15         LUT3 (Prop_E5LUT_SLICEL_I2_O)
                                                      0.198     1.757 r  accumulator[23]_i_125/O
                         net (fo=2, routed)           0.235     1.992    accumulator[23]_i_125_n_0
    SLICE_X32Y15         LUT4 (Prop_F6LUT_SLICEL_I3_O)
                                                      0.148     2.140 r  accumulator[23]_i_132/O
                         net (fo=1, routed)           0.012     2.152    accumulator[23]_i_132_n_0
    SLICE_X32Y15         CARRY8 (Prop_CARRY8_SLICEL_S[5]_CO[7])
                                                      0.197     2.349 r  accumulator_reg[23]_i_72/CO[7]
                         net (fo=1, routed)           0.028     2.377    accumulator_reg[23]_i_72_n_0
    SLICE_X32Y16         CARRY8 (Prop_CARRY8_SLICEL_CI_O[0])
                                                      0.072     2.449 r  accumulator_reg[27]_i_105/O[0]
                         net (fo=2, routed)           0.544     2.993    accumulator_reg[27]_i_105_n_15
    SLICE_X29Y26         LUT3 (Prop_A5LUT_SLICEM_I0_O)
                                                      0.085     3.078 r  accumulator[23]_i_43/O
                         net (fo=2, routed)           0.203     3.281    accumulator[23]_i_43_n_0
    SLICE_X29Y26         LUT4 (Prop_B6LUT_SLICEM_I3_O)
                                                      0.150     3.431 r  accumulator[23]_i_51/O
                         net (fo=1, routed)           0.018     3.449    accumulator[23]_i_51_n_0
    SLICE_X29Y26         CARRY8 (Prop_CARRY8_SLICEM_S[1]_O[4])
                                                      0.255     3.704 r  accumulator_reg[23]_i_19/O[4]
                         net (fo=2, routed)           0.366     4.070    accumulator_reg[23]_i_19_n_11
    SLICE_X29Y32         LUT3 (Prop_E5LUT_SLICEM_I1_O)
                                                      0.201     4.271 r  accumulator[15]_i_4/O
                         net (fo=2, routed)           0.173     4.444    accumulator[15]_i_4_n_0
    SLICE_X29Y32         LUT4 (Prop_F6LUT_SLICEM_I3_O)
                                                      0.148     4.592 r  accumulator[15]_i_12/O
                         net (fo=1, routed)           0.024     4.616    accumulator[15]_i_12_n_0
    SLICE_X29Y32         CARRY8 (Prop_CARRY8_SLICEM_S[5]_CO[7])
                                                      0.202     4.818 r  accumulator_reg[15]_i_1/CO[7]
                         net (fo=1, routed)           0.028     4.846    accumulator_reg[15]_i_1_n_0
    SLICE_X29Y33         CARRY8 (Prop_CARRY8_SLICEM_CI_O[5])
                                                      0.145     4.991 r  accumulator_reg[23]_i_1/O[5]
                         net (fo=3, routed)           0.235     5.226    next_sum[21]
    SLICE_X30Y33         LUT2 (Prop_F6LUT_SLICEL_I0_O)
                                                      0.039     5.265 r  pointwise_after_depth_out[11]_i_4/O
                         net (fo=1, routed)           0.012     5.277    pointwise_after_depth_out[11]_i_4_n_0
    SLICE_X30Y33         CARRY8 (Prop_CARRY8_SLICEL_S[5]_CO[7])
                                                      0.197     5.474 r  pointwise_after_depth_out_reg[11]_i_1/CO[7]
                         net (fo=1, routed)           0.028     5.502    pointwise_after_depth_out_reg[11]_i_1_n_0
    SLICE_X30Y34         CARRY8 (Prop_CARRY8_SLICEL_CI_O[0])
                                                      0.072     5.574 r  pointwise_after_depth_out_reg[15]_i_1/O[0]
                         net (fo=1, routed)           0.030     5.604    shifted_result[12]
    SLICE_X30Y34         FDRE                                         r  pointwise_after_depth_out_reg[12]/D
  -------------------------------------------------------------------    -------------------

                         (clock clk rise edge)        2.500     2.500 r  
                                                      0.000     2.500 r  clk (IN)
                         net (fo=2224, unset)         0.024     2.524    clk
    SLICE_X30Y34         FDRE                                         r  pointwise_after_depth_out_reg[12]/C
                         clock pessimism              0.000     2.524    
                         clock uncertainty           -0.035     2.489    
    SLICE_X30Y34         FDRE (Setup_AFF_SLICEL_C_D)
                                                      0.027     2.516    pointwise_after_depth_out_reg[12]
  -------------------------------------------------------------------
                         required time                          2.516    
                         arrival time                          -5.604    
  -------------------------------------------------------------------
                         slack                                 -3.088    

Slack (VIOLATED) :        -3.051ns  (required time - arrival time)
  Source:                 accumulator[27]_i_1449_psdsp_1/C
                            (rising edge-triggered cell FDRE clocked by clk  {rise@0.000ns fall@1.250ns period=2.500ns})
  Destination:            pointwise_after_depth_out_reg[11]/D
                            (rising edge-triggered cell FDRE clocked by clk  {rise@0.000ns fall@1.250ns period=2.500ns})
  Path Group:             clk
  Path Type:              Setup (Max at Slow Process Corner)
  Requirement:            2.500ns  (clk rise@2.500ns - clk rise@0.000ns)
  Data Path Delay:        5.532ns  (logic 2.609ns (47.162%)  route 2.923ns (52.838%))
  Logic Levels:           15  (CARRY8=7 LUT3=4 LUT4=4)
  Clock Path Skew:        -0.011ns (DCD - SCD + CPR)
    Destination Clock Delay (DCD):    0.025ns = ( 2.525 - 2.500 ) 
    Source Clock Delay      (SCD):    0.036ns
    Clock Pessimism Removal (CPR):    0.000ns
  Clock Uncertainty:      0.035ns  ((TSJ^2 + TIJ^2)^1/2 + DJ) / 2 + PE
    Total System Jitter     (TSJ):    0.071ns
    Total Input Jitter      (TIJ):    0.000ns
    Discrete Jitter          (DJ):    0.000ns
    Phase Error              (PE):    0.000ns

    Location             Delay type                Incr(ns)  Path(ns)    Netlist Resource(s)
  -------------------------------------------------------------------    -------------------
                         (clock clk rise edge)        0.000     0.000 r  
                                                      0.000     0.000 r  clk (IN)
                         net (fo=2224, unset)         0.036     0.036    clk
    SLICE_X35Y11         FDRE                                         r  accumulator[27]_i_1449_psdsp_1/C
  -------------------------------------------------------------------    -------------------
    SLICE_X35Y11         FDRE (Prop_GFF2_SLICEL_C_Q)
                                                      0.099     0.135 r  accumulator[27]_i_1449_psdsp_1/Q
                         net (fo=2, routed)           0.305     0.440    g_product[42].product_reg_n_104_[42]
    SLICE_X35Y12         LUT3 (Prop_B5LUT_SLICEL_I0_O)
                                                      0.173     0.613 r  accumulator[27]_i_1449/O
                         net (fo=2, routed)           0.189     0.802    accumulator[27]_i_1449_n_0
    SLICE_X35Y12         LUT4 (Prop_C6LUT_SLICEL_I3_O)
                                                      0.148     0.950 r  accumulator[27]_i_1456/O
                         net (fo=1, routed)           0.011     0.961    accumulator[27]_i_1456_n_0
    SLICE_X35Y12         CARRY8 (Prop_CARRY8_SLICEL_S[2]_O[4])
                                                      0.204     1.165 r  accumulator_reg[27]_i_530/O[4]
                         net (fo=2, routed)           0.394     1.559    accumulator_reg[27]_i_530_n_11
    SLICE_X32Y15         LUT3 (Prop_E5LUT_SLICEL_I2_O)
                                                      0.198     1.757 r  accumulator[23]_i_125/O
                         net (fo=2, routed)           0.235     1.992    accumulator[23]_i_125_n_0
    SLICE_X32Y15         LUT4 (Prop_F6LUT_SLICEL_I3_O)
                                                      0.148     2.140 r  accumulator[23]_i_132/O
                         net (fo=1, routed)           0.012     2.152    accumulator[23]_i_132_n_0
    SLICE_X32Y15         CARRY8 (Prop_CARRY8_SLICEL_S[5]_CO[7])
                                                      0.197     2.349 r  accumulator_reg[23]_i_72/CO[7]
                         net (fo=1, routed)           0.028     2.377    accumulator_reg[23]_i_72_n_0
    SLICE_X32Y16         CARRY8 (Prop_CARRY8_SLICEL_CI_O[0])
                                                      0.072     2.449 r  accumulator_reg[27]_i_105/O[0]
                         net (fo=2, routed)           0.544     2.993    accumulator_reg[27]_i_105_n_15
    SLICE_X29Y26         LUT3 (Prop_A5LUT_SLICEM_I0_O)
                                                      0.085     3.078 r  accumulator[23]_i_43/O
                         net (fo=2, routed)           0.203     3.281    accumulator[23]_i_43_n_0
    SLICE_X29Y26         LUT4 (Prop_B6LUT_SLICEM_I3_O)
                                                      0.150     3.431 r  accumulator[23]_i_51/O
                         net (fo=1, routed)           0.018     3.449    accumulator[23]_i_51_n_0
    SLICE_X29Y26         CARRY8 (Prop_CARRY8_SLICEM_S[1]_O[4])
                                                      0.255     3.704 r  accumulator_reg[23]_i_19/O[4]
                         net (fo=2, routed)           0.366     4.070    accumulator_reg[23]_i_19_n_11
    SLICE_X29Y32         LUT3 (Prop_E5LUT_SLICEM_I1_O)
                                                      0.201     4.271 r  accumulator[15]_i_4/O
                         net (fo=2, routed)           0.173     4.444    accumulator[15]_i_4_n_0
    SLICE_X29Y32         LUT4 (Prop_F6LUT_SLICEM_I3_O)
                                                      0.148     4.592 r  accumulator[15]_i_12/O
                         net (fo=1, routed)           0.024     4.616    accumulator[15]_i_12_n_0
    SLICE_X29Y32         CARRY8 (Prop_CARRY8_SLICEM_S[5]_CO[7])
                                                      0.202     4.818 r  accumulator_reg[15]_i_1/CO[7]
                         net (fo=1, routed)           0.028     4.846    accumulator_reg[15]_i_1_n_0
    SLICE_X29Y33         CARRY8 (Prop_CARRY8_SLICEM_CI_O[3])
                                                      0.104     4.950 r  accumulator_reg[23]_i_1/O[3]
                         net (fo=3, routed)           0.362     5.312    next_sum[19]
    SLICE_X30Y33         CARRY8 (Prop_CARRY8_SLICEL_DI[3]_O[7])
                                                      0.225     5.537 r  pointwise_after_depth_out_reg[11]_i_1/O[7]
                         net (fo=1, routed)           0.031     5.568    shifted_result[11]
    SLICE_X30Y33         FDRE                                         r  pointwise_after_depth_out_reg[11]/D
  -------------------------------------------------------------------    -------------------

                         (clock clk rise edge)        2.500     2.500 r  
                                                      0.000     2.500 r  clk (IN)
                         net (fo=2224, unset)         0.025     2.525    clk
    SLICE_X30Y33         FDRE                                         r  pointwise_after_depth_out_reg[11]/C
                         clock pessimism              0.000     2.525    
                         clock uncertainty           -0.035     2.490    
    SLICE_X30Y33         FDRE (Setup_HFF_SLICEL_C_D)
                                                      0.027     2.517    pointwise_after_depth_out_reg[11]
  -------------------------------------------------------------------
                         required time                          2.517    
                         arrival time                          -5.568    
  -------------------------------------------------------------------
                         slack                                 -3.051    

Slack (VIOLATED) :        -3.048ns  (required time - arrival time)
  Source:                 accumulator[27]_i_1449_psdsp_1/C
                            (rising edge-triggered cell FDRE clocked by clk  {rise@0.000ns fall@1.250ns period=2.500ns})
  Destination:            pointwise_after_depth_out_reg[9]/D
                            (rising edge-triggered cell FDRE clocked by clk  {rise@0.000ns fall@1.250ns period=2.500ns})
  Path Group:             clk
  Path Type:              Setup (Max at Slow Process Corner)
  Requirement:            2.500ns  (clk rise@2.500ns - clk rise@0.000ns)
  Data Path Delay:        5.529ns  (logic 2.606ns (47.133%)  route 2.923ns (52.867%))
  Logic Levels:           15  (CARRY8=7 LUT3=4 LUT4=4)
  Clock Path Skew:        -0.011ns (DCD - SCD + CPR)
    Destination Clock Delay (DCD):    0.025ns = ( 2.525 - 2.500 ) 
    Source Clock Delay      (SCD):    0.036ns
    Clock Pessimism Removal (CPR):    0.000ns
  Clock Uncertainty:      0.035ns  ((TSJ^2 + TIJ^2)^1/2 + DJ) / 2 + PE
    Total System Jitter     (TSJ):    0.071ns
    Total Input Jitter      (TIJ):    0.000ns
    Discrete Jitter          (DJ):    0.000ns
    Phase Error              (PE):    0.000ns

    Location             Delay type                Incr(ns)  Path(ns)    Netlist Resource(s)
  -------------------------------------------------------------------    -------------------
                         (clock clk rise edge)        0.000     0.000 r  
                                                      0.000     0.000 r  clk (IN)
                         net (fo=2224, unset)         0.036     0.036    clk
    SLICE_X35Y11         FDRE                                         r  accumulator[27]_i_1449_psdsp_1/C
  -------------------------------------------------------------------    -------------------
    SLICE_X35Y11         FDRE (Prop_GFF2_SLICEL_C_Q)
                                                      0.099     0.135 r  accumulator[27]_i_1449_psdsp_1/Q
                         net (fo=2, routed)           0.305     0.440    g_product[42].product_reg_n_104_[42]
    SLICE_X35Y12         LUT3 (Prop_B5LUT_SLICEL_I0_O)
                                                      0.173     0.613 r  accumulator[27]_i_1449/O
                         net (fo=2, routed)           0.189     0.802    accumulator[27]_i_1449_n_0
    SLICE_X35Y12         LUT4 (Prop_C6LUT_SLICEL_I3_O)
                                                      0.148     0.950 r  accumulator[27]_i_1456/O
                         net (fo=1, routed)           0.011     0.961    accumulator[27]_i_1456_n_0
    SLICE_X35Y12         CARRY8 (Prop_CARRY8_SLICEL_S[2]_O[4])
                                                      0.204     1.165 r  accumulator_reg[27]_i_530/O[4]
                         net (fo=2, routed)           0.394     1.559    accumulator_reg[27]_i_530_n_11
    SLICE_X32Y15         LUT3 (Prop_E5LUT_SLICEL_I2_O)
                                                      0.198     1.757 r  accumulator[23]_i_125/O
                         net (fo=2, routed)           0.235     1.992    accumulator[23]_i_125_n_0
    SLICE_X32Y15         LUT4 (Prop_F6LUT_SLICEL_I3_O)
                                                      0.148     2.140 r  accumulator[23]_i_132/O
                         net (fo=1, routed)           0.012     2.152    accumulator[23]_i_132_n_0
    SLICE_X32Y15         CARRY8 (Prop_CARRY8_SLICEL_S[5]_CO[7])
                                                      0.197     2.349 r  accumulator_reg[23]_i_72/CO[7]
                         net (fo=1, routed)           0.028     2.377    accumulator_reg[23]_i_72_n_0
    SLICE_X32Y16         CARRY8 (Prop_CARRY8_SLICEL_CI_O[0])
                                                      0.072     2.449 r  accumulator_reg[27]_i_105/O[0]
                         net (fo=2, routed)           0.544     2.993    accumulator_reg[27]_i_105_n_15
    SLICE_X29Y26         LUT3 (Prop_A5LUT_SLICEM_I0_O)
                                                      0.085     3.078 r  accumulator[23]_i_43/O
                         net (fo=2, routed)           0.203     3.281    accumulator[23]_i_43_n_0
    SLICE_X29Y26         LUT4 (Prop_B6LUT_SLICEM_I3_O)
                                                      0.150     3.431 r  accumulator[23]_i_51/O
                         net (fo=1, routed)           0.018     3.449    accumulator[23]_i_51_n_0
    SLICE_X29Y26         CARRY8 (Prop_CARRY8_SLICEM_S[1]_O[4])
                                                      0.255     3.704 r  accumulator_reg[23]_i_19/O[4]
                         net (fo=2, routed)           0.366     4.070    accumulator_reg[23]_i_19_n_11
    SLICE_X29Y32         LUT3 (Prop_E5LUT_SLICEM_I1_O)
                                                      0.201     4.271 r  accumulator[15]_i_4/O
                         net (fo=2, routed)           0.173     4.444    accumulator[15]_i_4_n_0
    SLICE_X29Y32         LUT4 (Prop_F6LUT_SLICEM_I3_O)
                                                      0.148     4.592 r  accumulator[15]_i_12/O
                         net (fo=1, routed)           0.024     4.616    accumulator[15]_i_12_n_0
    SLICE_X29Y32         CARRY8 (Prop_CARRY8_SLICEM_S[5]_CO[7])
                                                      0.202     4.818 r  accumulator_reg[15]_i_1/CO[7]
                         net (fo=1, routed)           0.028     4.846    accumulator_reg[15]_i_1_n_0
    SLICE_X29Y33         CARRY8 (Prop_CARRY8_SLICEM_CI_O[3])
                                                      0.104     4.950 r  accumulator_reg[23]_i_1/O[3]
                         net (fo=3, routed)           0.362     5.312    next_sum[19]
    SLICE_X30Y33         CARRY8 (Prop_CARRY8_SLICEL_DI[3]_O[5])
                                                      0.222     5.534 r  pointwise_after_depth_out_reg[11]_i_1/O[5]
                         net (fo=1, routed)           0.031     5.565    shifted_result[9]
    SLICE_X30Y33         FDRE                                         r  pointwise_after_depth_out_reg[9]/D
  -------------------------------------------------------------------    -------------------

                         (clock clk rise edge)        2.500     2.500 r  
                                                      0.000     2.500 r  clk (IN)
                         net (fo=2224, unset)         0.025     2.525    clk
    SLICE_X30Y33         FDRE                                         r  pointwise_after_depth_out_reg[9]/C
                         clock pessimism              0.000     2.525    
                         clock uncertainty           -0.035     2.490    
    SLICE_X30Y33         FDRE (Setup_FFF_SLICEL_C_D)
                                                      0.027     2.517    pointwise_after_depth_out_reg[9]
  -------------------------------------------------------------------
                         required time                          2.517    
                         arrival time                          -5.565    
  -------------------------------------------------------------------
                         slack                                 -3.048    

Slack (VIOLATED) :        -3.034ns  (required time - arrival time)
  Source:                 accumulator[27]_i_1449_psdsp_1/C
                            (rising edge-triggered cell FDRE clocked by clk  {rise@0.000ns fall@1.250ns period=2.500ns})
  Destination:            pointwise_after_depth_out_reg[10]/D
                            (rising edge-triggered cell FDRE clocked by clk  {rise@0.000ns fall@1.250ns period=2.500ns})
  Path Group:             clk
  Path Type:              Setup (Max at Slow Process Corner)
  Requirement:            2.500ns  (clk rise@2.500ns - clk rise@0.000ns)
  Data Path Delay:        5.515ns  (logic 2.591ns (46.981%)  route 2.924ns (53.019%))
  Logic Levels:           15  (CARRY8=7 LUT3=4 LUT4=4)
  Clock Path Skew:        -0.011ns (DCD - SCD + CPR)
    Destination Clock Delay (DCD):    0.025ns = ( 2.525 - 2.500 ) 
    Source Clock Delay      (SCD):    0.036ns
    Clock Pessimism Removal (CPR):    0.000ns
  Clock Uncertainty:      0.035ns  ((TSJ^2 + TIJ^2)^1/2 + DJ) / 2 + PE
    Total System Jitter     (TSJ):    0.071ns
    Total Input Jitter      (TIJ):    0.000ns
    Discrete Jitter          (DJ):    0.000ns
    Phase Error              (PE):    0.000ns

    Location             Delay type                Incr(ns)  Path(ns)    Netlist Resource(s)
  -------------------------------------------------------------------    -------------------
                         (clock clk rise edge)        0.000     0.000 r  
                                                      0.000     0.000 r  clk (IN)
                         net (fo=2224, unset)         0.036     0.036    clk
    SLICE_X35Y11         FDRE                                         r  accumulator[27]_i_1449_psdsp_1/C
  -------------------------------------------------------------------    -------------------
    SLICE_X35Y11         FDRE (Prop_GFF2_SLICEL_C_Q)
                                                      0.099     0.135 r  accumulator[27]_i_1449_psdsp_1/Q
                         net (fo=2, routed)           0.305     0.440    g_product[42].product_reg_n_104_[42]
    SLICE_X35Y12         LUT3 (Prop_B5LUT_SLICEL_I0_O)
                                                      0.173     0.613 r  accumulator[27]_i_1449/O
                         net (fo=2, routed)           0.189     0.802    accumulator[27]_i_1449_n_0
    SLICE_X35Y12         LUT4 (Prop_C6LUT_SLICEL_I3_O)
                                                      0.148     0.950 r  accumulator[27]_i_1456/O
                         net (fo=1, routed)           0.011     0.961    accumulator[27]_i_1456_n_0
    SLICE_X35Y12         CARRY8 (Prop_CARRY8_SLICEL_S[2]_O[4])
                                                      0.204     1.165 r  accumulator_reg[27]_i_530/O[4]
                         net (fo=2, routed)           0.394     1.559    accumulator_reg[27]_i_530_n_11
    SLICE_X32Y15         LUT3 (Prop_E5LUT_SLICEL_I2_O)
                                                      0.198     1.757 r  accumulator[23]_i_125/O
                         net (fo=2, routed)           0.235     1.992    accumulator[23]_i_125_n_0
    SLICE_X32Y15         LUT4 (Prop_F6LUT_SLICEL_I3_O)
                                                      0.148     2.140 r  accumulator[23]_i_132/O
                         net (fo=1, routed)           0.012     2.152    accumulator[23]_i_132_n_0
    SLICE_X32Y15         CARRY8 (Prop_CARRY8_SLICEL_S[5]_CO[7])
                                                      0.197     2.349 r  accumulator_reg[23]_i_72/CO[7]
                         net (fo=1, routed)           0.028     2.377    accumulator_reg[23]_i_72_n_0
    SLICE_X32Y16         CARRY8 (Prop_CARRY8_SLICEL_CI_O[0])
                                                      0.072     2.449 r  accumulator_reg[27]_i_105/O[0]
                         net (fo=2, routed)           0.544     2.993    accumulator_reg[27]_i_105_n_15
    SLICE_X29Y26         LUT3 (Prop_A5LUT_SLICEM_I0_O)
                                                      0.085     3.078 r  accumulator[23]_i_43/O
                         net (fo=2, routed)           0.203     3.281    accumulator[23]_i_43_n_0
    SLICE_X29Y26         LUT4 (Prop_B6LUT_SLICEM_I3_O)
                                                      0.150     3.431 r  accumulator[23]_i_51/O
                         net (fo=1, routed)           0.018     3.449    accumulator[23]_i_51_n_0
    SLICE_X29Y26         CARRY8 (Prop_CARRY8_SLICEM_S[1]_O[4])
                                                      0.255     3.704 r  accumulator_reg[23]_i_19/O[4]
                         net (fo=2, routed)           0.366     4.070    accumulator_reg[23]_i_19_n_11
    SLICE_X29Y32         LUT3 (Prop_E5LUT_SLICEM_I1_O)
                                                      0.201     4.271 r  accumulator[15]_i_4/O
                         net (fo=2, routed)           0.173     4.444    accumulator[15]_i_4_n_0
    SLICE_X29Y32         LUT4 (Prop_F6LUT_SLICEM_I3_O)
                                                      0.148     4.592 r  accumulator[15]_i_12/O
                         net (fo=1, routed)           0.024     4.616    accumulator[15]_i_12_n_0
    SLICE_X29Y32         CARRY8 (Prop_CARRY8_SLICEM_S[5]_CO[7])
                                                      0.202     4.818 r  accumulator_reg[15]_i_1/CO[7]
                         net (fo=1, routed)           0.028     4.846    accumulator_reg[15]_i_1_n_0
    SLICE_X29Y33         CARRY8 (Prop_CARRY8_SLICEM_CI_O[3])
                                                      0.104     4.950 r  accumulator_reg[23]_i_1/O[3]
                         net (fo=3, routed)           0.362     5.312    next_sum[19]
    SLICE_X30Y33         CARRY8 (Prop_CARRY8_SLICEL_DI[3]_O[6])
                                                      0.207     5.519 r  pointwise_after_depth_out_reg[11]_i_1/O[6]
                         net (fo=1, routed)           0.032     5.551    shifted_result[10]
    SLICE_X30Y33         FDRE                                         r  pointwise_after_depth_out_reg[10]/D
  -------------------------------------------------------------------    -------------------

                         (clock clk rise edge)        2.500     2.500 r  
                                                      0.000     2.500 r  clk (IN)
                         net (fo=2224, unset)         0.025     2.525    clk
    SLICE_X30Y33         FDRE                                         r  pointwise_after_depth_out_reg[10]/C
                         clock pessimism              0.000     2.525    
                         clock uncertainty           -0.035     2.490    
    SLICE_X30Y33         FDRE (Setup_GFF_SLICEL_C_D)
                                                      0.027     2.517    pointwise_after_depth_out_reg[10]
  -------------------------------------------------------------------
                         required time                          2.517    
                         arrival time                          -5.551    
  -------------------------------------------------------------------
                         slack                                 -3.034    

Slack (VIOLATED) :        -3.003ns  (required time - arrival time)
  Source:                 accumulator[27]_i_1449_psdsp_1/C
                            (rising edge-triggered cell FDRE clocked by clk  {rise@0.000ns fall@1.250ns period=2.500ns})
  Destination:            pointwise_after_depth_out_reg[8]/D
                            (rising edge-triggered cell FDRE clocked by clk  {rise@0.000ns fall@1.250ns period=2.500ns})
  Path Group:             clk
  Path Type:              Setup (Max at Slow Process Corner)
  Requirement:            2.500ns  (clk rise@2.500ns - clk rise@0.000ns)
  Data Path Delay:        5.484ns  (logic 2.562ns (46.718%)  route 2.922ns (53.282%))
  Logic Levels:           15  (CARRY8=7 LUT3=4 LUT4=4)
  Clock Path Skew:        -0.011ns (DCD - SCD + CPR)
    Destination Clock Delay (DCD):    0.025ns = ( 2.525 - 2.500 ) 
    Source Clock Delay      (SCD):    0.036ns
    Clock Pessimism Removal (CPR):    0.000ns
  Clock Uncertainty:      0.035ns  ((TSJ^2 + TIJ^2)^1/2 + DJ) / 2 + PE
    Total System Jitter     (TSJ):    0.071ns
    Total Input Jitter      (TIJ):    0.000ns
    Discrete Jitter          (DJ):    0.000ns
    Phase Error              (PE):    0.000ns

    Location             Delay type                Incr(ns)  Path(ns)    Netlist Resource(s)
  -------------------------------------------------------------------    -------------------
                         (clock clk rise edge)        0.000     0.000 r  
                                                      0.000     0.000 r  clk (IN)
                         net (fo=2224, unset)         0.036     0.036    clk
    SLICE_X35Y11         FDRE                                         r  accumulator[27]_i_1449_psdsp_1/C
  -------------------------------------------------------------------    -------------------
    SLICE_X35Y11         FDRE (Prop_GFF2_SLICEL_C_Q)
                                                      0.099     0.135 r  accumulator[27]_i_1449_psdsp_1/Q
                         net (fo=2, routed)           0.305     0.440    g_product[42].product_reg_n_104_[42]
    SLICE_X35Y12         LUT3 (Prop_B5LUT_SLICEL_I0_O)
                                                      0.173     0.613 r  accumulator[27]_i_1449/O
                         net (fo=2, routed)           0.189     0.802    accumulator[27]_i_1449_n_0
    SLICE_X35Y12         LUT4 (Prop_C6LUT_SLICEL_I3_O)
                                                      0.148     0.950 r  accumulator[27]_i_1456/O
                         net (fo=1, routed)           0.011     0.961    accumulator[27]_i_1456_n_0
    SLICE_X35Y12         CARRY8 (Prop_CARRY8_SLICEL_S[2]_O[4])
                                                      0.204     1.165 r  accumulator_reg[27]_i_530/O[4]
                         net (fo=2, routed)           0.394     1.559    accumulator_reg[27]_i_530_n_11
    SLICE_X32Y15         LUT3 (Prop_E5LUT_SLICEL_I2_O)
                                                      0.198     1.757 r  accumulator[23]_i_125/O
                         net (fo=2, routed)           0.235     1.992    accumulator[23]_i_125_n_0
    SLICE_X32Y15         LUT4 (Prop_F6LUT_SLICEL_I3_O)
                                                      0.148     2.140 r  accumulator[23]_i_132/O
                         net (fo=1, routed)           0.012     2.152    accumulator[23]_i_132_n_0
    SLICE_X32Y15         CARRY8 (Prop_CARRY8_SLICEL_S[5]_CO[7])
                                                      0.197     2.349 r  accumulator_reg[23]_i_72/CO[7]
                         net (fo=1, routed)           0.028     2.377    accumulator_reg[23]_i_72_n_0
    SLICE_X32Y16         CARRY8 (Prop_CARRY8_SLICEL_CI_O[0])
                                                      0.072     2.449 r  accumulator_reg[27]_i_105/O[0]
                         net (fo=2, routed)           0.544     2.993    accumulator_reg[27]_i_105_n_15
    SLICE_X29Y26         LUT3 (Prop_A5LUT_SLICEM_I0_O)
                                                      0.085     3.078 r  accumulator[23]_i_43/O
                         net (fo=2, routed)           0.203     3.281    accumulator[23]_i_43_n_0
    SLICE_X29Y26         LUT4 (Prop_B6LUT_SLICEM_I3_O)
                                                      0.150     3.431 r  accumulator[23]_i_51/O
                         net (fo=1, routed)           0.018     3.449    accumulator[23]_i_51_n_0
    SLICE_X29Y26         CARRY8 (Prop_CARRY8_SLICEM_S[1]_O[4])
                                                      0.255     3.704 r  accumulator_reg[23]_i_19/O[4]
                         net (fo=2, routed)           0.366     4.070    accumulator_reg[23]_i_19_n_11
    SLICE_X29Y32         LUT3 (Prop_E5LUT_SLICEM_I1_O)
                                                      0.201     4.271 r  accumulator[15]_i_4/O
                         net (fo=2, routed)           0.173     4.444    accumulator[15]_i_4_n_0
    SLICE_X29Y32         LUT4 (Prop_F6LUT_SLICEM_I3_O)
                                                      0.148     4.592 r  accumulator[15]_i_12/O
                         net (fo=1, routed)           0.024     4.616    accumulator[15]_i_12_n_0
    SLICE_X29Y32         CARRY8 (Prop_CARRY8_SLICEM_S[5]_CO[7])
                                                      0.202     4.818 r  accumulator_reg[15]_i_1/CO[7]
                         net (fo=1, routed)           0.028     4.846    accumulator_reg[15]_i_1_n_0
    SLICE_X29Y33         CARRY8 (Prop_CARRY8_SLICEM_CI_O[3])
                                                      0.104     4.950 r  accumulator_reg[23]_i_1/O[3]
                         net (fo=3, routed)           0.362     5.312    next_sum[19]
    SLICE_X30Y33         CARRY8 (Prop_CARRY8_SLICEL_DI[3]_O[4])
                                                      0.178     5.490 r  pointwise_after_depth_out_reg[11]_i_1/O[4]
                         net (fo=1, routed)           0.030     5.520    shifted_result[8]
    SLICE_X30Y33         FDRE                                         r  pointwise_after_depth_out_reg[8]/D
  -------------------------------------------------------------------    -------------------

                         (clock clk rise edge)        2.500     2.500 r  
                                                      0.000     2.500 r  clk (IN)
                         net (fo=2224, unset)         0.025     2.525    clk
    SLICE_X30Y33         FDRE                                         r  pointwise_after_depth_out_reg[8]/C
                         clock pessimism              0.000     2.525    
                         clock uncertainty           -0.035     2.490    
    SLICE_X30Y33         FDRE (Setup_EFF_SLICEL_C_D)
                                                      0.027     2.517    pointwise_after_depth_out_reg[8]
  -------------------------------------------------------------------
                         required time                          2.517    
                         arrival time                          -5.520    
  -------------------------------------------------------------------
                         slack                                 -3.003    

Slack (VIOLATED) :        -2.962ns  (required time - arrival time)
  Source:                 accumulator[27]_i_1449_psdsp_1/C
                            (rising edge-triggered cell FDRE clocked by clk  {rise@0.000ns fall@1.250ns period=2.500ns})
  Destination:            accumulator_reg[25]/D
                            (rising edge-triggered cell FDRE clocked by clk  {rise@0.000ns fall@1.250ns period=2.500ns})
  Path Group:             clk
  Path Type:              Setup (Max at Slow Process Corner)
  Requirement:            2.500ns  (clk rise@2.500ns - clk rise@0.000ns)
  Data Path Delay:        5.444ns  (logic 2.454ns (45.077%)  route 2.990ns (54.923%))
  Logic Levels:           15  (CARRY8=7 LUT3=4 LUT4=4)
  Clock Path Skew:        -0.010ns (DCD - SCD + CPR)
    Destination Clock Delay (DCD):    0.026ns = ( 2.526 - 2.500 ) 
    Source Clock Delay      (SCD):    0.036ns
    Clock Pessimism Removal (CPR):    0.000ns
  Clock Uncertainty:      0.035ns  ((TSJ^2 + TIJ^2)^1/2 + DJ) / 2 + PE
    Total System Jitter     (TSJ):    0.071ns
    Total Input Jitter      (TIJ):    0.000ns
    Discrete Jitter          (DJ):    0.000ns
    Phase Error              (PE):    0.000ns

    Location             Delay type                Incr(ns)  Path(ns)    Netlist Resource(s)
  -------------------------------------------------------------------    -------------------
                         (clock clk rise edge)        0.000     0.000 r  
                                                      0.000     0.000 r  clk (IN)
                         net (fo=2224, unset)         0.036     0.036    clk
    SLICE_X35Y11         FDRE                                         r  accumulator[27]_i_1449_psdsp_1/C
  -------------------------------------------------------------------    -------------------
    SLICE_X35Y11         FDRE (Prop_GFF2_SLICEL_C_Q)
                                                      0.099     0.135 r  accumulator[27]_i_1449_psdsp_1/Q
                         net (fo=2, routed)           0.305     0.440    g_product[42].product_reg_n_104_[42]
    SLICE_X35Y12         LUT3 (Prop_B5LUT_SLICEL_I0_O)
                                                      0.173     0.613 r  accumulator[27]_i_1449/O
                         net (fo=2, routed)           0.189     0.802    accumulator[27]_i_1449_n_0
    SLICE_X35Y12         LUT4 (Prop_C6LUT_SLICEL_I3_O)
                                                      0.148     0.950 r  accumulator[27]_i_1456/O
                         net (fo=1, routed)           0.011     0.961    accumulator[27]_i_1456_n_0
    SLICE_X35Y12         CARRY8 (Prop_CARRY8_SLICEL_S[2]_O[4])
                                                      0.204     1.165 r  accumulator_reg[27]_i_530/O[4]
                         net (fo=2, routed)           0.394     1.559    accumulator_reg[27]_i_530_n_11
    SLICE_X32Y15         LUT3 (Prop_E5LUT_SLICEL_I2_O)
                                                      0.198     1.757 r  accumulator[23]_i_125/O
                         net (fo=2, routed)           0.235     1.992    accumulator[23]_i_125_n_0
    SLICE_X32Y15         LUT4 (Prop_F6LUT_SLICEL_I3_O)
                                                      0.148     2.140 r  accumulator[23]_i_132/O
                         net (fo=1, routed)           0.012     2.152    accumulator[23]_i_132_n_0
    SLICE_X32Y15         CARRY8 (Prop_CARRY8_SLICEL_S[5]_CO[7])
                                                      0.197     2.349 r  accumulator_reg[23]_i_72/CO[7]
                         net (fo=1, routed)           0.028     2.377    accumulator_reg[23]_i_72_n_0
    SLICE_X32Y16         CARRY8 (Prop_CARRY8_SLICEL_CI_O[0])
                                                      0.072     2.449 r  accumulator_reg[27]_i_105/O[0]
                         net (fo=2, routed)           0.544     2.993    accumulator_reg[27]_i_105_n_15
    SLICE_X29Y26         LUT3 (Prop_A5LUT_SLICEM_I0_O)
                                                      0.085     3.078 r  accumulator[23]_i_43/O
                         net (fo=2, routed)           0.203     3.281    accumulator[23]_i_43_n_0
    SLICE_X29Y26         LUT4 (Prop_B6LUT_SLICEM_I3_O)
                                                      0.150     3.431 r  accumulator[23]_i_51/O
                         net (fo=1, routed)           0.018     3.449    accumulator[23]_i_51_n_0
    SLICE_X29Y26         CARRY8 (Prop_CARRY8_SLICEM_S[1]_CO[7])
                                                      0.238     3.687 r  accumulator_reg[23]_i_19/CO[7]
                         net (fo=1, routed)           0.028     3.715    accumulator_reg[23]_i_19_n_0
    SLICE_X29Y27         CARRY8 (Prop_CARRY8_SLICEM_CI_O[3])
                                                      0.104     3.819 r  accumulator_reg[27]_i_13/O[3]
                         net (fo=2, routed)           0.409     4.228    accumulator_reg[27]_i_13_n_12
    SLICE_X29Y33         LUT3 (Prop_D5LUT_SLICEM_I1_O)
                                                      0.195     4.423 r  accumulator[23]_i_5/O
                         net (fo=2, routed)           0.192     4.615    accumulator[23]_i_5_n_0
    SLICE_X29Y33         LUT4 (Prop_E6LUT_SLICEM_I3_O)
                                                      0.148     4.763 r  accumulator[23]_i_13/O
                         net (fo=1, routed)           0.015     4.778    accumulator[23]_i_13_n_0
    SLICE_X29Y33         CARRY8 (Prop_CARRY8_SLICEM_S[4]_CO[7])
                                                      0.198     4.976 r  accumulator_reg[23]_i_1/CO[7]
                         net (fo=1, routed)           0.028     5.004    accumulator_reg[23]_i_1_n_0
    SLICE_X29Y34         CARRY8 (Prop_CARRY8_SLICEM_CI_O[1])
                                                      0.097     5.101 r  accumulator_reg[27]_i_1/O[1]
                         net (fo=3, routed)           0.379     5.480    next_sum[25]
    SLICE_X29Y34         FDRE                                         r  accumulator_reg[25]/D
  -------------------------------------------------------------------    -------------------

                         (clock clk rise edge)        2.500     2.500 r  
                                                      0.000     2.500 r  clk (IN)
                         net (fo=2224, unset)         0.026     2.526    clk
    SLICE_X29Y34         FDRE                                         r  accumulator_reg[25]/C
                         clock pessimism              0.000     2.526    
                         clock uncertainty           -0.035     2.491    
    SLICE_X29Y34         FDRE (Setup_FFF2_SLICEM_C_D)
                                                      0.027     2.518    accumulator_reg[25]
  -------------------------------------------------------------------
                         required time                          2.518    
                         arrival time                          -5.480    
  -------------------------------------------------------------------
                         slack                                 -2.962    

Slack (VIOLATED) :        -2.944ns  (required time - arrival time)
  Source:                 accumulator[27]_i_1449_psdsp_1/C
                            (rising edge-triggered cell FDRE clocked by clk  {rise@0.000ns fall@1.250ns period=2.500ns})
  Destination:            accumulator_reg[27]/D
                            (rising edge-triggered cell FDRE clocked by clk  {rise@0.000ns fall@1.250ns period=2.500ns})
  Path Group:             clk
  Path Type:              Setup (Max at Slow Process Corner)
  Requirement:            2.500ns  (clk rise@2.500ns - clk rise@0.000ns)
  Data Path Delay:        5.426ns  (logic 2.461ns (45.356%)  route 2.965ns (54.644%))
  Logic Levels:           15  (CARRY8=7 LUT3=4 LUT4=4)
  Clock Path Skew:        -0.010ns (DCD - SCD + CPR)
    Destination Clock Delay (DCD):    0.026ns = ( 2.526 - 2.500 ) 
    Source Clock Delay      (SCD):    0.036ns
    Clock Pessimism Removal (CPR):    0.000ns
  Clock Uncertainty:      0.035ns  ((TSJ^2 + TIJ^2)^1/2 + DJ) / 2 + PE
    Total System Jitter     (TSJ):    0.071ns
    Total Input Jitter      (TIJ):    0.000ns
    Discrete Jitter          (DJ):    0.000ns
    Phase Error              (PE):    0.000ns

    Location             Delay type                Incr(ns)  Path(ns)    Netlist Resource(s)
  -------------------------------------------------------------------    -------------------
                         (clock clk rise edge)        0.000     0.000 r  
                                                      0.000     0.000 r  clk (IN)
                         net (fo=2224, unset)         0.036     0.036    clk
    SLICE_X35Y11         FDRE                                         r  accumulator[27]_i_1449_psdsp_1/C
  -------------------------------------------------------------------    -------------------
    SLICE_X35Y11         FDRE (Prop_GFF2_SLICEL_C_Q)
                                                      0.099     0.135 r  accumulator[27]_i_1449_psdsp_1/Q
                         net (fo=2, routed)           0.305     0.440    g_product[42].product_reg_n_104_[42]
    SLICE_X35Y12         LUT3 (Prop_B5LUT_SLICEL_I0_O)
                                                      0.173     0.613 r  accumulator[27]_i_1449/O
                         net (fo=2, routed)           0.189     0.802    accumulator[27]_i_1449_n_0
    SLICE_X35Y12         LUT4 (Prop_C6LUT_SLICEL_I3_O)
                                                      0.148     0.950 r  accumulator[27]_i_1456/O
                         net (fo=1, routed)           0.011     0.961    accumulator[27]_i_1456_n_0
    SLICE_X35Y12         CARRY8 (Prop_CARRY8_SLICEL_S[2]_O[4])
                                                      0.204     1.165 r  accumulator_reg[27]_i_530/O[4]
                         net (fo=2, routed)           0.394     1.559    accumulator_reg[27]_i_530_n_11
    SLICE_X32Y15         LUT3 (Prop_E5LUT_SLICEL_I2_O)
                                                      0.198     1.757 r  accumulator[23]_i_125/O
                         net (fo=2, routed)           0.235     1.992    accumulator[23]_i_125_n_0
    SLICE_X32Y15         LUT4 (Prop_F6LUT_SLICEL_I3_O)
                                                      0.148     2.140 r  accumulator[23]_i_132/O
                         net (fo=1, routed)           0.012     2.152    accumulator[23]_i_132_n_0
    SLICE_X32Y15         CARRY8 (Prop_CARRY8_SLICEL_S[5]_CO[7])
                                                      0.197     2.349 r  accumulator_reg[23]_i_72/CO[7]
                         net (fo=1, routed)           0.028     2.377    accumulator_reg[23]_i_72_n_0
    SLICE_X32Y16         CARRY8 (Prop_CARRY8_SLICEL_CI_O[0])
                                                      0.072     2.449 r  accumulator_reg[27]_i_105/O[0]
                         net (fo=2, routed)           0.544     2.993    accumulator_reg[27]_i_105_n_15
    SLICE_X29Y26         LUT3 (Prop_A5LUT_SLICEM_I0_O)
                                                      0.085     3.078 r  accumulator[23]_i_43/O
                         net (fo=2, routed)           0.203     3.281    accumulator[23]_i_43_n_0
    SLICE_X29Y26         LUT4 (Prop_B6LUT_SLICEM_I3_O)
                                                      0.150     3.431 r  accumulator[23]_i_51/O
                         net (fo=1, routed)           0.018     3.449    accumulator[23]_i_51_n_0
    SLICE_X29Y26         CARRY8 (Prop_CARRY8_SLICEM_S[1]_CO[7])
                                                      0.238     3.687 r  accumulator_reg[23]_i_19/CO[7]
                         net (fo=1, routed)           0.028     3.715    accumulator_reg[23]_i_19_n_0
    SLICE_X29Y27         CARRY8 (Prop_CARRY8_SLICEM_CI_O[3])
                                                      0.104     3.819 r  accumulator_reg[27]_i_13/O[3]
                         net (fo=2, routed)           0.409     4.228    accumulator_reg[27]_i_13_n_12
    SLICE_X29Y33         LUT3 (Prop_D5LUT_SLICEM_I1_O)
                                                      0.195     4.423 r  accumulator[23]_i_5/O
                         net (fo=2, routed)           0.192     4.615    accumulator[23]_i_5_n_0
    SLICE_X29Y33         LUT4 (Prop_E6LUT_SLICEM_I3_O)
                                                      0.148     4.763 r  accumulator[23]_i_13/O
                         net (fo=1, routed)           0.015     4.778    accumulator[23]_i_13_n_0
    SLICE_X29Y33         CARRY8 (Prop_CARRY8_SLICEM_S[4]_CO[7])
                                                      0.198     4.976 r  accumulator_reg[23]_i_1/CO[7]
                         net (fo=1, routed)           0.028     5.004    accumulator_reg[23]_i_1_n_0
    SLICE_X29Y34         CARRY8 (Prop_CARRY8_SLICEM_CI_O[3])
                                                      0.104     5.108 r  accumulator_reg[27]_i_1/O[3]
                         net (fo=2, routed)           0.354     5.462    next_sum[27]
    SLICE_X29Y34         FDRE                                         r  accumulator_reg[27]/D
  -------------------------------------------------------------------    -------------------

                         (clock clk rise edge)        2.500     2.500 r  
                                                      0.000     2.500 r  clk (IN)
                         net (fo=2224, unset)         0.026     2.526    clk
    SLICE_X29Y34         FDRE                                         r  accumulator_reg[27]/C
                         clock pessimism              0.000     2.526    
                         clock uncertainty           -0.035     2.491    
    SLICE_X29Y34         FDRE (Setup_GFF2_SLICEM_C_D)
                                                      0.027     2.518    accumulator_reg[27]
  -------------------------------------------------------------------
                         required time                          2.518    
                         arrival time                          -5.462    
  -------------------------------------------------------------------
                         slack                                 -2.944    





Min Delay Paths
--------------------------------------------------------------------------------------
Slack (MET) :             0.091ns  (arrival time - required time)
  Source:                 last_d_reg/C
                            (rising edge-triggered cell FDRE clocked by clk  {rise@0.000ns fall@1.250ns period=2.500ns})
  Destination:            output_valid_reg/D
                            (rising edge-triggered cell FDRE clocked by clk  {rise@0.000ns fall@1.250ns period=2.500ns})
  Path Group:             clk
  Path Type:              Hold (Min at Fast Process Corner)
  Requirement:            0.000ns  (clk rise@0.000ns - clk rise@0.000ns)
  Data Path Delay:        0.144ns  (logic 0.039ns (27.083%)  route 0.105ns (72.917%))
  Logic Levels:           0  
  Clock Path Skew:        0.006ns (DCD - SCD - CPR)
    Destination Clock Delay (DCD):    0.019ns
    Source Clock Delay      (SCD):    0.013ns
    Clock Pessimism Removal (CPR):    -0.000ns

    Location             Delay type                Incr(ns)  Path(ns)    Netlist Resource(s)
  -------------------------------------------------------------------    -------------------
                         (clock clk rise edge)        0.000     0.000 r  
                                                      0.000     0.000 r  clk (IN)
                         net (fo=2224, unset)         0.013     0.013    clk
    SLICE_X30Y30         FDRE                                         r  last_d_reg/C
  -------------------------------------------------------------------    -------------------
    SLICE_X30Y30         FDRE (Prop_EFF_SLICEL_C_Q)
                                                      0.039     0.052 r  last_d_reg/Q
                         net (fo=17, routed)          0.105     0.157    last_d
    SLICE_X30Y30         FDRE                                         r  output_valid_reg/D
  -------------------------------------------------------------------    -------------------

                         (clock clk rise edge)        0.000     0.000 r  
                                                      0.000     0.000 r  clk (IN)
                         net (fo=2224, unset)         0.019     0.019    clk
    SLICE_X30Y30         FDRE                                         r  output_valid_reg/C
                         clock pessimism              0.000     0.019    
    SLICE_X30Y30         FDRE (Hold_EFF2_SLICEL_C_D)
                                                      0.047     0.066    output_valid_reg
  -------------------------------------------------------------------
                         required time                         -0.066    
                         arrival time                           0.157    
  -------------------------------------------------------------------
                         slack                                  0.091    

Slack (MET) :             0.103ns  (arrival time - required time)
  Source:                 last_all_d_reg/C
                            (rising edge-triggered cell FDRE clocked by clk  {rise@0.000ns fall@1.250ns period=2.500ns})
  Destination:            done_reg/D
                            (rising edge-triggered cell FDRE clocked by clk  {rise@0.000ns fall@1.250ns period=2.500ns})
  Path Group:             clk
  Path Type:              Hold (Min at Fast Process Corner)
  Requirement:            0.000ns  (clk rise@0.000ns - clk rise@0.000ns)
  Data Path Delay:        0.155ns  (logic 0.040ns (25.806%)  route 0.115ns (74.194%))
  Logic Levels:           0  
  Clock Path Skew:        0.006ns (DCD - SCD - CPR)
    Destination Clock Delay (DCD):    0.019ns
    Source Clock Delay      (SCD):    0.013ns
    Clock Pessimism Removal (CPR):    -0.000ns

    Location             Delay type                Incr(ns)  Path(ns)    Netlist Resource(s)
  -------------------------------------------------------------------    -------------------
                         (clock clk rise edge)        0.000     0.000 r  
                                                      0.000     0.000 r  clk (IN)
                         net (fo=2224, unset)         0.013     0.013    clk
    SLICE_X26Y90         FDRE                                         r  last_all_d_reg/C
  -------------------------------------------------------------------    -------------------
    SLICE_X26Y90         FDRE (Prop_EFF2_SLICEL_C_Q)
                                                      0.040     0.053 r  last_all_d_reg/Q
                         net (fo=1, routed)           0.115     0.168    last_all_d
    SLICE_X26Y90         FDRE                                         r  done_reg/D
  -------------------------------------------------------------------    -------------------

                         (clock clk rise edge)        0.000     0.000 r  
                                                      0.000     0.000 r  clk (IN)
                         net (fo=2224, unset)         0.019     0.019    clk
    SLICE_X26Y90         FDRE                                         r  done_reg/C
                         clock pessimism              0.000     0.019    
    SLICE_X26Y90         FDRE (Hold_EFF_SLICEL_C_D)
                                                      0.046     0.065    done_reg
  -------------------------------------------------------------------
                         required time                         -0.065    
                         arrival time                           0.168    
  -------------------------------------------------------------------
                         slack                                  0.103    

Slack (MET) :             0.179ns  (arrival time - required time)
  Source:                 last_d_reg/C
                            (rising edge-triggered cell FDRE clocked by clk  {rise@0.000ns fall@1.250ns period=2.500ns})
  Destination:            pointwise_after_depth_out_reg[4]/CE
                            (rising edge-triggered cell FDRE clocked by clk  {rise@0.000ns fall@1.250ns period=2.500ns})
  Path Group:             clk
  Path Type:              Hold (Min at Fast Process Corner)
  Requirement:            0.000ns  (clk rise@0.000ns - clk rise@0.000ns)
  Data Path Delay:        0.176ns  (logic 0.039ns (22.159%)  route 0.137ns (77.841%))
  Logic Levels:           0  
  Clock Path Skew:        0.005ns (DCD - SCD - CPR)
    Destination Clock Delay (DCD):    0.018ns
    Source Clock Delay      (SCD):    0.013ns
    Clock Pessimism Removal (CPR):    -0.000ns

    Location             Delay type                Incr(ns)  Path(ns)    Netlist Resource(s)
  -------------------------------------------------------------------    -------------------
                         (clock clk rise edge)        0.000     0.000 r  
                                                      0.000     0.000 r  clk (IN)
                         net (fo=2224, unset)         0.013     0.013    clk
    SLICE_X30Y30         FDRE                                         r  last_d_reg/C
  -------------------------------------------------------------------    -------------------
    SLICE_X30Y30         FDRE (Prop_EFF_SLICEL_C_Q)
                                                      0.039     0.052 r  last_d_reg/Q
                         net (fo=17, routed)          0.137     0.189    last_d
    SLICE_X30Y33         FDRE                                         r  pointwise_after_depth_out_reg[4]/CE
  -------------------------------------------------------------------    -------------------

                         (clock clk rise edge)        0.000     0.000 r  
                                                      0.000     0.000 r  clk (IN)
                         net (fo=2224, unset)         0.018     0.018    clk
    SLICE_X30Y33         FDRE                                         r  pointwise_after_depth_out_reg[4]/C
                         clock pessimism              0.000     0.018    
    SLICE_X30Y33         FDRE (Hold_AFF_SLICEL_C_CE)
                                                     -0.008     0.010    pointwise_after_depth_out_reg[4]
  -------------------------------------------------------------------
                         required time                         -0.010    
                         arrival time                           0.189    
  -------------------------------------------------------------------
                         slack                                  0.179    

Slack (MET) :             0.179ns  (arrival time - required time)
  Source:                 last_d_reg/C
                            (rising edge-triggered cell FDRE clocked by clk  {rise@0.000ns fall@1.250ns period=2.500ns})
  Destination:            pointwise_after_depth_out_reg[5]/CE
                            (rising edge-triggered cell FDRE clocked by clk  {rise@0.000ns fall@1.250ns period=2.500ns})
  Path Group:             clk
  Path Type:              Hold (Min at Fast Process Corner)
  Requirement:            0.000ns  (clk rise@0.000ns - clk rise@0.000ns)
  Data Path Delay:        0.176ns  (logic 0.039ns (22.159%)  route 0.137ns (77.841%))
  Logic Levels:           0  
  Clock Path Skew:        0.005ns (DCD - SCD - CPR)
    Destination Clock Delay (DCD):    0.018ns
    Source Clock Delay      (SCD):    0.013ns
    Clock Pessimism Removal (CPR):    -0.000ns

    Location             Delay type                Incr(ns)  Path(ns)    Netlist Resource(s)
  -------------------------------------------------------------------    -------------------
                         (clock clk rise edge)        0.000     0.000 r  
                                                      0.000     0.000 r  clk (IN)
                         net (fo=2224, unset)         0.013     0.013    clk
    SLICE_X30Y30         FDRE                                         r  last_d_reg/C
  -------------------------------------------------------------------    -------------------
    SLICE_X30Y30         FDRE (Prop_EFF_SLICEL_C_Q)
                                                      0.039     0.052 r  last_d_reg/Q
                         net (fo=17, routed)          0.137     0.189    last_d
    SLICE_X30Y33         FDRE                                         r  pointwise_after_depth_out_reg[5]/CE
  -------------------------------------------------------------------    -------------------

                         (clock clk rise edge)        0.000     0.000 r  
                                                      0.000     0.000 r  clk (IN)
                         net (fo=2224, unset)         0.018     0.018    clk
    SLICE_X30Y33         FDRE                                         r  pointwise_after_depth_out_reg[5]/C
                         clock pessimism              0.000     0.018    
    SLICE_X30Y33         FDRE (Hold_BFF_SLICEL_C_CE)
                                                     -0.008     0.010    pointwise_after_depth_out_reg[5]
  -------------------------------------------------------------------
                         required time                         -0.010    
                         arrival time                           0.189    
  -------------------------------------------------------------------
                         slack                                  0.179    

Slack (MET) :             0.179ns  (arrival time - required time)
  Source:                 last_d_reg/C
                            (rising edge-triggered cell FDRE clocked by clk  {rise@0.000ns fall@1.250ns period=2.500ns})
  Destination:            pointwise_after_depth_out_reg[6]/CE
                            (rising edge-triggered cell FDRE clocked by clk  {rise@0.000ns fall@1.250ns period=2.500ns})
  Path Group:             clk
  Path Type:              Hold (Min at Fast Process Corner)
  Requirement:            0.000ns  (clk rise@0.000ns - clk rise@0.000ns)
  Data Path Delay:        0.176ns  (logic 0.039ns (22.159%)  route 0.137ns (77.841%))
  Logic Levels:           0  
  Clock Path Skew:        0.005ns (DCD - SCD - CPR)
    Destination Clock Delay (DCD):    0.018ns
    Source Clock Delay      (SCD):    0.013ns
    Clock Pessimism Removal (CPR):    -0.000ns

    Location             Delay type                Incr(ns)  Path(ns)    Netlist Resource(s)
  -------------------------------------------------------------------    -------------------
                         (clock clk rise edge)        0.000     0.000 r  
                                                      0.000     0.000 r  clk (IN)
                         net (fo=2224, unset)         0.013     0.013    clk
    SLICE_X30Y30         FDRE                                         r  last_d_reg/C
  -------------------------------------------------------------------    -------------------
    SLICE_X30Y30         FDRE (Prop_EFF_SLICEL_C_Q)
                                                      0.039     0.052 r  last_d_reg/Q
                         net (fo=17, routed)          0.137     0.189    last_d
    SLICE_X30Y33         FDRE                                         r  pointwise_after_depth_out_reg[6]/CE
  -------------------------------------------------------------------    -------------------

                         (clock clk rise edge)        0.000     0.000 r  
                                                      0.000     0.000 r  clk (IN)
                         net (fo=2224, unset)         0.018     0.018    clk
    SLICE_X30Y33         FDRE                                         r  pointwise_after_depth_out_reg[6]/C
                         clock pessimism              0.000     0.018    
    SLICE_X30Y33         FDRE (Hold_CFF_SLICEL_C_CE)
                                                     -0.008     0.010    pointwise_after_depth_out_reg[6]
  -------------------------------------------------------------------
                         required time                         -0.010    
                         arrival time                           0.189    
  -------------------------------------------------------------------
                         slack                                  0.179    

Slack (MET) :             0.179ns  (arrival time - required time)
  Source:                 last_d_reg/C
                            (rising edge-triggered cell FDRE clocked by clk  {rise@0.000ns fall@1.250ns period=2.500ns})
  Destination:            pointwise_after_depth_out_reg[7]/CE
                            (rising edge-triggered cell FDRE clocked by clk  {rise@0.000ns fall@1.250ns period=2.500ns})
  Path Group:             clk
  Path Type:              Hold (Min at Fast Process Corner)
  Requirement:            0.000ns  (clk rise@0.000ns - clk rise@0.000ns)
  Data Path Delay:        0.176ns  (logic 0.039ns (22.159%)  route 0.137ns (77.841%))
  Logic Levels:           0  
  Clock Path Skew:        0.005ns (DCD - SCD - CPR)
    Destination Clock Delay (DCD):    0.018ns
    Source Clock Delay      (SCD):    0.013ns
    Clock Pessimism Removal (CPR):    -0.000ns

    Location             Delay type                Incr(ns)  Path(ns)    Netlist Resource(s)
  -------------------------------------------------------------------    -------------------
                         (clock clk rise edge)        0.000     0.000 r  
                                                      0.000     0.000 r  clk (IN)
                         net (fo=2224, unset)         0.013     0.013    clk
    SLICE_X30Y30         FDRE                                         r  last_d_reg/C
  -------------------------------------------------------------------    -------------------
    SLICE_X30Y30         FDRE (Prop_EFF_SLICEL_C_Q)
                                                      0.039     0.052 r  last_d_reg/Q
                         net (fo=17, routed)          0.137     0.189    last_d
    SLICE_X30Y33         FDRE                                         r  pointwise_after_depth_out_reg[7]/CE
  -------------------------------------------------------------------    -------------------

                         (clock clk rise edge)        0.000     0.000 r  
                                                      0.000     0.000 r  clk (IN)
                         net (fo=2224, unset)         0.018     0.018    clk
    SLICE_X30Y33         FDRE                                         r  pointwise_after_depth_out_reg[7]/C
                         clock pessimism              0.000     0.018    
    SLICE_X30Y33         FDRE (Hold_DFF_SLICEL_C_CE)
                                                     -0.008     0.010    pointwise_after_depth_out_reg[7]
  -------------------------------------------------------------------
                         required time                         -0.010    
                         arrival time                           0.189    
  -------------------------------------------------------------------
                         slack                                  0.179    

Slack (MET) :             0.182ns  (arrival time - required time)
  Source:                 last_d_reg/C
                            (rising edge-triggered cell FDRE clocked by clk  {rise@0.000ns fall@1.250ns period=2.500ns})
  Destination:            pointwise_after_depth_out_reg[12]/CE
                            (rising edge-triggered cell FDRE clocked by clk  {rise@0.000ns fall@1.250ns period=2.500ns})
  Path Group:             clk
  Path Type:              Hold (Min at Fast Process Corner)
  Requirement:            0.000ns  (clk rise@0.000ns - clk rise@0.000ns)
  Data Path Delay:        0.179ns  (logic 0.039ns (21.788%)  route 0.140ns (78.212%))
  Logic Levels:           0  
  Clock Path Skew:        0.005ns (DCD - SCD - CPR)
    Destination Clock Delay (DCD):    0.018ns
    Source Clock Delay      (SCD):    0.013ns
    Clock Pessimism Removal (CPR):    -0.000ns

    Location             Delay type                Incr(ns)  Path(ns)    Netlist Resource(s)
  -------------------------------------------------------------------    -------------------
                         (clock clk rise edge)        0.000     0.000 r  
                                                      0.000     0.000 r  clk (IN)
                         net (fo=2224, unset)         0.013     0.013    clk
    SLICE_X30Y30         FDRE                                         r  last_d_reg/C
  -------------------------------------------------------------------    -------------------
    SLICE_X30Y30         FDRE (Prop_EFF_SLICEL_C_Q)
                                                      0.039     0.052 r  last_d_reg/Q
                         net (fo=17, routed)          0.140     0.192    last_d
    SLICE_X30Y34         FDRE                                         r  pointwise_after_depth_out_reg[12]/CE
  -------------------------------------------------------------------    -------------------

                         (clock clk rise edge)        0.000     0.000 r  
                                                      0.000     0.000 r  clk (IN)
                         net (fo=2224, unset)         0.018     0.018    clk
    SLICE_X30Y34         FDRE                                         r  pointwise_after_depth_out_reg[12]/C
                         clock pessimism              0.000     0.018    
    SLICE_X30Y34         FDRE (Hold_AFF_SLICEL_C_CE)
                                                     -0.008     0.010    pointwise_after_depth_out_reg[12]
  -------------------------------------------------------------------
                         required time                         -0.010    
                         arrival time                           0.192    
  -------------------------------------------------------------------
                         slack                                  0.182    

Slack (MET) :             0.182ns  (arrival time - required time)
  Source:                 last_d_reg/C
                            (rising edge-triggered cell FDRE clocked by clk  {rise@0.000ns fall@1.250ns period=2.500ns})
  Destination:            pointwise_after_depth_out_reg[13]/CE
                            (rising edge-triggered cell FDRE clocked by clk  {rise@0.000ns fall@1.250ns period=2.500ns})
  Path Group:             clk
  Path Type:              Hold (Min at Fast Process Corner)
  Requirement:            0.000ns  (clk rise@0.000ns - clk rise@0.000ns)
  Data Path Delay:        0.179ns  (logic 0.039ns (21.788%)  route 0.140ns (78.212%))
  Logic Levels:           0  
  Clock Path Skew:        0.005ns (DCD - SCD - CPR)
    Destination Clock Delay (DCD):    0.018ns
    Source Clock Delay      (SCD):    0.013ns
    Clock Pessimism Removal (CPR):    -0.000ns

    Location             Delay type                Incr(ns)  Path(ns)    Netlist Resource(s)
  -------------------------------------------------------------------    -------------------
                         (clock clk rise edge)        0.000     0.000 r  
                                                      0.000     0.000 r  clk (IN)
                         net (fo=2224, unset)         0.013     0.013    clk
    SLICE_X30Y30         FDRE                                         r  last_d_reg/C
  -------------------------------------------------------------------    -------------------
    SLICE_X30Y30         FDRE (Prop_EFF_SLICEL_C_Q)
                                                      0.039     0.052 r  last_d_reg/Q
                         net (fo=17, routed)          0.140     0.192    last_d
    SLICE_X30Y34         FDRE                                         r  pointwise_after_depth_out_reg[13]/CE
  -------------------------------------------------------------------    -------------------

                         (clock clk rise edge)        0.000     0.000 r  
                                                      0.000     0.000 r  clk (IN)
                         net (fo=2224, unset)         0.018     0.018    clk
    SLICE_X30Y34         FDRE                                         r  pointwise_after_depth_out_reg[13]/C
                         clock pessimism              0.000     0.018    
    SLICE_X30Y34         FDRE (Hold_BFF_SLICEL_C_CE)
                                                     -0.008     0.010    pointwise_after_depth_out_reg[13]
  -------------------------------------------------------------------
                         required time                         -0.010    
                         arrival time                           0.192    
  -------------------------------------------------------------------
                         slack                                  0.182    

Slack (MET) :             0.182ns  (arrival time - required time)
  Source:                 last_d_reg/C
                            (rising edge-triggered cell FDRE clocked by clk  {rise@0.000ns fall@1.250ns period=2.500ns})
  Destination:            pointwise_after_depth_out_reg[14]/CE
                            (rising edge-triggered cell FDRE clocked by clk  {rise@0.000ns fall@1.250ns period=2.500ns})
  Path Group:             clk
  Path Type:              Hold (Min at Fast Process Corner)
  Requirement:            0.000ns  (clk rise@0.000ns - clk rise@0.000ns)
  Data Path Delay:        0.179ns  (logic 0.039ns (21.788%)  route 0.140ns (78.212%))
  Logic Levels:           0  
  Clock Path Skew:        0.005ns (DCD - SCD - CPR)
    Destination Clock Delay (DCD):    0.018ns
    Source Clock Delay      (SCD):    0.013ns
    Clock Pessimism Removal (CPR):    -0.000ns

    Location             Delay type                Incr(ns)  Path(ns)    Netlist Resource(s)
  -------------------------------------------------------------------    -------------------
                         (clock clk rise edge)        0.000     0.000 r  
                                                      0.000     0.000 r  clk (IN)
                         net (fo=2224, unset)         0.013     0.013    clk
    SLICE_X30Y30         FDRE                                         r  last_d_reg/C
  -------------------------------------------------------------------    -------------------
    SLICE_X30Y30         FDRE (Prop_EFF_SLICEL_C_Q)
                                                      0.039     0.052 r  last_d_reg/Q
                         net (fo=17, routed)          0.140     0.192    last_d
    SLICE_X30Y34         FDRE                                         r  pointwise_after_depth_out_reg[14]/CE
  -------------------------------------------------------------------    -------------------

                         (clock clk rise edge)        0.000     0.000 r  
                                                      0.000     0.000 r  clk (IN)
                         net (fo=2224, unset)         0.018     0.018    clk
    SLICE_X30Y34         FDRE                                         r  pointwise_after_depth_out_reg[14]/C
                         clock pessimism              0.000     0.018    
    SLICE_X30Y34         FDRE (Hold_CFF_SLICEL_C_CE)
                                                     -0.008     0.010    pointwise_after_depth_out_reg[14]
  -------------------------------------------------------------------
                         required time                         -0.010    
                         arrival time                           0.192    
  -------------------------------------------------------------------
                         slack                                  0.182    

Slack (MET) :             0.182ns  (arrival time - required time)
  Source:                 last_d_reg/C
                            (rising edge-triggered cell FDRE clocked by clk  {rise@0.000ns fall@1.250ns period=2.500ns})
  Destination:            pointwise_after_depth_out_reg[15]/CE
                            (rising edge-triggered cell FDRE clocked by clk  {rise@0.000ns fall@1.250ns period=2.500ns})
  Path Group:             clk
  Path Type:              Hold (Min at Fast Process Corner)
  Requirement:            0.000ns  (clk rise@0.000ns - clk rise@0.000ns)
  Data Path Delay:        0.179ns  (logic 0.039ns (21.788%)  route 0.140ns (78.212%))
  Logic Levels:           0  
  Clock Path Skew:        0.005ns (DCD - SCD - CPR)
    Destination Clock Delay (DCD):    0.018ns
    Source Clock Delay      (SCD):    0.013ns
    Clock Pessimism Removal (CPR):    -0.000ns

    Location             Delay type                Incr(ns)  Path(ns)    Netlist Resource(s)
  -------------------------------------------------------------------    -------------------
                         (clock clk rise edge)        0.000     0.000 r  
                                                      0.000     0.000 r  clk (IN)
                         net (fo=2224, unset)         0.013     0.013    clk
    SLICE_X30Y30         FDRE                                         r  last_d_reg/C
  -------------------------------------------------------------------    -------------------
    SLICE_X30Y30         FDRE (Prop_EFF_SLICEL_C_Q)
                                                      0.039     0.052 r  last_d_reg/Q
                         net (fo=17, routed)          0.140     0.192    last_d
    SLICE_X30Y34         FDRE                                         r  pointwise_after_depth_out_reg[15]/CE
  -------------------------------------------------------------------    -------------------

                         (clock clk rise edge)        0.000     0.000 r  
                                                      0.000     0.000 r  clk (IN)
                         net (fo=2224, unset)         0.018     0.018    clk
    SLICE_X30Y34         FDRE                                         r  pointwise_after_depth_out_reg[15]/C
                         clock pessimism              0.000     0.018    
    SLICE_X30Y34         FDRE (Hold_DFF_SLICEL_C_CE)
                                                     -0.008     0.010    pointwise_after_depth_out_reg[15]
  -------------------------------------------------------------------
                         required time                         -0.010    
                         arrival time                           0.192    
  -------------------------------------------------------------------
                         slack                                  0.182    





Pulse Width Checks
--------------------------------------------------------------------------------------
Clock Name:         clk
Waveform(ns):       { 0.000 1.250 }
Period(ns):         2.500
Sources:            { clk }

Check Type        Corner  Lib Pin  Reference Pin  Required(ns)  Actual(ns)  Slack(ns)  Location      Pin
Min Period        n/a     FDRE/C   n/a            0.550         2.500       1.950      SLICE_X36Y25  accumulator[23]_i_168_psdsp/C
Min Period        n/a     FDRE/C   n/a            0.550         2.500       1.950      SLICE_X34Y27  accumulator[23]_i_168_psdsp_1/C
Min Period        n/a     FDRE/C   n/a            0.550         2.500       1.950      SLICE_X36Y25  accumulator[23]_i_169_psdsp/C
Min Period        n/a     FDRE/C   n/a            0.550         2.500       1.950      SLICE_X35Y27  accumulator[23]_i_169_psdsp_1/C
Min Period        n/a     FDRE/C   n/a            0.550         2.500       1.950      SLICE_X36Y25  accumulator[23]_i_170_psdsp/C
Min Period        n/a     FDRE/C   n/a            0.550         2.500       1.950      SLICE_X36Y26  accumulator[23]_i_170_psdsp_1/C
Min Period        n/a     FDRE/C   n/a            0.550         2.500       1.950      SLICE_X36Y25  accumulator[23]_i_171_psdsp/C
Min Period        n/a     FDRE/C   n/a            0.550         2.500       1.950      SLICE_X35Y27  accumulator[23]_i_171_psdsp_1/C
Min Period        n/a     FDRE/C   n/a            0.550         2.500       1.950      SLICE_X36Y25  accumulator[23]_i_172_psdsp/C
Min Period        n/a     FDRE/C   n/a            0.550         2.500       1.950      SLICE_X35Y27  accumulator[23]_i_172_psdsp_1/C
Low Pulse Width   Slow    FDRE/C   n/a            0.275         1.250       0.975      SLICE_X32Y13  accumulator[23]_i_183_psdsp_2/C
Low Pulse Width   Fast    FDRE/C   n/a            0.275         1.250       0.975      SLICE_X32Y13  accumulator[23]_i_183_psdsp_2/C
Low Pulse Width   Slow    FDRE/C   n/a            0.275         1.250       0.975      SLICE_X32Y13  accumulator[23]_i_184_psdsp_2/C
Low Pulse Width   Fast    FDRE/C   n/a            0.275         1.250       0.975      SLICE_X32Y13  accumulator[23]_i_184_psdsp_2/C
Low Pulse Width   Slow    FDRE/C   n/a            0.275         1.250       0.975      SLICE_X32Y13  accumulator[23]_i_185_psdsp/C
Low Pulse Width   Fast    FDRE/C   n/a            0.275         1.250       0.975      SLICE_X32Y13  accumulator[23]_i_185_psdsp/C
Low Pulse Width   Slow    FDRE/C   n/a            0.275         1.250       0.975      SLICE_X32Y13  accumulator[23]_i_185_psdsp_2/C
Low Pulse Width   Fast    FDRE/C   n/a            0.275         1.250       0.975      SLICE_X32Y13  accumulator[23]_i_185_psdsp_2/C
Low Pulse Width   Slow    FDRE/C   n/a            0.275         1.250       0.975      SLICE_X32Y13  accumulator[23]_i_186_psdsp/C
Low Pulse Width   Fast    FDRE/C   n/a            0.275         1.250       0.975      SLICE_X32Y13  accumulator[23]_i_186_psdsp/C
High Pulse Width  Slow    FDRE/C   n/a            0.275         1.250       0.975      SLICE_X36Y25  accumulator[23]_i_168_psdsp/C
High Pulse Width  Fast    FDRE/C   n/a            0.275         1.250       0.975      SLICE_X36Y25  accumulator[23]_i_168_psdsp/C
High Pulse Width  Slow    FDRE/C   n/a            0.275         1.250       0.975      SLICE_X34Y27  accumulator[23]_i_168_psdsp_1/C
High Pulse Width  Fast    FDRE/C   n/a            0.275         1.250       0.975      SLICE_X34Y27  accumulator[23]_i_168_psdsp_1/C
High Pulse Width  Slow    FDRE/C   n/a            0.275         1.250       0.975      SLICE_X36Y25  accumulator[23]_i_169_psdsp/C
High Pulse Width  Fast    FDRE/C   n/a            0.275         1.250       0.975      SLICE_X36Y25  accumulator[23]_i_169_psdsp/C
High Pulse Width  Slow    FDRE/C   n/a            0.275         1.250       0.975      SLICE_X35Y27  accumulator[23]_i_169_psdsp_1/C
High Pulse Width  Fast    FDRE/C   n/a            0.275         1.250       0.975      SLICE_X35Y27  accumulator[23]_i_169_psdsp_1/C
High Pulse Width  Slow    FDRE/C   n/a            0.275         1.250       0.975      SLICE_X36Y25  accumulator[23]_i_170_psdsp/C
High Pulse Width  Fast    FDRE/C   n/a            0.275         1.250       0.975      SLICE_X36Y25  accumulator[23]_i_170_psdsp/C



